Timestamp,User Count,Type,Name,Requests/s,Failures/s,50%,66%,75%,80%,90%,95%,98%,99%,99.9%,99.99%,100%,Total Request Count,Total Failure Count,Total Median Response Time,Total Average Response Time,Total Min Response Time,Total Max Response Time,Total Average Content Size
1776015421,0,,Aggregated,0.000000,0.000000,N/A,N/A,N/A,N/A,N/A,N/A,N/A,N/A,N/A,N/A,N/A,0,0,0,0.0,0,0,0
1776015422,10,,Aggregated,0.000000,0.000000,430,440,440,450,450,450,450,450,450,450,450,17,0,430.0,347.1949994117869,211.2459800009674,454.11564000096405,4515.0
1776015423,20,,Aggregated,0.000000,0.000000,230,430,440,440,450,450,510,510,510,510,510,49,0,230.0,313.33998142850317,205.90251000066928,509.3099000005168,4515.0
1776015424,30,,Aggregated,0.000000,0.000000,230,240,420,430,440,450,450,450,510,510,510,103,0,230.0,286.35795601934376,205.90251000066928,509.3099000005168,4515.0
1776015425,40,,Aggregated,12.000000,0.000000,230,230,270,420,430,440,450,450,510,510,510,178,0,230.0,273.4415051684797,205.60529000067618,509.3099000005168,4515.0
1776015426,50,,Aggregated,21.333333,0.000000,230,230,240,300,430,440,450,500,530,530,530,270,0,230.0,266.38829433327544,205.2142400007142,527.5113799998508,4515.0
1776015427,50,,Aggregated,38.000000,0.000000,230,230,230,240,420,440,450,490,530,530,530,366,0,230.0,255.65883163931102,205.2142400007142,527.5113799998508,4515.0
1776015428,50,,Aggregated,48.000000,0.000000,230,230,230,240,420,430,450,490,530,530,530,457,0,230.0,249.82063124722592,205.2142400007142,527.5113799998508,4515.0
1776015429,50,,Aggregated,55.666667,0.000000,230,230,230,230,280,430,450,450,530,530,530,556,0,230.0,245.75764491005725,205.2142400007142,527.5113799998508,4515.0
1776015429,50,,Aggregated,55.666667,0.000000,230,230,230,230,260,430,440,450,530,530,530,654,0,230.0,242.83118051985457,205.2142400007142,527.5113799998508,4515.0
1776015430,50,,Aggregated,61.714286,0.000000,230,230,230,230,250,420,440,450,530,530,530,751,0,230.0,240.6887796404509,205.2142400007142,527.5113799998508,4515.0
1776015431,50,,Aggregated,66.000000,0.000000,230,230,230,230,240,420,440,450,530,530,530,843,0,230.0,239.05916683271116,205.2142400007142,527.5113799998508,4515.0
1776015432,50,,Aggregated,70.666667,0.000000,230,230,230,230,240,410,440,450,530,530,530,936,0,230.0,237.75933006406098,205.2142400007142,527.5113799998508,4515.0
1776015433,50,,Aggregated,74.800000,0.000000,230,230,230,230,240,320,430,450,510,530,530,1033,0,230.0,236.54077666986697,205.2142400007142,527.5113799998508,4515.0
1776015434,50,,Aggregated,84.100000,0.000000,230,230,230,230,240,280,430,450,510,530,530,1128,0,230.0,235.53939798755994,205.2142400007142,527.5113799998508,4515.0
1776015435,50,,Aggregated,91.000000,0.000000,230,230,230,230,240,260,430,440,510,530,530,1223,0,230.0,234.67887067045453,205.2142400007142,527.5113799998508,4515.0
1776015436,50,,Aggregated,96.800000,0.000000,230,230,230,230,240,260,430,440,510,530,530,1315,0,230.0,234.18023409122728,205.2142400007142,527.5113799998508,4515.0
1776015437,50,,Aggregated,98.900000,0.000000,220,230,230,230,240,250,430,440,510,530,530,1407,0,220.0,233.57044192606003,205.2142400007142,527.5113799998508,4515.0
1776015438,50,,Aggregated,102.900000,0.000000,220,230,230,230,240,250,430,440,510,530,530,1506,0,220.0,233.10225966796935,205.2142400007142,527.5113799998508,4515.0
1776015439,50,,Aggregated,103.100000,0.000000,220,230,230,230,240,250,430,440,510,530,530,1600,0,220.0,232.60848043122206,205.2142400007142,527.5113799998508,4515.0
1776015439,50,,Aggregated,103.100000,0.000000,220,230,230,230,240,250,430,440,530,650,650,1695,0,220.0,232.52534228905452,205.2142400007142,653.5016400011955,4515.0
1776015440,50,,Aggregated,101.800000,0.000000,220,230,230,230,240,240,420,440,530,650,650,1791,0,220.0,232.0869293466994,205.2142400007142,653.5016400011955,4515.0
1776015441,50,,Aggregated,102.100000,0.000000,220,230,230,230,240,240,420,440,530,650,650,1891,0,220.0,231.7086699100685,205.2142400007142,653.5016400011955,4515.0
1776015442,50,,Aggregated,103.400000,0.000000,220,230,230,230,240,240,420,440,530,650,650,1986,0,220.0,231.48147742192128,205.2142400007142,653.5016400011955,4515.0
1776015443,50,,Aggregated,105.000000,0.000000,220,230,230,230,240,240,420,440,510,650,650,2085,0,220.0,231.2058815922958,205.2142400007142,653.5016400011955,4515.0
1776015444,50,,Aggregated,104.900000,0.000000,220,230,230,230,240,240,420,430,510,650,650,2178,0,220.0,230.98245449492285,205.2142400007142,653.5016400011955,4515.0
1776015445,50,,Aggregated,105.300000,0.000000,220,230,230,230,240,240,420,430,510,650,650,2276,0,220.0,230.8566537126224,205.2142400007142,653.5016400011955,4515.0
1776015446,50,,Aggregated,105.000000,0.000000,220,230,230,230,240,240,420,430,510,650,650,2369,0,220.0,230.84965279861933,205.2142400007142,653.5016400011955,4515.0
1776015447,50,,Aggregated,104.800000,0.000000,220,230,230,230,240,240,420,430,510,650,650,2463,0,220.0,230.76182865201974,205.2142400007142,653.5016400011955,4515.0
1776015448,50,,Aggregated,103.800000,0.000000,220,230,230,230,240,240,410,430,510,650,650,2563,0,220.0,230.66616819739372,205.2142400007142,653.5016400011955,4515.0
1776015455,50,,Aggregated,67.000000,0.000000,220,230,230,230,240,240,410,430,510,650,650,2659,0,220.0,230.62078180515977,205.2142400007142,653.5016400011955,4515.0
1776015449,50,,Aggregated,103.800000,0.000000,220,230,230,230,240,240,410,430,510,650,650,2752,0,220.0,230.56388785244502,205.2142400007142,653.5016400011955,4515.0
1776015450,50,,Aggregated,104.800000,0.000000,230,230,230,230,240,240,410,430,510,650,650,2845,0,230.0,230.4305548611346,205.2142400007142,653.5016400011955,4515.0
1776015451,50,,Aggregated,104.700000,0.000000,230,230,230,230,240,240,410,430,510,650,650,2931,0,230.0,230.3320329375354,205.2142400007142,653.5016400011955,4515.0
1776015452,50,,Aggregated,103.000000,0.000000,230,230,230,230,240,240,410,430,500,650,650,3025,0,230.0,230.23638265451567,205.2142400007142,653.5016400011955,4515.0
1776015453,50,,Aggregated,103.100000,0.000000,230,230,230,230,240,240,410,430,500,650,650,3126,0,230.0,230.1542951215275,205.2142400007142,653.5016400011955,4515.0
1776015454,50,,Aggregated,103.000000,0.000000,230,230,230,230,240,240,410,430,500,650,650,3219,0,230.0,230.15479509471788,205.2142400007142,653.5016400011955,4515.0
1776015455,50,,Aggregated,102.900000,0.000000,230,230,230,230,240,240,400,430,500,650,650,3317,0,230.0,230.14394090138677,205.2142400007142,653.5016400011955,4515.0
1776015456,50,,Aggregated,102.600000,0.000000,230,230,230,230,240,240,320,430,500,650,650,3411,0,230.0,230.0699058516278,205.2142400007142,653.5016400011955,4515.0
1776015457,50,,Aggregated,104.200000,0.000000,230,230,230,230,240,240,310,430,500,650,650,3507,0,230.0,229.93628977471002,205.2142400007142,653.5016400011955,4515.0
1776015458,50,,Aggregated,104.600000,0.000000,230,230,230,230,240,240,320,430,500,650,650,3598,0,230.0,229.9318170872459,205.2142400007142,653.5016400011955,4515.0
1776015465,50,,Aggregated,67.500000,0.000000,230,230,230,230,240,240,400,430,500,650,650,3695,0,230.0,230.04062950741718,205.2142400007142,653.5016400011955,4515.0
1776015459,50,,Aggregated,104.900000,0.000000,230,230,230,230,240,240,320,430,500,650,650,3787,0,230.0,230.00267545812216,205.2142400007142,653.5016400011955,4515.0
1776015460,50,,Aggregated,104.700000,0.000000,230,230,230,230,240,240,310,430,500,650,650,3885,0,230.0,229.86108777604022,205.2142400007142,653.5016400011955,4515.0
1776015461,50,,Aggregated,104.100000,0.000000,230,230,230,230,240,240,300,420,500,650,650,3977,0,230.0,229.74620697256836,205.2142400007142,653.5016400011955,4515.0
1776015462,50,,Aggregated,104.900000,0.000000,230,230,230,230,240,240,280,420,490,650,650,4071,0,230.0,229.6487839670618,205.2142400007142,653.5016400011955,4515.0
1776015463,50,,Aggregated,104.200000,0.000000,230,230,230,230,240,240,290,420,490,650,650,4166,0,230.0,229.6828867738599,205.2142400007142,653.5016400011955,4515.0
1776015464,50,,Aggregated,104.300000,0.000000,230,230,230,230,240,240,280,420,490,650,650,4265,0,230.0,229.60951914417353,205.2142400007142,653.5016400011955,4515.0
1776015465,50,,Aggregated,104.200000,0.000000,230,230,230,230,240,240,280,420,490,650,650,4358,0,230.0,229.51192805183382,205.2142400007142,653.5016400011955,4515.0
1776015466,50,,Aggregated,104.400000,0.000000,230,230,230,230,240,240,270,420,490,650,650,4451,0,230.0,229.4690957469999,205.2142400007142,653.5016400011955,4515.0
1776015467,50,,Aggregated,103.600000,0.000000,230,230,230,230,240,240,270,420,490,650,650,4539,0,230.0,229.44230197177873,205.2142400007142,653.5016400011955,4515.0
1776015468,50,,Aggregated,103.500000,0.000000,230,230,230,230,240,240,270,420,490,650,650,4637,0,230.0,229.35628862193298,205.2142400007142,653.5016400011955,4515.0
1776015475,50,,Aggregated,67.400000,0.000000,230,230,230,230,240,240,270,420,490,650,650,4735,0,230.0,229.25951304749637,205.2142400007142,653.5016400011955,4515.0
1776015469,50,,Aggregated,102.900000,0.000000,230,230,230,230,240,240,270,420,490,650,650,4830,0,230.0,229.1685454575349,205.2142400007142,653.5016400011955,4515.0
1776015470,50,,Aggregated,102.500000,0.000000,230,230,230,230,240,240,270,420,490,650,650,4929,0,230.0,229.12822288291628,205.2142400007142,653.5016400011955,4515.0
1776015471,50,,Aggregated,103.000000,0.000000,220,230,230,230,240,240,270,420,490,650,650,5027,0,220.0,229.04609757109404,205.2142400007142,653.5016400011955,4515.0
1776015472,50,,Aggregated,104.200000,0.000000,230,230,230,230,240,240,270,420,490,650,650,5121,0,230.0,229.06484891815577,205.2142400007142,653.5016400011955,4515.0
1776015473,50,,Aggregated,104.300000,0.000000,220,230,230,230,240,240,270,420,490,650,650,5217,0,220.0,228.99165508527247,205.2142400007142,653.5016400011955,4515.0
1776015474,50,,Aggregated,105.200000,0.000000,220,230,230,230,240,240,260,420,490,650,650,5309,0,220.0,228.98164074775832,205.2142400007142,653.5016400011955,4515.0
1776015475,50,,Aggregated,105.000000,0.000000,220,230,230,230,230,240,260,420,490,650,650,5402,0,220.0,228.9334248889019,205.2142400007142,653.5016400011955,4515.0
1776015476,50,,Aggregated,105.100000,0.000000,230,230,230,230,230,240,260,420,490,650,650,5499,0,230.0,228.88192421528288,205.2142400007142,653.5016400011955,4515.0
1776015477,80,,Aggregated,104.700000,0.000000,230,230,230,230,240,240,410,430,500,650,650,5642,0,230.0,230.17321056005437,203.32180000150402,653.5016400011955,4515.0
1776015478,140,,Aggregated,105.200000,0.000000,230,230,230,230,240,260,430,470,650,740,740,5852,0,230.0,234.25345413530752,199.03345000057016,737.089759999435,4515.0
1776015485,170,,Aggregated,102.400000,0.000000,230,230,230,230,240,290,440,490,640,740,740,6156,0,230.0,236.2961916390248,199.03345000057016,737.089759999435,4515.0
1776015479,230,,Aggregated,108.100000,0.000000,230,230,230,230,250,330,460,540,680,740,740,6526,0,230.0,239.95830323166473,199.03345000057016,743.3710900004371,4515.0
1776015480,260,,Aggregated,117.000000,0.000000,230,230,230,240,280,390,480,550,710,980,980,6934,0,230.0,244.30166915775342,199.03345000057016,980.7763899989368,4515.0
1776015481,290,,Aggregated,134.000000,0.000000,230,230,230,240,320,430,560,620,860,1000,1000,7323,0,230.0,252.62061824659898,199.03345000057016,1024.3341900004452,4515.0
1776015482,320,,Aggregated,166.300000,0.000000,230,230,240,250,380,500,630,710,1000,1800,1800,7639,0,230.0,265.00795917395493,199.03345000057016,1783.0993399984436,4515.0
1776015483,350,,Aggregated,195.800000,0.000000,230,230,240,280,450,610,730,1000,1400,1800,1800,7963,0,230.0,283.6144820921555,199.03345000057016,1783.0993399984436,4515.0
1776015484,380,,Aggregated,224.300000,0.000000,230,230,260,330,560,680,950,1100,1900,2500,2500,8330,0,230.0,306.06891083311456,199.03345000057016,2479.5847999994294,4515.0
1776015485,417,,Aggregated,245.900000,0.000000,230,240,310,400,610,710,1000,1100,1900,2500,2500,8715,0,230.0,323.77322478713353,199.03345000057016,2479.5847999994294,4515.0
1776015486,428,,Aggregated,268.900000,0.000000,230,240,370,480,660,770,1100,1300,1900,2500,2500,9131,0,230.0,343.61255534332173,199.03345000057016,2479.5847999994294,4515.0
1776015487,439,,Aggregated,304.500000,0.000000,230,270,440,550,700,850,1100,1300,1900,2500,2500,9518,0,230.0,360.48631074173966,199.03345000057016,2479.5847999994294,4515.0
1776015488,450,,Aggregated,341.500000,0.000000,230,320,520,590,740,910,1100,1300,2100,2500,2500,9976,0,230.0,379.7035627957005,199.03345000057016,2479.5847999994294,4515.0
1776015495,460,,Aggregated,284.500000,0.000000,230,380,550,600,750,900,1100,1300,2000,2400,2500,10459,0,230.0,392.0609953179008,199.03345000057016,2479.5847999994294,4515.0
1776015489,470,,Aggregated,368.800000,0.000000,230,460,570,610,760,900,1100,1300,2000,2400,2500,10977,0,230.0,402.8905117837244,199.03345000057016,2479.5847999994294,4515.0
1776015490,479,,Aggregated,391.800000,0.000000,240,490,570,620,760,890,1100,1300,2000,2400,2500,11498,0,240.0,411.9096804844272,199.03345000057016,2479.5847999994294,4515.0
1776015491,488,,Aggregated,413.100000,0.000000,240,520,590,640,770,910,1100,1300,2000,2400,2500,11963,0,240.0,423.3423978057318,199.03345000057016,2479.5847999994294,4515.0
1776015492,497,,Aggregated,430.100000,0.000000,260,530,610,660,790,920,1100,1300,2000,2400,2500,12431,0,260.0,434.9967434969011,199.03345000057016,2479.5847999994294,4515.0
1776015493,504,,Aggregated,450.800000,0.000000,300,550,620,670,800,930,1100,1300,2100,2400,2500,12972,0,300.0,445.66209559127054,199.03345000057016,2479.5847999994294,4515.0
1776015494,512,,Aggregated,458.600000,0.000000,340,560,630,680,810,930,1100,1300,2100,2400,2500,13498,0,340.0,454.38201322269475,199.03345000057016,2479.5847999994294,4515.0
1776015495,518,,Aggregated,474.600000,0.000000,400,570,640,690,830,930,1100,1300,2100,2400,2500,13946,0,400.0,463.76490936325234,199.03345000057016,2479.5847999994294,4515.0
1776015496,524,,Aggregated,496.900000,0.000000,440,590,660,710,850,940,1100,1300,2000,2400,2500,14458,0,440.0,475.76953444943547,199.03345000057016,2479.5847999994294,4515.0
1776015497,530,,Aggregated,510.200000,0.000000,470,600,680,730,850,940,1100,1300,2000,2400,2500,14966,0,470.0,484.05586302886036,199.03345000057016,2479.5847999994294,4515.0
1776015498,535,,Aggregated,521.700000,0.000000,490,610,690,730,850,940,1100,1300,2000,2400,2500,15552,0,490.0,491.8145609542127,199.03345000057016,2479.5847999994294,4515.0
1776015505,539,,Aggregated,374.000000,0.000000,500,620,700,730,840,940,1100,1300,2000,2400,2500,16129,0,500.0,496.91328284146095,199.03345000057016,2479.5847999994294,4515.0
1776015499,542,,Aggregated,532.500000,0.000000,510,630,700,740,840,930,1100,1300,2000,2400,2500,16697,0,510.0,501.778763465888,199.03345000057016,2479.5847999994294,4515.0
1776015500,545,,Aggregated,547.900000,0.000000,510,630,710,740,850,940,1100,1300,2000,2400,2500,17204,0,510.0,506.4626725255727,199.03345000057016,2479.5847999994294,4515.0
1776015501,547,,Aggregated,555.900000,0.000000,510,640,710,750,860,960,1100,1400,2000,2400,2500,17643,0,510.0,514.8937543348592,199.03345000057016,2479.5847999994294,4515.0
1776015502,549,,Aggregated,560.500000,0.000000,520,650,720,760,880,980,1200,1500,2000,2400,2500,18061,0,520.0,524.7810582575679,199.03345000057016,2479.5847999994294,4515.0
1776015503,549,,Aggregated,562.600000,0.000000,530,660,730,760,890,1000,1400,1500,2000,3700,3800,18531,0,530.0,536.1181964993758,199.03345000057016,3771.3435100013157,4515.0
1776015504,549,,Aggregated,559.800000,0.000000,530,670,730,770,900,1100,1400,1600,2000,3700,3800,19066,0,530.0,544.059221674704,199.03345000057016,3771.3435100013157,4515.0
1776015505,549,,Aggregated,555.000000,0.000000,540,670,740,780,900,1100,1400,1600,2000,3700,3800,19589,0,540.0,549.3996112905161,199.03345000057016,3771.3435100013157,4515.0
1776015506,548,,Aggregated,546.900000,0.000000,550,680,740,780,900,1100,1400,1600,2000,3200,3800,20124,0,550.0,555.4448347212243,199.03345000057016,3771.3435100013157,4515.0
1776015507,546,,Aggregated,554.400000,0.000000,550,680,750,790,910,1100,1400,1600,2000,3200,3800,20683,0,550.0,558.7554801286055,199.03345000057016,3771.3435100013157,4515.0
1776015508,543,,Aggregated,563.600000,0.000000,550,680,750,790,910,1100,1400,1600,2000,3200,3800,21219,0,550.0,562.0648750907193,199.03345000057016,3771.3435100013157,4515.0
1776015515,540,,Aggregated,376.900000,0.000000,560,690,750,790,930,1100,1300,1500,2000,3200,3800,21703,0,560.0,566.9971470400375,199.03345000057016,3771.3435100013157,4515.0
1776015510,536,,Aggregated,566.200000,0.000000,560,700,760,800,930,1100,1300,1500,2000,3200,3800,22248,0,560.0,571.6349848264982,199.03345000057016,3771.3435100013157,4515.0
1776015511,531,,Aggregated,561.300000,0.000000,570,700,760,800,930,1100,1300,1500,2000,3200,3800,22715,0,570.0,575.6034691961223,199.03345000057016,3771.3435100013157,4515.0
1776015512,526,,Aggregated,558.200000,0.000000,580,710,770,810,940,1100,1300,1500,1900,3200,3800,23224,0,580.0,580.5800390948986,199.03345000057016,3771.3435100013157,4515.0
1776015513,520,,Aggregated,554.900000,0.000000,580,710,770,810,940,1100,1300,1500,1900,3200,3800,23747,0,580.0,583.8167403882577,199.03345000057016,3771.3435100013157,4515.0
1776015514,513,,Aggregated,561.200000,0.000000,590,710,770,810,930,1100,1300,1500,1900,3200,3800,24269,0,590.0,586.0802847109462,199.03345000057016,3771.3435100013157,4515.0
1776015514,506,,Aggregated,561.200000,0.000000,590,710,770,810,930,1100,1300,1500,1900,3200,3800,24849,0,590.0,586.5228006197407,199.03345000057016,3771.3435100013157,4515.0
1776015515,498,,Aggregated,571.000000,0.000000,590,710,770,810,930,1100,1300,1500,1900,3200,3800,25242,0,590.0,587.9867241288302,199.03345000057016,3771.3435100013157,4515.0
1776015516,490,,Aggregated,575.900000,0.000000,600,720,770,820,940,1100,1300,1500,1900,3200,3800,25683,0,600.0,593.8104230755732,199.03345000057016,3771.3435100013157,4515.0
1776015517,481,,Aggregated,573.300000,0.000000,600,720,780,820,950,1100,1300,1500,1900,3200,3800,26134,0,600.0,597.0194039067856,199.03345000057016,3771.3435100013157,4515.0
1776015518,472,,Aggregated,556.100000,0.000000,600,720,780,820,950,1100,1300,1500,1900,3200,3800,26637,0,600.0,598.6133364042481,199.03345000057016,3771.3435100013157,4515.0
1776015525,462,,Aggregated,347.100000,0.000000,600,720,780,820,950,1100,1300,1500,1900,3200,3800,27128,0,600.0,599.6328858552031,199.03345000057016,3771.3435100013157,4515.0
1776015520,452,,Aggregated,541.400000,0.000000,600,720,780,820,950,1100,1300,1500,1900,3200,3800,27648,0,600.0,599.5676965892628,199.03345000057016,3771.3435100013157,4515.0
1776015521,441,,Aggregated,539.700000,0.000000,600,720,780,820,950,1100,1300,1500,1900,3200,3800,28160,0,600.0,599.2810929296857,199.03345000057016,3771.3435100013157,4515.0
1776015522,430,,Aggregated,535.000000,0.000000,600,720,770,820,950,1100,1300,1500,1900,3200,3800,28620,0,600.0,599.401245132421,199.03345000057016,3771.3435100013157,4515.0
1776015523,419,,Aggregated,542.400000,0.000000,600,720,770,810,950,1100,1300,1500,1900,3200,3800,29056,0,600.0,600.5444067056682,199.03345000057016,3771.3435100013157,4515.0
1776015524,407,,Aggregated,538.400000,0.000000,600,720,770,810,950,1100,1300,1500,1900,3200,3800,29570,0,600.0,599.93433126513,199.03345000057016,3771.3435100013157,4515.0
1776015524,395,,Aggregated,538.400000,0.000000,600,710,770,810,940,1100,1300,1500,1900,2500,3800,30064,0,600.0,597.8068551453539,199.03345000057016,3771.3435100013157,4515.0
1776015525,383,,Aggregated,530.700000,0.000000,600,710,770,810,940,1100,1300,1500,1900,2500,3800,30563,0,600.0,595.8883053885398,199.03345000057016,3771.3435100013157,4515.0
1776015526,371,,Aggregated,529.600000,0.000000,600,710,760,800,940,1100,1300,1500,1900,2500,3800,31040,0,600.0,594.3112861578597,199.03345000057016,3771.3435100013157,4515.0
1776015527,358,,Aggregated,524.500000,0.000000,590,710,760,800,930,1100,1300,1500,1900,2500,3800,31494,0,590.0,592.8305605318453,199.03345000057016,3771.3435100013157,4515.0
1776015528,345,,Aggregated,533.900000,0.000000,590,710,760,800,930,1100,1200,1500,1900,2500,3800,31996,0,590.0,590.0986570118129,199.03345000057016,3771.3435100013157,4515.0
1776015535,332,,Aggregated,348.000000,0.000000,590,700,760,800,930,1100,1200,1500,1900,2500,3800,32449,0,590.0,587.8106354238943,199.03345000057016,3771.3435100013157,4515.0
1776015530,319,,Aggregated,533.200000,0.000000,580,700,760,790,930,1100,1200,1500,1900,2500,3800,32890,0,580.0,585.733969822742,199.03345000057016,3771.3435100013157,4515.0
1776015531,306,,Aggregated,531.100000,0.000000,580,700,750,790,920,1100,1200,1500,1900,2500,3800,33344,0,580.0,583.0870701166631,199.03345000057016,3771.3435100013157,4515.0
1776015532,293,,Aggregated,528.200000,0.000000,570,690,750,790,920,1100,1200,1400,1900,2500,3800,33811,0,570.0,579.4892580562547,199.03345000057016,3771.3435100013157,4515.0
1776015533,280,,Aggregated,520.000000,0.000000,570,690,750,790,920,1100,1200,1400,1900,2500,3800,34268,0,570.0,576.0001618256105,199.03345000057016,3771.3435100013157,4515.0
1776015534,267,,Aggregated,520.400000,0.000000,560,690,750,780,910,1100,1200,1400,1900,2500,3800,34702,0,560.0,572.5891281367087,199.03345000057016,3771.3435100013157,4515.0
1776015534,254,,Aggregated,520.400000,0.000000,560,680,750,780,910,1000,1200,1400,1900,2500,3800,35115,0,560.0,569.7160213418791,199.03345000057016,3771.3435100013157,4515.0
1776015535,241,,Aggregated,521.500000,0.000000,550,680,740,780,910,1000,1200,1400,1900,2500,3800,35505,0,550.0,567.0324548404479,199.03345000057016,3771.3435100013157,4515.0
1776015536,228,,Aggregated,514.900000,0.000000,550,680,740,780,910,1000,1200,1400,1900,2500,3800,35896,0,550.0,563.9216435023427,199.03345000057016,3771.3435100013157,4515.0
1776015537,216,,Aggregated,504.300000,0.000000,540,680,740,780,910,1000,1200,1400,1900,2500,3800,36281,0,540.0,560.7206137071769,199.03345000057016,3771.3435100013157,4515.0
1776015538,203,,Aggregated,493.300000,0.000000,540,670,740,780,900,1000,1200,1400,1900,2500,3800,36659,0,540.0,557.5662449660406,199.03345000057016,3771.3435100013157,4515.0
1776015545,191,,Aggregated,283.600000,0.000000,540,670,740,770,900,1000,1200,1400,1900,2500,3800,37004,0,540.0,554.7032398662333,199.03345000057016,3771.3435100013157,4515.0
1776015540,180,,Aggregated,476.100000,0.000000,530,670,740,770,900,1000,1200,1400,1900,2500,3800,37339,0,530.0,551.8581197230798,199.03345000057016,3771.3435100013157,4515.0
1776015541,168,,Aggregated,465.200000,0.000000,530,670,730,770,900,1000,1200,1400,1900,2500,3800,37658,0,530.0,549.2549618386557,199.03345000057016,3771.3435100013157,4515.0
1776015542,157,,Aggregated,451.300000,0.000000,530,660,730,770,900,1000,1200,1400,1900,2500,3800,37918,0,530.0,547.2973936876967,199.03345000057016,3771.3435100013157,4515.0
1776015543,147,,Aggregated,433.400000,0.000000,530,660,730,770,900,1000,1200,1400,1900,2500,3800,38162,0,530.0,545.8450711422381,199.03345000057016,3771.3435100013157,4515.0
1776015544,137,,Aggregated,415.700000,0.000000,520,660,730,770,890,1000,1200,1400,1900,2500,3800,38370,0,520.0,544.8453533051891,199.03345000057016,3771.3435100013157,4515.0
1776015544,127,,Aggregated,415.700000,0.000000,520,660,730,770,890,1000,1200,1400,1900,2500,3800,38608,0,520.0,543.1502440113477,199.03345000057016,3771.3435100013157,4515.0
1776015545,118,,Aggregated,393.800000,0.000000,520,660,730,770,890,1000,1200,1400,1900,2500,3800,38823,0,520.0,541.5217089557765,199.03345000057016,3771.3435100013157,4515.0
1776015546,109,,Aggregated,371.700000,0.000000,520,660,730,760,890,1000,1200,1400,1900,2500,3800,39031,0,520.0,539.8937160736361,199.03345000057016,3771.3435100013157,4515.0
1776015547,101,,Aggregated,350.700000,0.000000,520,660,730,760,890,1000,1200,1400,1900,2500,3800,39229,0,520.0,538.3659711376813,199.03345000057016,3771.3435100013157,4515.0
1776015548,93,,Aggregated,329.300000,0.000000,510,650,730,760,890,1000,1200,1400,1900,2500,3800,39396,0,510.0,537.0923374390826,199.03345000057016,3771.3435100013157,4515.0
1776015555,86,,Aggregated,148.800000,0.000000,510,650,730,760,890,1000,1200,1400,1900,2500,3800,39552,0,510.0,535.9323366646457,199.03345000057016,3771.3435100013157,4515.0
1776015550,79,,Aggregated,291.000000,0.000000,510,650,720,760,890,1000,1200,1400,1900,2500,3800,39704,0,510.0,534.763830011588,199.03345000057016,3771.3435100013157,4515.0
1776015551,73,,Aggregated,271.700000,0.000000,510,650,720,760,890,1000,1200,1400,1900,2500,3800,39844,0,510.0,533.6951845284127,199.03345000057016,3771.3435100013157,4515.0
1776015552,68,,Aggregated,248.600000,0.000000,510,650,720,760,890,1000,1200,1400,1900,2500,3800,39978,0,510.0,532.678071745462,199.03345000057016,3771.3435100013157,4515.0
1776015553,63,,Aggregated,226.000000,0.000000,510,650,720,760,890,1000,1200,1400,1900,2400,3800,40096,0,510.0,531.7788906624126,199.03345000057016,3771.3435100013157,4515.0
1776015554,59,,Aggregated,210.600000,0.000000,500,650,720,760,890,1000,1200,1400,1900,2400,3800,40210,0,500.0,530.9197252399929,199.03345000057016,3771.3435100013157,4515.0
1776015554,56,,Aggregated,210.600000,0.000000,500,650,720,760,880,1000,1200,1400,1900,2400,3800,40321,0,500.0,530.0836934160887,199.03345000057016,3771.3435100013157,4515.0
1776015555,53,,Aggregated,199.600000,0.000000,500,650,720,760,880,1000,1200,1400,1900,2400,3800,40420,0,500.0,529.3400527768458,199.03345000057016,3771.3435100013157,4515.0
1776015556,51,,Aggregated,189.300000,0.000000,500,650,720,760,880,1000,1200,1400,1900,2400,3800,40511,0,500.0,528.6658341109844,199.03345000057016,3771.3435100013157,4515.0
1776015557,50,,Aggregated,173.200000,0.000000,500,640,720,760,880,1000,1200,1400,1900,2400,3800,40613,0,500.0,527.906286335166,199.03345000057016,3771.3435100013157,4515.0
1776015558,50,,Aggregated,157.300000,0.000000,500,640,720,760,880,1000,1200,1400,1900,2400,3800,40701,0,500.0,527.2599994548068,199.03345000057016,3771.3435100013157,4515.0
1776015565,50,,Aggregated,74.100000,0.000000,500,640,720,760,880,1000,1200,1400,1900,2400,3800,40794,0,500.0,526.5710595528774,199.03345000057016,3771.3435100013157,4515.0
1776015560,50,,Aggregated,138.300000,0.000000,500,640,720,760,880,1000,1200,1400,1900,2400,3800,40893,0,500.0,525.8533184415444,199.03345000057016,3771.3435100013157,4515.0
1776015561,52,,Aggregated,130.900000,0.000000,500,640,720,760,880,1000,1200,1400,1900,2400,3800,40990,0,500.0,525.1607722668969,199.03345000057016,3771.3435100013157,4515.0
1776015562,54,,Aggregated,123.700000,0.000000,490,640,720,760,880,1000,1200,1400,1900,2400,3800,41093,0,490.0,524.4302843258,199.03345000057016,3771.3435100013157,4515.0
1776015563,57,,Aggregated,117.300000,0.000000,490,640,720,760,880,1000,1200,1400,1900,2400,3800,41201,0,490.0,523.659634323684,199.03345000057016,3771.3435100013157,4515.0
1776015564,60,,Aggregated,114.000000,0.000000,490,640,720,760,880,1000,1200,1400,1900,2400,3800,41315,0,490.0,522.859950285613,199.03345000057016,3771.3435100013157,4515.0
1776015564,64,,Aggregated,114.000000,0.000000,490,640,720,760,880,1000,1200,1400,1900,2400,3800,41443,0,490.0,521.9749595502275,199.03345000057016,3771.3435100013157,4515.0
1776015565,69,,Aggregated,112.200000,0.000000,490,640,720,750,880,1000,1200,1400,1900,2400,3800,41566,0,490.0,521.1204154378596,199.03345000057016,3771.3435100013157,4515.0
1776015566,75,,Aggregated,112.200000,0.000000,490,640,720,750,880,1000,1200,1400,1900,2400,3800,41715,0,490.0,520.0969295919954,199.03345000057016,3771.3435100013157,4515.0
1776015567,81,,Aggregated,114.500000,0.000000,480,630,720,750,880,1000,1200,1400,1900,2400,3800,41867,0,480.0,519.0523655232068,199.03345000057016,3771.3435100013157,4515.0
1776015568,87,,Aggregated,116.500000,0.000000,480,630,710,750,880,1000,1200,1400,1900,2400,3800,42024,0,480.0,517.9824584770629,199.03345000057016,3771.3435100013157,4515.0
1776015569,95,,Aggregated,120.700000,0.000000,480,630,710,750,880,1000,1200,1400,1900,2400,3800,42208,0,480.0,516.7487859050437,199.03345000057016,3771.3435100013157,4515.0
1776015570,102,,Aggregated,127.000000,0.000000,480,630,710,750,880,1000,1200,1400,1900,2400,3800,42402,0,480.0,515.4453536304915,199.03345000057016,3771.3435100013157,4515.0
1776015571,111,,Aggregated,134.200000,0.000000,470,630,710,750,870,1000,1200,1400,1900,2400,3800,42620,0,470.0,514.0031062698287,199.03345000057016,3771.3435100013157,4515.0
1776015572,120,,Aggregated,146.000000,0.000000,470,630,710,750,870,1000,1200,1400,1900,2400,3800,42846,0,470.0,512.5241435342875,199.03345000057016,3771.3435100013157,4515.0
1776015573,129,,Aggregated,155.500000,0.000000,470,630,710,750,870,1000,1200,1400,1900,2400,3800,43085,0,470.0,510.95585479819187,199.03345000057016,3771.3435100013157,4515.0
1776015574,139,,Aggregated,167.700000,0.000000,470,620,710,750,870,1000,1200,1400,1900,2400,3800,43335,0,470.0,509.4415268173556,199.03345000057016,3771.3435100013157,4515.0
1776015574,149,,Aggregated,167.700000,0.000000,460,620,710,750,870,1000,1200,1400,1900,2400,3800,43609,19,460.0,507.6703994897862,3.7945599997328827,3771.3435100013157,4513.032860189411
1776015575,160,,Aggregated,181.300000,0.000000,460,620,710,750,870,1000,1200,1400,1900,2400,3800,43901,23,460.0,506.0900830092727,3.7945599997328827,3771.3435100013157,4512.634564132935
1776015576,171,,Aggregated,194.700000,0.000000,450,620,700,740,870,990,1200,1400,1900,2400,3800,44221,23,450.0,504.1111056088757,3.7945599997328827,3771.3435100013157,4512.651681327876
1776015577,182,,Aggregated,212.200000,2.300000,450,610,700,740,870,990,1200,1400,1900,2400,3800,44561,23,450.0,502.0514282843762,3.7945599997328827,3771.3435100013157,4512.669598976684
1776015578,194,,Aggregated,231.800000,2.300000,440,610,700,740,860,990,1200,1400,1900,2400,3800,44921,23,440.0,499.9175896769902,3.7945599997328827,3771.3435100013157,4512.688274971617
1776015579,206,,Aggregated,248.900000,2.300000,440,610,700,740,860,990,1200,1400,1800,2400,3800,45298,23,440.0,497.7472302744062,3.7945599997328827,3771.3435100013157,4512.70751468056
1776015580,219,,Aggregated,268.600000,2.300000,440,610,700,740,860,990,1200,1400,1800,2400,3800,45721,23,440.0,495.33124417095127,3.7945599997328827,3771.3435100013157,4512.72872421863
1776015581,231,,Aggregated,288.600000,2.300000,430,600,690,740,860,990,1200,1400,1800,2400,3800,46144,23,430.0,492.96377272429964,3.7945599997328827,3771.3435100013157,4512.749544902913
1776015582,244,,Aggregated,313.800000,2.300000,430,600,690,740,860,990,1200,1400,1800,2400,3800,46598,23,430.0,490.4840448590086,3.7945599997328827,3771.3435100013157,4512.771470878579
1776015583,257,,Aggregated,340.300000,2.300000,420,600,690,730,850,980,1200,1400,1800,2400,3800,47084,23,420.0,487.8624233440244,3.7945599997328827,3771.3435100013157,4512.794473706567
1776015584,270,,Aggregated,363.900000,2.300000,420,590,690,730,850,980,1200,1300,1800,2400,3800,47582,23,420.0,485.3639576362926,3.7945599997328827,3771.3435100013157,4512.817557059392
1776015584,283,,Aggregated,363.900000,2.300000,410,590,680,730,850,980,1200,1300,1800,2400,3800,48095,23,410.0,482.7368111152946,3.7945599997328827,3771.3435100013157,4512.840835845722
1776015585,296,,Aggregated,387.400000,2.300000,410,580,680,730,850,980,1200,1300,1800,2400,3800,48643,23,410.0,480.08557907201634,3.7945599997328827,3771.3435100013157,4512.865160454741
1776015586,309,,Aggregated,411.300000,2.300000,400,580,680,730,850,980,1200,1300,1800,2400,3800,49207,23,400.0,477.45159363932095,3.7945599997328827,3771.3435100013157,4512.889629524255
1776015587,322,,Aggregated,443.600000,0.000000,390,570,670,720,840,970,1200,1300,1800,2400,3800,49775,23,390.0,475.04058683756944,3.7945599997328827,3771.3435100013157,4512.913711702662
1776015588,335,,Aggregated,470.800000,0.000000,380,570,670,720,840,970,1200,1300,1800,2400,3800,50374,23,380.0,472.42302003573366,3.7945599997328827,3771.3435100013157,4512.938519871363
1776015589,348,,Aggregated,495.200000,0.000000,370,560,670,720,840,970,1200,1300,1800,2400,3800,51002,23,370.0,469.7355668205179,3.7945599997328827,3771.3435100013157,4512.963903376338
1776015590,361,,Aggregated,517.900000,0.000000,360,560,660,720,840,970,1200,1300,1800,2400,3800,51617,23,360.0,467.31790409865175,3.7945599997328827,3771.3435100013157,4512.988162814577
1776015591,374,,Aggregated,541.200000,0.000000,360,550,660,720,840,970,1200,1300,1800,2400,3800,52248,23,360.0,465.41153188179624,3.7945599997328827,3771.3435100013157,4513.012459807074
1776015592,386,,Aggregated,567.900000,0.000000,360,550,660,710,840,960,1200,1300,1800,2400,3800,52839,23,360.0,463.9066697935247,3.7945599997328827,3771.3435100013157,4513.0346902855845
1776015593,398,,Aggregated,592.200000,0.000000,360,550,660,710,830,960,1100,1300,1800,2400,3800,53462,23,360.0,462.6075215908507,3.7945599997328827,3771.3435100013157,4513.057592308555
1776015594,410,,Aggregated,605.900000,0.000000,350,540,650,710,830,960,1100,1300,1800,2400,3800,54100,28,350.0,461.1478059626629,3.7945599997328827,3771.3435100013157,4512.663216266174
1776015594,422,,Aggregated,605.900000,0.000000,350,540,650,710,830,960,1100,1300,1800,2400,3800,54774,29,350.0,459.49271687771716,3.7945599997328827,3771.3435100013157,4512.609541023113
1776015595,433,,Aggregated,619.600000,0.000000,350,540,640,700,830,960,1100,1300,1800,2400,3800,55470,32,350.0,458.01732720930335,3.7945599997328827,3771.3435100013157,4512.395348837209
1776015596,444,,Aggregated,633.700000,0.500000,340,530,640,700,830,950,1100,1300,1800,2400,3800,56163,36,340.0,456.49849743639044,3.7945599997328827,3771.3435100013157,4512.105923828855
1776015597,455,,Aggregated,650.300000,0.500000,340,530,640,700,820,950,1100,1300,1800,2400,3800,56855,44,340.0,455.17347624061244,3.7945599997328827,3771.3435100013157,4511.5058482103595
1776015598,465,,Aggregated,674.500000,0.800000,340,530,640,700,820,950,1100,1300,1800,2400,3800,57389,52,340.0,454.9774522344002,3.7945599997328827,3771.3435100013157,4510.908972102668
1776015599,475,,Aggregated,690.200000,1.200000,350,530,640,700,820,950,1100,1300,1800,2400,3800,58021,61,350.0,456.0018992326912,3.7945599997328827,3771.3435100013157,4510.253184191931
1776015600,484,,Aggregated,699.100000,2.000000,350,530,640,700,820,950,1100,1300,1800,2400,3800,58690,66,350.0,455.30349778718625,3.7945599997328827,3771.3435100013157,4509.9226444027945
1776015601,492,,Aggregated,692.600000,2.900000,350,530,630,690,820,950,1100,1300,1800,2400,3800,59391,69,350.0,454.91625257715697,3.7945599997328827,3771.3435100013157,4509.754508258827
1776015602,500,,Aggregated,698.100000,4.000000,350,530,630,690,820,950,1100,1300,1800,2400,3800,59907,71,350.0,455.5066417049746,3.7945599997328827,3771.3435100013157,4509.6489558816165
1776015603,508,,Aggregated,705.500000,4.500000,360,530,640,700,820,950,1100,1300,1800,2400,3800,60329,71,360.0,457.93936788691843,3.7945599997328827,3771.3435100013157,4509.686386315039
1776015604,515,,Aggregated,709.200000,4.700000,360,540,640,700,830,960,1100,1300,1800,2400,3800,60688,71,360.0,460.78222098915614,3.7945599997328827,3771.3435100013157,4509.717819008701
1776015604,521,,Aggregated,709.200000,4.700000,360,540,650,710,840,970,1200,1300,1800,2400,3800,61123,71,360.0,464.5826924205286,3.7945599997328827,3771.3435100013157,4509.755411219999
1776015605,527,,Aggregated,690.300000,4.700000,370,540,650,710,840,980,1200,1400,1800,2400,3800,61466,71,370.0,467.6020493064458,3.7945599997328827,3771.3435100013157,4509.784677708001
1776015606,532,,Aggregated,665.500000,4.200000,370,550,660,720,850,990,1200,1400,1900,2400,3800,61925,71,370.0,472.30043430649926,3.7945599997328827,3845.4948399994464,4509.823334679048
1776015607,537,,Aggregated,631.600000,4.200000,370,550,660,720,850,1000,1200,1500,1900,2500,3800,62328,71,370.0,474.8296352169167,3.7945599997328827,3845.4948399994464,4509.85680592992
1776015608,540,,Aggregated,595.800000,4.000000,380,560,670,720,860,1000,1300,1500,1900,3200,3800,62777,71,380.0,477.8088577694063,3.7945599997328827,3845.4948399994464,4509.89359160202
1776015609,544,,Aggregated,573.000000,3.600000,380,560,670,720,860,1000,1300,1500,2000,3200,4100,63162,71,380.0,480.5839614089177,3.7945599997328827,4084.593150000728,4509.924717393369
1776015610,546,,Aggregated,545.800000,2.800000,380,560,670,730,870,1000,1300,1600,2100,3200,4100,63624,73,380.0,484.4317517704013,3.7945599997328827,4084.593150000728,4509.819643530743
1776015611,548,,Aggregated,537.000000,1.900000,390,560,670,730,880,1100,1300,1600,2100,3300,4100,64082,73,390.0,488.2696002028653,3.7945599997328827,4084.593150000728,4509.856668019101
1776015612,549,,Aggregated,510.200000,1.000000,390,570,680,730,880,1100,1400,1600,2100,3500,4100,64555,73,390.0,491.2612596043684,3.7945599997328827,4084.593150000728,4509.894353651925
1776015613,549,,Aggregated,481.500000,0.500000,390,570,680,730,890,1100,1400,1600,2100,3500,4100,65094,73,390.0,493.7338567513135,3.7945599997328827,4084.593150000728,4509.936630104157
1776015614,549,,Aggregated,472.100000,0.300000,400,570,680,730,890,1100,1400,1600,2100,3500,4100,65603,73,400.0,495.8317188515773,3.7945599997328827,4084.593150000728,4509.975915735561
1776015614,548,,Aggregated,472.100000,0.300000,400,570,680,740,900,1100,1400,1600,2100,3500,4100,66150,73,400.0,498.14569008102865,3.7945599997328827,4084.593150000728,4510.01746031746
1776015615,547,,Aggregated,480.100000,0.300000,400,570,680,740,900,1100,1400,1600,2100,3500,4100,66672,73,400.0,499.88414396253296,3.7945599997328827,4084.593150000728,4510.056470482361
1776015616,544,,Aggregated,493.100000,0.300000,410,580,680,740,910,1100,1400,1600,2100,3500,4100,67220,73,410.0,501.6228344388571,3.7945599997328827,4084.593150000728,4510.0967717941085
1776015617,541,,Aggregated,515.100000,0.300000,410,580,690,740,910,1100,1400,1600,2100,3500,4100,67766,73,410.0,503.1127458094026,3.7945599997328827,4084.593150000728,4510.1362777794175
1776015618,538,,Aggregated,522.900000,0.200000,410,580,690,740,920,1100,1400,1600,2100,3500,4100,68336,73,410.0,504.5702018957788,3.7945599997328827,4084.593150000728,4510.1768467572
1776015619,533,,Aggregated,531.100000,0.200000,410,580,690,740,920,1100,1400,1600,2100,3500,4100,68923,73,410.0,505.65551594474937,3.7945599997328827,4084.593150000728,4510.217924350362
1776015620,528,,Aggregated,545.900000,0.200000,410,580,690,750,920,1100,1400,1600,2100,3500,4100,69506,73,410.0,506.38247925819365,3.7945599997328827,4084.593150000728,4510.25803527753
1776015621,523,,Aggregated,557.800000,0.200000,410,580,690,750,930,1100,1400,1600,2100,3300,4100,70040,73,410.0,507.4198452881195,3.7945599997328827,4084.593150000728,4510.2941890348375
1776015622,516,,Aggregated,573.000000,0.000000,410,580,690,750,930,1100,1400,1600,2100,3300,4100,70584,73,410.0,508.445491391956,3.7945599997328827,4084.593150000728,4510.33045732744
1776015623,510,,Aggregated,587.500000,0.000000,410,580,690,750,930,1200,1400,1600,2100,3300,4100,71159,73,410.0,509.3056273906306,3.7945599997328827,4084.593150000728,4510.368189547352
1776015630,502,,Aggregated,411.900000,0.000000,410,580,700,750,940,1200,1400,1600,2100,3300,4100,71769,73,410.0,510.4601245402596,3.7945599997328827,4084.593150000728,4510.407557580571
1776015625,494,,Aggregated,594.800000,0.000000,410,580,700,750,930,1200,1400,1600,2100,3300,4100,72392,73,410.0,510.3927996557616,3.7945599997328827,4084.593150000728,4510.447079787822
1776015626,486,,Aggregated,599.600000,0.000000,410,580,690,750,930,1200,1400,1600,2100,3300,4100,73067,73,410.0,509.6998880371436,3.7945599997328827,4084.593150000728,4510.489140104288
1776015627,477,,Aggregated,603.400000,0.000000,410,580,690,750,930,1200,1400,1600,2100,3300,4100,73740,73,410.0,508.8766389246002,3.7945599997328827,4084.593150000728,4510.530309194467
1776015628,467,,Aggregated,624.000000,0.000000,410,580,690,750,930,1100,1400,1600,2100,3300,4100,74446,73,410.0,507.6733111995278,3.7945599997328827,4084.593150000728,4510.572696988421
1776015629,457,,Aggregated,639.500000,0.000000,410,580,690,740,920,1100,1400,1600,2100,3300,4100,75134,73,410.0,506.4324526492662,3.7945599997328827,4084.593150000728,4510.613237682008
1776015629,447,,Aggregated,639.500000,0.000000,410,570,680,740,920,1100,1400,1600,2100,3300,4100,75801,73,410.0,505.08031890001575,3.7945599997328827,4084.593150000728,4510.651838366249
1776015630,436,,Aggregated,656.000000,0.000000,400,570,680,740,920,1100,1400,1600,2100,3300,4100,76516,73,400.0,503.619364650663,3.7945599997328827,4084.593150000728,4510.692469548852
1776015631,424,,Aggregated,667.500000,0.000000,400,570,680,740,910,1100,1400,1600,2100,3300,4100,77201,73,400.0,502.12007470097694,3.7945599997328827,4084.593150000728,4510.730690016969
1776015632,413,,Aggregated,679.000000,0.000000,400,560,680,740,910,1100,1400,1600,2100,3300,4100,77858,73,400.0,500.5934873509479,3.7945599997328827,4084.593150000728,4510.766716329728
1776015633,401,,Aggregated,692.000000,0.000000,400,560,670,730,910,1100,1400,1600,2100,3300,4100,78508,73,400.0,499.1311731874457,3.7945599997328827,4084.593150000728,4510.80176542518
1776015640,389,,Aggregated,490.900000,0.000000,390,560,670,730,910,1100,1400,1600,2100,3300,4100,79156,73,390.0,497.5676825194559,3.7945599997328827,4084.593150000728,4510.836133710647
1776015635,376,,Aggregated,718.900000,0.000000,390,550,670,730,900,1100,1400,1600,2100,3300,4100,79788,73,390.0,495.8723440314331,3.7945599997328827,4084.593150000728,4510.86911565649
1776015636,364,,Aggregated,726.900000,0.000000,390,550,670,730,900,1100,1400,1600,2100,3200,4100,80434,73,390.0,494.2147296535048,3.7945599997328827,4084.593150000728,4510.902292562847
1776015637,351,,Aggregated,733.400000,0.000000,380,550,660,730,900,1100,1400,1600,2100,3200,4100,81050,73,380.0,492.5297581941997,3.7945599997328827,4084.593150000728,4510.933436150524
1776015638,338,,Aggregated,730.500000,0.000000,380,550,660,730,900,1100,1400,1600,2100,3200,4100,81648,73,380.0,490.92825487225633,3.7945599997328827,4084.593150000728,4510.963220164609
1776015639,325,,Aggregated,728.200000,0.000000,380,540,660,720,900,1100,1400,1600,2100,3200,4100,82211,73,380.0,489.3527354692193,3.7945599997328827,4084.593150000728,4510.990864969408
1776015639,312,,Aggregated,728.200000,0.000000,370,540,660,720,890,1100,1400,1600,2100,3200,4100,82778,73,370.0,487.8141380598726,3.7945599997328827,4084.593150000728,4511.018326125299
1776015640,299,,Aggregated,717.800000,0.000000,370,540,650,720,890,1100,1400,1600,2100,3200,4100,83312,73,370.0,486.3732097957095,3.7945599997328827,4084.593150000728,4511.04384722489
1776015641,286,,Aggregated,705.700000,0.000000,370,540,650,720,890,1100,1400,1600,2100,3200,4100,83827,73,370.0,484.9190730085785,3.7945599997328827,4084.593150000728,4511.068152265976
1776015642,273,,Aggregated,692.500000,0.000000,370,530,650,720,890,1100,1400,1600,2100,3200,4100,84327,73,370.0,483.55068431866465,3.7945599997328827,4084.593150000728,4511.091465366964
1776015643,260,,Aggregated,680.000000,0.000000,360,530,650,720,890,1100,1400,1600,2100,3200,4100,84810,73,360.0,482.17841975745773,3.7945599997328827,4084.593150000728,4511.113724796604
1776015650,247,,Aggregated,383.500000,0.000000,360,530,650,720,880,1100,1400,1600,2100,3200,4100,85266,73,360.0,480.9136614825375,3.7945599997328827,4084.593150000728,4511.134508479347
1776015645,234,,Aggregated,648.200000,0.000000,360,530,640,710,880,1100,1400,1500,2100,3200,4100,85705,73,360.0,479.6748740820267,3.7945599997328827,4084.593150000728,4511.1543083834085
1776015646,221,,Aggregated,631.500000,0.000000,360,530,640,710,880,1100,1400,1500,2100,3200,4100,86121,73,360.0,478.5054192073957,3.7945599997328827,4084.593150000728,4511.172884662277
1776015647,209,,Aggregated,605.100000,0.000000,350,520,640,710,880,1100,1400,1500,2100,3200,4100,86516,73,350.0,477.38527949500724,3.7945599997328827,4084.593150000728,4511.190357852883
1776015648,197,,Aggregated,577.200000,0.000000,350,520,640,710,880,1100,1400,1500,2100,3200,4100,86882,73,350.0,476.3549492730382,3.7945599997328827,4084.593150000728,4511.206406390276
1776015649,185,,Aggregated,552.200000,0.000000,350,520,640,710,880,1100,1400,1500,2100,3200,4100,87231,73,350.0,475.37297996778835,3.7945599997328827,4084.593150000728,4511.221584069884
1776015649,174,,Aggregated,552.200000,0.000000,350,520,640,710,880,1100,1400,1500,2100,3200,4100,87559,73,350.0,474.44606684304483,3.7945599997328827,4084.593150000728,4511.235738187965
1776015650,162,,Aggregated,529.600000,0.000000,350,520,640,710,880,1100,1400,1500,2100,3200,4100,87870,73,350.0,473.5767437503149,3.7945599997328827,4084.593150000728,4511.249061113008
1776015651,152,,Aggregated,509.600000,0.000000,340,520,630,710,880,1100,1400,1500,2100,3200,4100,88156,73,340.0,472.7817344016298,3.7945599997328827,4084.593150000728,4511.261230092109
1776015652,141,,Aggregated,481.400000,0.000000,340,510,630,710,880,1100,1400,1500,2100,3200,4100,88419,73,340.0,472.05545160463424,3.7945599997328827,4084.593150000728,4511.272350965291
1776015653,131,,Aggregated,453.400000,0.000000,340,510,630,700,880,1100,1400,1500,2100,3200,4100,88670,73,340.0,471.3683983652886,3.7945599997328827,4084.593150000728,4511.282902898387
1776015660,122,,Aggregated,219.800000,0.000000,340,510,630,700,870,1100,1400,1500,2100,3200,4100,88899,73,340.0,470.7427571156042,3.7945599997328827,4084.593150000728,4511.29247798063
1776015655,113,,Aggregated,405.600000,0.000000,340,510,630,700,870,1100,1400,1500,2100,3200,4100,89117,73,340.0,470.143220122649,3.7945599997328827,4084.593150000728,4511.301547403975
1776015656,104,,Aggregated,382.100000,0.000000,340,510,630,700,870,1100,1400,1500,2100,3200,4100,89323,73,340.0,469.5805920425885,3.7945599997328827,4084.593150000728,4511.310076911882
1776015657,96,,Aggregated,356.900000,0.000000,340,510,630,700,870,1100,1400,1500,2100,3200,4100,89498,73,340.0,469.1059396866987,3.7945599997328827,4084.593150000728,4511.317292006525
1776015658,89,,Aggregated,332.900000,0.000000,340,510,630,700,870,1100,1400,1500,2100,3200,4100,89675,73,340.0,468.633506000002,3.7945599997328827,4084.593150000728,4511.324560914413
1776015659,82,,Aggregated,310.800000,0.000000,340,510,630,700,870,1100,1400,1500,2100,3200,4100,89831,73,340.0,468.22078876668604,3.7945599997328827,4084.593150000728,4511.330943660874
1776015659,76,,Aggregated,310.800000,0.000000,340,510,630,700,870,1100,1400,1500,2100,3200,4100,89971,73,340.0,467.85001601427336,3.7945599997328827,4084.593150000728,4511.336652921497
1776015660,70,,Aggregated,291.000000,0.000000,330,510,630,700,870,1100,1400,1500,2100,3200,4100,90112,73,330.0,467.4789665441917,3.7945599997328827,4084.593150000728,4511.3423850319605
1776015661,65,,Aggregated,269.700000,0.000000,330,510,630,700,870,1100,1400,1500,2100,3200,4100,90227,73,330.0,467.17681743735477,3.7945599997328827,4084.593150000728,4511.347046892837
1776015662,61,,Aggregated,248.500000,0.000000,330,510,630,700,870,1100,1400,1500,2100,3200,4100,90345,73,330.0,466.8659755433083,3.7945599997328827,4084.593150000728,4511.351818030882
1776015663,58,,Aggregated,224.900000,0.000000,330,510,620,700,870,1100,1400,1500,2100,3200,4100,90453,73,330.0,466.58417251125104,3.7945599997328827,4084.593150000728,4511.35617392458
1776015671,55,,Aggregated,95.700000,0.000000,330,500,620,700,870,1100,1400,1500,2100,3200,4100,90555,73,330.0,466.31818520203393,3.7945599997328827,4084.593150000728,4511.360278283916
1776015665,52,,Aggregated,192.600000,0.000000,330,500,620,700,870,1100,1400,1500,2100,3200,4100,90655,73,330.0,466.05862515184145,3.7945599997328827,4084.593150000728,4511.364293199493
1776015666,51,,Aggregated,179.300000,0.000000,330,500,620,700,870,1100,1400,1500,2100,3200,4100,90756,73,330.0,465.7932012255962,3.7945599997328827,4084.593150000728,4511.368339283353
1776015667,50,,Aggregated,163.300000,0.000000,330,500,620,700,870,1100,1400,1500,2100,3200,4100,90846,73,330.0,465.5598805383857,3.7945599997328827,4084.593150000728,4511.371937124364
1776015668,50,,Aggregated,151.100000,0.000000,330,500,620,700,870,1100,1300,1500,2100,3200,4100,90938,73,330.0,465.3175699858165,3.7945599997328827,4084.593150000728,4511.375607556797
1776015669,50,,Aggregated,138.600000,0.000000,330,500,620,700,870,1100,1300,1500,2100,3200,4100,91035,73,330.0,465.0662732735782,3.7945599997328827,4084.593150000728,4511.379469434833
1776015669,51,,Aggregated,138.600000,0.000000,330,500,620,700,870,1100,1300,1500,2100,3200,4100,91128,73,330.0,464.82683551422406,3.7945599997328827,4084.593150000728,4511.383164340268
1776015670,53,,Aggregated,130.200000,0.000000,330,500,620,700,870,1100,1300,1500,2100,3200,4100,91225,73,330.0,464.57968963891716,3.7945599997328827,4084.593150000728,4511.387010139764
1776015671,55,,Aggregated,124.600000,0.000000,330,500,620,700,870,1100,1300,1500,2100,3200,4100,91330,73,330.0,464.31124369856803,3.7945599997328827,4084.593150000728,4511.391163911092
1776015672,59,,Aggregated,117.400000,0.000000,330,500,620,700,870,1100,1300,1500,2100,3200,4100,91445,73,330.0,464.0234409168377,3.7945599997328827,4084.593150000728,4511.395702334737
1776015673,63,,Aggregated,113.200000,0.000000,330,500,620,700,870,1100,1300,1500,2100,3200,4100,91561,73,330.0,463.73116292231646,3.7945599997328827,4084.593150000728,4511.400268673344
1776015681,67,,Aggregated,68.200000,0.000000,330,500,620,690,870,1100,1300,1500,2100,3200,4100,91688,73,330.0,463.4107269113755,3.7945599997328827,4084.593150000728,4511.40525477707
1776015675,72,,Aggregated,109.500000,0.000000,330,500,620,690,870,1100,1300,1500,2100,3200,4100,91828,73,330.0,463.05991926090286,3.7945599997328827,4084.593150000728,4511.410735287712
1776015676,78,,Aggregated,111.900000,0.000000,330,500,620,690,860,1100,1300,1500,2100,3200,4100,91967,73,330.0,462.7172968311479,3.7945599997328827,4084.593150000728,4511.416160144399
1776015677,84,,Aggregated,115.400000,0.000000,330,500,620,690,860,1100,1300,1500,2100,3200,4100,92125,73,330.0,462.32444010268875,3.7945599997328827,4084.593150000728,4511.422306648576
1776015678,91,,Aggregated,117.600000,0.000000,320,500,620,690,860,1100,1300,1500,2100,3200,4100,92299,73,320.0,461.9024276152531,3.7945599997328827,4084.593150000728,4511.429051235658
1776015679,99,,Aggregated,123.600000,0.000000,320,500,620,690,860,1100,1300,1500,2100,3200,4100,92485,73,320.0,461.4452036063174,3.7945599997328827,4084.593150000728,4511.436232902633
1776015679,107,,Aggregated,123.600000,0.000000,320,490,620,690,860,1100,1300,1500,2100,3200,4100,92677,73,320.0,460.9806832498922,3.7945599997328827,4084.593150000728,4511.443615999655
1776015680,116,,Aggregated,131.200000,0.000000,320,490,620,690,860,1100,1300,1500,2100,3200,4100,92875,96,320.0,460.55908515747285,3.7945599997328827,4084.593150000728,4510.333082099596
1776015681,125,,Aggregated,139.900000,0.000000,320,490,610,690,860,1100,1300,1500,2100,3200,4100,93108,96,320.0,460.0252522814398,3.7945599997328827,4084.593150000728,4510.3447609228
1776015682,135,,Aggregated,153.100000,0.900000,320,490,610,690,860,1100,1300,1500,2100,3200,4100,93359,96,320.0,459.4344097986298,3.7945599997328827,4084.593150000728,4510.357276748894
1776015683,145,,Aggregated,162.900000,2.300000,320,490,610,690,860,1100,1300,1500,2100,3200,4100,93634,96,320.0,458.78916055791973,3.7945599997328827,4084.593150000728,4510.370912275455
1776015691,155,,Aggregated,147.500000,2.300000,320,490,610,690,860,1100,1300,1500,2100,3200,4100,93921,96,320.0,458.1162976916802,3.7945599997328827,4084.593150000728,4510.3850576548375
1776015685,166,,Aggregated,190.200000,2.300000,320,490,610,690,860,1100,1300,1500,2100,3200,4100,94228,96,320.0,457.4023298599166,3.7945599997328827,4084.593150000728,4510.4000933905
1776015686,177,,Aggregated,206.300000,2.300000,320,490,610,690,860,1100,1300,1500,2100,3200,4100,94558,96,320.0,456.64960700776476,3.7945599997328827,4084.593150000728,4510.41614670361
1776015687,189,,Aggregated,226.400000,2.300000,320,480,610,680,860,1100,1300,1500,2100,3200,4100,94909,96,320.0,455.8484781953265,3.7945599997328827,4084.593150000728,4510.43309907385
1776015688,201,,Aggregated,245.800000,2.300000,310,480,610,680,860,1100,1300,1500,2100,3200,4100,95279,96,310.0,455.0116349159861,3.7945599997328827,4084.593150000728,4510.450833866854
1776015689,213,,Aggregated,267.300000,2.300000,310,480,600,680,850,1100,1300,1500,2100,3200,4100,95665,96,310.0,454.15353040234396,3.7945599997328827,4084.593150000728,4510.4691893587
1776015689,226,,Aggregated,267.300000,2.300000,310,480,600,680,850,1100,1300,1500,2100,3200,4100,96092,96,310.0,453.23835799889935,3.7945599997328827,4084.593150000728,4510.489322732382
1776015690,238,,Aggregated,286.000000,2.300000,310,480,600,680,850,1100,1300,1500,2100,3200,4100,96511,96,310.0,452.3860442400369,3.7945599997328827,4084.593150000728,4510.508905720591
1776015691,251,,Aggregated,307.100000,2.300000,310,480,600,680,850,1100,1300,1500,2100,3200,4100,96964,96,310.0,451.5017853620945,3.7945599997328827,4084.593150000728,4510.529887380883
1776015692,264,,Aggregated,332.400000,1.400000,310,470,600,680,850,1100,1300,1500,2100,3200,4100,97452,96,310.0,450.50739804334626,3.7945599997328827,4084.593150000728,4510.552271887698
1776015693,277,,Aggregated,354.900000,0.000000,300,470,600,670,850,1100,1300,1500,2100,3200,4100,97942,96,300.0,449.51765864818157,3.7945599997328827,4084.593150000728,4510.574523697699
1776015701,290,,Aggregated,288.600000,0.000000,300,470,590,670,850,1100,1300,1500,2100,3200,4100,98466,96,300.0,448.4780946688227,3.7945599997328827,4084.593150000728,4510.598074462251
1776015695,303,,Aggregated,406.700000,0.000000,300,470,590,670,850,1100,1300,1500,2100,3200,4100,98999,96,300.0,447.5747184856443,3.7945599997328827,4084.593150000728,4510.621773957313
1776015696,317,,Aggregated,427.400000,0.000000,300,460,590,670,840,1100,1300,1500,2100,3200,4100,99542,96,300.0,446.6854746014782,3.7945599997328827,4084.593150000728,4510.645657109561
1776015697,330,,Aggregated,453.900000,0.000000,300,460,590,670,840,1100,1300,1500,2100,2800,4100,100099,96,300.0,445.8094086217677,3.7945599997328827,4084.593150000728,4510.669886812056
1776015698,343,,Aggregated,477.800000,0.000000,300,460,580,670,840,1100,1300,1500,2100,2800,4100,100685,96,300.0,444.87429080469155,3.7945599997328827,4084.593150000728,4510.695088642797
1776015699,356,,Aggregated,502.400000,0.000000,300,460,580,660,840,1000,1300,1500,2100,2800,4100,101307,96,300.0,443.8153632381812,3.7945599997328827,4084.593150000728,4510.721519737037
1776015699,368,,Aggregated,502.400000,0.000000,300,450,580,660,840,1000,1300,1500,2100,2800,4100,101908,96,300.0,442.8637393383288,3.7945599997328827,4084.593150000728,4510.746751972367
1776015700,381,,Aggregated,522.900000,0.000000,300,450,580,660,840,1000,1300,1500,2100,2800,4100,102528,96,300.0,442.10450403880316,3.7945599997328827,4084.593150000728,4510.7724719101125
1776015701,393,,Aggregated,545.600000,0.000000,300,450,570,660,840,1000,1300,1500,2100,2800,4100,103155,96,300.0,441.51692587301034,3.7945599997328827,4084.593150000728,4510.7981678057295
1776015702,405,,Aggregated,571.000000,0.000000,300,450,570,660,830,1000,1300,1500,2100,2800,4100,103798,96,300.0,440.716447547356,3.7945599997328827,4084.593150000728,4510.824196998015
1776015703,417,,Aggregated,591.400000,0.000000,300,450,570,650,830,1000,1300,1500,2100,2800,4100,104473,96,300.0,440.03443027691753,3.7945599997328827,4084.593150000728,4510.851176859092
1776015711,428,,Aggregated,401.900000,0.000000,300,440,570,650,830,1000,1300,1500,2100,2800,4100,105115,96,300.0,439.46690506350603,3.7945599997328827,4084.593150000728,4510.876516196547
1776015705,440,,Aggregated,627.700000,0.000000,300,440,570,650,830,1000,1300,1500,2100,2800,4100,105754,96,300.0,439.0826667328935,3.7945599997328827,4084.593150000728,4510.901431624336
1776015706,450,,Aggregated,644.600000,0.000000,300,440,560,650,830,1000,1300,1500,2100,2800,4100,106393,96,300.0,438.80711853223835,3.7945599997328827,4084.593150000728,4510.9260477663
1776015707,461,,Aggregated,656.100000,0.000000,300,450,560,650,830,1000,1300,1500,2100,2800,4100,107039,96,300.0,438.703912224613,3.7945599997328827,4084.593150000728,4510.950634815347
1776015708,470,,Aggregated,668.600000,0.000000,300,450,560,650,830,1000,1300,1500,2100,2800,4100,107716,96,300.0,438.42761030209493,3.7945599997328827,4084.593150000728,4510.976085261243
1776015709,480,,Aggregated,680.300000,0.000000,300,450,560,640,820,1000,1300,1500,2100,2800,4100,108422,96,300.0,438.0667271157189,3.7945599997328827,4084.593150000728,4511.002287358654
1776015709,489,,Aggregated,680.300000,0.000000,300,450,560,640,820,1000,1300,1500,2100,2800,4100,109099,96,300.0,437.8158179927444,3.7945599997328827,4084.593150000728,4511.027094657146
1776015710,497,,Aggregated,690.400000,0.000000,300,450,560,640,820,1000,1300,1500,2100,2800,4100,109616,96,300.0,438.09021245831246,3.7945599997328827,4084.593150000728,4511.04583272515
1776015711,505,,Aggregated,697.300000,0.000000,300,450,560,650,830,1000,1300,1500,2100,2500,4100,110166,96,300.0,439.2835951420622,3.7945599997328827,4084.593150000728,4511.065573770492
1776015712,512,,Aggregated,705.300000,0.000000,310,450,570,650,830,1000,1300,1500,2100,2500,4100,110746,96,310.0,440.00789363778784,3.7945599997328827,4084.593150000728,4511.086179184801
1776015713,519,,Aggregated,698.000000,0.000000,310,450,570,650,830,1000,1300,1500,2100,2500,4100,111355,96,310.0,440.8485634619951,3.7945599997328827,4084.593150000728,4511.107583853442
1776015714,525,,Aggregated,694.100000,0.000000,310,450,570,650,830,1000,1300,1500,2100,2500,4100,112009,96,310.0,441.28705568892207,3.7945599997328827,4084.593150000728,4511.130310957155
1776015715,530,,Aggregated,687.600000,0.000000,310,460,570,650,830,1000,1300,1500,2100,2500,4100,112649,96,310.0,441.6081597668908,3.7945599997328827,4084.593150000728,4511.152296070094
1776015716,535,,Aggregated,681.600000,0.000000,310,460,570,650,820,1000,1300,1500,2100,2500,4100,113298,96,310.0,442.17196816246127,3.7945599997328827,4084.593150000728,4511.174336704973
1776015717,539,,Aggregated,688.400000,0.000000,310,460,570,650,820,1000,1300,1500,2100,2500,4100,113880,97,310.0,442.80903803355,3.7945599997328827,4084.593150000728,4511.154241306638
1776015718,542,,Aggregated,686.200000,0.000000,310,460,580,650,830,1000,1300,1500,2100,2500,4100,114435,97,310.0,443.6904154874002,3.7945599997328827,4084.593150000728,4511.1728929086385
1776015719,545,,Aggregated,687.700000,0.100000,310,460,580,660,830,1000,1300,1500,2100,2500,4100,114979,99,310.0,445.0653397256078,3.7945599997328827,4084.593150000728,4511.112464015168
1776015719,547,,Aggregated,687.700000,0.100000,310,470,580,660,830,1000,1300,1500,2100,2500,4100,115612,101,310.0,445.88209382573325,3.7945599997328827,4084.593150000728,4511.055643012836
1776015720,549,,Aggregated,680.000000,0.100000,320,470,590,660,840,1000,1300,1500,2100,2500,4100,116102,101,320.0,446.9034865067846,3.7945599997328827,4084.593150000728,4511.072289883034
1776015721,549,,Aggregated,661.500000,0.200000,320,470,590,670,840,1000,1300,1500,2100,2500,4100,116650,101,320.0,448.60952461389286,3.7945599997328827,4084.593150000728,4511.090741534505
1776015723,549,,Aggregated,652.800000,0.300000,320,470,590,670,840,1000,1300,1500,2100,2500,4100,117111,101,320.0,449.924526310514,3.7945599997328827,4084.593150000728,4511.106130081717
1776015724,549,,Aggregated,649.300000,0.300000,320,480,600,670,850,1000,1300,1500,2100,2500,4100,117578,101,320.0,451.68928041836546,3.7945599997328827,4084.593150000728,4511.12159587678
1776015724,547,,Aggregated,648.000000,0.300000,320,480,600,680,850,1000,1300,1500,2100,2500,4100,118074,101,320.0,453.26221314421986,3.7945599997328827,4084.593150000728,4511.13788810407
1776015725,545,,Aggregated,636.600000,0.300000,320,480,600,680,860,1000,1300,1500,2100,2500,4100,118625,101,320.0,454.6057635017967,3.7945599997328827,4084.593150000728,4511.155827186512
1776015726,543,,Aggregated,622.800000,0.300000,320,490,610,680,860,1000,1300,1500,2100,2500,4100,119139,101,320.0,455.73111417345024,3.7945599997328827,4084.593150000728,4511.172412056505
1776015727,539,,Aggregated,605.700000,0.300000,320,490,610,690,860,1000,1300,1500,2100,2500,4100,119650,101,320.0,457.07568563895285,3.7945599997328827,4084.593150000728,4511.188758880066
1776015728,535,,Aggregated,593.900000,0.300000,330,490,610,690,860,1000,1300,1500,2000,2400,4100,120184,101,330.0,458.25092555923203,3.7945599997328827,4084.593150000728,4511.205692937496
1776015729,531,,Aggregated,585.400000,0.400000,330,490,610,690,870,1000,1300,1500,2000,2400,4100,120747,101,330.0,459.3069343436335,3.7945599997328827,4084.593150000728,4511.223384431912
1776015730,525,,Aggregated,578.500000,0.400000,330,490,620,690,870,1000,1300,1500,2000,2400,4100,121389,101,330.0,459.98266817900037,3.7945599997328827,4084.593150000728,4511.243358129649
1776015731,519,,Aggregated,582.100000,0.300000,330,500,620,690,860,1000,1300,1500,2000,2400,4100,121993,101,330.0,460.2819578076668,3.7945599997328827,4084.593150000728,4511.261957653308
1776015732,513,,Aggregated,581.200000,0.200000,330,500,620,690,860,1000,1300,1500,2000,2400,4100,122659,101,330.0,460.70080472538285,3.7945599997328827,4084.593150000728,4511.282254053922
1776015733,506,,Aggregated,590.800000,0.200000,330,500,620,690,860,1000,1300,1500,2000,2400,4100,123266,101,330.0,460.94004463859227,3.7945599997328827,4084.593150000728,4511.300561387568
1776015734,498,,Aggregated,598.600000,0.200000,330,500,620,690,860,1000,1300,1500,2000,2400,4100,123913,101,330.0,461.076807858584,3.7945599997328827,4084.593150000728,4511.319877656098
1776015734,490,,Aggregated,598.600000,0.200000,330,500,620,690,860,1000,1300,1500,2000,2400,4100,124561,101,330.0,461.01733318438926,3.7945599997328827,4084.593150000728,4511.3390226475385
1776015735,481,,Aggregated,612.700000,0.200000,340,500,620,690,860,1000,1300,1500,2000,2400,4100,125170,101,340.0,461.1070757698385,3.7945599997328827,4084.593150000728,4511.356834704801
1776015736,472,,Aggregated,630.900000,0.200000,340,500,620,690,860,1000,1300,1500,2000,2400,4100,125831,101,340.0,460.9764140149146,3.7945599997328827,4084.593150000728,4511.37597253459
1776015737,462,,Aggregated,640.200000,0.200000,340,500,610,690,860,1000,1300,1500,2000,2400,4100,126509,101,340.0,460.7001562790061,3.7945599997328827,4084.593150000728,4511.395394794046
1776015738,452,,Aggregated,651.000000,0.200000,340,500,610,690,860,1000,1300,1500,2000,2400,4100,127213,101,340.0,460.08791160982537,3.7945599997328827,4084.593150000728,4511.415342771572
1776015739,441,,Aggregated,665.600000,0.000000,340,500,610,680,850,1000,1300,1500,2000,2400,4100,127911,101,340.0,459.3884964455027,3.7945599997328827,4084.593150000728,4511.434903956658
1776015740,430,,Aggregated,683.100000,0.000000,340,490,610,680,850,1000,1300,1500,2000,2400,4100,128583,101,340.0,458.70913294798436,3.7945599997328827,4084.593150000728,4511.45353584844
1776015741,418,,Aggregated,697.900000,0.000000,340,490,610,680,850,1000,1300,1500,2000,2400,4100,129169,101,340.0,458.16504837283503,3.7945599997328827,4084.593150000728,4511.469625064838
1776015742,407,,Aggregated,706.800000,0.000000,340,490,610,680,850,1000,1300,1500,2000,2400,4100,129842,101,340.0,457.79084059033863,3.7945599997328827,4084.593150000728,4511.4879237842915
1776015743,395,,Aggregated,710.100000,0.000000,340,490,610,680,850,1000,1300,1500,2000,2400,4100,130496,101,340.0,456.9895320822151,3.7945599997328827,4084.593150000728,4511.505525073566
1776015744,382,,Aggregated,713.900000,0.000000,330,490,600,680,850,1000,1300,1400,2000,2400,4100,131177,101,330.0,456.12981179010694,3.7945599997328827,4084.593150000728,4511.523666496413
1776015744,370,,Aggregated,713.900000,0.000000,330,490,600,680,850,1000,1300,1400,2000,2400,4100,131831,101,330.0,455.13662102343795,3.7945599997328827,4084.593150000728,4511.540912228535
1776015745,357,,Aggregated,717.700000,0.000000,330,480,600,670,850,1000,1300,1400,2000,2400,4100,132453,101,330.0,454.23328510921516,3.7945599997328827,4084.593150000728,4511.557156123304
1776015746,344,,Aggregated,720.000000,0.000000,330,480,600,670,840,1000,1300,1400,2000,2400,4100,133075,101,330.0,453.3427624867999,3.7945599997328827,4084.593150000728,4511.573248168326
1776015747,331,,Aggregated,724.300000,0.000000,330,480,600,670,840,1000,1300,1400,2000,2400,4100,133664,101,330.0,452.465508395685,3.7945599997328827,4084.593150000728,4511.588348395978
1776015748,318,,Aggregated,720.300000,0.000000,330,480,590,670,840,1000,1300,1400,2000,2400,4100,134256,101,330.0,451.5619423649655,3.7945599997328827,4084.593150000728,4511.603392027172
1776015749,305,,Aggregated,717.100000,0.000000,320,480,590,670,840,1000,1300,1400,2000,2400,4100,134806,101,320.0,450.7801564329539,3.7945599997328827,4084.593150000728,4511.617249974037
1776015750,292,,Aggregated,708.100000,0.000000,320,480,590,670,840,1000,1300,1400,2000,2400,4100,135341,101,320.0,449.96692461819185,3.7945599997328827,4084.593150000728,4511.630621910582
1776015751,279,,Aggregated,695.500000,0.000000,320,470,590,670,840,1000,1300,1400,2000,2400,4100,135818,101,320.0,449.3106196323071,3.7945599997328827,4084.593150000728,4511.642455344652
1776015752,266,,Aggregated,681.000000,0.000000,320,470,590,670,840,1000,1300,1400,2000,2400,4100,136319,101,320.0,448.56568826803823,3.7945599997328827,4084.593150000728,4511.654795002898
1776015753,253,,Aggregated,662.900000,0.000000,320,470,590,660,840,1000,1300,1400,2000,2400,4100,136795,101,320.0,447.8230969371743,3.7945599997328827,4084.593150000728,4511.666435176724
1776015754,240,,Aggregated,653.100000,0.000000,320,470,590,660,840,1000,1300,1400,2000,2400,4100,137234,101,320.0,447.1527643140972,3.7945599997328827,4084.593150000728,4511.677098969643
1776015754,227,,Aggregated,653.100000,0.000000,320,470,580,660,840,1000,1300,1400,2000,2400,4100,137664,101,320.0,446.48746000233047,3.7945599997328827,4084.593150000728,4511.68747820781
1776015755,215,,Aggregated,634.700000,0.000000,320,470,580,660,840,1000,1300,1400,2000,2400,4100,138065,101,320.0,445.887887910918,3.7945599997328827,4084.593150000728,4511.697099192409
1776015756,202,,Aggregated,614.000000,0.000000,320,470,580,660,840,1000,1300,1400,2000,2400,4100,138447,101,320.0,445.3156339488825,3.7945599997328827,4084.593150000728,4511.706212485645
1776015757,190,,Aggregated,588.300000,0.000000,320,470,580,660,840,1000,1300,1400,2000,2400,4100,138798,101,320.0,444.7875189697323,3.7945599997328827,4084.593150000728,4511.714541996283
1776015758,179,,Aggregated,562.800000,0.000000,310,460,580,660,830,1000,1300,1400,2000,2400,4100,139132,101,310.0,444.2760539825554,3.7945599997328827,4084.593150000728,4511.722429060173
1776015759,167,,Aggregated,535.000000,0.000000,310,460,580,660,830,1000,1300,1400,2000,2400,4100,139445,101,310.0,443.80323940507645,3.7945599997328827,4084.593150000728,4511.729785937107
1776015760,156,,Aggregated,508.900000,0.000000,310,460,580,660,830,1000,1300,1400,2000,2400,4100,139744,101,310.0,443.34589777314886,3.7945599997328827,4084.593150000728,4511.736782974582
1776015761,146,,Aggregated,486.700000,0.000000,310,460,580,660,830,1000,1300,1400,2000,2400,4100,140023,101,310.0,442.92697376824464,3.7945599997328827,4084.593150000728,4511.743285031745
1776015762,136,,Aggregated,456.600000,0.000000,310,460,580,660,830,1000,1300,1400,2000,2400,4100,140280,101,310.0,442.54071904520185,3.7945599997328827,4084.593150000728,4511.749251497006
1776015763,126,,Aggregated,435.600000,0.000000,310,460,580,660,830,1000,1300,1400,2000,2400,4100,140516,101,310.0,442.1840999022243,3.7945599997328827,4084.593150000728,4511.754711207264
1776015764,117,,Aggregated,402.900000,0.000000,310,460,580,660,830,1000,1300,1400,2000,2400,4100,140741,101,310.0,441.8424365546712,3.7945599997328827,4084.593150000728,4511.759899389659
1776015764,108,,Aggregated,402.900000,0.000000,310,460,580,650,830,1000,1300,1400,2000,2400,4100,140941,101,310.0,441.5435023153727,3.7945599997328827,4084.593150000728,4511.764497200957
1776015765,100,,Aggregated,381.400000,0.000000,310,460,580,650,830,1000,1200,1400,2000,2400,4100,141131,101,310.0,441.25858131438844,3.7945599997328827,4084.593150000728,4511.768853051421
1776015766,92,,Aggregated,356.900000,0.000000,310,460,570,650,830,1000,1200,1400,2000,2400,4100,141303,101,310.0,441.0007242242629,3.7945599997328827,4084.593150000728,4511.772786140422
1776015767,85,,Aggregated,330.800000,0.000000,310,460,570,650,830,1000,1200,1400,2000,2400,4100,141471,101,310.0,440.7490989682057,3.7945599997328827,4084.593150000728,4511.776618529592
1776015768,79,,Aggregated,311.600000,0.000000,310,460,570,650,830,1000,1200,1400,2000,2400,4100,141613,101,310.0,440.5344566061097,3.7945599997328827,4084.593150000728,4511.7798507199195
1776015769,73,,Aggregated,285.500000,0.000000,310,460,570,650,830,1000,1200,1400,2000,2400,4100,141750,101,310.0,440.33008420762604,3.7945599997328827,4084.593150000728,4511.782962962963
1776015770,68,,Aggregated,267.600000,0.000000,310,460,570,650,830,1000,1200,1400,2000,2400,4100,141875,101,310.0,440.1483911490465,3.7945599997328827,4084.593150000728,4511.785797356828
1776015771,63,,Aggregated,247.800000,0.000000,310,460,570,650,830,1000,1200,1400,2000,2400,4100,141997,101,310.0,439.9655409260824,3.7945599997328827,4084.593150000728,4511.788558913217
1776015772,59,,Aggregated,225.800000,0.000000,310,460,570,650,830,1000,1200,1400,2000,2400,4100,142108,101,310.0,439.8004510007946,3.7945599997328827,4084.593150000728,4511.791067357221
1776015773,56,,Aggregated,210.900000,0.000000,310,460,570,650,830,1000,1200,1400,2000,2400,4100,142220,101,310.0,439.63317915673525,3.7945599997328827,4084.593150000728,4511.793594431163
1776015774,53,,Aggregated,189.500000,0.000000,310,460,570,650,830,1000,1200,1400,2000,2400,4100,142321,101,310.0,439.48367928387825,3.7945599997328827,4084.593150000728,4511.795869899734
1776015774,51,,Aggregated,189.500000,0.000000,310,460,570,650,830,1000,1200,1400,2000,2400,4100,142414,101,310.0,439.3434691593583,3.7945599997328827,4084.593150000728,4511.79796227899
1776015775,50,,Aggregated,176.400000,0.000000,310,460,570,650,830,1000,1200,1400,2000,2400,4100,142512,101,310.0,439.19814629028343,3.7945599997328827,4084.593150000728,4511.800164196699
1776015776,50,,Aggregated,164.700000,0.000000,310,460,570,650,830,1000,1200,1400,2000,2400,4100,142614,101,310.0,439.04833663596037,3.7945599997328827,4084.593150000728,4511.802452774622
1776015777,50,,Aggregated,151.300000,0.000000,310,460,570,650,830,1000,1200,1400,2000,2400,4100,142707,101,310.0,438.9114398635723,3.7945599997328827,4084.593150000728,4511.804536567933
1776015778,51,,Aggregated,142.400000,0.000000,310,450,570,650,830,1000,1200,1400,2000,2400,4100,142802,101,310.0,438.7725857456537,3.7945599997328827,4084.593150000728,4511.806662371676
1776015786,52,,Aggregated,64.800000,0.000000,310,450,570,650,830,990,1200,1400,2000,2400,4100,142903,101,310.0,438.62267737759754,3.7945599997328827,4084.593150000728,4511.808919336893
1776015780,54,,Aggregated,123.800000,0.000000,310,450,570,650,830,990,1200,1400,2000,2400,4100,142999,101,310.0,438.4837677262135,3.7945599997328827,4084.593150000728,4511.811061615816
1776015781,57,,Aggregated,119.000000,0.000000,310,450,570,650,830,990,1200,1400,2000,2400,4100,143106,101,310.0,438.3305750012633,3.7945599997328827,4084.593150000728,4511.813445977108
1776015782,61,,Aggregated,116.500000,0.000000,310,450,570,650,830,990,1200,1400,2000,2400,4100,143216,101,310.0,438.17688193456576,3.7945599997328827,4084.593150000728,4511.815893475589
1776015783,65,,Aggregated,113.800000,0.000000,300,450,570,650,830,990,1200,1400,2000,2400,4100,143337,101,300.0,438.0094126782394,3.7945599997328827,4084.593150000728,4511.818581385128
1776015784,70,,Aggregated,112.000000,0.000000,300,450,570,650,830,990,1200,1400,2000,2400,4100,143468,101,300.0,437.8287476345301,3.7945599997328827,4084.593150000728,4511.821486324477
1776015784,75,,Aggregated,112.000000,0.000000,300,450,570,650,830,990,1200,1400,2000,2400,4100,143609,101,300.0,437.63669361885894,3.7945599997328827,4084.593150000728,4511.82460709287
1776015785,81,,Aggregated,112.600000,0.000000,300,450,570,650,830,990,1200,1400,2000,2400,4100,143758,104,300.0,437.4341760757013,3.7945599997328827,4084.593150000728,4511.733677430126
1776015786,88,,Aggregated,114.600000,0.000000,300,450,570,650,830,990,1200,1400,2000,2400,4100,143917,104,300.0,437.21736734055526,3.7945599997328827,4084.593150000728,4511.737286074613
1776015787,95,,Aggregated,120.400000,0.000000,300,450,570,650,830,990,1200,1400,2000,2400,4100,144108,104,300.0,436.95349500916416,3.7945599997328827,4084.593150000728,4511.741610458823
1776015788,103,,Aggregated,125.600000,0.300000,300,450,570,650,830,990,1200,1400,2000,2400,4100,144302,104,300.0,436.6866172508395,3.7945599997328827,4084.593150000728,4511.745991046555
1776015796,112,,Aggregated,108.900000,0.300000,300,450,570,650,830,990,1200,1400,2000,2400,4100,144504,104,300.0,436.40784161456185,3.7945599997328827,4084.593150000728,4511.750539777446
1776015790,121,,Aggregated,140.700000,0.300000,300,450,570,650,820,990,1200,1400,2000,2400,4100,144735,104,300.0,436.088461637549,3.7945599997328827,4084.593150000728,4511.755725981967
1776015791,130,,Aggregated,151.000000,0.300000,300,450,570,650,820,990,1200,1400,2000,2400,4100,144970,104,300.0,435.76552424405503,3.7945599997328827,4084.593150000728,4511.760985031386
1776015792,140,,Aggregated,164.200000,0.300000,300,450,570,640,820,990,1200,1400,2000,2400,4100,145232,104,300.0,435.4076042853554,3.7945599997328827,4084.593150000728,4511.766828247219
1776015793,150,,Aggregated,178.000000,0.300000,300,450,560,640,820,990,1200,1400,2000,2400,4100,145513,104,300.0,435.0232439644618,3.7945599997328827,4084.593150000728,4511.773071821762
1776015794,161,,Aggregated,191.400000,0.300000,300,450,560,640,820,990,1200,1400,2000,2400,4100,145817,104,300.0,434.6118848331861,3.7945599997328827,4084.593150000728,4511.779799337526
1776015794,172,,Aggregated,191.400000,0.300000,300,450,560,640,820,990,1200,1400,2000,2400,4100,146132,104,300.0,434.1895416559736,3.7945599997328827,4084.593150000728,4511.786740754934
1776015795,184,,Aggregated,208.000000,0.300000,300,450,560,640,820,990,1200,1400,2000,2400,4100,146480,104,300.0,433.7268777782683,3.7945599997328827,4084.593150000728,4511.794374658656
1776015796,196,,Aggregated,224.000000,0.300000,300,440,560,640,820,990,1200,1400,2000,2400,4100,146837,104,300.0,433.252051006836,3.7945599997328827,4084.593150000728,4511.802168390801
1776015797,208,,Aggregated,244.900000,0.300000,300,440,560,640,820,990,1200,1400,2000,2400,4100,147210,104,300.0,432.7711310663055,3.7945599997328827,4084.593150000728,4511.81027104137
1776015798,220,,Aggregated,264.500000,0.000000,300,440,560,640,820,990,1200,1400,2000,2400,4100,147640,104,300.0,432.2094648993549,3.7945599997328827,4084.593150000728,4511.819561094554
1776015806,233,,Aggregated,238.500000,0.000000,300,440,560,640,820,990,1200,1400,2000,2400,4100,148071,104,300.0,431.65199928906225,3.7945599997328827,4084.593150000728,4511.82881860729
1776015800,245,,Aggregated,307.400000,0.000000,300,440,560,640,820,980,1200,1400,2000,2400,4100,148518,104,300.0,431.08755015177104,3.7945599997328827,4084.593150000728,4511.8383630267035
1776015801,258,,Aggregated,329.700000,0.000000,290,440,560,640,820,980,1200,1400,2000,2400,4100,148984,104,290.0,430.52800426388615,3.7945599997328827,4084.593150000728,4511.848252161306
1776015802,271,,Aggregated,357.400000,0.000000,290,440,550,630,820,980,1200,1400,2000,2400,4100,149496,104,290.0,429.87200173750955,3.7945599997328827,4084.593150000728,4511.85904639589
1776015803,284,,Aggregated,379.600000,0.000000,290,440,550,630,820,980,1200,1400,2000,2400,4100,150003,104,290.0,429.33776078112277,3.7945599997328827,4084.593150000728,4511.869662606748
1776015804,297,,Aggregated,409.500000,0.000000,290,440,550,630,820,980,1200,1400,2000,2400,4100,150535,104,290.0,428.689248272567,3.7945599997328827,4084.593150000728,4511.880725412695
1776015804,311,,Aggregated,409.500000,0.000000,290,440,550,630,810,980,1200,1400,2000,2400,4100,151085,104,290.0,428.06601263487966,3.7945599997328827,4084.593150000728,4511.892080616872
1776015805,324,,Aggregated,428.900000,0.000000,290,430,550,630,810,980,1200,1400,2000,2400,4100,151679,104,290.0,427.4089755022166,3.7945599997328827,4084.593150000728,4511.904251742166
1776015806,337,,Aggregated,455.600000,0.000000,290,430,550,630,810,980,1200,1400,2000,2400,4100,152260,104,290.0,426.76288982247917,3.7945599997328827,4084.593150000728,4511.916064626297
1776015807,350,,Aggregated,482.900000,0.000000,290,430,550,630,810,980,1200,1400,2000,2400,4100,152890,104,290.0,426.08929693283164,3.7945599997328827,4084.593150000728,4511.928772319969
1776015808,363,,Aggregated,507.000000,0.000000,290,430,540,630,810,980,1200,1400,2000,2400,4100,153510,104,290.0,425.47822653860106,3.7945599997328827,4084.593150000728,4511.941176470588
1776015816,375,,Aggregated,387.000000,0.000000,290,430,540,620,810,980,1200,1400,2000,2400,4100,154142,104,290.0,424.95710768032563,3.7945599997328827,4084.593150000728,4511.953718000285
1776015810,388,,Aggregated,558.400000,0.000000,290,430,540,620,810,980,1200,1400,2000,2400,4100,154770,104,290.0,424.4241011755559,3.7945599997328827,4084.593150000728,4511.966078697422
1776015811,400,,Aggregated,581.400000,0.000000,290,430,540,620,810,970,1200,1400,2000,2400,4100,155347,104,290.0,424.1714668005872,3.7945599997328827,4084.593150000728,4511.977347486594
1776015812,412,,Aggregated,601.000000,0.000000,290,430,540,620,810,970,1200,1400,2000,2400,4100,155982,104,290.0,423.9390621876293,3.7945599997328827,4084.593150000728,4511.989652652229
1776015813,423,,Aggregated,612.600000,0.000000,290,430,540,620,810,970,1200,1400,2000,2400,4100,156649,104,290.0,423.55874753889805,3.7945599997328827,4084.593150000728,4512.002470491353
1776015814,434,,Aggregated,633.200000,0.000000,290,430,540,620,800,970,1200,1400,2000,2400,4100,157336,104,290.0,423.2125622647126,3.7945599997328827,4084.593150000728,4512.015559058321
1776015814,445,,Aggregated,633.200000,0.000000,290,420,540,620,800,970,1200,1400,2000,2400,4100,158043,104,290.0,422.74867511962407,3.7945599997328827,4084.593150000728,4512.028909853648
1776015815,456,,Aggregated,650.900000,0.000000,290,420,530,620,800,970,1200,1400,2000,2400,4100,158745,104,290.0,422.35763679820343,3.7945599997328827,4084.593150000728,4512.042048568459
1776015816,466,,Aggregated,662.000000,0.000000,290,420,530,610,800,970,1200,1400,2000,2400,4100,159485,104,290.0,422.03953735724895,3.7945599997328827,4084.593150000728,4512.055773270214
1776015817,476,,Aggregated,679.700000,0.000000,290,420,530,610,800,970,1200,1400,2000,2400,4100,160179,104,290.0,421.8143661771585,3.7945599997328827,4084.593150000728,4512.06852958253
1776015818,485,,Aggregated,690.100000,0.000000,290,420,530,610,800,970,1200,1400,2000,2400,4100,160839,104,290.0,421.83200909407014,3.7945599997328827,4084.593150000728,4512.080558819689
1776015826,493,,Aggregated,461.300000,0.000000,290,420,530,610,800,970,1200,1400,2000,2400,4100,161539,104,290.0,421.75124384551714,3.7945599997328827,4084.593150000728,4512.093209689301
1776015820,501,,Aggregated,721.600000,0.000000,290,430,530,610,800,960,1200,1400,2000,2400,4100,162205,106,290.0,421.7323760332974,3.7945599997328827,4084.593150000728,4512.049474430504
1776015821,509,,Aggregated,721.300000,0.000000,290,430,530,610,800,970,1200,1400,2000,2400,4100,162839,111,290.0,421.9920124055103,3.7945599997328827,4084.593150000728,4511.922328189193
1776015822,516,,Aggregated,732.900000,0.100000,290,430,530,610,800,960,1200,1400,2000,2400,4100,163534,114,290.0,422.20704082900573,3.7945599997328827,4084.593150000728,4511.852581114631
1776015823,522,,Aggregated,738.500000,0.500000,290,430,530,610,800,960,1200,1400,2000,2400,4100,164243,114,290.0,422.20022975031367,3.7945599997328827,4084.593150000728,4511.866167812327
1776015824,528,,Aggregated,749.800000,1.000000,290,430,530,610,800,960,1200,1400,2000,2400,4100,164975,116,290.0,422.25323577633407,3.7945599997328827,4084.593150000728,4511.8253371722985
1776015825,533,,Aggregated,756.200000,1.000000,300,430,530,610,800,960,1200,1400,2000,2400,4100,165714,118,300.0,422.3452553304536,3.7945599997328827,4084.593150000728,4511.785003077592
1776015826,537,,Aggregated,761.000000,1.200000,300,430,530,610,790,960,1200,1400,2000,2400,4100,166426,119,300.0,422.3422239861611,3.7945599997328827,4084.593150000728,4511.771628231166
1776015827,541,,Aggregated,766.000000,1.400000,300,430,530,610,790,960,1200,1400,2000,2400,4100,167183,119,300.0,422.3733980972406,3.7945599997328827,4084.593150000728,4511.7862462092435
1776015828,544,,Aggregated,767.000000,1.500000,300,430,530,600,790,960,1200,1400,2000,2400,4100,167937,122,300.0,422.32991577193224,3.7945599997328827,4084.593150000728,4511.720020007503
1776015829,546,,Aggregated,768.500000,1.500000,300,430,530,600,790,960,1200,1400,2000,2400,4100,168687,123,300.0,422.37081466948274,3.7945599997328827,4084.593150000728,4511.707837592701
1776015836,548,,Aggregated,486.000000,0.800000,300,430,530,600,790,960,1200,1400,2000,2400,4100,169440,124,300.0,422.3119003605479,3.7945599997328827,4084.593150000728,4511.695821529745
1776015830,549,,Aggregated,773.700000,1.800000,300,430,530,600,790,960,1200,1400,2000,2400,4100,170203,124,300.0,422.3102439210323,3.7945599997328827,4084.593150000728,4511.710633772613
1776015831,549,,Aggregated,783.600000,1.900000,300,430,530,600,790,950,1200,1400,2000,2400,4100,170971,124,300.0,422.3361144691879,3.7945599997328827,4084.593150000728,4511.725409572384
1776015832,549,,Aggregated,787.500000,1.900000,300,430,530,600,790,950,1200,1400,2000,2400,4100,171787,124,300.0,422.1635503432247,3.7945599997328827,4084.593150000728,4511.740964100893
1776015833,548,,Aggregated,798.100000,1.500000,300,430,530,600,790,950,1200,1400,2000,2400,4100,172523,124,300.0,422.128635256352,3.7945599997328827,4084.593150000728,4511.754867466946
1776015834,546,,Aggregated,809.600000,1.000000,300,430,530,600,780,950,1200,1400,2000,2400,4100,173373,124,300.0,421.9780792267636,3.7945599997328827,4084.593150000728,4511.770777456697
1776015835,544,,Aggregated,814.700000,1.000000,300,430,530,600,780,950,1200,1400,2000,2400,4100,174201,124,300.0,421.67013126601717,3.7945599997328827,4084.593150000728,4511.786126371261
1776015836,541,,Aggregated,822.200000,0.800000,300,430,520,600,780,950,1200,1400,2000,2400,4100,175019,124,300.0,421.35133992990154,3.7945599997328827,4084.593150000728,4511.801147304007
1776015837,537,,Aggregated,835.100000,0.600000,300,430,520,600,780,950,1200,1400,2000,2400,4100,175795,124,300.0,421.26094076174803,3.7945599997328827,4084.593150000728,4511.815267783498
1776015838,533,,Aggregated,844.800000,0.500000,300,430,520,590,780,950,1200,1400,1900,2400,4100,176567,124,300.0,421.0999133249213,3.7945599997328827,4084.593150000728,4511.82919231793
1776015839,528,,Aggregated,851.500000,0.500000,310,430,520,590,780,950,1200,1400,1900,2400,4100,177326,124,310.0,420.98198656960295,3.7945599997328827,4084.593150000728,4511.842764174458
1776015846,522,,Aggregated,526.500000,0.000000,310,430,520,590,780,950,1200,1400,1900,2400,4100,178115,124,310.0,420.75127249957376,3.7945599997328827,4084.593150000728,4511.856749852624
1776015840,516,,Aggregated,852.400000,0.200000,310,430,520,590,780,940,1200,1400,1900,2400,4100,178832,124,310.0,420.59181135966304,3.7945599997328827,4084.593150000728,4511.8693522412095
1776015841,509,,Aggregated,853.600000,0.100000,310,430,520,590,780,940,1200,1400,1900,2400,4100,179545,124,310.0,420.66633456916713,3.7945599997328827,4084.593150000728,4511.881784510847
1776015842,501,,Aggregated,859.500000,0.000000,310,430,520,590,780,940,1200,1400,1900,2400,4100,180216,124,310.0,420.61008204660476,3.7945599997328827,4084.593150000728,4511.893394593155
1776015843,493,,Aggregated,853.100000,0.000000,310,430,520,590,780,940,1200,1400,1900,2400,4100,180853,124,310.0,420.75782143105795,3.7945599997328827,4084.593150000728,4511.904336671219
1776015844,485,,Aggregated,851.100000,0.000000,310,430,520,590,780,940,1200,1400,1900,2400,4100,181454,124,310.0,420.9777117247964,3.7945599997328827,4084.593150000728,4511.914589923617
1776015845,475,,Aggregated,838.900000,0.000000,310,430,520,590,770,940,1200,1400,1900,2400,4100,182133,124,310.0,421.0661752081242,3.7945599997328827,4084.593150000728,4511.926092470887
1776015846,466,,Aggregated,821.400000,0.000000,310,430,520,590,770,940,1200,1400,1900,2400,4100,182788,124,310.0,421.10792070421115,3.7945599997328827,4084.593150000728,4511.9371074687615
1776015847,456,,Aggregated,797.900000,0.000000,310,430,520,590,770,940,1200,1400,1900,2400,4100,183457,124,310.0,421.0588609076857,3.7945599997328827,4084.593150000728,4511.9482767078935
1776015848,445,,Aggregated,780.400000,0.000000,310,430,520,590,770,940,1200,1400,1900,2400,4100,184133,124,310.0,420.79997821352714,3.7945599997328827,4084.593150000728,4511.959480375598
1776015849,435,,Aggregated,768.700000,0.000000,310,430,520,590,770,940,1200,1400,1900,2400,4100,184831,124,310.0,420.5207091014026,3.7945599997328827,4084.593150000728,4511.970962663189
1776015856,423,,Aggregated,451.300000,0.000000,310,430,520,590,770,940,1200,1400,1900,2400,4100,185589,124,310.0,419.9431427879415,3.7945599997328827,4084.593150000728,4511.983334141571
1776015850,412,,Aggregated,760.200000,0.000000,310,430,520,590,770,930,1200,1400,1900,2400,4100,186234,124,310.0,419.5170928930877,3.7945599997328827,4084.593150000728,4511.993782016173
1776015851,400,,Aggregated,752.900000,0.000000,310,430,520,580,770,930,1200,1400,1900,2400,4100,186932,124,310.0,419.13478131246296,3.7945599997328827,4084.593150000728,4512.005007168382
1776015852,387,,Aggregated,744.800000,0.000000,310,430,520,580,770,930,1200,1400,1900,2400,4100,187621,124,310.0,418.58795566472486,3.7945599997328827,4084.593150000728,4512.016005671007
1776015853,375,,Aggregated,740.800000,0.000000,310,430,520,580,770,930,1200,1400,1900,2400,4100,188280,124,310.0,418.04390145220697,3.7945599997328827,4084.593150000728,4512.0264499681325
1776015854,362,,Aggregated,731.000000,0.000000,310,430,520,580,770,930,1200,1400,1900,2400,4100,188924,124,310.0,417.51212790906106,3.7945599997328827,4084.593150000728,4512.036586140459
1776015855,349,,Aggregated,736.000000,0.000000,310,430,510,580,770,930,1200,1400,1900,2400,4100,189552,124,310.0,416.97801812906914,3.7945599997328827,4084.593150000728,4512.04640415295
1776015856,336,,Aggregated,740.300000,0.000000,310,430,510,580,770,930,1200,1300,1900,2400,4100,190182,124,310.0,416.42362504832954,3.7945599997328827,4084.593150000728,4512.056188282802
1776015857,323,,Aggregated,741.300000,0.000000,300,420,510,580,760,930,1200,1300,1900,2400,4100,190750,124,300.0,415.90517276865796,3.7945599997328827,4084.593150000728,4512.06495412844
1776015858,310,,Aggregated,740.000000,0.000000,300,420,510,580,760,930,1200,1300,1900,2400,4100,191336,124,300.0,415.38023341677285,3.7945599997328827,4084.593150000728,4512.073943220304
1776015859,300,,Aggregated,730.900000,0.000000,300,420,510,580,760,930,1200,1300,1900,2400,4100,191901,124,300.0,414.8776159483367,3.7945599997328827,4084.593150000728,4512.082558194069
1776015859,290,,Aggregated,730.900000,0.000000,300,420,510,580,760,930,1200,1300,1900,2400,4100,192447,124,300.0,414.36532175768815,3.7945599997328827,4084.593150000728,4512.090835398837
1776015860,280,,Aggregated,721.500000,0.000000,300,420,510,570,760,930,1200,1300,1900,2400,4100,192962,124,300.0,413.88602082032685,3.7945599997328827,4084.593150000728,4512.098599724298
1776015861,270,,Aggregated,709.100000,0.000000,300,420,510,570,760,930,1200,1300,1900,2400,4100,193454,124,300.0,413.4714854682866,3.7945599997328827,4084.593150000728,4512.105978682271
1776015862,260,,Aggregated,686.800000,0.000000,300,420,510,570,760,920,1200,1300,1900,2400,4100,193933,124,300.0,413.01911135929294,3.7945599997328827,4084.593150000728,4512.113126698396
1776015863,250,,Aggregated,672.100000,0.000000,300,420,510,570,760,920,1200,1300,1900,2400,4100,194395,124,300.0,412.5976186677732,3.7945599997328827,4084.593150000728,4512.119987654003
1776015864,240,,Aggregated,650.200000,0.000000,300,420,510,570,760,920,1200,1300,1900,2400,4100,194851,124,300.0,412.17520960770923,3.7945599997328827,4084.593150000728,4512.126727602116
1776015865,230,,Aggregated,627.600000,0.000000,300,420,510,570,760,920,1200,1300,1900,2400,4100,195287,124,300.0,411.76625960428373,3.7945599997328827,4084.593150000728,4512.133142503085
1776015866,220,,Aggregated,609.200000,0.000000,300,420,500,570,760,920,1200,1300,1900,2400,4100,195691,124,300.0,411.39034628037047,3.7945599997328827,4084.593150000728,4512.1390610707695
1776015867,210,,Aggregated,584.700000,0.000000,300,420,500,570,760,920,1200,1300,1900,2400,4100,196093,124,300.0,411.02325323337345,3.7945599997328827,4084.593150000728,4512.1449261319885
1776015868,200,,Aggregated,564.200000,0.000000,300,420,500,570,760,920,1200,1300,1900,2400,4100,196466,124,300.0,410.6770981153583,3.7945599997328827,4084.593150000728,4512.150346624861
1776015869,190,,Aggregated,538.400000,0.000000,300,420,500,570,760,920,1200,1300,1900,2400,4100,196822,124,300.0,410.3471153318832,3.7945599997328827,4084.593150000728,4512.155500909451
1776015869,180,,Aggregated,538.400000,0.000000,300,420,500,570,760,920,1200,1300,1900,2400,4100,197158,124,300.0,410.03787881583247,3.7945599997328827,4084.593150000728,4512.160348552938
1776015870,170,,Aggregated,519.400000,0.000000,300,410,500,570,760,920,1200,1300,1900,2400,4100,197467,124,300.0,409.75588967230857,3.7945599997328827,4084.593150000728,4512.164792091843
1776015871,160,,Aggregated,498.200000,0.000000,300,410,500,570,760,920,1200,1300,1900,2400,4100,197777,124,300.0,409.47305159726307,3.7945599997328827,4084.593150000728,4512.169236058793
1776015872,150,,Aggregated,474.700000,0.000000,290,410,500,570,760,920,1200,1300,1900,2400,4100,198056,124,290.0,409.21719886735013,3.7945599997328827,4084.593150000728,4512.173223734701
1776015873,140,,Aggregated,456.700000,0.000000,290,410,500,570,760,920,1200,1300,1900,2400,4100,198313,124,290.0,408.98818491567323,3.7945599997328827,4084.593150000728,4512.176887042201
1776015874,130,,Aggregated,431.500000,0.000000,290,410,500,570,760,920,1200,1300,1900,2400,4100,198563,124,290.0,408.76124565861653,3.7945599997328827,4084.593150000728,4512.180441471976
1776015875,120,,Aggregated,413.000000,0.000000,290,410,500,570,760,920,1200,1300,1900,2400,4100,198801,124,290.0,408.5437519649397,3.7945599997328827,4084.593150000728,4512.183816982812
1776015876,110,,Aggregated,391.500000,0.000000,290,410,500,570,760,920,1200,1300,1900,2400,4100,199008,124,290.0,408.35512934305154,3.7945599997328827,4084.593150000728,4512.186746261456
1776015877,100,,Aggregated,366.700000,0.000000,290,410,500,570,750,920,1200,1300,1900,2400,4100,199194,124,290.0,408.18576951771627,3.7945599997328827,4084.593150000728,4512.189373173891
1776015878,90,,Aggregated,348.100000,0.000000,290,410,500,570,750,920,1200,1300,1900,2400,4100,199369,124,290.0,408.0253368129545,3.7945599997328827,4084.593150000728,4512.191840256008
1776015879,80,,Aggregated,321.000000,0.000000,290,410,500,570,750,920,1200,1300,1900,2400,4100,199520,124,290.0,407.88760690027044,3.7945599997328827,4084.593150000728,4512.193965517241
1776015879,70,,Aggregated,321.000000,0.000000,290,410,500,560,750,920,1200,1300,1900,2400,4100,199654,124,290.0,407.76526423538706,3.7945599997328827,4084.593150000728,4512.1958488184555
1776015880,60,,Aggregated,299.500000,0.000000,290,410,500,560,750,920,1200,1300,1900,2400,4100,199769,124,290.0,407.662101129464,3.7945599997328827,4084.593150000728,4512.197463069846
1776015881,50,,Aggregated,281.600000,0.000000,290,410,500,560,750,920,1200,1300,1900,2400,4100,199862,124,290.0,407.5779016957794,3.7945599997328827,4084.593150000728,4512.198767149333
1776015882,40,,Aggregated,257.300000,0.000000,290,410,500,560,750,920,1200,1300,1900,2400,4100,199942,124,290.0,407.50556091437454,3.7945599997328827,4084.593150000728,4512.19988796751
1776015883,30,,Aggregated,237.800000,0.000000,290,410,500,560,750,920,1200,1300,1900,2400,4100,199998,124,290.0,407.4569563401228,3.7945599997328827,4084.593150000728,4512.20067200672
1776015884,20,,Aggregated,211.000000,0.000000,290,410,500,560,750,920,1200,1300,1900,2300,4100,200038,124,290.0,407.4224488422794,3.7945599997328827,4084.593150000728,4512.201231765965
1776015885,10,,Aggregated,189.800000,0.000000,290,410,500,560,750,920,1200,1300,1900,2300,4100,200058,124,290.0,407.40515329180465,3.7945599997328827,4084.593150000728,4512.201511561647
1776015886,10,,Aggregated,170.100000,0.000000,290,410,500,560,750,920,1200,1300,1900,2300,4100,200075,124,290.0,407.39053873903214,3.7945599997328827,4084.593150000728,4512.201749343996
1776015887,10,,Aggregated,144.900000,0.000000,290,410,500,560,750,920,1200,1300,1900,2300,4100,200096,124,290.0,407.3722345097946,3.7945599997328827,4084.593150000728,4512.202043019351
1776015888,10,,Aggregated,124.500000,0.000000,290,410,500,560,750,920,1200,1300,1900,2300,4100,200116,124,290.0,407.354776059295,3.7945599997328827,4084.593150000728,4512.202322652862
1776015889,10,,Aggregated,101.400000,0.000000,290,410,500,560,750,920,1200,1300,1900,2300,4100,200134,124,290.0,407.33819332418216,3.7945599997328827,4084.593150000728,4512.202574275236
1776015889,10,,Aggregated,101.400000,0.000000,290,410,500,560,750,920,1200,1300,1900,2300,4100,200155,124,290.0,407.31884590328417,3.7945599997328827,4084.593150000728,4512.202867777472
1776015890,10,,Aggregated,86.100000,0.000000,290,410,500,560,750,920,1200,1300,1900,2300,4100,200173,124,290.0,407.3022865349565,3.7945599997328827,4084.593150000728,4512.203119301804
1776015891,10,,Aggregated,71.300000,0.000000,290,410,500,560,750,920,1200,1300,1900,2300,4100,200194,124,290.0,407.2830589453822,3.7945599997328827,4084.593150000728,4512.203412689691
1776015892,10,,Aggregated,57.200000,0.000000,290,410,500,560,750,920,1200,1300,1900,2300,4100,200214,124,290.0,407.2658742848745,3.7945599997328827,4084.593150000728,4512.2036920495075
1776015893,10,,Aggregated,48.100000,0.000000,290,410,500,560,750,920,1200,1300,1900,2300,4100,200234,124,290.0,407.24753967459003,3.7945599997328827,4084.593150000728,4512.203971353516
1776015894,10,,Aggregated,34.700000,0.000000,290,410,500,560,750,920,1200,1300,1900,2300,4100,200254,124,290.0,407.2291721117272,3.7945599997328827,4084.593150000728,4512.204250601736
1776015895,10,,Aggregated,29.100000,0.000000,290,410,500,560,750,920,1200,1300,1900,2300,4100,200274,124,290.0,407.2109280659089,3.7945599997328827,4084.593150000728,4512.204529794182
1776015896,10,,Aggregated,25.900000,0.000000,290,410,500,560,750,920,1200,1300,1900,2300,4100,200292,124,290.0,407.19449401170203,3.7945599997328827,4084.593150000728,4512.204781019711
1776015897,10,,Aggregated,23.900000,0.000000,290,410,500,560,750,920,1200,1300,1900,2300,4100,200314,124,290.0,407.17450706496714,3.7945599997328827,4084.593150000728,4512.205088011821
1776015898,10,,Aggregated,24.100000,0.000000,290,410,500,560,750,920,1200,1300,1900,2300,4100,200332,124,290.0,407.1580677317244,3.7945599997328827,4084.593150000728,4512.205339137033
1776015899,10,,Aggregated,21.300000,0.000000,290,410,500,560,750,920,1200,1300,1900,2300,4100,200350,124,290.0,407.14160672414175,3.7945599997328827,4084.593150000728,4512.20559021712
1776015899,10,,Aggregated,21.300000,0.000000,290,410,500,560,750,920,1200,1300,1900,2300,4100,200370,124,290.0,407.1232649201567,3.7945599997328827,4084.593150000728,4512.205869142087
1776015900,10,,Aggregated,21.500000,0.000000,290,410,500,560,750,920,1200,1300,1900,2300,4100,200391,124,290.0,407.1040031498511,3.7945599997328827,4084.593150000728,4512.2061619533815
1776015901,10,,Aggregated,21.200000,0.000000,290,410,500,560,750,920,1200,1300,1900,2300,4100,200411,124,290.0,407.0860546365809,3.7945599997328827,4084.593150000728,4512.206440764229
1776015902,10,,Aggregated,21.000000,0.000000,290,410,500,560,750,920,1200,1300,1900,2300,4100,200430,124,290.0,407.06919163220005,3.7945599997328827,4084.593150000728,4512.206705582997
1776015903,10,,Aggregated,21.200000,0.000000,290,410,500,560,750,920,1200,1300,1900,2300,4100,200449,124,290.0,407.052508244201,3.7945599997328827,4084.593150000728,4512.206970351561
1776015911,10,,Aggregated,21.500000,0.000000,290,410,500,560,750,920,1200,1300,1900,2300,4100,200467,124,290.0,407.03657930772573,3.7945599997328827,4084.593150000728,4512.207221138641
1776015905,10,,Aggregated,21.700000,0.000000,290,410,500,560,750,920,1200,1300,1900,2300,4100,200486,124,290.0,407.02091410129333,3.7945599997328827,4084.593150000728,4512.207485809483
1776015906,10,,Aggregated,21.200000,0.000000,290,410,500,560,750,920,1200,1300,1900,2300,4100,200500,127,290.0,407.00992680709174,3.7945599997328827,4084.593150000728,4512.14012468828
1776015907,10,,Aggregated,21.400000,0.000000,290,410,500,560,750,920,1200,1300,1900,2300,4100,200520,127,290.0,406.99529013924746,3.7945599997328827,4084.593150000728,4512.140409934171
1776015908,10,,Aggregated,21.400000,0.300000,290,410,500,560,750,920,1200,1300,1900,2300,4100,200540,127,290.0,406.9770696794249,3.7945599997328827,4084.593150000728,4512.1406951231675
1776015909,10,,Aggregated,20.700000,0.300000,290,410,500,560,750,920,1200,1300,1900,2300,4100,200557,127,290.0,406.96156448501864,3.7945599997328827,4084.593150000728,4512.140937489093
1776015910,10,,Aggregated,20.700000,0.300000,290,410,500,560,750,920,1200,1300,1900,2300,4100,200576,127,290.0,406.94422410174644,3.7945599997328827,4084.593150000728,4512.1412083200385
1776015911,10,,Aggregated,20.900000,0.300000,290,410,500,560,750,920,1200,1300,1900,2300,4100,200594,127,290.0,406.92778832368816,3.7945599997328827,4084.593150000728,4512.141464849397
1776015912,10,,Aggregated,20.900000,0.300000,290,410,500,560,750,920,1200,1300,1900,2300,4100,200613,127,290.0,406.91042831756613,3.7945599997328827,4084.593150000728,4512.141735580446
1776015913,10,,Aggregated,20.900000,0.300000,290,410,500,560,750,920,1200,1300,1900,2300,4100,200632,127,290.0,406.8930926940463,3.7945599997328827,4084.593150000728,4512.142006260217
1776015914,10,,Aggregated,20.900000,0.300000,290,410,500,560,750,920,1200,1300,1900,2300,4100,200632,127,290.0,406.8930926940463,3.7945599997328827,4084.593150000728,4512.142006260217
1776015915,0,,Aggregated,20.200000,0.300000,290,410,500,560,750,920,1200,1300,1900,2300,4100,200635,127,290.0,406.91437478780813,3.7945599997328827,4084.593150000728,4512.142048994443
1776015916,0,,Aggregated,20.200000,0.300000,290,410,500,560,750,920,1200,1300,1900,2300,4100,200635,127,290.0,406.91437478780813,3.7945599997328827,4084.593150000728,4512.142048994443
1776015917,0,,Aggregated,20.200000,0.300000,290,410,500,560,750,920,1200,1300,1900,2300,4100,200635,127,290.0,406.91437478780813,3.7945599997328827,4084.593150000728,4512.142048994443
1776015918,0,,Aggregated,20.200000,0.300000,290,410,500,560,750,920,1200,1300,1900,2300,4100,200635,127,290.0,406.91437478780813,3.7945599997328827,4084.593150000728,4512.142048994443
1776015919,0,,Aggregated,20.200000,0.300000,290,410,500,560,750,920,1200,1300,1900,2300,4100,200635,127,290.0,406.91437478780813,3.7945599997328827,4084.593150000728,4512.142048994443
1776015919,0,,Aggregated,20.200000,0.300000,290,410,500,560,750,920,1200,1300,1900,2300,4100,200635,127,290.0,406.91437478780813,3.7945599997328827,4084.593150000728,4512.142048994443
1776015920,0,,Aggregated,20.200000,0.300000,290,410,500,560,750,920,1200,1300,1900,2300,4100,200635,127,290.0,406.91437478780813,3.7945599997328827,4084.593150000728,4512.142048994443
1776015921,0,,Aggregated,20.200000,0.300000,290,410,500,560,750,920,1200,1300,1900,2300,4100,200635,127,290.0,406.91437478780813,3.7945599997328827,4084.593150000728,4512.142048994443
1776015922,0,,Aggregated,20.200000,0.300000,290,410,500,560,750,920,1200,1300,1900,2300,4100,200635,127,290.0,406.91437478780813,3.7945599997328827,4084.593150000728,4512.142048994443
1776015923,0,,Aggregated,20.200000,0.300000,290,410,500,560,750,920,1200,1300,1900,2300,4100,200635,127,290.0,406.91437478780813,3.7945599997328827,4084.593150000728,4512.142048994443
1776015924,0,,Aggregated,20.200000,0.300000,290,410,500,560,750,920,1200,1300,1900,2300,4100,200635,127,290.0,406.91437478780813,3.7945599997328827,4084.593150000728,4512.142048994443
1776015925,0,,Aggregated,20.200000,0.300000,290,410,500,560,750,920,1200,1300,1900,2300,4100,200635,127,290.0,406.91437478780813,3.7945599997328827,4084.593150000728,4512.142048994443
1776015926,0,,Aggregated,20.200000,0.300000,290,410,500,560,750,920,1200,1300,1900,2300,4100,200635,127,290.0,406.91437478780813,3.7945599997328827,4084.593150000728,4512.142048994443
1776015927,0,,Aggregated,20.200000,0.300000,290,410,500,560,750,920,1200,1300,1900,2300,4100,200635,127,290.0,406.91437478780813,3.7945599997328827,4084.593150000728,4512.142048994443
1776015928,0,,Aggregated,20.200000,0.300000,290,410,500,560,750,920,1200,1300,1900,2300,4100,200635,127,290.0,406.91437478780813,3.7945599997328827,4084.593150000728,4512.142048994443
1776015929,0,,Aggregated,20.200000,0.300000,290,410,500,560,750,920,1200,1300,1900,2300,4100,200635,127,290.0,406.91437478780813,3.7945599997328827,4084.593150000728,4512.142048994443
1776015929,0,,Aggregated,20.200000,0.300000,290,410,500,560,750,920,1200,1300,1900,2300,4100,200635,127,290.0,406.91437478780813,3.7945599997328827,4084.593150000728,4512.142048994443
1776015930,0,,Aggregated,20.200000,0.300000,290,410,500,560,750,920,1200,1300,1900,2300,4100,200635,127,290.0,406.91437478780813,3.7945599997328827,4084.593150000728,4512.142048994443
1776015931,0,,Aggregated,20.200000,0.300000,290,410,500,560,750,920,1200,1300,1900,2300,4100,200635,127,290.0,406.91437478780813,3.7945599997328827,4084.593150000728,4512.142048994443
1776015932,0,,Aggregated,20.200000,0.300000,290,410,500,560,750,920,1200,1300,1900,2300,4100,200635,127,290.0,406.91437478780813,3.7945599997328827,4084.593150000728,4512.142048994443
1776015933,0,,Aggregated,20.200000,0.300000,290,410,500,560,750,920,1200,1300,1900,2300,4100,200635,127,290.0,406.91437478780813,3.7945599997328827,4084.593150000728,4512.142048994443
1776015934,0,,Aggregated,20.200000,0.300000,290,410,500,560,750,920,1200,1300,1900,2300,4100,200635,127,290.0,406.91437478780813,3.7945599997328827,4084.593150000728,4512.142048994443
1776015935,0,,Aggregated,20.200000,0.300000,290,410,500,560,750,920,1200,1300,1900,2300,4100,200635,127,290.0,406.91437478780813,3.7945599997328827,4084.593150000728,4512.142048994443
1776015936,0,,Aggregated,20.200000,0.300000,290,410,500,560,750,920,1200,1300,1900,2300,4100,200635,127,290.0,406.91437478780813,3.7945599997328827,4084.593150000728,4512.142048994443
1776015937,0,,Aggregated,20.200000,0.300000,290,410,500,560,750,920,1200,1300,1900,2300,4100,200635,127,290.0,406.91437478780813,3.7945599997328827,4084.593150000728,4512.142048994443
1776015938,0,,Aggregated,20.200000,0.300000,290,410,500,560,750,920,1200,1300,1900,2300,4100,200635,127,290.0,406.91437478780813,3.7945599997328827,4084.593150000728,4512.142048994443
1776015939,0,,Aggregated,20.200000,0.300000,290,410,500,560,750,920,1200,1300,1900,2300,4100,200635,127,290.0,406.91437478780813,3.7945599997328827,4084.593150000728,4512.142048994443
1776015940,0,,Aggregated,20.200000,0.300000,290,410,500,560,750,920,1200,1300,1900,2300,4100,200635,127,290.0,406.91437478780813,3.7945599997328827,4084.593150000728,4512.142048994443
1776015941,0,,Aggregated,20.200000,0.300000,290,410,500,560,750,920,1200,1300,1900,2300,4100,200635,127,290.0,406.91437478780813,3.7945599997328827,4084.593150000728,4512.142048994443
1776015942,0,,Aggregated,20.200000,0.300000,290,410,500,560,750,920,1200,1300,1900,2300,4100,200635,127,290.0,406.91437478780813,3.7945599997328827,4084.593150000728,4512.142048994443
1776015943,0,,Aggregated,20.200000,0.300000,290,410,500,560,750,920,1200,1300,1900,2300,4100,200635,127,290.0,406.91437478780813,3.7945599997328827,4084.593150000728,4512.142048994443
1776015944,0,,Aggregated,20.200000,0.300000,290,410,500,560,750,920,1200,1300,1900,2300,4100,200635,127,290.0,406.91437478780813,3.7945599997328827,4084.593150000728,4512.142048994443
