Timestamp,User Count,Type,Name,Requests/s,Failures/s,50%,66%,75%,80%,90%,95%,98%,99%,99.9%,99.99%,100%,Total Request Count,Total Failure Count,Total Median Response Time,Total Average Response Time,Total Min Response Time,Total Max Response Time,Total Average Content Size
1776351989,0,,Aggregated,0.000000,0.000000,N/A,N/A,N/A,N/A,N/A,N/A,N/A,N/A,N/A,N/A,N/A,0,0,0,0.0,0,0,0
1776351990,40,,Aggregated,0.000000,0.000000,520,620,630,640,730,740,750,750,750,750,750,47,0,520.0,517.9984932978854,204.16991399997642,749.261259999912,4515.0
1776351991,80,,Aggregated,0.000000,0.000000,420,510,560,620,670,740,840,880,880,880,880,167,0,420.0,426.5370345329431,200.90705899997374,879.2537120000361,4515.0
1776351992,120,,Aggregated,0.000000,0.000000,400,450,520,590,660,710,800,840,880,880,880,318,0,400.0,408.65976627673183,200.90705899997374,879.2537120000361,4515.0
1776351993,160,,Aggregated,36.000000,0.000000,430,460,500,560,690,890,990,1000,1000,1000,1000,480,4,430.0,442.31403635208216,200.90705899997374,1037.8512349998346,4477.375
1776351994,200,,Aggregated,66.333333,0.000000,460,600,660,700,820,980,1000,1100,1400,1400,1400,647,29,460.0,505.2727826089643,197.93801100013297,1393.9300249999178,4312.6275115919625
1776351995,240,,Aggregated,89.750000,1.000000,510,700,780,820,930,1000,1800,1800,2000,2000,2000,853,67,510.0,589.5846059519357,197.28637100001833,2004.546166999944,4160.363423212192
1776351996,280,,Aggregated,107.600000,3.400000,630,780,850,880,970,1300,1800,1800,2000,2000,2000,1065,112,630.0,639.354213361505,197.28637100001833,2004.546166999944,4040.1830985915494
1776351997,308,,Aggregated,116.000000,6.833333,690,840,900,930,1100,1600,1800,2000,2400,2400,2400,1239,135,690.0,694.2704330564991,197.28637100001833,2418.785307999997,4023.0508474576272
1776351998,308,,Aggregated,127.285714,10.000000,770,900,1000,1100,1300,1800,2300,2500,2900,3100,3100,1423,139,770.0,785.1707162663397,197.28637100001833,3079.0214810001544,4073.970484891075
1776351999,308,,Aggregated,138.125000,14.000000,830,980,1100,1200,1400,1900,2400,2500,2900,3100,3100,1592,140,830.0,851.3842752349232,197.28637100001833,3079.0214810001544,4117.952261306533
1776352000,308,,Aggregated,142.444444,15.000000,870,1100,1200,1300,1800,2000,2400,2700,3200,3200,3200,1748,140,860.0,923.3152223632702,197.28637100001833,3175.699293999969,4153.386727688787
1776352001,308,,Aggregated,146.900000,13.900000,910,1100,1200,1300,1900,2000,2400,2600,3200,3200,3200,1931,140,910.0,982.7940328575854,197.28637100001833,3175.699293999969,4187.656654583117
1776352002,308,,Aggregated,161.500000,14.000000,980,1200,1300,1400,1900,2000,2400,2700,4200,4800,4800,2112,140,980.0,1026.551276526514,197.28637100001833,4809.107249000135,4215.710227272727
1776352003,308,,Aggregated,170.500000,14.000000,1100,1200,1300,1500,1900,2000,2400,2700,4200,4800,4800,2284,140,1100.0,1057.7945950766186,197.28637100001833,4809.107249000135,4238.248686514886
1776352004,308,,Aggregated,176.200000,14.000000,1100,1200,1300,1500,1800,2000,2400,2700,4200,4800,4800,2497,140,1100.0,1078.373995586302,197.28637100001833,4809.107249000135,4261.8562274729675
1776352005,308,,Aggregated,178.300000,13.600000,1100,1300,1400,1400,1800,2000,2300,2600,4200,4800,4800,2681,140,1100.0,1092.7084818918297,197.28637100001833,4809.107249000135,4279.229765013055
1776352006,308,,Aggregated,180.200000,12.300000,1200,1300,1400,1400,1800,2000,2300,2500,4200,4800,4800,2895,140,1200.0,1106.980751511224,197.28637100001833,4809.107249000135,4296.658031088083
1776352005,308,,Aggregated,178.300000,13.600000,1200,1300,1300,1400,1800,2000,2300,2500,4200,4800,4800,3098,140,1200.0,1114.1877127356347,197.28637100001833,4809.107249000135,4310.965138799225
1776352006,308,,Aggregated,180.200000,12.300000,1200,1300,1300,1400,1700,1900,2200,2500,4200,4800,4800,3282,140,1200.0,1121.2522908089575,197.28637100001833,4809.107249000135,4322.404021937843
1776352007,308,,Aggregated,188.200000,9.900000,1200,1300,1400,1400,1700,1900,2200,2500,4200,4800,4800,3489,140,1200.0,1133.2804092077954,197.28637100001833,4809.107249000135,4333.830610490112
1776352008,308,,Aggregated,208.400000,7.000000,1200,1300,1400,1400,1600,1900,2100,2500,4200,4800,4800,3665,140,1200.0,1142.1478254502051,197.28637100001833,4809.107249000135,4342.530695770805
1776352009,308,,Aggregated,225.300000,2.800000,1200,1300,1400,1400,1600,1900,2100,2400,4200,4800,4800,3841,140,1200.0,1152.2456641372037,197.28637100001833,4809.107249000135,4350.433480864358
1776352010,308,,Aggregated,227.400000,0.500000,1200,1300,1400,1400,1600,1900,2100,2400,4200,4800,4800,3989,140,1200.0,1164.2473369719223,197.28637100001833,4809.107249000135,4356.539232890449
1776352011,308,,Aggregated,226.200000,0.100000,1200,1300,1400,1500,1700,1900,2100,2400,3800,4800,4800,4140,140,1200.0,1183.7011929995165,197.28637100001833,4809.107249000135,4362.31884057971
1776352012,308,,Aggregated,233.200000,0.000000,1200,1400,1400,1500,1700,1900,2000,2400,3800,4800,4800,4317,140,1200.0,1203.2550769325903,197.28637100001833,4809.107249000135,4368.578874218207
1776352013,307,,Aggregated,230.900000,0.000000,1300,1400,1500,1500,1700,1900,2000,2400,3800,4800,4800,4495,140,1300.0,1214.2630026142353,197.28637100001833,4809.107249000135,4374.377085650723
1776352014,307,,Aggregated,231.400000,0.000000,1300,1400,1500,1500,1700,1900,2000,2400,3800,4800,4800,4690,140,1300.0,1221.5355680311284,197.28637100001833,4809.107249000135,4380.223880597015
1776352015,307,,Aggregated,227.500000,0.000000,1300,1400,1500,1500,1700,1900,2000,2400,3800,4800,4800,4920,140,1300.0,1219.724760009146,197.28637100001833,4809.107249000135,4386.524390243902
1776352016,307,,Aggregated,228.700000,0.000000,1200,1400,1400,1500,1700,1800,2000,2400,3200,4800,4800,5117,140,1200.0,1215.2249709249545,197.28637100001833,4809.107249000135,4391.470588235294
1776352017,307,,Aggregated,226.600000,0.000000,1200,1400,1400,1500,1700,1800,2000,2400,3200,4800,4800,5344,140,1200.0,1212.8107492256713,197.28637100001833,4809.107249000135,4396.717814371257
1776352018,307,,Aggregated,207.400000,0.000000,1200,1400,1400,1500,1700,1800,2000,2300,3200,4800,4800,5533,140,1200.0,1211.7187079031228,197.28637100001833,4809.107249000135,4400.758178203506
1776352019,307,,Aggregated,190.700000,0.000000,1200,1400,1400,1500,1700,1800,2000,2300,3200,4800,4800,5723,140,1200.0,1213.2387884221516,197.28637100001833,4809.107249000135,4404.550934824393
1776352020,307,,Aggregated,190.600000,0.000000,1300,1400,1400,1500,1700,1800,2000,2300,3200,4800,4800,5932,140,1300.0,1216.9922195519175,197.28637100001833,4809.107249000135,4408.44234659474
1776352021,307,,Aggregated,194.500000,0.000000,1300,1400,1400,1500,1700,1800,2000,2300,3200,4800,4800,6119,140,1300.0,1218.2843409199168,197.28637100001833,4809.107249000135,4411.698806994607
1776352022,307,,Aggregated,190.400000,0.000000,1300,1400,1400,1500,1600,1800,2000,2300,3200,4800,4800,6286,140,1300.0,1222.4761715254476,197.28637100001833,4809.107249000135,4414.443207126948
1776352023,307,,Aggregated,195.800000,0.000000,1300,1400,1400,1500,1700,1800,2000,2300,3200,4800,4800,6433,140,1300.0,1230.63189936763,197.28637100001833,4809.107249000135,4416.741022850925
1776352024,307,,Aggregated,195.000000,0.000000,1300,1400,1400,1500,1700,1800,2000,2300,3200,4800,4800,6577,140,1300.0,1241.1657605894723,197.28637100001833,4809.107249000135,4418.892352136232
1776352025,307,,Aggregated,195.600000,0.000000,1300,1400,1500,1500,1700,1800,2000,2200,3200,4800,4800,6715,140,1300.0,1252.345223392101,197.28637100001833,4809.107249000135,4420.867460908414
1776352026,307,,Aggregated,189.700000,0.000000,1300,1400,1500,1600,1700,1900,2000,2200,3200,4800,4800,6912,140,1300.0,1264.2392047758915,197.28637100001833,4809.107249000135,4423.550347222223
1776352027,307,,Aggregated,182.800000,0.000000,1300,1400,1500,1600,1700,1800,2000,2200,3200,4800,4800,7089,140,1300.0,1268.393759426571,197.28637100001833,4809.107249000135,4425.833685992383
1776352028,307,,Aggregated,178.400000,0.000000,1300,1400,1500,1600,1700,1800,2000,2200,3200,4800,4800,7289,140,1300.0,1271.7042752490006,197.28637100001833,4809.107249000135,4428.280285361504
1776352029,307,,Aggregated,175.100000,0.000000,1300,1400,1500,1600,1700,1800,2000,2100,3200,4800,4800,7477,140,1300.0,1271.462434965623,197.28637100001833,4809.107249000135,4430.460746288619
1776352030,307,,Aggregated,173.500000,0.000000,1300,1400,1500,1600,1700,1800,2000,2100,3200,4800,4800,7666,140,1300.0,1272.2357738208923,197.28637100001833,4809.107249000135,4432.545003913384
1776352031,307,,Aggregated,172.800000,0.000000,1300,1400,1500,1500,1700,1800,2000,2100,3200,4800,4800,7879,140,1300.0,1271.8104779470698,197.28637100001833,4809.107249000135,4434.774083005457
1776352032,307,,Aggregated,173.600000,0.000000,1300,1400,1500,1500,1700,1800,2000,2100,3200,4800,4800,8042,140,1300.0,1272.866009848791,197.28637100001833,4809.107249000135,4436.400149216613
1776352033,307,,Aggregated,174.600000,0.000000,1300,1400,1500,1500,1700,1800,2000,2100,3200,4800,4800,8231,140,1300.0,1276.1549127210526,197.28637100001833,4809.107249000135,4438.204956870368
1776352034,307,,Aggregated,174.000000,0.000000,1300,1400,1500,1500,1700,1800,2000,2100,3200,4800,4800,8406,140,1300.0,1278.490338934687,197.28637100001833,4809.107249000135,4439.803711634547
1776352035,307,,Aggregated,178.000000,0.000000,1300,1400,1500,1600,1700,1800,2000,2100,3200,4800,4800,8600,140,1300.0,1281.5520394548803,197.28637100001833,4809.107249000135,4441.5
1776352036,307,,Aggregated,181.400000,0.000000,1300,1400,1500,1600,1700,1800,2000,2100,3200,4800,4800,8769,140,1300.0,1283.5942115181858,197.28637100001833,4809.107249000135,4442.916524119056
1776352034,307,,Aggregated,174.000000,0.000000,1300,1400,1500,1600,1700,1800,2000,2100,3200,4800,4800,8965,140,1300.0,1285.755955512547,197.28637100001833,4809.107249000135,4444.492470719465
1776352035,283,,Aggregated,178.000000,0.000000,1300,1400,1500,1600,1700,1800,2000,2100,3100,4800,4800,9137,140,1300.0,1286.0047276831547,197.28637100001833,4809.107249000135,4445.819743898435
1776352036,283,,Aggregated,181.400000,0.000000,1300,1400,1500,1600,1700,1800,2000,2000,3100,4800,4800,9327,140,1300.0,1284.935442029804,197.28637100001833,4809.107249000135,4447.229012544227
1776352037,283,,Aggregated,188.200000,0.000000,1300,1400,1500,1600,1700,1800,2000,2000,3100,4800,4800,9540,140,1300.0,1282.499962159956,197.28637100001833,4809.107249000135,4448.74213836478
1776352038,283,,Aggregated,208.000000,0.000000,1300,1400,1500,1600,1700,1800,2000,2000,3100,4800,4800,9749,140,1300.0,1278.9535969006047,197.28637100001833,4809.107249000135,4450.162580777515
1776352039,283,,Aggregated,228.100000,0.000000,1300,1400,1500,1500,1700,1800,2000,2000,3100,4800,4800,9958,140,1300.0,1274.331864226351,197.28637100001833,4809.107249000135,4451.523398272746
1776352040,283,,Aggregated,235.000000,0.000000,1300,1400,1500,1500,1700,1800,2000,2000,2900,4400,4800,10139,140,1300.0,1271.6194905907882,197.28637100001833,4809.107249000135,4452.65657362659
1776352041,283,,Aggregated,235.900000,0.000000,1300,1400,1500,1500,1700,1800,1900,2000,2900,4400,4800,10327,140,1300.0,1270.9763616455905,197.28637100001833,4809.107249000135,4453.791517381621
1776352042,283,,Aggregated,237.600000,0.000000,1300,1400,1500,1500,1700,1800,1900,2000,2900,4400,4800,10522,140,1300.0,1268.8766398263654,197.28637100001833,4809.107249000135,4454.925869606539
1776352043,283,,Aggregated,236.000000,0.000000,1300,1400,1500,1500,1700,1800,1900,2000,2900,4400,4800,10722,140,1300.0,1267.233907669933,197.28637100001833,4809.107249000135,4456.046446558478
1776352044,283,,Aggregated,237.400000,0.000000,1300,1400,1500,1500,1600,1800,1900,2000,2900,4400,4800,10954,140,1300.0,1261.8855523066484,197.28637100001833,4809.107249000135,4457.295052035786
1776352045,283,,Aggregated,238.800000,0.000000,1300,1400,1500,1500,1600,1800,1900,2000,2800,4400,4800,11169,140,1300.0,1255.476152961145,197.28637100001833,4809.107249000135,4458.405855492882
1776352046,283,,Aggregated,239.500000,0.000000,1300,1400,1500,1500,1600,1800,1900,2000,2800,4400,4800,11357,140,1300.0,1251.7362061867602,197.28637100001833,4809.107249000135,4459.342696134542
1776352047,283,,Aggregated,240.200000,0.000000,1300,1400,1500,1500,1600,1800,1900,2000,2800,4400,4800,11567,140,1300.0,1251.3088215432717,197.28637100001833,4809.107249000135,4460.353159851301
1776352048,283,,Aggregated,227.700000,0.000000,1300,1400,1500,1500,1600,1800,1900,2000,2800,4400,4800,11774,140,1300.0,1247.7481318479715,197.28637100001833,4809.107249000135,4461.313912009513
1776352049,283,,Aggregated,206.600000,0.000000,1200,1400,1500,1500,1600,1800,1900,2000,2800,4400,4800,12000,140,1200.0,1243.1422976925844,197.28637100001833,4809.107249000135,4462.325
1776352050,283,,Aggregated,202.400000,0.000000,1200,1400,1500,1500,1600,1800,1900,2000,2800,4400,4800,12183,140,1200.0,1239.792112830666,197.28637100001833,4809.107249000135,4463.116227530165
1776352051,283,,Aggregated,201.400000,0.000000,1200,1400,1400,1500,1600,1800,1900,2000,2800,4400,4800,12385,140,1200.0,1238.9578924482837,197.28637100001833,4809.107249000135,4463.962454582156
1776352052,283,,Aggregated,204.100000,0.000000,1200,1400,1400,1500,1600,1700,1900,2000,2800,4400,4800,12605,140,1200.0,1237.4686213703278,197.28637100001833,4809.107249000135,4464.85323284411
1776352053,283,,Aggregated,204.500000,0.000000,1200,1400,1400,1500,1600,1700,1900,2000,2800,4400,4800,12794,140,1200.0,1235.7018868536804,197.28637100001833,4809.107249000135,4465.594028450836
1776352054,283,,Aggregated,204.800000,0.000000,1200,1300,1400,1500,1600,1700,1900,2000,2800,4400,4800,13007,140,1200.0,1232.9061856528783,197.28637100001833,4809.107249000135,4466.4030906435
1776352055,283,,Aggregated,206.600000,0.000000,1200,1300,1400,1500,1600,1700,1900,2000,2800,4400,4800,13222,140,1200.0,1228.301236616622,197.28637100001833,4809.107249000135,4467.193314173347
1776352056,283,,Aggregated,206.100000,0.000000,1200,1300,1400,1500,1600,1700,1900,2000,2800,4400,4800,13443,140,1200.0,1225.123849109348,197.28637100001833,4809.107249000135,4467.979245704084
1776352058,283,,Aggregated,205.300000,0.000000,1200,1300,1400,1500,1600,1700,1900,2000,2800,4400,4800,13655,140,1200.0,1221.697059394944,197.28637100001833,4809.107249000135,4468.709264005859
1776352059,283,,Aggregated,203.500000,0.000000,1200,1300,1400,1500,1600,1700,1900,2000,2800,4400,4800,13853,140,1200.0,1219.4944889835383,197.28637100001833,4809.107249000135,4469.370894391107
1776352060,283,,Aggregated,208.400000,0.000000,1200,1300,1400,1500,1600,1700,1900,2000,2800,4400,4800,14042,140,1200.0,1218.697602619992,197.28637100001833,4809.107249000135,4469.985044865404
1776352061,243,,Aggregated,208.400000,0.000000,1200,1300,1400,1500,1600,1700,1900,2000,2800,4400,4800,14231,140,1200.0,1217.6682275951036,197.28637100001833,4809.107249000135,4470.582882439744
1776352062,222,,Aggregated,203.700000,0.000000,1200,1300,1400,1500,1600,1700,1900,2000,2800,4400,4800,14390,140,1200.0,1215.1560279667078,197.28637100001833,4809.107249000135,4471.073662265462
1776352063,222,,Aggregated,203.600000,0.000000,1200,1300,1400,1500,1600,1700,1900,2000,2800,4400,4800,14604,140,1200.0,1211.0320803178538,197.28637100001833,4809.107249000135,4471.717337715694
1776352064,222,,Aggregated,199.900000,0.000000,1200,1300,1400,1500,1600,1700,1900,2000,2800,4400,4800,14800,140,1200.0,1205.5700943804686,197.28637100001833,4809.107249000135,4472.290540540541
1776352065,222,,Aggregated,198.100000,0.000000,1200,1300,1400,1500,1600,1700,1900,2000,2800,4400,4800,14995,140,1200.0,1200.84180309076,197.28637100001833,4809.107249000135,4472.845948649549
1776352066,222,,Aggregated,200.500000,0.000000,1200,1300,1400,1500,1600,1700,1900,2000,2800,4400,4800,15202,140,1200.0,1195.1279865093366,197.28637100001833,4809.107249000135,4473.419944744112
1776352069,222,,Aggregated,196.700000,0.000000,1200,1300,1400,1500,1600,1700,1900,2000,2800,4400,4800,15417,140,1200.0,1189.8478332970053,197.28637100001833,4809.107249000135,4473.999805409613
1776352065,222,,Aggregated,198.100000,0.000000,1200,1300,1400,1400,1600,1700,1900,2000,2800,4400,4800,15639,140,1200.0,1182.236908312163,197.28637100001833,4809.107249000135,4474.581814694034
1776352066,222,,Aggregated,200.500000,0.000000,1200,1300,1400,1400,1600,1700,1900,2000,2800,4400,4800,15857,140,1200.0,1175.7767374404318,197.28637100001833,4809.107249000135,4475.137478716025
1776352067,222,,Aggregated,204.500000,0.000000,1200,1300,1400,1400,1600,1700,1900,2000,2800,4400,4800,16061,140,1200.0,1170.8997247473326,197.28637100001833,4809.107249000135,4475.643795529543
1776352068,222,,Aggregated,226.000000,0.000000,1200,1300,1400,1400,1600,1700,1900,2000,2800,4400,4800,16272,140,1200.0,1165.9805219685918,197.28637100001833,4809.107249000135,4476.15412979351
1776352069,222,,Aggregated,245.000000,0.000000,1200,1300,1400,1400,1600,1700,1900,2000,2800,4400,4800,16466,140,1200.0,1161.6671804517132,197.28637100001833,4809.107249000135,4476.611806145997
1776352070,222,,Aggregated,244.200000,0.000000,1200,1300,1400,1400,1600,1700,1900,2000,2800,4400,4800,16686,140,1200.0,1156.363061638074,197.28637100001833,4809.107249000135,4477.117943185905
1776352071,222,,Aggregated,243.900000,0.000000,1200,1300,1400,1400,1600,1700,1900,2000,2800,4400,4800,16883,140,1200.0,1151.6697990373111,197.28637100001833,4809.107249000135,4477.559971569034
1776352072,222,,Aggregated,252.500000,0.000000,1200,1300,1400,1400,1600,1700,1900,2000,2800,4400,4800,17078,140,1200.0,1148.0468972774274,197.28637100001833,4809.107249000135,4477.9874692586955
1776352073,222,,Aggregated,254.600000,0.000000,1200,1300,1400,1400,1600,1700,1900,2000,2800,4400,4800,17270,140,1200.0,1144.9544406054954,197.28637100001833,4809.107249000135,4478.398957730168
1776352074,222,,Aggregated,258.900000,0.000000,1100,1300,1400,1400,1600,1700,1900,2000,2800,4400,4800,17471,140,1100.0,1141.358223674484,197.28637100001833,4809.107249000135,4478.820044645412
1776352075,222,,Aggregated,257.600000,0.000000,1100,1300,1300,1400,1600,1700,1900,2000,2800,4400,4800,17660,140,1100.0,1138.0517562809134,197.28637100001833,4809.107249000135,4479.2072480181205
1776352076,222,,Aggregated,255.300000,0.000000,1100,1300,1300,1400,1600,1700,1900,2000,2800,4400,4800,17855,140,1100.0,1134.9561924661396,197.28637100001833,4809.107249000135,4479.598151778214
1776352077,222,,Aggregated,249.000000,0.000000,1100,1300,1300,1400,1600,1700,1800,2000,2800,4400,4800,18057,140,1100.0,1131.154210618429,197.28637100001833,4809.107249000135,4479.994185080578
1776352078,222,,Aggregated,225.300000,0.000000,1100,1300,1300,1400,1600,1700,1800,2000,2800,4400,4800,18243,140,1100.0,1128.3240126732446,197.28637100001833,4809.107249000135,4480.351093570136
1776352079,222,,Aggregated,205.300000,0.000000,1100,1300,1300,1400,1600,1700,1800,2000,2800,4400,4800,18456,140,1100.0,1125.3963506892078,197.28637100001833,4809.107249000135,4480.750975292588
1776352080,222,,Aggregated,203.000000,0.000000,1100,1200,1300,1400,1600,1700,1800,2000,2800,4400,4800,18641,140,1100.0,1121.8777413309376,197.28637100001833,4809.107249000135,4481.090874953061
1776352081,222,,Aggregated,202.800000,0.000000,1100,1200,1300,1400,1600,1700,1800,2000,2800,4400,4800,18830,140,1100.0,1119.3165039155072,197.28637100001833,4809.107249000135,4481.4312267658
1776352082,222,,Aggregated,197.500000,0.000000,1100,1200,1300,1400,1600,1700,1800,2000,2800,4400,4800,19018,140,1100.0,1117.2352816373962,197.28637100001833,4809.107249000135,4481.763066568514
1776352083,182,,Aggregated,193.800000,0.000000,1100,1200,1300,1400,1600,1700,1800,2000,2800,4400,4800,19137,140,1100.0,1116.2530982833769,197.28637100001833,4809.107249000135,4481.969744474056
1776352084,142,,Aggregated,192.000000,0.000000,1100,1200,1300,1400,1600,1700,1800,2000,2800,4400,4800,19228,140,1100.0,1117.0628398017986,197.28637100001833,4809.107249000135,4482.126066153526
1776352085,126,,Aggregated,191.000000,0.000000,1100,1200,1300,1400,1600,1700,1800,2000,2800,4400,4800,19354,140,1100.0,1116.0624608583234,197.28637100001833,4809.107249000135,4482.340084737005
1776352086,126,,Aggregated,180.700000,0.000000,1100,1200,1300,1400,1600,1700,1800,2000,2800,4400,4800,19512,140,1100.0,1111.669445981345,197.28637100001833,4809.107249000135,4482.604551045511
1776352087,126,,Aggregated,173.100000,0.000000,1100,1200,1300,1400,1500,1700,1800,2000,2800,4400,4800,19703,140,1100.0,1104.8820130577576,197.28637100001833,4809.107249000135,4482.918591077501
1776352088,126,,Aggregated,167.900000,0.000000,1100,1200,1300,1400,1500,1700,1800,2000,2800,4400,4800,19868,140,1100.0,1099.2990561470706,197.28637100001833,4809.107249000135,4483.185021139521
1776352089,126,,Aggregated,163.600000,0.000000,1100,1200,1300,1400,1500,1700,1800,2000,2800,4200,4800,20065,140,1100.0,1092.1530385553442,197.28637100001833,4809.107249000135,4483.4973835036135
1776352090,126,,Aggregated,164.000000,0.000000,1100,1200,1300,1400,1500,1700,1800,2000,2800,4200,4800,20267,140,1100.0,1084.5919892698955,197.28637100001833,4809.107249000135,4483.811368234075
1776352091,126,,Aggregated,161.600000,0.000000,1100,1200,1300,1400,1500,1700,1800,2000,2800,4200,4800,20461,140,1100.0,1077.488020695761,197.28637100001833,4809.107249000135,4484.10708176531
1776352092,126,,Aggregated,160.700000,0.000000,1100,1200,1300,1400,1500,1700,1800,2000,2800,4200,4800,20655,140,1100.0,1070.7041658329204,197.28637100001833,4809.107249000135,4484.397240377632
1776352093,126,,Aggregated,163.200000,0.000000,1100,1200,1300,1400,1500,1700,1800,2000,2800,4200,4800,20826,140,1100.0,1065.2729787892524,197.28637100001833,4809.107249000135,4484.64851627773
1776352094,126,,Aggregated,163.900000,0.000000,1100,1200,1300,1400,1500,1700,1800,2000,2800,4200,4800,20990,140,1100.0,1060.2870910605038,197.28637100001833,4809.107249000135,4484.885659838018
1776352095,126,,Aggregated,164.500000,0.000000,1100,1200,1300,1400,1500,1700,1800,2000,2800,4200,4800,21174,140,1100.0,1055.1493576007344,197.28637100001833,4809.107249000135,4485.1473505242275
1776352096,126,,Aggregated,174.500000,0.000000,1100,1200,1300,1400,1500,1700,1800,1900,2800,4200,4800,21355,140,1100.0,1049.120877902972,197.28637100001833,4809.107249000135,4485.400374619527
1776352095,126,,Aggregated,164.500000,0.000000,1100,1200,1300,1400,1500,1700,1800,1900,2800,4200,4800,21547,140,1100.0,1043.240572530558,197.28637100001833,4809.107249000135,4485.664129577203
1776352096,126,,Aggregated,174.500000,0.000000,1000,1200,1300,1400,1500,1700,1800,1900,2800,4200,4800,21737,140,1000.0,1037.489694509175,197.28637100001833,4809.107249000135,4485.920550213921
1776352097,126,,Aggregated,183.600000,0.000000,1000,1200,1300,1400,1500,1600,1800,1900,2800,4200,4800,21918,140,1000.0,1032.2201647503393,197.28637100001833,4809.107249000135,4486.160689843964
1776352098,126,,Aggregated,207.000000,0.000000,1000,1200,1300,1400,1500,1600,1800,1900,2700,4200,4800,22107,140,1000.0,1026.5423879249079,197.28637100001833,4809.107249000135,4486.4072465734835
1776352099,126,,Aggregated,226.200000,0.000000,1000,1200,1300,1400,1500,1600,1800,1900,2700,4200,4800,22279,140,1000.0,1021.9300017525902,197.28637100001833,4809.107249000135,4486.627990484312
1776352100,126,,Aggregated,230.300000,0.000000,1000,1200,1300,1300,1500,1600,1800,1900,2700,4200,4800,22457,140,1000.0,1016.7918352746113,197.28637100001833,4809.107249000135,4486.852874382153
1776352101,126,,Aggregated,231.000000,0.000000,1000,1200,1300,1300,1500,1600,1800,1900,2700,4200,4800,22651,140,1000.0,1011.2338190942969,197.28637100001833,4809.107249000135,4487.093947287096
1776352102,126,,Aggregated,227.600000,0.000000,1000,1200,1300,1300,1500,1600,1800,1900,2700,4200,4800,22830,140,1000.0,1006.3396119729698,197.28637100001833,4809.107249000135,4487.312746386334
1776352103,126,,Aggregated,226.800000,0.000000,1000,1200,1300,1300,1500,1600,1800,1900,2700,4200,4800,23024,140,1000.0,1000.8706671397201,197.28637100001833,4809.107249000135,4487.546038915913
1776352104,126,,Aggregated,226.800000,0.000000,1000,1200,1300,1300,1500,1600,1800,1900,2700,4200,4800,23214,140,1000.0,995.5942036964722,197.28637100001833,4809.107249000135,4487.770741793745
1776352105,126,,Aggregated,227.400000,0.000000,1000,1200,1300,1300,1500,1600,1800,1900,2700,4200,4800,23408,140,1000.0,990.401642690017,197.28637100001833,4809.107249000135,4487.996411483254
1776352106,86,,Aggregated,228.100000,0.000000,1000,1200,1300,1300,1500,1600,1800,1900,2700,4200,4800,23546,140,1000.0,986.5463085775043,197.28637100001833,4809.107249000135,4488.154675953453
1776352107,46,,Aggregated,225.400000,0.000000,1000,1200,1300,1300,1500,1600,1800,1900,2700,4200,4800,23629,140,1000.0,984.0098666142421,197.28637100001833,4809.107249000135,4488.248973718735
1776352108,31,,Aggregated,203.000000,0.000000,1000,1200,1300,1300,1500,1600,1800,1900,2700,4200,4800,23684,140,1000.0,982.2936568295019,197.28637100001833,4809.107249000135,4488.311096098632
1776352109,31,,Aggregated,176.500000,0.000000,1000,1200,1300,1300,1500,1600,1800,1900,2700,4200,4800,23742,140,1000.0,980.4772848318981,197.28637100001833,4809.107249000135,4488.3762951731105
1776352110,31,,Aggregated,160.200000,0.000000,1000,1200,1300,1300,1500,1600,1800,1900,2700,4200,4800,23799,140,1000.0,978.7093992686216,197.28637100001833,4809.107249000135,4488.440060506744
1776352111,31,,Aggregated,148.400000,0.000000,1000,1200,1300,1300,1500,1600,1800,1900,2700,4200,4800,23853,140,1000.0,977.1549663169802,197.28637100001833,4809.107249000135,4488.500188655515
1776352112,31,,Aggregated,136.300000,0.000000,990,1200,1300,1300,1500,1600,1800,1900,2700,4200,4800,23906,140,990.0,975.5400445829888,197.28637100001833,4809.107249000135,4488.558939178449
1776352113,31,,Aggregated,122.200000,0.000000,990,1200,1300,1300,1500,1600,1800,1900,2700,4200,4800,23968,150,990.0,973.6200068105359,15.4639469999438,4809.107249000135,4486.743574766355
1776352114,31,,Aggregated,109.600000,0.000000,990,1200,1300,1300,1500,1600,1800,1900,2700,4200,4800,24016,150,990.0,972.2809461333245,15.4639469999438,4809.107249000135,4486.800049966689
1776352115,31,,Aggregated,96.300000,0.700000,990,1200,1300,1300,1500,1600,1800,1900,2700,4200,4800,24073,150,990.0,970.5213441763769,15.4639469999438,4809.107249000135,4486.866821750509
1776352116,31,,Aggregated,81.900000,1.000000,990,1200,1300,1300,1500,1600,1800,1900,2700,4200,4800,24128,150,990.0,968.8555028245991,15.4639469999438,4809.107249000135,4486.930951591512
1776352117,31,,Aggregated,69.900000,1.000000,990,1200,1300,1300,1500,1600,1800,1900,2700,4200,4800,24183,150,990.0,967.2673798424483,15.4639469999438,4809.107249000135,4486.994789728322
1776352118,31,,Aggregated,60.000000,1.000000,990,1200,1300,1300,1500,1600,1800,1900,2700,4200,4800,24237,150,990.0,965.64300096963,15.4639469999438,4809.107249000135,4487.05718529521
1776352119,31,,Aggregated,56.300000,1.000000,980,1200,1300,1300,1500,1600,1800,1900,2700,4200,4800,24296,150,980.0,963.8716661473463,15.4639469999438,4809.107249000135,4487.125041159038
1776352120,31,,Aggregated,55.500000,1.000000,980,1200,1300,1300,1500,1600,1800,1900,2700,4200,4800,24356,150,980.0,962.0615434834093,15.4639469999438,4809.107249000135,4487.193709968797
1776352121,31,,Aggregated,55.600000,1.000000,980,1200,1300,1300,1500,1600,1800,1900,2700,4200,4800,24415,150,980.0,960.2980921220941,15.4639469999438,4809.107249000135,4487.2609051812415
1776352122,31,,Aggregated,55.700000,1.000000,980,1200,1300,1300,1500,1600,1800,1900,2700,4200,4800,24470,150,980.0,958.7207495356326,15.4639469999438,4809.107249000135,4487.323252962811
1776352123,31,,Aggregated,56.300000,1.000000,980,1200,1300,1300,1500,1600,1800,1900,2700,4200,4800,24523,150,980.0,957.2417542263152,15.4639469999438,4809.107249000135,4487.383068955674
1776352124,31,,Aggregated,55.700000,1.000000,980,1200,1300,1300,1500,1600,1800,1900,2700,4200,4800,24579,150,980.0,955.6278718052375,15.4639469999438,4809.107249000135,4487.445990479678
1776352125,31,,Aggregated,55.300000,0.300000,980,1200,1300,1300,1500,1600,1800,1900,2700,4200,4800,24633,150,980.0,954.0307964691248,15.4639469999438,4809.107249000135,4487.506393861892
1776352126,31,,Aggregated,56.500000,0.000000,970,1200,1300,1300,1500,1600,1800,1900,2700,4200,4800,24691,150,970.0,952.3582398844096,15.4639469999438,4809.107249000135,4487.570977279171
1776352124,31,,Aggregated,56.200000,0.000000,970,1200,1300,1300,1500,1600,1800,1900,2700,4200,4800,24749,150,970.0,950.7294966515402,15.4639469999438,4809.107249000135,4487.635257990222
1776352125,31,,Aggregated,55.300000,0.300000,970,1200,1300,1300,1500,1600,1800,1900,2700,4200,4800,24800,150,970.0,949.35560685024,15.4639469999438,4809.107249000135,4487.691532258064
1776352126,31,,Aggregated,56.500000,0.000000,970,1200,1300,1300,1500,1600,1800,1900,2700,4200,4800,24858,150,970.0,947.7630925017282,15.4639469999438,4809.107249000135,4487.755249818972
1776352127,31,,Aggregated,57.100000,0.000000,970,1200,1300,1300,1500,1600,1800,1900,2700,4200,4800,24917,150,970.0,946.099307579041,15.4639469999438,4809.107249000135,4487.81976160854
1776352128,20,,Aggregated,62.800000,0.000000,970,1200,1300,1300,1500,1600,1800,1900,2700,4200,4800,24954,150,970.0,945.0364094285071,15.4639469999438,4809.107249000135,4487.8600625150275
1776352129,20,,Aggregated,68.500000,0.000000,970,1200,1300,1300,1500,1600,1800,1900,2700,4200,4800,24990,150,970.0,944.0113080409749,15.4639469999438,4809.107249000135,4487.899159663865
1776352130,20,,Aggregated,68.200000,0.000000,970,1200,1300,1300,1500,1600,1800,1900,2700,4200,4800,25030,150,970.0,942.8689703570896,15.4639469999438,4809.107249000135,4487.942469037155
1776352131,20,,Aggregated,66.200000,0.000000,970,1200,1300,1300,1500,1600,1800,1900,2700,4200,4800,25065,150,970.0,941.8925724425275,15.4639469999438,4809.107249000135,4487.980251346499
1776352132,20,,Aggregated,65.500000,0.000000,970,1200,1300,1300,1500,1600,1800,1900,2700,4200,4800,25107,150,970.0,940.7047016892484,15.4639469999438,4809.107249000135,4488.025451069423
1776352133,20,,Aggregated,63.700000,0.000000,970,1200,1300,1300,1500,1600,1800,1900,2700,4200,4800,25143,150,970.0,939.6803841641397,15.4639469999438,4809.107249000135,4488.064073499582
1776352134,20,,Aggregated,61.600000,0.000000,960,1200,1300,1300,1500,1600,1800,1900,2700,4200,4800,25183,150,960.0,938.5505572315038,15.4639469999438,4809.107249000135,4488.106857800897
1776352135,20,,Aggregated,60.500000,0.000000,960,1200,1300,1300,1500,1600,1800,1900,2700,4200,4800,25219,150,960.0,937.5405208285401,15.4639469999438,4809.107249000135,4488.145247630755
1776352136,20,,Aggregated,58.100000,0.000000,960,1200,1300,1300,1500,1600,1800,1900,2700,4200,4800,25257,150,960.0,936.4805191991113,15.4639469999438,4809.107249000135,4488.185651502554
1776352137,20,,Aggregated,55.300000,0.000000,960,1200,1300,1300,1500,1600,1800,1900,2700,4200,4800,25292,150,960.0,935.5105643255956,15.4639469999438,4809.107249000135,4488.222758184406
1776352138,20,,Aggregated,48.100000,0.000000,960,1200,1300,1300,1500,1600,1800,1900,2700,4200,4800,25328,150,960.0,934.5500268782753,15.4639469999438,4809.107249000135,4488.260818066961
1776352139,20,,Aggregated,40.800000,0.000000,960,1200,1300,1300,1500,1600,1800,1900,2700,4200,4800,25364,150,960.0,933.582607110588,15.4639469999438,4809.107249000135,4488.298769910109
1776352140,20,,Aggregated,38.900000,0.000000,960,1200,1300,1300,1500,1600,1800,1900,2700,4200,4800,25400,150,960.0,932.5777008749592,15.4639469999438,4809.107249000135,4488.336614173229
1776352141,20,,Aggregated,38.700000,0.000000,960,1200,1300,1300,1500,1600,1800,1900,2700,4200,4800,25440,150,960.0,931.4735762488975,15.4639469999438,4809.107249000135,4488.378537735849
1776352142,20,,Aggregated,37.200000,0.000000,960,1200,1200,1300,1500,1600,1800,1900,2700,4200,4800,25471,150,960.0,930.6668006998534,15.4639469999438,4809.107249000135,4488.41093792941
1776352143,20,,Aggregated,37.000000,0.000000,960,1200,1200,1300,1500,1600,1800,1900,2700,4200,4800,25502,150,960.0,930.0056431583389,15.4639469999438,4809.107249000135,4488.443259352208
1776352144,20,,Aggregated,37.400000,0.000000,960,1200,1200,1300,1500,1600,1800,1900,2700,4200,4800,25537,150,960.0,929.123004675646,15.4639469999438,4809.107249000135,4488.47965696832
1776352145,20,,Aggregated,36.000000,0.000000,960,1200,1200,1300,1500,1600,1800,1900,2700,4200,4800,25573,150,960.0,928.1724155006835,15.4639469999438,4809.107249000135,4488.5169905759985
1776352146,20,,Aggregated,35.600000,0.000000,960,1200,1200,1300,1500,1600,1800,1900,2700,4200,4800,25608,150,960.0,927.2249227276629,15.4639469999438,4809.107249000135,4488.553186504218
1776352147,20,,Aggregated,35.500000,0.000000,960,1200,1200,1300,1500,1600,1800,1900,2700,4200,4800,25647,150,960.0,926.2029780375087,15.4639469999438,4809.107249000135,4488.593402737162
1776352148,20,,Aggregated,35.100000,0.000000,960,1200,1200,1300,1500,1600,1800,1900,2700,4200,4800,25682,150,960.0,925.2643907833499,15.4639469999438,4809.107249000135,4488.629390234405
1776352149,20,,Aggregated,35.200000,0.000000,950,1200,1200,1300,1500,1600,1800,1900,2700,4200,4800,25716,150,950.0,924.379667716946,15.4639469999438,4809.107249000135,4488.664255716286
1776352150,20,,Aggregated,35.200000,0.000000,950,1200,1200,1300,1500,1600,1800,1900,2700,4200,4800,25756,150,950.0,923.3302154861773,15.4639469999438,4809.107249000135,4488.7051560801365
1776352151,20,,Aggregated,35.500000,0.000000,950,1200,1200,1300,1500,1600,1800,1900,2700,4200,4800,25795,150,950.0,922.294931605698,15.4639469999438,4809.107249000135,4488.744911804613
1776352152,20,,Aggregated,34.900000,0.000000,950,1200,1200,1300,1500,1600,1800,1900,2700,4200,4800,25831,150,950.0,921.360868629785,15.4639469999438,4809.107249000135,4488.781502845418
1776352153,32,,Aggregated,35.000000,0.000000,950,1200,1200,1300,1500,1600,1800,1900,2700,4200,4800,25889,160,950.0,919.8747076449444,15.4639469999438,4809.107249000135,4487.096257097609
1776352154,32,,Aggregated,35.400000,0.000000,950,1200,1200,1300,1500,1600,1800,1900,2700,4200,4800,25949,161,950.0,918.363229933946,15.4639469999438,4809.107249000135,4486.98678176423
1776352155,32,,Aggregated,36.000000,0.000000,950,1100,1200,1300,1500,1600,1800,1900,2700,4200,4800,26003,161,950.0,917.0340371981681,15.4639469999438,4809.107249000135,4487.04495635119
1776352156,32,,Aggregated,38.600000,1.000000,950,1100,1200,1300,1500,1600,1800,1900,2700,4200,4800,26065,161,950.0,915.4503123096092,15.4639469999438,4809.107249000135,4487.111452138884
1776352155,32,,Aggregated,36.000000,0.000000,950,1100,1200,1300,1500,1600,1800,1900,2700,4200,4800,26120,161,950.0,914.0172348226249,15.4639469999438,4809.107249000135,4487.17017611026
1776352156,32,,Aggregated,38.600000,1.000000,950,1100,1200,1300,1500,1600,1800,1900,2700,4200,4800,26175,161,950.0,912.7041244025202,15.4639469999438,4809.107249000135,4487.228653295129
1776352157,32,,Aggregated,42.800000,1.100000,940,1100,1200,1300,1500,1600,1800,1900,2700,4200,4800,26222,161,940.0,911.6744197637466,15.4639469999438,4809.107249000135,4487.27843032568
1776352158,32,,Aggregated,50.200000,1.100000,940,1100,1200,1300,1500,1600,1800,1900,2700,4200,4800,26276,161,940.0,910.3241986138286,15.4639469999438,4809.107249000135,4487.335401126504
1776352159,32,,Aggregated,57.800000,1.100000,940,1100,1200,1300,1500,1600,1800,1900,2700,4200,4800,26337,161,940.0,908.8552704459493,15.4639469999438,4809.107249000135,4487.399476022326
1776352160,32,,Aggregated,60.500000,1.100000,940,1100,1200,1300,1500,1600,1800,1900,2700,4200,4800,26395,161,940.0,907.4365745538532,15.4639469999438,4809.107249000135,4487.460125023678
1776352161,32,,Aggregated,61.900000,1.100000,940,1100,1200,1300,1500,1600,1800,1900,2700,4200,4800,26442,161,940.0,906.3046493649856,15.4639469999438,4809.107249000135,4487.509076469253
1776352162,32,,Aggregated,64.800000,1.100000,940,1100,1200,1300,1500,1600,1800,1900,2700,4200,4800,26503,161,940.0,904.8860503365638,15.4639469999438,4809.107249000135,4487.572350299966
1776352163,32,,Aggregated,66.300000,1.100000,940,1100,1200,1300,1500,1600,1800,1900,2700,4200,4800,26561,161,940.0,903.4392128543708,15.4639469999438,4809.107249000135,4487.632242761944
1776352164,32,,Aggregated,67.900000,1.100000,940,1100,1200,1300,1500,1600,1800,1900,2700,4200,4800,26613,161,940.0,902.1336075842614,15.4639469999438,4809.107249000135,4487.6857175064815
1776352165,32,,Aggregated,69.800000,1.100000,940,1100,1200,1300,1500,1600,1800,1900,2700,4200,4800,26676,161,940.0,900.6280681808349,15.4639469999438,4809.107249000135,4487.750224921278
1776352166,32,,Aggregated,70.200000,0.100000,940,1100,1200,1300,1500,1600,1800,1900,2700,4200,4800,26738,161,940.0,899.0930230985099,15.4639469999438,4809.107249000135,4487.813411623906
1776352167,32,,Aggregated,67.800000,0.000000,930,1100,1200,1300,1500,1600,1800,1900,2700,4200,4800,26797,161,930.0,897.6933659059954,15.4639469999438,4809.107249000135,4487.873269395828
1776352168,32,,Aggregated,62.900000,0.000000,930,1100,1200,1300,1500,1600,1800,1900,2700,4200,4800,26854,161,930.0,896.276687172934,15.4639469999438,4809.107249000135,4487.930848290757
1776352169,32,,Aggregated,57.300000,0.000000,930,1100,1200,1300,1500,1600,1800,1900,2700,4200,4800,26912,161,930.0,894.8303505945296,15.4639469999438,4809.107249000135,4487.989186979786
1776352170,32,,Aggregated,56.900000,0.000000,930,1100,1200,1300,1500,1600,1800,1900,2700,4200,4800,26971,161,930.0,893.3718305162574,15.4639469999438,4809.107249000135,4488.048274072152
1776352171,32,,Aggregated,57.500000,0.000000,930,1100,1200,1300,1500,1600,1800,1900,2700,4200,4800,27025,161,930.0,892.0727427236252,15.4639469999438,4809.107249000135,4488.102127659575
1776352172,32,,Aggregated,57.200000,0.000000,930,1100,1200,1300,1500,1600,1800,1900,2700,4200,4800,27079,161,930.0,890.9109432302141,15.4639469999438,4809.107249000135,4488.1557664610955
1776352173,32,,Aggregated,58.200000,0.000000,930,1100,1200,1300,1500,1600,1800,1900,2700,4200,4800,27132,161,930.0,889.7115848459371,15.4639469999438,4809.107249000135,4488.208204334365
1776352174,32,,Aggregated,57.100000,0.000000,930,1100,1200,1300,1500,1600,1800,1900,2700,4200,4800,27190,162,930.0,888.497642664508,15.4639469999438,4809.107249000135,4488.099301213681
1776352175,32,,Aggregated,57.700000,0.000000,930,1100,1200,1300,1500,1600,1800,1900,2700,4200,4800,27245,162,930.0,887.200765356945,15.4639469999438,4809.107249000135,4488.153606166269
1776352176,68,,Aggregated,56.400000,0.100000,920,1100,1200,1300,1500,1600,1800,1900,2700,4200,4800,27313,162,920.0,886.2003308826187,15.4639469999438,4809.107249000135,4488.220444476989
1776352177,68,,Aggregated,56.800000,0.100000,920,1100,1200,1300,1500,1600,1800,1900,2700,4200,4800,27399,162,920.0,885.0651944086271,15.4639469999438,4809.107249000135,4488.3045001642395
1776352178,68,,Aggregated,56.800000,0.100000,920,1100,1200,1300,1500,1600,1800,1900,2700,4200,4800,27476,162,920.0,884.1823730659478,15.4639469999438,4809.107249000135,4488.379312854855
1776352179,68,,Aggregated,58.700000,0.100000,920,1100,1200,1300,1500,1600,1800,1900,2700,4200,4800,27550,162,920.0,883.3818814135742,15.4639469999438,4809.107249000135,4488.450816696914
1776352180,68,,Aggregated,61.200000,0.100000,920,1100,1200,1300,1500,1600,1800,1900,2700,4200,4800,27631,162,920.0,882.4771817831045,15.4639469999438,4809.107249000135,4488.528645362093
1776352181,68,,Aggregated,62.800000,0.100000,910,1100,1200,1300,1500,1600,1800,1900,2700,4200,4800,27699,162,910.0,881.7882832766152,15.4639469999438,4809.107249000135,4488.5936315390445
1776352182,68,,Aggregated,65.800000,0.100000,910,1100,1200,1300,1500,1600,1800,1900,2700,4200,4800,27771,162,910.0,881.3919963152198,15.4639469999438,4809.107249000135,4488.662093550826
1776352183,68,,Aggregated,66.800000,0.100000,910,1100,1200,1300,1500,1600,1800,1900,2700,4200,4800,27838,162,910.0,880.7446914306337,15.4639469999438,4809.107249000135,4488.725483152525
1776352184,68,,Aggregated,68.300000,0.100000,910,1100,1200,1300,1500,1600,1800,1900,2700,4200,4800,27918,162,910.0,880.2285596840743,15.4639469999438,4809.107249000135,4488.800773694391
1776352185,68,,Aggregated,70.000000,0.100000,910,1100,1200,1300,1500,1600,1800,1900,2700,4200,4800,27981,162,910.0,879.5761522781885,15.4639469999438,4809.107249000135,4488.8597619813445
1776352186,68,,Aggregated,71.500000,0.000000,910,1100,1200,1300,1500,1600,1800,1900,2600,4200,4800,28049,162,910.0,879.4730366875467,15.4639469999438,4809.107249000135,4488.923134514599
1776352185,68,,Aggregated,68.300000,0.100000,910,1100,1200,1300,1500,1600,1800,1900,2600,4200,4800,28105,162,910.0,879.1570481656998,15.4639469999438,4809.107249000135,4488.975093399751
1776352186,68,,Aggregated,71.500000,0.000000,910,1100,1200,1300,1500,1600,1800,1900,2600,4200,4800,28168,162,910.0,879.1188088705261,15.4639469999438,4809.107249000135,4489.033300198807
1776352187,68,,Aggregated,75.800000,0.000000,910,1100,1200,1300,1500,1600,1800,1900,2600,4200,4800,28251,162,910.0,878.3495169601421,15.4639469999438,4809.107249000135,4489.109589041096
1776352188,68,,Aggregated,75.800000,0.000000,900,1100,1200,1300,1500,1600,1800,1900,2600,4200,4800,28325,162,900.0,877.4903996223468,15.4639469999438,4809.107249000135,4489.177228596646
1776352189,68,,Aggregated,87.900000,0.000000,900,1100,1200,1300,1500,1600,1800,1900,2600,4200,4800,28399,162,900.0,876.7762293798016,15.4639469999438,4809.107249000135,4489.24451565196
1776352190,68,,Aggregated,87.800000,0.000000,900,1100,1200,1300,1500,1600,1800,1900,2600,4200,4800,28481,162,900.0,875.9445404721037,15.4639469999438,4809.107249000135,4489.318668586075
1776352191,68,,Aggregated,87.400000,0.000000,900,1100,1200,1300,1500,1600,1800,1900,2600,4200,4800,28567,162,900.0,875.0324817517411,15.4639469999438,4809.107249000135,4489.3959813771135
1776352192,68,,Aggregated,87.400000,0.000000,900,1100,1200,1300,1500,1600,1800,1900,2600,4200,4800,28655,162,900.0,873.7129330135052,15.4639469999438,4809.107249000135,4489.4746117606
1776352193,68,,Aggregated,88.900000,0.000000,890,1100,1200,1300,1500,1600,1800,1900,2600,4200,4800,28749,162,890.0,872.3211161730138,15.4639469999438,4809.107249000135,4489.558071585098
1776352194,68,,Aggregated,92.300000,0.000000,890,1100,1200,1300,1500,1600,1800,1900,2600,4200,4800,28836,162,890.0,871.1326326399974,15.4639469999438,4809.107249000135,4489.634831460674
1776352195,68,,Aggregated,93.000000,0.000000,890,1100,1200,1300,1500,1600,1800,1900,2600,4200,4800,28920,162,890.0,869.9615052627232,15.4639469999438,4809.107249000135,4489.708506224067
1776352196,68,,Aggregated,95.100000,0.000000,890,1100,1200,1300,1500,1600,1800,1900,2600,4200,4800,29006,162,890.0,868.8483220037903,15.4639469999438,4809.107249000135,4489.783493070399
1776352197,68,,Aggregated,93.500000,0.000000,890,1100,1200,1300,1500,1600,1800,1900,2600,4200,4800,29095,162,890.0,867.7324862070094,15.4639469999438,4809.107249000135,4489.86062897405
1776352198,68,,Aggregated,90.800000,0.000000,880,1100,1200,1300,1500,1600,1800,1900,2600,4200,4800,29176,162,880.0,866.7111216482358,15.4639469999438,4809.107249000135,4489.930422264875
1776352199,90,,Aggregated,85.400000,0.000000,880,1100,1200,1300,1500,1600,1800,1900,2600,4200,4800,29302,200,880.0,864.7781635820395,15.4639469999438,4809.107249000135,4484.1829909221215
1776352200,90,,Aggregated,85.100000,0.000000,880,1100,1200,1300,1500,1600,1800,1900,2600,4200,4800,29439,233,880.0,862.5169445148241,15.4639469999438,4809.107249000135,4479.265260368898
1776352201,90,,Aggregated,90.600000,3.600000,880,1100,1200,1300,1500,1600,1800,1900,2600,4200,4800,29562,258,880.0,860.6382926296232,15.4639469999438,4809.107249000135,4475.595697178811
1776352202,90,,Aggregated,95.200000,6.800000,870,1100,1200,1300,1500,1600,1800,1900,2600,4200,4800,29658,279,870.0,859.3811091526718,15.4639469999438,4809.107249000135,4472.526299817924
1776352203,90,,Aggregated,98.900000,9.300000,870,1100,1200,1300,1500,1600,1800,1900,2600,4200,4800,29752,300,870.0,858.5685138013564,15.4639469999438,4809.107249000135,4469.473648830331
1776352204,90,,Aggregated,99.400000,11.600000,870,1100,1200,1300,1500,1600,1800,1900,2600,4200,4800,29816,317,870.0,858.1043875629514,15.4639469999438,4809.107249000135,4466.997082103569
1776352205,90,,Aggregated,100.400000,13.600000,870,1100,1200,1300,1500,1600,1800,1900,2600,4200,4800,29881,325,870.0,858.349183555168,15.4639469999438,4809.107249000135,4465.892707740705
1776352206,90,,Aggregated,98.800000,15.400000,870,1100,1200,1300,1500,1600,1800,1900,2600,4200,4800,29969,325,870.0,859.0399419750731,15.4639469999438,4809.107249000135,4466.036904801628
1776352207,90,,Aggregated,96.400000,16.300000,870,1100,1200,1300,1500,1600,1800,1900,2600,4200,4800,30046,325,870.0,858.9199396447104,15.4639469999438,4809.107249000135,4466.162384344006
1776352208,90,,Aggregated,96.000000,16.300000,870,1100,1200,1300,1500,1600,1800,1900,2600,4200,4800,30114,325,870.0,858.9886998098885,15.4639469999438,4809.107249000135,4466.2726638772665
1776352209,90,,Aggregated,94.400000,16.300000,870,1100,1200,1300,1500,1600,1800,1900,2600,4200,4800,30189,325,870.0,859.2817006621939,15.4639469999438,4809.107249000135,4466.3937195667295
1776352210,90,,Aggregated,94.100000,16.300000,870,1100,1200,1300,1500,1600,1800,1900,2600,4200,4800,30273,325,870.0,859.3408939917409,15.4639469999438,4809.107249000135,4466.528589832524
1776352211,90,,Aggregated,88.800000,12.700000,870,1100,1200,1300,1500,1600,1800,1900,2600,4200,4800,30352,325,870.0,859.1054872575769,15.4639469999438,4809.107249000135,4466.654750922509
1776352212,90,,Aggregated,83.400000,9.500000,870,1100,1200,1300,1500,1600,1800,1900,2600,4200,4800,30452,325,870.0,858.8071298981667,15.4639469999438,4809.107249000135,4466.813509785892
1776352213,90,,Aggregated,79.300000,7.000000,870,1100,1200,1300,1500,1600,1800,1900,2600,4200,4800,30531,325,870.0,858.4052065333589,15.4639469999438,4809.107249000135,4466.938193966788
1776352214,90,,Aggregated,78.500000,4.700000,870,1100,1200,1300,1500,1600,1800,1900,2600,4200,4800,30609,325,870.0,858.3477769554368,15.4639469999438,4809.107249000135,4467.060668430854
1776352215,90,,Aggregated,77.200000,2.700000,880,1100,1200,1300,1500,1600,1800,1900,2600,4200,4800,30693,325,880.0,858.1916115285233,15.4639469999438,4809.107249000135,4467.191867852604
1776352216,90,,Aggregated,78.400000,0.900000,880,1100,1200,1300,1500,1600,1800,1900,2600,4200,4800,30785,325,880.0,858.2274838839684,15.4639469999438,4809.107249000135,4467.334740945265
1776352217,90,,Aggregated,80.100000,0.000000,870,1100,1200,1300,1500,1600,1800,1900,2600,4200,4800,30888,325,870.0,857.236986485851,15.4639469999438,4809.107249000135,4467.493686868687
1776352215,90,,Aggregated,77.200000,2.700000,870,1100,1200,1300,1500,1600,1800,1900,2600,4200,4800,30996,325,870.0,856.2626270691039,15.4639469999438,4809.107249000135,4467.659214092141
1776352216,90,,Aggregated,78.400000,0.900000,870,1100,1200,1300,1500,1600,1800,1900,2600,4200,4800,31104,325,870.0,855.1095655151404,15.4639469999438,4809.107249000135,4467.8235918209875
1776352217,90,,Aggregated,83.300000,0.000000,870,1100,1200,1300,1500,1600,1800,1900,2600,4200,4800,31198,325,870.0,854.1859816476992,15.4639469999438,4809.107249000135,4467.965734983011
1776352218,90,,Aggregated,94.300000,0.000000,860,1100,1200,1300,1500,1600,1800,1900,2600,4200,4800,31307,325,860.0,853.4257497148851,15.4639469999438,4809.107249000135,4468.129491806944
1776352219,90,,Aggregated,108.500000,0.000000,860,1100,1200,1300,1500,1600,1800,1900,2600,4200,4800,31403,325,860.0,852.4267497928828,15.4639469999438,4809.107249000135,4468.272776486323
1776352220,125,,Aggregated,111.800000,0.000000,860,1100,1200,1300,1500,1600,1800,1900,2600,4200,4800,31520,325,860.0,851.5113545011385,15.4639469999438,4809.107249000135,4468.44622461929
1776352221,125,,Aggregated,115.500000,0.000000,860,1100,1200,1300,1500,1600,1700,1900,2600,4200,4800,31650,325,860.0,850.4544329947511,15.4639469999438,4809.107249000135,4468.637440758293
1776352222,125,,Aggregated,117.000000,0.000000,860,1100,1200,1300,1500,1600,1800,1900,2600,4200,4800,31772,325,860.0,850.0877862204414,15.4639469999438,4809.107249000135,4468.8154664484455
1776352223,125,,Aggregated,121.500000,0.000000,860,1100,1200,1300,1500,1600,1800,1900,2600,4200,4800,31897,325,860.0,849.6282828437113,15.4639469999438,4809.107249000135,4468.996457347086
1776352224,125,,Aggregated,125.800000,0.000000,860,1100,1200,1300,1400,1600,1800,1900,2600,4200,4800,32035,325,860.0,848.9785277651278,15.4639469999438,4809.107249000135,4469.194630872483
1776352225,125,,Aggregated,129.600000,0.000000,860,1100,1200,1300,1400,1600,1800,1900,2600,4200,4800,32180,325,860.0,847.889719244122,15.4639469999438,4809.107249000135,4469.401025481666
1776352226,125,,Aggregated,134.500000,0.000000,860,1100,1200,1300,1400,1600,1700,1900,2600,4200,4800,32317,325,860.0,846.8321084900157,15.4639469999438,4809.107249000135,4469.594331156976
1776352227,125,,Aggregated,137.000000,0.000000,860,1100,1200,1300,1400,1600,1700,1900,2600,4200,4800,32462,325,860.0,845.6631312981588,15.4639469999438,4809.107249000135,4469.797147433923
1776352228,125,,Aggregated,131.900000,0.000000,860,1100,1200,1300,1400,1600,1700,1900,2600,4200,4800,32611,325,860.0,844.3431433607628,15.4639469999438,4809.107249000135,4470.003679739965
1776352229,125,,Aggregated,124.400000,0.000000,860,1100,1200,1300,1400,1600,1700,1900,2600,4200,4800,32756,325,860.0,843.0319451759932,15.4639469999438,4809.107249000135,4470.202863597508
1776352230,125,,Aggregated,127.900000,0.000000,850,1100,1200,1300,1400,1600,1700,1900,2600,4200,4800,32899,325,850.0,841.8318338756447,15.4639469999438,4809.107249000135,4470.397580473571
1776352231,125,,Aggregated,131.200000,0.000000,850,1100,1200,1300,1400,1600,1700,1900,2500,4200,4800,33040,325,850.0,840.6043491400983,15.4639469999438,4809.107249000135,4470.587923728814
1776352232,125,,Aggregated,136.400000,0.000000,850,1100,1200,1300,1400,1600,1700,1900,2500,4200,4800,33186,325,850.0,839.472520095849,15.4639469999438,4809.107249000135,4470.783312240102
1776352233,125,,Aggregated,138.500000,0.000000,850,1100,1200,1300,1400,1600,1700,1900,2500,4200,4800,33320,325,850.0,838.4526221658414,15.4639469999438,4809.107249000135,4470.961134453782
1776352234,125,,Aggregated,138.100000,0.000000,850,1100,1200,1200,1400,1600,1700,1900,2500,4200,4800,33448,325,850.0,837.5242338626169,15.4639469999438,4809.107249000135,4471.129663955991
1776352235,125,,Aggregated,140.700000,0.000000,850,1100,1200,1200,1400,1600,1700,1900,2500,4200,4800,33592,325,850.0,836.5322118242387,15.4639469999438,4809.107249000135,4471.317724458204
1776352236,125,,Aggregated,140.600000,0.000000,850,1100,1200,1200,1400,1600,1700,1900,2500,4200,4800,33733,325,850.0,835.7170933010049,15.4639469999438,4809.107249000135,4471.500311267898
1776352237,125,,Aggregated,141.400000,0.000000,850,1100,1200,1200,1400,1600,1700,1900,2500,4200,4800,33857,325,850.0,834.973622187636,15.4639469999438,4809.107249000135,4471.659627255811
1776352238,125,,Aggregated,140.800000,0.000000,850,1100,1200,1200,1400,1600,1700,1900,2500,4200,4800,34000,325,850.0,834.0878303219057,15.4639469999438,4809.107249000135,4471.841911764706
1776352239,125,,Aggregated,140.000000,0.000000,850,1100,1200,1200,1400,1600,1700,1900,2500,4200,4800,34149,325,850.0,832.9392957212158,15.4639469999438,4809.107249000135,4472.030220504261
1776352240,125,,Aggregated,139.600000,0.000000,850,1100,1200,1200,1400,1600,1700,1900,2500,4200,4800,34299,325,850.0,831.865028755206,15.4639469999438,4809.107249000135,4472.218140470568
1776352241,125,,Aggregated,139.300000,0.000000,850,1100,1200,1200,1400,1600,1700,1900,2500,4200,4800,34421,325,850.0,830.8635905958519,15.4639469999438,4809.107249000135,4472.36977426571
1776352242,125,,Aggregated,138.700000,0.000000,850,1100,1200,1200,1400,1600,1700,1900,2500,4200,4800,34542,325,850.0,830.5342399830292,15.4639469999438,4809.107249000135,4472.519107173875
1776352243,125,,Aggregated,138.300000,0.000000,850,1100,1200,1200,1400,1600,1700,1900,2500,4200,4800,34679,325,850.0,829.8704918294872,15.4639469999438,4809.107249000135,4472.686928688832
1776352244,125,,Aggregated,136.500000,0.000000,850,1100,1200,1200,1400,1600,1700,1900,2500,4200,4800,34811,325,850.0,829.1171584364935,15.4639469999438,4809.107249000135,4472.8473758294795
1776352245,165,,Aggregated,135.000000,0.000000,850,1100,1200,1200,1400,1600,1700,1900,2500,4200,4800,34975,325,850.0,828.041037893918,15.4639469999438,4809.107249000135,4473.045032165833
1776352246,167,,Aggregated,135.900000,0.000000,850,1100,1200,1200,1400,1600,1700,1900,2500,4200,4800,35156,325,850.0,826.554903140396,15.4639469999438,4809.107249000135,4473.261036522927
1776352245,167,,Aggregated,135.000000,0.000000,840,1100,1200,1200,1400,1600,1700,1900,2700,4200,4800,35340,325,840.0,825.9928011932584,15.4639469999438,4809.107249000135,4473.478353140917
1776352246,167,,Aggregated,135.900000,0.000000,840,1100,1200,1200,1400,1600,1700,1900,2700,4200,4800,35527,325,840.0,824.7163161024504,15.4639469999438,4809.107249000135,4473.696906578096
1776352247,167,,Aggregated,141.200000,0.000000,840,1100,1200,1200,1400,1600,1700,1900,2700,4200,4800,35739,325,840.0,823.1405408227083,15.4639469999438,4809.107249000135,4473.941912196759
1776352248,167,,Aggregated,163.300000,0.000000,840,1000,1200,1200,1400,1600,1700,1900,2700,4200,4800,35931,325,840.0,821.6174290937839,15.4639469999438,4809.107249000135,4474.161309175921
1776352249,167,,Aggregated,187.700000,0.000000,840,1000,1200,1200,1400,1600,1700,1900,2700,4200,4800,36149,325,840.0,819.9583461043117,15.4639469999438,4809.107249000135,4474.407590804725
1776352250,167,,Aggregated,193.900000,0.000000,840,1000,1200,1200,1400,1600,1700,1900,2700,4200,4800,36324,325,840.0,818.4389926369273,15.4639469999438,4809.107249000135,4474.603154938884
1776352251,167,,Aggregated,200.500000,0.000000,840,1000,1200,1200,1400,1600,1700,1900,2700,4200,4800,36509,325,840.0,817.2822251736212,15.4639469999438,4809.107249000135,4474.80785559725
1776352252,167,,Aggregated,209.200000,0.000000,830,1000,1200,1200,1400,1600,1700,1900,2700,4200,4800,36696,325,830.0,816.2900729966673,15.4639469999438,4809.107249000135,4475.012671680837
1776352253,167,,Aggregated,211.800000,0.000000,830,1000,1200,1200,1400,1600,1700,1900,2700,4200,4800,36888,325,830.0,815.4073963333792,15.4639469999438,4809.107249000135,4475.220803513338
1776352254,167,,Aggregated,220.100000,0.000000,830,1000,1200,1200,1400,1600,1700,1900,2700,4200,4800,37109,325,830.0,813.4894296111368,15.4639469999438,4809.107249000135,4475.457705677868
1776352255,167,,Aggregated,225.900000,0.000000,830,1000,1200,1200,1400,1600,1700,1900,2700,4200,4800,37328,325,830.0,811.3799329806491,15.4639469999438,4809.107249000135,4475.689696742392
1776352256,167,,Aggregated,232.800000,0.000000,830,1000,1200,1200,1400,1600,1700,1900,2700,4200,4800,37530,325,830.0,809.8537692752375,15.4639469999438,4809.107249000135,4475.9012789768185
1776352257,167,,Aggregated,235.500000,0.000000,830,1000,1200,1200,1400,1600,1700,1900,2700,4200,4800,37738,325,830.0,808.1523179179255,15.4639469999438,4809.107249000135,4476.116778843606
1776352258,167,,Aggregated,219.400000,0.000000,830,1000,1200,1200,1400,1600,1700,1900,2700,4200,4800,37926,325,830.0,806.9198130255679,15.4639469999438,4809.107249000135,4476.309523809524
1776352259,167,,Aggregated,202.300000,0.000000,830,1000,1200,1200,1400,1600,1700,1900,2700,4200,4800,38120,325,820.0,805.4742989948238,15.4639469999438,4809.107249000135,4476.506427072403
1776352260,167,,Aggregated,201.700000,0.000000,820,1000,1200,1200,1400,1600,1700,1900,2700,4200,4800,38330,325,820.0,803.9599219443434,15.4639469999438,4809.107249000135,4476.7173232455
1776352261,167,,Aggregated,201.100000,0.000000,820,1000,1200,1200,1400,1600,1700,1800,2700,4200,4800,38538,325,820.0,802.437115894849,15.4639469999438,4809.107249000135,4476.923945196949
1776352262,167,,Aggregated,198.200000,0.000000,820,1000,1200,1200,1400,1600,1700,1800,2700,4200,4800,38718,325,820.0,801.2385169693604,15.4639469999438,4809.107249000135,4477.100960793429
1776352263,167,,Aggregated,201.500000,0.000000,820,1000,1200,1200,1400,1600,1700,1800,2700,4200,4800,38916,325,820.0,799.9001997103937,15.4639469999438,4809.107249000135,4477.29378661733
1776352264,167,,Aggregated,201.600000,0.000000,820,1000,1200,1200,1400,1600,1700,1800,2700,4200,4800,39091,325,820.0,799.0288400434292,15.4639469999438,4809.107249000135,4477.462587296309
1776352265,167,,Aggregated,202.400000,0.000000,810,1000,1200,1200,1400,1600,1700,1800,2700,4200,4800,39293,325,810.0,798.248916981948,15.4639469999438,4809.107249000135,4477.6555620594
1776352266,167,,Aggregated,198.800000,0.000000,810,1000,1200,1200,1400,1600,1700,1800,2700,4200,4800,39486,325,810.0,797.0599042111298,15.4639469999438,4809.107249000135,4477.838094514512
1776352267,167,,Aggregated,195.700000,0.000000,810,1000,1200,1200,1400,1600,1700,1800,2700,4200,4800,39719,325,810.0,795.612769343631,15.4639469999438,4809.107249000135,4478.056094060777
1776352268,207,,Aggregated,196.300000,0.000000,800,1000,1200,1200,1400,1600,1700,1800,2700,4200,4800,39981,325,800.0,793.0433895805428,15.4639469999438,4809.107249000135,4478.29819164103
1776352269,247,,Aggregated,196.400000,0.000000,800,1000,1200,1200,1400,1600,1700,1800,2600,3800,4800,40309,325,800.0,790.1770264532659,15.4639469999438,4809.107249000135,4478.596839415515
1776352270,287,,Aggregated,202.100000,0.000000,790,1000,1200,1200,1400,1600,1700,1800,2600,3800,4800,40681,325,790.0,786.853831087084,15.4639469999438,4809.107249000135,4478.929721491605
1776352271,287,,Aggregated,213.000000,0.000000,790,1000,1100,1200,1400,1600,1700,1800,2600,3800,4800,41060,325,790.0,783.5296176954868,15.4639469999438,4809.107249000135,4479.26266439357
1776352272,287,,Aggregated,228.400000,0.000000,780,1000,1100,1200,1400,1600,1700,1800,2600,3800,4800,41423,325,780.0,780.8006519042009,15.4639469999438,4809.107249000135,4479.575839509452
1776352273,287,,Aggregated,244.800000,0.000000,780,1000,1100,1200,1400,1600,1700,1800,2600,3800,4800,41809,325,780.0,778.0523043051427,15.4639469999438,4809.107249000135,4479.902891721878
1776352274,287,,Aggregated,261.300000,0.000000,770,1000,1100,1200,1400,1500,1700,1800,2600,3800,4800,42212,325,770.0,774.7596351209314,15.4639469999438,4809.107249000135,4480.237965507438
1776352275,287,,Aggregated,279.800000,0.000000,760,1000,1100,1200,1400,1500,1700,1800,2600,3800,4800,42620,325,760.0,771.4457338244437,15.4639469999438,4809.107249000135,4480.570741435946
1776352276,287,,Aggregated,301.400000,0.000000,760,1000,1100,1200,1400,1500,1700,1800,2500,3800,4800,43022,325,760.0,768.089288261768,15.4639469999438,4809.107249000135,4480.892450374227
1776352274,287,,Aggregated,261.300000,0.000000,750,1000,1100,1200,1400,1500,1700,1800,2500,3800,4800,43435,325,750.0,764.4957728389043,15.4639469999438,4809.107249000135,4481.2167606768735
1776352275,287,,Aggregated,279.800000,0.000000,740,1000,1100,1200,1400,1500,1700,1800,2500,3800,4800,43806,325,740.0,761.6657584546598,15.4639469999438,4809.107249000135,4481.502876318313
1776352276,287,,Aggregated,301.400000,0.000000,740,1000,1100,1200,1400,1500,1700,1800,2500,3800,4800,44189,325,740.0,759.161542344244,15.4639469999438,4809.107249000135,4481.793206454095
1776352277,287,,Aggregated,337.400000,0.000000,730,990,1100,1200,1400,1500,1700,1800,2500,3800,4800,44553,325,730.0,756.8759015962057,15.4639469999438,4809.107249000135,4482.064507440577
1776352278,287,,Aggregated,393.000000,0.000000,730,990,1100,1200,1400,1500,1700,1800,2500,3800,4800,44949,325,730.0,754.0914593197363,15.4639469999438,4809.107249000135,4482.354668624441
1776352279,287,,Aggregated,450.200000,0.000000,720,990,1100,1200,1400,1500,1700,1800,2500,3800,4800,45299,325,720.0,751.9938647785341,15.4639469999438,4809.107249000135,4482.606900814588
1776352280,287,,Aggregated,470.300000,0.000000,720,990,1100,1200,1400,1500,1700,1800,2500,3800,4800,45653,325,720.0,750.2428480686672,15.4639469999438,4809.107249000135,4482.858081615666
1776352281,287,,Aggregated,478.800000,0.000000,710,990,1100,1200,1400,1500,1700,1800,2500,3800,4800,46050,325,710.0,747.7533345982818,15.4639469999438,4809.107249000135,4483.135179153094
1776352282,287,,Aggregated,477.800000,0.000000,710,990,1100,1200,1400,1500,1700,1800,2500,3800,4800,46459,325,710.0,745.0258759312708,15.4639469999438,4809.107249000135,4483.415699864397
1776352283,287,,Aggregated,477.400000,0.000000,700,980,1100,1200,1400,1500,1700,1800,2500,3800,4800,46857,325,700.0,742.2571253478866,15.4639469999438,4809.107249000135,4483.683974646264
1776352284,287,,Aggregated,480.800000,0.000000,700,980,1100,1200,1400,1500,1700,1800,2500,3800,4800,47283,325,700.0,739.1112906799264,15.4639469999438,4809.107249000135,4483.966118901085
1776352285,287,,Aggregated,482.900000,0.000000,690,970,1100,1200,1400,1500,1700,1800,2500,3800,4800,47683,325,690.0,736.2054192298293,15.4639469999438,4809.107249000135,4484.226453872449
1776352286,287,,Aggregated,483.900000,0.000000,690,970,1100,1200,1400,1500,1700,1800,2500,3800,4800,48080,325,690.0,733.4994385089011,15.4639469999438,4809.107249000135,4484.480553244593
1776352287,287,,Aggregated,470.200000,0.000000,680,970,1100,1200,1400,1500,1700,1800,2500,3800,4800,48468,325,680.0,731.1883027772545,15.4639469999438,4809.107249000135,4484.724870017331
1776352288,287,,Aggregated,435.200000,0.000000,670,960,1100,1200,1400,1500,1700,1800,2500,3800,4800,48887,325,670.0,728.4563217318105,15.4639469999438,4809.107249000135,4484.984351668133
1776352289,287,,Aggregated,397.000000,0.000000,670,960,1100,1200,1400,1500,1700,1800,2500,3800,4800,49302,325,670.0,725.4545166430779,15.4639469999438,4809.107249000135,4485.237008640623
1776352290,327,,Aggregated,390.000000,0.000000,660,960,1100,1200,1400,1500,1700,1800,2500,3800,4800,49759,352,660.0,722.5200589080375,15.4639469999438,4809.107249000135,4483.060451375631
1776352291,367,,Aggregated,392.800000,0.000000,660,950,1100,1200,1400,1500,1700,1800,2500,3300,4800,50225,356,660.0,720.1612437291195,15.4639469999438,4809.107249000135,4482.997212543554
1776352292,407,,Aggregated,398.700000,0.000000,650,950,1100,1200,1300,1500,1700,1800,2500,3300,4800,50780,368,650.0,717.0329030989959,15.4639469999438,4809.107249000135,4482.280031508468
1776352293,432,,Aggregated,408.000000,2.700000,640,950,1100,1200,1300,1500,1700,1800,2500,3300,4800,51262,371,640.0,714.6119842696163,15.4639469999438,4809.107249000135,4482.323455971285
1776352294,432,,Aggregated,415.100000,3.100000,630,950,1100,1200,1300,1500,1700,1800,2500,3300,4800,51784,371,630.0,713.2689772348238,15.4639469999438,4809.107249000135,4482.652846439055
1776352295,432,,Aggregated,430.400000,4.300000,620,940,1100,1200,1300,1500,1700,1800,2500,3300,4800,52350,371,620.0,711.1863209317489,15.4639469999438,4809.107249000135,4483.0025787965615
1776352297,432,,Aggregated,449.600000,4.600000,610,940,1100,1200,1300,1500,1700,1800,2500,3300,4800,52913,371,610.0,708.3480202090805,15.4639469999438,4809.107249000135,4483.343034792962
1776352298,432,,Aggregated,465.300000,4.600000,610,940,1100,1200,1300,1500,1700,1800,2500,3300,4800,53417,371,610.0,706.7700570315642,15.4639469999438,4809.107249000135,4483.641724544621
1776352299,432,,Aggregated,481.200000,4.600000,610,940,1100,1200,1300,1500,1700,1800,2500,3300,4800,53895,371,610.0,705.6200640773175,15.4639469999438,4809.107249000135,4483.919844141386
1776352300,432,,Aggregated,493.300000,4.600000,610,940,1100,1200,1300,1500,1700,1800,2500,3300,4800,54336,371,610.0,705.1520233723505,15.4639469999438,4809.107249000135,4484.172095848056
1776352301,432,,Aggregated,498.200000,4.600000,600,930,1100,1200,1300,1500,1700,1800,2500,3300,4800,54834,371,600.0,704.7900828165548,15.4639469999438,4809.107249000135,4484.452073531021
1776352302,432,,Aggregated,502.400000,4.600000,600,930,1100,1100,1300,1500,1700,1800,2500,3300,4800,55387,371,600.0,702.6193771283151,15.4639469999438,4809.107249000135,4484.757072959359
1776352303,432,,Aggregated,506.700000,1.900000,590,930,1100,1100,1300,1500,1700,1800,2500,3300,4800,55962,371,590.0,700.0009636140593,15.4639469999438,4809.107249000135,4485.0678138737
1776352304,432,,Aggregated,514.400000,1.500000,580,930,1100,1100,1300,1500,1700,1800,2500,3300,4800,56547,371,580.0,697.5308151931138,15.4639469999438,4809.107249000135,4485.377473606027
1776352305,432,,Aggregated,516.000000,0.300000,560,920,1100,1100,1300,1500,1700,1800,2500,3300,4800,57117,371,560.0,695.0177066653706,15.4639469999438,4809.107249000135,4485.673092074164
1776352306,432,,Aggregated,525.500000,0.000000,550,920,1100,1100,1300,1500,1700,1800,2500,3300,4800,57674,371,550.0,692.774696111489,15.4639469999438,4809.107249000135,4485.956323473316
1776352309,432,,Aggregated,535.500000,0.000000,540,920,1100,1100,1300,1500,1700,1800,2500,3300,4800,58265,371,540.0,690.248603447869,15.4639469999438,4809.107249000135,4486.250922509225
1776352305,432,,Aggregated,516.000000,0.300000,540,920,1100,1100,1300,1500,1700,1800,2500,3300,4800,58837,371,540.0,688.0711871202652,15.4639469999438,4809.107249000135,4486.530414535071
1776352306,432,,Aggregated,525.500000,0.000000,530,910,1000,1100,1300,1500,1700,1800,2500,3300,4800,59444,371,530.0,685.2427851330855,15.4639469999438,4809.107249000135,4486.821125765427
1776352307,432,,Aggregated,555.400000,0.000000,520,910,1000,1100,1300,1500,1600,1800,2500,3200,4800,60029,371,520.0,682.8923941082996,15.4639469999438,4809.107249000135,4487.095737060421
1776352308,432,,Aggregated,612.400000,0.000000,510,910,1000,1100,1300,1500,1600,1800,2500,3200,4800,60640,371,510.0,680.3035504805601,15.4639469999438,4809.107249000135,4487.376896437995
1776352309,432,,Aggregated,669.600000,0.000000,510,900,1000,1100,1300,1500,1600,1800,2500,3200,4800,61231,371,510.0,677.9936237596507,15.4639469999438,4809.107249000135,4487.643513906354
1776352310,432,,Aggregated,679.800000,0.000000,500,900,1000,1100,1300,1500,1600,1800,2500,3200,4800,61817,371,500.0,675.6955604737062,15.4639469999438,4809.107249000135,4487.90284226022
1776352311,432,,Aggregated,691.100000,0.000000,500,900,1000,1100,1300,1500,1600,1800,2500,3200,4800,62364,371,500.0,673.7483685528688,15.4639469999438,4809.107249000135,4488.140513757938
1776352312,432,,Aggregated,715.300000,0.000000,490,900,1000,1100,1300,1500,1600,1800,2500,3200,4800,62977,371,490.0,671.6893454242206,15.4639469999438,4809.107249000135,4488.4019562697495
1776352313,472,,Aggregated,723.900000,0.000000,480,890,1000,1100,1300,1500,1600,1800,2500,3200,4800,63646,371,480.0,668.9261184910463,15.4639469999438,4809.107249000135,4488.681535367501
1776352314,486,,Aggregated,725.900000,0.000000,480,880,1000,1100,1300,1500,1600,1800,2500,3200,4800,64332,371,480.0,665.8603089233533,15.4639469999438,4809.107249000135,4488.962180563328
1776352315,486,,Aggregated,728.200000,0.000000,470,880,1000,1100,1300,1500,1600,1800,2500,3200,4800,65037,371,470.0,663.0832768401694,15.4639469999438,4809.107249000135,4489.244430093639
1776352316,486,,Aggregated,740.300000,0.000000,470,880,1000,1100,1300,1500,1600,1800,2500,3200,4800,65698,371,470.0,660.7803183775006,15.4639469999438,4809.107249000135,4489.503561752261
1776352317,486,,Aggregated,726.500000,0.000000,470,870,1000,1100,1300,1500,1600,1800,2500,3200,4800,66322,371,470.0,659.0054872361233,15.4639469999438,4809.107249000135,4489.743448629414
1776352318,486,,Aggregated,680.400000,0.000000,460,870,1000,1100,1300,1500,1600,1800,2500,3200,4800,67018,371,460.0,656.5084259747537,15.4639469999438,4809.107249000135,4490.0057447252975
1776352319,486,,Aggregated,632.500000,0.000000,460,860,1000,1100,1300,1500,1600,1800,2500,3200,4800,67745,371,460.0,653.5555287040082,15.4639469999438,4809.107249000135,4490.273968558565
1776352320,486,,Aggregated,639.100000,0.000000,450,860,1000,1100,1300,1500,1600,1800,2400,3200,4800,68443,371,450.0,650.5222538513659,15.4639469999438,4809.107249000135,4490.526131233289
1776352321,486,,Aggregated,650.400000,0.000000,450,860,1000,1100,1300,1400,1600,1700,2400,3200,4800,69113,371,450.0,647.9791981087219,15.4639469999438,4809.107249000135,4490.76338749584
1776352322,486,,Aggregated,654.600000,0.000000,440,850,1000,1100,1300,1400,1600,1700,2400,3200,4800,69771,371,440.0,646.1005281302572,15.4639469999438,4809.107249000135,4490.99195941007
1776352323,486,,Aggregated,667.100000,0.000000,440,850,1000,1100,1300,1400,1600,1700,2400,3200,4800,70283,371,440.0,645.3976112031381,15.4639469999438,4809.107249000135,4491.166854004525
1776352324,486,,Aggregated,673.900000,0.000000,440,840,1000,1100,1300,1400,1600,1800,2400,3200,4800,70869,371,440.0,644.5140350572776,15.4639469999438,4809.107249000135,4491.363924988359
1776352325,486,,Aggregated,674.400000,0.000000,440,840,1000,1100,1300,1400,1600,1800,2400,3200,4800,71505,371,440.0,643.7140279669966,15.4639469999438,4809.107249000135,4491.57415565345
1776352326,486,,Aggregated,657.300000,0.000000,440,840,990,1100,1300,1400,1600,1800,2400,3200,4800,72145,371,440.0,642.0573417469959,15.4639469999438,4809.107249000135,4491.781966872271
1776352327,486,,Aggregated,650.300000,0.000000,440,830,990,1100,1300,1400,1600,1800,2400,3200,4800,72847,371,440.0,640.1967973483324,15.4639469999438,4809.107249000135,4492.005710598926
1776352328,486,,Aggregated,645.700000,0.000000,430,830,990,1100,1300,1400,1600,1800,2400,3200,4800,73514,371,430.0,637.9095352469054,15.4639469999438,4809.107249000135,4492.214340125691
1776352329,486,,Aggregated,645.100000,0.000000,430,820,990,1100,1300,1400,1600,1800,2400,3200,4800,74245,371,430.0,635.7623936728944,15.4639469999438,4809.107249000135,4492.438682739578
1776352330,486,,Aggregated,647.600000,0.000000,420,820,980,1100,1300,1400,1600,1800,2400,3200,4800,74950,371,420.0,633.1240323317962,15.4639469999438,4809.107249000135,4492.6509006004
1776352331,486,,Aggregated,646.700000,0.000000,420,810,980,1100,1300,1400,1600,1800,2400,3200,4800,75611,371,420.0,631.3737064741792,15.4639469999438,4809.107249000135,4492.846278980572
1776352332,486,,Aggregated,647.700000,0.000000,420,810,980,1100,1300,1400,1600,1800,2400,3200,4800,76270,371,420.0,629.4144815362293,15.4639469999438,4809.107249000135,4493.037695030812
1776352333,486,,Aggregated,642.600000,0.000000,420,800,980,1100,1300,1400,1600,1800,2400,3200,4800,76983,371,420.0,627.5696811333314,15.4639469999438,4809.107249000135,4493.241105179066
1776352334,486,,Aggregated,648.200000,0.000000,420,800,970,1100,1300,1400,1600,1700,2400,3200,4800,77615,371,420.0,626.0094373343978,15.4639469999438,4809.107249000135,4493.418282548477
1776352335,486,,Aggregated,652.300000,0.000000,410,790,970,1100,1300,1400,1600,1700,2400,3200,4800,78279,371,410.0,624.5478903756476,15.4639469999438,4809.107249000135,4493.601349020811
1776352336,486,,Aggregated,669.000000,0.000000,410,790,970,1100,1300,1400,1600,1700,2400,3200,4800,78967,371,410.0,622.7786222420417,15.4639469999438,4809.107249000135,4493.787784770853
1776352335,486,,Aggregated,652.300000,0.000000,410,780,970,1100,1300,1400,1600,1700,2400,3200,4800,79565,371,410.0,621.3107378681872,15.4639469999438,4809.107249000135,4493.947212970527
1776352336,480,,Aggregated,669.000000,0.000000,410,780,970,1100,1300,1400,1600,1700,2400,3200,4800,80179,371,410.0,620.6778828817816,15.4639469999438,4809.107249000135,4494.108432382544
1776352337,480,,Aggregated,690.100000,0.000000,410,770,960,1100,1300,1400,1600,1700,2400,3200,4800,80836,371,410.0,619.2973818602654,15.4639469999438,4809.107249000135,4494.2782299965365
1776352338,480,,Aggregated,753.200000,0.000000,410,770,960,1000,1300,1400,1600,1700,2400,3200,4800,81518,371,410.0,617.3955442793671,15.4639469999438,4809.107249000135,4494.451593513089
1776352339,480,,Aggregated,819.600000,0.000000,400,760,960,1000,1300,1400,1600,1700,2400,3200,4800,82237,371,400.0,615.382941298472,15.4639469999438,4809.107249000135,4494.631248708002
1776352340,480,,Aggregated,831.200000,0.000000,400,750,960,1000,1300,1400,1600,1700,2400,3200,4800,82925,371,400.0,613.5616201527448,15.4639469999438,4809.107249000135,4494.800241181791
1776352341,480,,Aggregated,834.300000,0.000000,400,750,960,1000,1200,1400,1600,1700,2400,3200,4800,83592,371,400.0,611.9725562125124,15.4639469999438,4809.107249000135,4494.961419753086
1776352342,480,,Aggregated,828.700000,0.000000,400,740,950,1000,1200,1400,1600,1700,2400,3200,4800,84281,371,400.0,610.3285332080694,15.4639469999438,4809.107249000135,4495.125235818275
1776352343,480,,Aggregated,829.100000,0.000000,390,740,950,1000,1200,1400,1600,1700,2400,3200,4800,84995,371,390.0,608.4901630815144,15.4639469999438,4809.107249000135,4495.292193658451
1776352344,480,,Aggregated,827.500000,0.000000,390,730,950,1000,1200,1400,1600,1700,2400,3200,4800,85677,371,390.0,606.6059645298196,15.4639469999438,4809.107249000135,4495.4490703456
1776352345,480,,Aggregated,833.600000,0.000000,390,730,950,1000,1200,1400,1600,1700,2400,3200,4800,86340,371,390.0,605.1132363860934,15.4639469999438,4809.107249000135,4495.599200833913
1776352346,480,,Aggregated,834.700000,0.000000,390,720,940,1000,1200,1400,1600,1700,2400,3200,4800,87035,371,390.0,603.5371178035197,15.4639469999438,4809.107249000135,4495.754121904981
1776352347,480,,Aggregated,820.300000,0.000000,390,720,940,1000,1200,1400,1600,1700,2400,3200,4800,87575,371,390.0,602.9860896945631,15.4639469999438,4809.107249000135,4495.872794747359
1776352348,480,,Aggregated,761.200000,0.000000,390,710,940,1000,1200,1400,1600,1700,2400,3200,4800,88240,371,390.0,602.060465765451,15.4639469999438,4809.107249000135,4496.016942429737
1776352349,480,,Aggregated,685.000000,0.000000,390,710,940,1000,1200,1400,1600,1700,2400,3200,4800,88921,371,390.0,600.7084225355803,15.4639469999438,4809.107249000135,4496.162323860505
1776352350,480,,Aggregated,667.700000,0.000000,390,700,940,1000,1200,1400,1600,1700,2400,3200,4800,89613,371,390.0,599.1445925488416,15.4639469999438,4809.107249000135,4496.307790164374
1776352351,480,,Aggregated,663.300000,0.000000,380,690,940,1000,1200,1400,1600,1700,2400,3200,4800,90265,371,380.0,597.7627757961926,15.4639469999438,4809.107249000135,4496.442807289647
1776352352,480,,Aggregated,663.300000,0.000000,380,690,940,1000,1200,1400,1600,1700,2400,3200,4800,90902,371,380.0,596.7112361871056,15.4639469999438,4809.107249000135,4496.57284768212
1776352353,480,,Aggregated,664.600000,0.000000,380,680,930,1000,1200,1400,1600,1700,2400,3200,4800,91520,371,380.0,595.7650422050835,15.4639469999438,4809.107249000135,4496.697279283217
1776352354,480,,Aggregated,659.300000,0.000000,380,680,930,1000,1200,1400,1600,1700,2400,3200,4800,92186,371,380.0,594.8904771838916,15.4639469999438,4809.107249000135,4496.829507734363
1776352355,480,,Aggregated,653.500000,0.000000,380,670,930,1000,1200,1400,1600,1700,2400,3200,4800,92816,371,380.0,593.8715190475925,15.4639469999438,4809.107249000135,4496.9528421823825
1776352356,480,,Aggregated,644.300000,0.000000,380,670,930,1000,1200,1400,1600,1700,2400,3200,4800,93478,371,380.0,592.7519594894233,15.4639469999438,4809.107249000135,4497.080649992512
1776352357,480,,Aggregated,643.600000,0.000000,380,660,930,1000,1200,1400,1600,1700,2400,3200,4800,94118,371,380.0,591.8832673783583,15.4639469999438,4809.107249000135,4497.202501115621
1776352358,480,,Aggregated,641.500000,0.000000,380,660,930,1000,1200,1400,1600,1700,2400,3200,4800,94772,371,380.0,590.7614214520668,15.4639469999438,4809.107249000135,4497.325317604355
1776352359,480,,Aggregated,650.800000,0.000000,380,650,930,1000,1200,1400,1600,1700,2300,3200,4800,95373,371,380.0,589.717252883901,15.4639469999438,4809.107249000135,4497.436695920229
1776352360,480,,Aggregated,651.500000,0.000000,380,650,930,1000,1200,1400,1600,1700,2300,3200,4800,95955,371,380.0,589.4005804736837,15.4639469999438,4809.107249000135,4497.543223385962
1776352361,520,,Aggregated,646.300000,0.000000,380,640,920,1000,1200,1400,1600,1700,2300,3200,4800,96624,371,380.0,588.8659555856967,15.4639469999438,4809.107249000135,4497.664089667163
1776352362,555,,Aggregated,636.000000,0.000000,380,640,920,1000,1200,1400,1600,1700,2300,3200,4800,97257,371,380.0,588.2879193941137,15.4639469999438,4809.107249000135,4497.776920941424
1776352363,555,,Aggregated,631.800000,0.000000,380,640,920,1000,1200,1400,1600,1700,2300,3200,4800,97972,371,380.0,587.6118104849177,15.4639469999438,4809.107249000135,4497.902615032866
1776352364,555,,Aggregated,631.400000,0.000000,380,630,920,1000,1200,1400,1600,1700,2300,3200,4800,98715,371,380.0,586.7179357557751,15.4639469999438,4809.107249000135,4498.031302233703
1776352365,555,,Aggregated,637.900000,0.000000,380,620,920,1000,1200,1400,1600,1700,2300,3200,4800,99469,371,380.0,585.6011757181872,15.4639469999438,4809.107249000135,4498.159929224181
1776352366,555,,Aggregated,651.700000,0.000000,380,620,910,1000,1200,1400,1600,1700,2300,3200,4800,100226,371,380.0,584.4448191700993,15.4639469999438,4809.107249000135,4498.287121106299
1776352364,555,,Aggregated,631.400000,0.000000,380,610,910,1000,1200,1400,1600,1700,2300,3200,4800,100981,371,380.0,583.0619761823751,15.4639469999438,4809.107249000135,4498.412077519533
1776352365,555,,Aggregated,637.900000,0.000000,380,610,910,1000,1200,1400,1600,1700,2300,3200,4800,101748,371,380.0,581.8720004896555,15.4639469999438,4809.107249000135,4498.537121122774
1776352366,555,,Aggregated,651.700000,0.000000,380,600,910,1000,1200,1400,1600,1700,2300,3200,4800,102537,371,380.0,580.8893338231612,15.4639469999438,4809.107249000135,4498.663799408994
1776352367,555,,Aggregated,685.000000,0.000000,370,600,900,1000,1200,1400,1600,1700,2300,3200,4800,103304,371,370.0,579.5940957584164,15.4639469999438,4809.107249000135,4498.785090606366
1776352368,555,,Aggregated,771.100000,0.000000,370,590,900,1000,1200,1400,1600,1700,2300,3200,4800,104077,371,370.0,578.335388137403,15.4639469999438,4809.107249000135,4498.905521873228
1776352369,555,,Aggregated,857.500000,0.000000,370,590,900,990,1200,1400,1600,1700,2300,3200,4800,104796,371,370.0,577.3700293949912,15.4639469999438,4809.107249000135,4499.015945265087
1776352370,555,,Aggregated,866.900000,0.000000,370,590,900,990,1200,1400,1600,1700,2300,3200,4800,105497,371,370.0,576.6192144917446,15.4639469999438,4809.107249000135,4499.122155132373
1776352371,555,,Aggregated,882.400000,0.000000,370,580,890,990,1200,1400,1600,1700,2300,3200,4800,106250,371,370.0,576.0703783151871,15.4639469999438,4809.107249000135,4499.2346823529415
1776352372,555,,Aggregated,911.200000,0.000000,370,580,890,990,1200,1400,1600,1700,2300,3200,4800,107015,371,370.0,575.0901794929183,15.4639469999438,4809.107249000135,4499.347381208242
1776352373,555,,Aggregated,918.200000,0.000000,370,580,890,990,1200,1400,1600,1700,2300,3200,4800,107768,371,370.0,574.1222905016959,15.4639469999438,4809.107249000135,4499.4567496845075
1776352374,555,,Aggregated,933.200000,0.000000,370,570,890,990,1200,1400,1600,1700,2300,3200,4800,108481,371,370.0,573.4909287093938,15.4639469999438,4809.107249000135,4499.558908933362
1776352375,555,,Aggregated,937.400000,0.000000,370,570,880,990,1200,1400,1600,1700,2300,3200,4800,109221,371,370.0,572.7661082921205,15.4639469999438,4809.107249000135,4499.663526244953
1776352376,555,,Aggregated,934.200000,0.000000,370,570,880,990,1200,1400,1600,1700,2300,3200,4800,109947,371,370.0,571.9679709162209,15.4639469999438,4809.107249000135,4499.7647957652325
1776352377,555,,Aggregated,909.100000,0.000000,370,570,880,990,1200,1400,1600,1700,2300,3100,4800,110738,371,370.0,571.2010393649396,15.4639469999438,4809.107249000135,4499.873620618036
1776352378,555,,Aggregated,828.800000,0.000000,370,560,880,980,1200,1400,1600,1700,2300,3100,4800,111518,371,370.0,569.9161884547129,15.4639469999438,4809.107249000135,4499.9794203626325
1776352379,555,,Aggregated,754.200000,0.000000,370,560,870,980,1200,1400,1600,1700,2300,3100,4800,112302,371,370.0,568.7997289511023,15.4639469999438,4809.107249000135,4500.084281669071
1776352380,555,,Aggregated,759.200000,0.000000,370,550,870,980,1200,1400,1600,1700,2300,3100,4800,112994,371,370.0,568.2404618692383,15.4639469999438,4809.107249000135,4500.175628794449
1776352381,555,,Aggregated,758.300000,0.000000,370,550,870,980,1200,1400,1600,1700,2300,3100,4800,113725,371,370.0,567.6972996584894,15.4639469999438,4809.107249000135,4500.270916684985
1776352382,555,,Aggregated,748.200000,0.000000,360,550,870,980,1200,1400,1600,1700,2200,3100,4800,114509,371,360.0,566.5778760655824,15.4639469999438,4809.107249000135,4500.371761171611
1776352383,579,,Aggregated,748.000000,0.000000,360,550,860,980,1200,1400,1600,1700,2200,3100,4800,115115,371,360.0,566.0711079166123,15.4639469999438,4809.107249000135,4500.448768622682
1776352384,579,,Aggregated,745.100000,0.000000,370,550,860,980,1200,1400,1600,1700,2200,3100,4800,115750,371,370.0,566.4427670344953,15.4639469999438,4809.107249000135,4500.528596112311
1776352385,579,,Aggregated,744.900000,0.000000,370,550,860,970,1200,1400,1600,1700,2200,3100,4800,116437,371,370.0,566.9427983122275,15.4639469999438,4809.107249000135,4500.613980092238
1776352386,579,,Aggregated,733.400000,0.000000,370,550,860,970,1200,1400,1600,1700,2200,3100,4800,117141,371,370.0,567.0061981831714,15.4639469999438,4809.107249000135,4500.700437933772
1776352387,579,,Aggregated,722.300000,0.000000,370,550,860,970,1200,1400,1600,1700,2200,3100,4800,117896,371,370.0,566.1483420847256,15.4639469999438,4809.107249000135,4500.7920116034475
1776352388,579,,Aggregated,718.900000,0.000000,370,550,850,970,1200,1400,1600,1700,2200,3100,4800,118670,371,370.0,565.3952900132875,15.4639469999438,4809.107249000135,4500.884680205612
1776352389,579,,Aggregated,716.100000,0.000000,370,540,850,970,1200,1400,1600,1700,2200,3100,4800,119474,371,370.0,564.380677484265,15.4639469999438,4809.107249000135,4500.979669216734
1776352390,579,,Aggregated,711.700000,0.000000,370,540,850,970,1200,1400,1600,1700,2200,2900,4800,120302,371,370.0,563.4552012308033,15.4639469999438,4809.107249000135,4501.076166647271
1776352391,579,,Aggregated,710.300000,0.000000,370,540,840,970,1200,1400,1600,1700,2200,2900,4800,121097,371,370.0,562.490382412655,15.4639469999438,4809.107249000135,4501.167576405691
1776352392,579,,Aggregated,714.500000,0.000000,360,540,840,970,1200,1400,1600,1700,2200,2900,4800,121870,371,360.0,561.8282600509325,15.4639469999438,4809.107249000135,4501.255313038484
1776352393,579,,Aggregated,728.500000,0.000000,360,530,840,960,1200,1400,1600,1700,2200,2900,4800,122704,371,360.0,560.8462993686838,15.4639469999438,4809.107249000135,4501.348733537619
1776352394,579,,Aggregated,733.300000,0.000000,360,530,830,960,1200,1400,1600,1700,2200,2900,4800,123522,371,360.0,559.6590752344766,15.4639469999438,4809.107249000135,4501.439136348181
1776352395,579,,Aggregated,735.000000,0.000000,360,530,830,960,1200,1400,1600,1700,2200,2900,4800,124351,371,360.0,558.6126858379836,15.4639469999438,4809.107249000135,4501.529541378839
1776352396,579,,Aggregated,758.900000,0.000000,360,530,830,960,1200,1400,1600,1700,2200,2900,4800,125165,371,360.0,557.6609515561154,15.4639469999438,4809.107249000135,4501.6171453681145
1776352395,579,,Aggregated,735.000000,0.000000,360,520,830,960,1200,1400,1600,1700,2200,2900,4800,126040,371,360.0,556.5020570424408,15.4639469999438,4809.107249000135,4501.7100523643285
1776352396,579,,Aggregated,758.900000,0.000000,360,520,820,960,1200,1400,1600,1700,2200,2900,4800,126840,371,360.0,555.502317300633,15.4639469999438,4809.107249000135,4501.7938741721855
1776352397,579,,Aggregated,805.300000,0.000000,360,520,820,960,1200,1400,1600,1700,2200,2900,4800,127636,371,360.0,554.8572133291868,15.4639469999438,4809.107249000135,4501.876233977875
1776352398,579,,Aggregated,902.000000,0.000000,360,520,820,960,1200,1400,1600,1700,2200,2900,4800,128495,371,360.0,553.7472920014083,15.4639469999438,4809.107249000135,4501.963967469552
1776352399,579,,Aggregated,985.800000,0.000000,360,510,810,950,1200,1400,1600,1700,2100,2900,4800,129348,371,360.0,552.5156715031322,15.4639469999438,4809.107249000135,4502.049935058911
1776352400,579,,Aggregated,1013.700000,0.000000,360,510,810,950,1200,1300,1600,1700,2100,2900,4800,130148,371,360.0,551.6688730708743,15.4639469999438,4809.107249000135,4502.12953714233
1776352401,579,,Aggregated,1026.400000,0.000000,360,510,800,950,1200,1300,1600,1700,2100,2900,4800,131062,371,360.0,550.4374516939794,15.4639469999438,4809.107249000135,4502.2192931589625
1776352402,579,,Aggregated,1023.200000,0.000000,360,510,800,940,1200,1300,1600,1700,2100,2900,4800,131816,371,360.0,549.3508725549731,15.4639469999438,4809.107249000135,4502.292400012138
1776352403,579,,Aggregated,1025.200000,0.000000,360,510,790,940,1200,1300,1600,1700,2100,2900,4800,132692,371,360.0,548.6214613218746,15.4639469999438,4809.107249000135,4502.376292466765
1776352404,579,,Aggregated,1034.800000,0.000000,350,510,790,940,1200,1300,1600,1700,2100,2900,4800,133537,371,350.0,547.5985391220418,15.4639469999438,4809.107249000135,4502.456173195444
1776352405,579,,Aggregated,1033.400000,0.000000,350,510,790,940,1200,1300,1600,1700,2100,2900,4800,134309,371,350.0,546.7957024522706,15.4639469999438,4809.107249000135,4502.528274352426
1776352406,600,,Aggregated,1034.200000,0.000000,350,510,780,940,1200,1300,1600,1700,2100,2900,4800,135086,371,350.0,546.3387285414329,15.4639469999438,4809.107249000135,4502.600010363768
1776352407,600,,Aggregated,1005.400000,0.000000,350,500,780,940,1200,1300,1600,1700,2100,2900,4800,135943,371,350.0,545.4884893957102,15.4639469999438,4809.107249000135,4502.678181296573
1776352408,600,,Aggregated,914.400000,0.000000,350,500,780,940,1200,1300,1600,1700,2100,2900,4800,136764,371,350.0,544.8257240548396,15.4639469999438,4809.107249000135,4502.752149688515
1776352409,600,,Aggregated,843.400000,0.000000,350,500,770,930,1200,1300,1600,1700,2100,2900,4800,137668,371,350.0,543.8656480146664,15.4639469999438,4809.107249000135,4502.832575471424
1776352410,600,,Aggregated,824.600000,0.000000,350,500,770,930,1200,1300,1600,1700,2100,2900,4800,138522,371,350.0,542.7166634241727,15.4639469999438,4809.107249000135,4502.907588686274
1776352411,600,,Aggregated,822.300000,0.000000,350,500,760,930,1200,1300,1600,1700,2100,2900,4800,139392,371,350.0,541.8848752658201,15.4639469999438,4809.107249000135,4502.9830621556475
1776352412,600,,Aggregated,833.800000,0.000000,350,500,760,930,1200,1300,1600,1700,2100,2900,4800,140232,371,350.0,540.9685409187929,15.4639469999438,4809.107249000135,4503.05504449769
1776352413,600,,Aggregated,833.800000,0.000000,350,500,760,920,1200,1300,1600,1700,2100,2900,4800,141058,371,350.0,540.1926543855529,15.4639469999438,4809.107249000135,4503.124991138397
1776352414,600,,Aggregated,831.600000,0.000000,350,490,750,920,1200,1300,1500,1700,2100,2900,4800,141945,371,350.0,539.6142331931117,15.4639469999438,4809.107249000135,4503.199196872028
1776352415,600,,Aggregated,840.900000,0.000000,350,490,750,920,1200,1300,1500,1700,2100,2900,4800,142803,371,350.0,538.6710368962005,15.4639469999438,4809.107249000135,4503.27009936766
1776352416,600,,Aggregated,833.900000,0.000000,350,490,740,920,1200,1300,1500,1700,2100,2900,4800,143678,371,350.0,537.7010503228265,15.4639469999438,4809.107249000135,4503.341534542518
1776352417,600,,Aggregated,838.900000,0.000000,350,490,740,920,1200,1300,1500,1700,2100,2900,4800,144501,371,350.0,537.0293567098857,15.4639469999438,4809.107249000135,4503.407934893185
1776352418,600,,Aggregated,854.400000,0.000000,350,490,740,910,1200,1300,1500,1700,2100,2900,4800,145305,371,350.0,536.2484299213403,15.4639469999438,4809.107249000135,4503.472075978115
1776352419,600,,Aggregated,853.000000,0.000000,350,490,730,910,1200,1300,1500,1700,2100,2900,4800,146126,371,350.0,535.785118948252,15.4639469999438,4809.107249000135,4503.536844914663
1776352420,600,,Aggregated,852.800000,0.000000,350,490,730,910,1200,1300,1500,1700,2100,2900,4800,147011,371,350.0,535.0973943251693,15.4639469999438,4809.107249000135,4503.605852623273
1776352421,600,,Aggregated,848.000000,0.000000,350,480,720,910,1200,1300,1500,1700,2100,2900,4800,147861,371,350.0,534.1659480337913,15.4639469999438,4809.107249000135,4503.671353500923
1776352422,600,,Aggregated,839.400000,0.000000,350,480,720,910,1200,1300,1500,1700,2100,2900,4800,148749,371,350.0,533.3700895518181,15.4639469999438,4809.107249000135,4503.738983119214
1776352423,600,,Aggregated,844.300000,0.000000,350,480,720,910,1200,1300,1500,1700,2100,2900,4800,149634,371,350.0,532.5062895033448,15.4639469999438,4809.107249000135,4503.805585628935
1776352424,600,,Aggregated,842.600000,0.000000,350,480,710,910,1200,1300,1500,1700,2100,2900,4800,150473,371,350.0,531.7086128799493,15.4639469999438,4809.107249000135,4503.86800289753
1776352425,600,,Aggregated,847.400000,0.000000,350,480,710,900,1200,1300,1500,1700,2100,2900,4800,151260,371,350.0,531.2181150674386,15.4639469999438,4809.107249000135,4503.9259222530745
1776352426,600,,Aggregated,855.300000,0.000000,350,480,710,900,1200,1300,1500,1700,2100,2900,4800,152173,371,350.0,530.3840976401522,15.4639469999438,4809.107249000135,4503.992363954184
1776352425,600,,Aggregated,847.400000,0.000000,350,480,700,900,1200,1300,1500,1700,2100,2900,4800,153065,371,350.0,529.478719905721,15.4639469999438,4809.107249000135,4504.056511939372
1776352426,600,,Aggregated,855.300000,0.000000,350,480,700,900,1200,1300,1500,1700,2100,2900,4800,153954,371,350.0,528.5608753749705,15.4639469999438,4809.107249000135,4504.119704587084
1776352427,600,,Aggregated,885.300000,0.000000,350,480,690,900,1200,1300,1500,1700,2100,2900,4800,154861,371,350.0,527.614462557035,15.4639469999438,4809.107249000135,4504.183429010532
1776352428,600,,Aggregated,968.900000,0.000000,340,470,690,900,1200,1300,1500,1700,2100,2900,4800,155750,371,340.0,526.6582256018885,15.4639469999438,4809.107249000135,4504.245168539326
1776352429,587,,Aggregated,1055.900000,0.000000,340,470,690,890,1200,1300,1500,1700,2100,2900,4800,156530,371,340.0,526.304782364449,15.4639469999438,4809.107249000135,4504.298760620967
1776352430,587,,Aggregated,1060.000000,0.000000,340,470,680,890,1200,1300,1500,1700,2100,2900,4800,157358,371,340.0,525.7333776273281,15.4639469999438,4809.107249000135,4504.3550693323505
1776352431,587,,Aggregated,1057.600000,0.000000,340,470,680,890,1100,1300,1500,1700,2100,2900,4800,158255,371,340.0,524.9769921972382,15.4639469999438,4809.107249000135,4504.415405516414
1776352432,587,,Aggregated,1077.700000,0.000000,340,470,670,890,1100,1300,1500,1700,2100,2900,4800,159128,371,340.0,524.1209073207976,15.4639469999438,4809.107249000135,4504.473474184305
1776352433,587,,Aggregated,1074.300000,0.000000,340,470,670,890,1100,1300,1500,1700,2100,2900,4800,159989,371,340.0,523.3290339666838,15.4639469999438,4809.107249000135,4504.530123946021
1776352434,587,,Aggregated,1075.700000,0.000000,340,470,670,890,1100,1300,1500,1700,2100,2900,4800,160813,371,340.0,522.6957254200724,15.4639469999438,4809.107249000135,4504.583771212527
1776352435,587,,Aggregated,1072.300000,0.000000,340,470,660,880,1100,1300,1500,1700,2100,2900,4800,161707,371,340.0,521.8553722884546,15.4639469999438,4809.107249000135,4504.641357516991
1776352436,587,,Aggregated,1071.700000,0.000000,340,470,660,880,1100,1300,1500,1700,2100,2900,4800,162545,371,340.0,521.1202296414845,15.4639469999438,4809.107249000135,4504.694761450675
1776352437,587,,Aggregated,1041.200000,0.000000,340,460,660,880,1100,1300,1500,1700,2100,2900,4800,163391,371,340.0,520.513224405213,15.4639469999438,4809.107249000135,4504.748119541468
1776352438,587,,Aggregated,952.100000,0.000000,340,460,650,880,1100,1300,1500,1700,2100,2900,4800,164210,371,340.0,519.8914251594666,15.4639469999438,4809.107249000135,4504.799250959138
1776352439,587,,Aggregated,865.300000,0.000000,340,460,650,880,1100,1300,1500,1700,2100,2900,4800,165029,371,340.0,519.3881167285273,15.4639469999438,4809.107249000135,4504.849874870477
1776352440,587,,Aggregated,861.500000,0.000000,340,460,650,880,1100,1300,1500,1700,2100,2900,4800,165784,371,340.0,519.0603904701368,15.4639469999438,4809.107249000135,4504.8960997442455
1776352441,587,,Aggregated,866.100000,0.000000,340,460,650,880,1100,1300,1500,1700,2100,2900,4800,166614,371,340.0,518.638715305071,15.4639469999438,4809.107249000135,4504.946433072851
1776352442,587,,Aggregated,839.600000,0.000000,340,460,640,880,1100,1300,1500,1700,2100,2900,4800,167388,371,340.0,518.3180217813,15.4639469999438,4809.107249000135,4504.992920639473
1776352443,587,,Aggregated,833.500000,0.000000,340,460,640,870,1100,1300,1500,1700,2100,2900,4800,168195,371,340.0,517.8734192018101,15.4639469999438,4809.107249000135,4505.040934629448
1776352444,587,,Aggregated,824.900000,0.000000,340,460,640,870,1100,1300,1500,1700,2100,2900,4800,168866,371,340.0,517.6954336966502,15.4639469999438,4809.107249000135,4505.080507621427
1776352445,587,,Aggregated,821.100000,0.000000,340,460,640,870,1100,1300,1500,1700,2100,2900,4800,169497,371,340.0,517.8096131040638,15.4639469999438,4809.107249000135,4505.117435706827
1776352446,587,,Aggregated,801.800000,0.000000,340,460,640,870,1100,1300,1500,1700,2200,2900,4800,170257,371,340.0,518.2036959355001,15.4639469999438,4809.107249000135,4505.161549892222
1776352447,587,,Aggregated,780.000000,0.000000,340,460,640,870,1100,1300,1500,1700,2200,2900,4800,171110,371,340.0,517.8229051378498,15.4639469999438,4809.107249000135,4505.210595523347
1776352448,587,,Aggregated,770.600000,0.000000,340,460,640,870,1100,1300,1500,1700,2200,2900,4800,171950,371,340.0,517.269309974519,15.4639469999438,4809.107249000135,4505.258418144809
1776352449,587,,Aggregated,769.100000,0.000000,340,460,630,870,1100,1300,1500,1700,2200,2900,4800,172766,371,340.0,516.8047882244397,15.4639469999438,4809.107249000135,4505.30442911221
1776352450,587,,Aggregated,770.500000,0.000000,340,460,630,860,1100,1300,1500,1700,2200,2900,4800,173565,371,340.0,516.3180141177274,15.4639469999438,4809.107249000135,4505.34906231095
1776352451,587,,Aggregated,769.000000,0.000000,340,460,630,860,1100,1300,1500,1700,2200,2900,4800,174395,371,340.0,515.9151298197856,15.4639469999438,4809.107249000135,4505.394994122538
1776352452,587,,Aggregated,775.400000,0.000000,340,460,630,860,1100,1300,1500,1700,2200,2900,4800,175152,371,340.0,515.67673308655,15.4639469999438,4809.107249000135,4505.436506577144
1776352453,593,,Aggregated,775.600000,0.000000,340,460,630,860,1100,1300,1500,1700,2200,2900,4800,176018,371,340.0,515.1800269406853,15.4639469999438,4809.107249000135,4505.483558499699
1776352454,593,,Aggregated,774.800000,0.000000,340,460,630,860,1100,1300,1500,1700,2200,2900,4800,176900,371,340.0,514.5919679243846,15.4639469999438,4809.107249000135,4505.5310062182025
1776352455,593,,Aggregated,777.000000,0.000000,340,460,620,860,1100,1300,1500,1700,2200,2900,4800,177769,371,340.0,513.870826086182,15.4639469999438,4809.107249000135,4505.577294128898
1776352456,593,,Aggregated,797.700000,0.000000,340,450,620,850,1100,1300,1500,1700,2100,2900,4800,178614,371,340.0,513.3742599065049,15.4639469999438,4809.107249000135,4505.621871745776
1776352454,593,,Aggregated,774.800000,0.000000,340,450,620,850,1100,1300,1500,1700,2100,2900,4800,179509,371,340.0,512.6815239296103,15.4639469999438,4809.107249000135,4505.668629428051
1776352455,593,,Aggregated,777.000000,0.000000,340,450,620,850,1100,1300,1500,1700,2100,2900,4800,180373,371,340.0,512.1917758595266,15.4639469999438,4809.107249000135,4505.713327382701
1776352456,593,,Aggregated,797.700000,0.000000,340,450,610,850,1100,1300,1500,1700,2100,2900,4800,181248,371,340.0,511.4025233687505,15.4639469999438,4809.107249000135,4505.758160090042
1776352457,593,,Aggregated,839.800000,0.000000,340,450,610,850,1100,1300,1500,1700,2100,2900,4800,182132,371,340.0,510.69946183153166,15.4639469999438,4809.107249000135,4505.803016493533
1776352458,593,,Aggregated,941.800000,0.000000,340,450,610,840,1100,1300,1500,1700,2100,2900,4800,183044,371,340.0,510.06153682256905,15.4639469999438,4809.107249000135,4505.84883962326
1776352459,593,,Aggregated,1035.500000,0.000000,330,450,610,840,1100,1300,1500,1700,2100,2900,4800,183912,371,330.0,509.4286594524795,15.4639469999438,4809.107249000135,4505.8920298838575
1776352460,593,,Aggregated,1055.700000,0.000000,330,450,600,840,1100,1300,1500,1700,2100,2900,4800,184713,371,330.0,509.1210594077054,15.4639469999438,4809.107249000135,4505.931526205519
1776352461,593,,Aggregated,1061.700000,0.000000,330,450,600,840,1100,1300,1500,1700,2100,2900,4800,185561,371,330.0,508.7524211048565,15.4639469999438,4809.107249000135,4505.9729684578115
1776352462,593,,Aggregated,1065.200000,0.000000,330,450,600,840,1100,1300,1500,1700,2100,2900,4800,186440,371,330.0,508.02687568787434,15.4639469999438,4809.107249000135,4506.0155277837375
1776352463,593,,Aggregated,1064.700000,0.000000,330,450,600,840,1100,1300,1500,1600,2100,2900,4800,187255,371,330.0,507.48211517353025,15.4639469999438,4809.107249000135,4506.05463138501
1776352464,593,,Aggregated,1072.900000,0.000000,330,450,600,830,1100,1300,1500,1600,2100,2900,4800,188069,371,330.0,507.0919924744933,15.4639469999438,4809.107249000135,4506.093348717758
1776352465,593,,Aggregated,1076.700000,0.000000,330,450,590,830,1100,1300,1500,1700,2100,2900,4800,188855,371,330.0,506.73397450791487,15.4639469999438,4809.107249000135,4506.130417516084
1776352466,593,,Aggregated,1066.000000,0.000000,330,450,590,830,1100,1300,1500,1700,2100,2900,4800,189656,371,330.0,506.62913083806677,15.4639469999438,4809.107249000135,4506.167877631079
1776352467,593,,Aggregated,1042.400000,0.000000,330,450,590,830,1100,1300,1500,1700,2100,2900,4800,190440,371,330.0,506.3364356744248,15.4639469999438,4809.107249000135,4506.2042375551355
1776352468,593,,Aggregated,944.600000,0.000000,330,440,590,830,1100,1300,1500,1700,2100,2900,4800,191318,371,330.0,505.94348728980395,15.4639469999438,4809.107249000135,4506.244603226042
1776352469,593,,Aggregated,850.100000,0.000000,330,440,590,830,1100,1300,1500,1700,2100,2900,4800,192133,371,330.0,505.59337643604175,15.4639469999438,4809.107249000135,4506.281742334737
1776352470,593,,Aggregated,821.900000,0.000000,330,440,590,820,1100,1300,1500,1700,2100,2900,4800,192934,371,330.0,505.1467137263687,15.4639469999438,4809.107249000135,4506.317937740368
1776352471,593,,Aggregated,817.800000,0.000000,330,440,590,820,1100,1300,1500,1700,2100,2900,4800,193699,371,330.0,504.9791277927214,15.4639469999438,4809.107249000135,4506.352226908761
1776352472,593,,Aggregated,819.600000,0.000000,330,440,580,820,1100,1300,1500,1700,2100,2900,4800,194505,371,330.0,504.8177997346825,15.4639469999438,4809.107249000135,4506.388062003547
1776352473,593,,Aggregated,817.000000,0.000000,330,440,580,820,1100,1300,1500,1700,2100,2900,4800,195377,371,330.0,504.27868857577573,15.4639469999438,4809.107249000135,4506.426498513131
1776352474,593,,Aggregated,806.300000,0.000000,330,440,580,820,1100,1300,1500,1700,2100,2900,4800,196151,371,330.0,504.1193754742781,15.4639469999438,4809.107249000135,4506.460329032225
1776352475,574,,Aggregated,803.400000,0.000000,330,440,580,810,1100,1300,1500,1700,2100,2900,4800,196995,371,330.0,503.77152464855016,15.4639469999438,4809.107249000135,4506.496916165385
1776352476,574,,Aggregated,810.700000,0.000000,330,440,580,810,1100,1300,1500,1700,2100,2900,4800,197823,371,330.0,503.299415603277,15.4639469999438,4809.107249000135,4506.532506331418
1776352477,574,,Aggregated,805.800000,0.000000,330,440,570,810,1100,1300,1500,1700,2100,2900,4800,198670,371,330.0,502.8017811134554,15.4639469999438,4809.107249000135,4506.568606231439
1776352478,574,,Aggregated,812.000000,0.000000,330,440,570,810,1100,1300,1500,1700,2100,2900,4800,199466,371,330.0,502.38924707098033,15.4639469999438,4809.107249000135,4506.6022530155515
1776352479,574,,Aggregated,811.500000,0.000000,330,440,570,810,1100,1300,1500,1700,2100,2800,4800,200296,371,330.0,501.91672510028764,15.4639469999438,4809.107249000135,4506.637052162799
1776352480,574,,Aggregated,818.300000,0.000000,330,440,570,800,1100,1300,1500,1700,2100,2800,4800,201093,371,330.0,501.5410431966614,15.4639469999438,4809.107249000135,4506.670197371365
1776352481,574,,Aggregated,813.200000,0.000000,330,440,570,800,1100,1300,1500,1700,2100,2800,4800,201856,371,330.0,501.4183897091751,15.4639469999438,4809.107249000135,4506.70168337825
1776352482,574,,Aggregated,810.400000,0.000000,330,440,570,800,1100,1300,1500,1700,2100,2800,4800,202688,371,330.0,501.0189767376427,15.4639469999438,4809.107249000135,4506.735746566151
1776352483,574,,Aggregated,810.600000,0.000000,330,440,570,800,1100,1300,1500,1700,2100,2800,4800,203558,371,330.0,500.52734654397,15.4639469999438,4809.107249000135,4506.771067705519
1776352484,574,,Aggregated,815.400000,0.000000,330,440,570,790,1100,1300,1500,1700,2100,2800,4800,204382,371,330.0,500.0240148559633,15.4639469999438,4809.107249000135,4506.8042440136605
1776352485,574,,Aggregated,812.000000,0.000000,330,440,560,790,1100,1300,1500,1700,2100,2800,4800,205252,371,330.0,499.5271551136382,15.4639469999438,4809.107249000135,4506.8389832985795
1776352484,574,,Aggregated,815.400000,0.000000,330,430,560,790,1100,1300,1500,1600,2100,2800,4800,206041,371,330.0,498.95010818564583,15.4639469999438,4809.107249000135,4506.870234564965
1776352485,574,,Aggregated,812.000000,0.000000,330,430,560,790,1100,1300,1500,1600,2100,2800,4800,206950,371,330.0,498.478493731494,15.4639469999438,4809.107249000135,4506.905943464605
1776352486,574,,Aggregated,815.000000,0.000000,330,430,560,790,1100,1300,1500,1600,2100,2800,4800,207805,371,330.0,497.9055382495978,15.4639469999438,4809.107249000135,4506.939245927672
1776352487,574,,Aggregated,858.100000,0.000000,330,430,560,780,1100,1300,1500,1600,2100,2800,4800,208677,371,330.0,497.3540083875595,15.4639469999438,4809.107249000135,4506.97292945557
1776352488,574,,Aggregated,943.600000,0.000000,330,430,560,780,1100,1300,1500,1600,2100,2800,4800,209515,371,330.0,496.870201572139,15.4639469999438,4809.107249000135,4507.0050354389905
1776352489,574,,Aggregated,1024.000000,0.000000,330,430,550,780,1100,1300,1500,1600,2100,2800,4800,210343,371,330.0,496.4487771150014,15.4639469999438,4809.107249000135,4507.036507038504
1776352490,574,,Aggregated,1024.100000,0.000000,330,430,550,780,1100,1300,1500,1600,2100,2800,4800,211148,371,330.0,496.0975254328327,15.4639469999438,4809.107249000135,4507.066867789418
1776352491,574,,Aggregated,1029.300000,0.000000,330,430,550,770,1100,1300,1500,1600,2100,2800,4800,212010,371,330.0,495.7201948766561,15.4639469999438,4809.107249000135,4507.099122682892
1776352492,574,,Aggregated,1040.400000,0.000000,330,430,550,770,1100,1300,1500,1600,2100,2800,4800,212840,371,330.0,495.19637265022465,15.4639469999438,4809.107249000135,4507.129933283218
1776352493,574,,Aggregated,1043.300000,0.000000,330,430,550,770,1100,1300,1500,1600,2100,2800,4800,213690,371,330.0,494.7441143201356,15.4639469999438,4809.107249000135,4507.161238242314
1776352494,574,,Aggregated,1051.800000,0.000000,320,430,550,770,1100,1300,1500,1600,2100,2800,4800,214554,371,320.0,494.28462365259037,15.4639469999438,4809.107249000135,4507.19280460863
1776352495,574,,Aggregated,1052.900000,0.000000,320,430,550,760,1100,1300,1500,1600,2100,2800,4800,215438,371,320.0,493.7916632670005,15.4639469999438,4809.107249000135,4507.224839629035
1776352496,574,,Aggregated,1049.200000,0.000000,320,430,550,760,1100,1300,1500,1600,2100,2800,4800,216277,371,320.0,493.27010136997563,15.4639469999438,4809.107249000135,4507.25500168765
1776352497,574,,Aggregated,1014.400000,0.000000,320,430,540,760,1100,1300,1500,1600,2100,2800,4800,217157,371,320.0,492.877246790306,15.4639469999438,4809.107249000135,4507.286387268197
1776352498,534,,Aggregated,931.200000,0.000000,320,430,540,760,1100,1300,1500,1600,2100,2800,4800,217932,371,320.0,492.50741645963143,15.4639469999438,4809.107249000135,4507.313818071692
1776352499,494,,Aggregated,854.200000,0.000000,320,420,540,760,1100,1300,1500,1600,2100,2800,4800,218625,371,320.0,492.2238288755926,15.4639469999438,4809.107249000135,4507.3381818181815
1776352500,492,,Aggregated,852.800000,0.000000,320,420,540,750,1100,1300,1500,1600,2100,2800,4800,219373,371,320.0,491.7652528189857,15.4639469999438,4809.107249000135,4507.364306455215
1776352501,492,,Aggregated,842.700000,0.000000,320,420,540,750,1100,1300,1500,1600,2100,2800,4800,220055,371,320.0,491.42443739131267,15.4639469999438,4809.107249000135,4507.387971189021
1776352502,492,,Aggregated,822.500000,0.000000,320,420,540,750,1100,1300,1500,1600,2100,2800,4800,220730,371,320.0,491.24998348854336,15.4639469999438,4809.107249000135,4507.411249037285
1776352503,492,,Aggregated,812.500000,0.000000,320,420,540,750,1100,1300,1500,1600,2100,2800,4800,221260,371,320.0,491.15590512576284,15.4639469999438,4809.107249000135,4507.4294269185575
1776352504,492,,Aggregated,793.800000,0.000000,320,420,540,750,1100,1300,1500,1600,2100,2800,4800,221727,371,320.0,491.50558304968024,15.4639469999438,4809.107249000135,4507.445372011528
1776352505,492,,Aggregated,774.800000,0.000000,320,420,540,750,1100,1300,1500,1600,2100,2800,4800,222205,371,320.0,492.04907679233844,15.4639469999438,4809.107249000135,4507.4616232758035
1776352506,492,,Aggregated,733.600000,0.000000,320,420,540,750,1100,1300,1500,1600,2200,2900,4800,222723,371,320.0,492.5484819694187,15.4639469999438,4809.107249000135,4507.479155722579
1776352507,492,,Aggregated,692.900000,0.000000,320,430,540,750,1100,1300,1500,1600,2300,2900,4800,223291,371,320.0,492.9365237422012,15.4639469999438,4809.107249000135,4507.498286988728
1776352508,492,,Aggregated,660.400000,0.000000,320,430,540,750,1100,1300,1500,1700,2300,2900,4800,223895,371,320.0,492.9352594559714,15.4639469999438,4809.107249000135,4507.51852430827
1776352509,492,,Aggregated,628.300000,0.000000,320,430,540,750,1100,1300,1500,1700,2300,2900,4800,224456,371,320.0,493.1855185957646,15.4639469999438,4809.107249000135,4507.537223331076
1776352510,492,,Aggregated,604.200000,0.000000,320,430,540,750,1100,1300,1500,1700,2300,2900,4800,225109,371,320.0,493.40079550330694,15.4639469999438,4809.107249000135,4507.558871480039
1776352511,492,,Aggregated,586.900000,0.000000,320,430,540,750,1100,1300,1500,1700,2300,2900,4800,225715,371,320.0,493.38602323904934,15.4639469999438,4809.107249000135,4507.57884943402
1776352512,492,,Aggregated,573.800000,0.000000,320,430,540,750,1100,1300,1500,1700,2300,2900,4800,226409,371,320.0,493.2531780936925,15.4639469999438,4809.107249000135,4507.601597109656
1776352513,492,,Aggregated,561.600000,0.000000,320,430,540,750,1100,1300,1500,1700,2300,2900,4800,227117,371,320.0,492.9441858421024,15.4639469999438,4809.107249000135,4507.6246604173175
1776352514,492,,Aggregated,561.500000,0.000000,320,420,540,740,1100,1300,1500,1700,2300,2900,4800,227830,371,320.0,492.6211662999594,15.4639469999438,4809.107249000135,4507.64774173726
1776352515,492,,Aggregated,568.400000,0.000000,320,420,540,740,1100,1300,1500,1700,2300,2900,4800,228567,371,320.0,492.2842718738743,15.4639469999438,4809.107249000135,4507.671448634317
1776352516,492,,Aggregated,598.600000,0.000000,320,420,540,740,1100,1300,1500,1700,2300,2900,4800,229269,371,320.0,491.9956609736941,15.4639469999438,4809.107249000135,4507.6938879656645
1776352515,492,,Aggregated,568.400000,0.000000,320,420,540,740,1100,1300,1500,1700,2300,2900,4800,230002,371,320.0,491.65634742965676,15.4639469999438,4809.107249000135,4507.7171720245915
1776352516,492,,Aggregated,598.600000,0.000000,320,420,540,740,1100,1300,1500,1700,2300,2900,4800,230775,371,320.0,491.2571440219514,15.4639469999438,4809.107249000135,4507.741566460839
1776352517,492,,Aggregated,645.500000,0.000000,320,420,540,740,1100,1300,1500,1700,2300,2900,4800,231555,371,320.0,490.7377807733364,15.4639469999438,4809.107249000135,4507.766016713092
1776352518,492,,Aggregated,738.900000,0.000000,320,420,540,740,1100,1300,1500,1700,2300,2900,4800,232323,371,320.0,490.20662245300684,15.4639469999438,4809.107249000135,4507.789930398626
1776352519,492,,Aggregated,834.500000,0.000000,320,420,530,730,1100,1300,1500,1700,2300,2900,4800,233071,371,320.0,489.72915183790843,15.4639469999438,4809.107249000135,4507.813069837088
1776352520,492,,Aggregated,867.200000,0.000000,320,420,530,730,1100,1300,1500,1700,2300,2900,4800,233850,371,320.0,489.2969064855466,15.4639469999438,4809.107249000135,4507.837010904426
1776352521,452,,Aggregated,885.100000,0.000000,320,420,530,730,1100,1300,1500,1700,2300,2900,4800,234500,371,320.0,488.9995623637653,15.4639469999438,4809.107249000135,4507.856865671642
1776352522,450,,Aggregated,899.000000,0.000000,320,420,530,730,1100,1300,1500,1700,2300,2900,4800,235179,371,320.0,488.58966111890487,15.4639469999438,4809.107249000135,4507.877489061523
1776352523,450,,Aggregated,907.000000,0.000000,320,420,530,730,1100,1300,1500,1600,2300,2900,4800,235850,371,320.0,488.25520768910303,15.4639469999438,4809.107249000135,4507.897752808989
1776352524,450,,Aggregated,904.200000,0.000000,320,420,530,720,1100,1300,1500,1600,2300,2900,4800,236534,371,320.0,487.94036899576366,15.4639469999438,4809.107249000135,4507.918290816542
1776352525,450,,Aggregated,904.100000,0.000000,320,420,530,720,1100,1300,1500,1600,2300,2900,4800,237222,371,320.0,487.56235780135546,15.4639469999438,4809.107249000135,4507.938829450894
1776352526,450,,Aggregated,898.100000,0.000000,320,420,530,720,1100,1300,1500,1600,2300,2900,4800,237906,371,320.0,487.20820880330973,15.4639469999438,4809.107249000135,4507.959130917253
1776352527,450,,Aggregated,877.200000,0.000000,320,420,530,720,1100,1300,1500,1600,2300,2900,4800,238528,371,320.0,487.02662107444104,15.4639469999438,4809.107249000135,4507.977491112155
1776352528,450,,Aggregated,796.400000,0.000000,320,420,530,720,1100,1300,1500,1600,2300,2900,4800,239243,371,320.0,486.6739275320877,15.4639469999438,4809.107249000135,4507.998478534377
1776352529,450,,Aggregated,710.000000,0.000000,320,420,530,720,1100,1300,1500,1600,2300,2900,4800,239966,371,320.0,486.18191698341076,15.4639469999438,4809.107249000135,4508.019573606261
1776352530,450,,Aggregated,689.900000,0.000000,320,420,530,720,1100,1300,1500,1600,2300,2900,4800,240658,371,320.0,485.74215754552273,15.4639469999438,4809.107249000135,4508.039645471998
1776352531,450,,Aggregated,685.600000,0.000000,320,410,530,720,1100,1300,1500,1600,2300,2900,4800,241311,371,320.0,485.3377959251155,15.4639469999438,4809.107249000135,4508.058480549996
1776352532,450,,Aggregated,680.500000,0.000000,320,410,520,710,1100,1300,1500,1600,2300,2900,4800,241994,371,320.0,485.0410069726672,15.4639469999438,4809.107249000135,4508.078072183608
1776352533,450,,Aggregated,680.000000,0.000000,320,410,520,710,1100,1300,1500,1600,2300,2900,4800,242620,371,320.0,484.81893648465353,15.4639469999438,4809.107249000135,4508.095931909983
1776352534,450,,Aggregated,682.000000,0.000000,320,410,520,710,1100,1300,1500,1600,2300,2900,4800,243294,371,320.0,484.4996600223705,15.4639469999438,4809.107249000135,4508.115058324496
1776352535,450,,Aggregated,674.800000,0.000000,320,410,520,710,1100,1300,1500,1600,2300,2900,4800,243946,371,320.0,484.1977854521023,15.4639469999438,4809.107249000135,4508.133459864068
1776352536,450,,Aggregated,672.900000,0.000000,320,410,520,710,1100,1300,1500,1600,2300,2900,4800,244644,371,320.0,483.9097844997281,15.4639469999438,4809.107249000135,4508.15305096385
1776352537,450,,Aggregated,668.700000,0.000000,320,410,520,710,1100,1300,1500,1600,2300,2900,4800,245299,371,320.0,483.64526501785645,15.4639469999438,4809.107249000135,4508.171333760023
1776352538,450,,Aggregated,670.600000,0.000000,320,410,520,700,1100,1300,1500,1600,2300,2900,4800,245998,371,320.0,483.2549015376997,15.4639469999438,4809.107249000135,4508.190737323068
1776352539,450,,Aggregated,672.700000,0.000000,320,410,520,700,1100,1300,1500,1600,2300,2900,4800,246613,371,320.0,483.0267794246211,15.4639469999438,4809.107249000135,4508.207718165709
1776352540,450,,Aggregated,671.100000,0.000000,320,410,520,700,1100,1300,1500,1600,2300,2900,4800,247283,371,320.0,482.8147227432265,15.4639469999438,4809.107249000135,4508.226121488336
1776352541,450,,Aggregated,664.600000,0.000000,320,410,520,700,1100,1300,1500,1600,2300,2900,4800,248016,371,320.0,482.4624070943779,15.4639469999438,4809.107249000135,4508.246141377976
1776352542,450,,Aggregated,661.000000,0.000000,310,410,520,700,1100,1300,1500,1600,2300,2900,4800,248692,371,310.0,482.12449494036184,15.4639469999438,4809.107249000135,4508.264499863285
1776352543,450,,Aggregated,662.700000,0.000000,310,410,520,700,1100,1300,1500,1600,2300,2900,4800,249396,371,310.0,481.715204340605,15.4639469999438,4809.107249000135,4508.283512967329
1776352544,450,,Aggregated,664.000000,0.000000,310,410,520,690,1100,1300,1500,1600,2300,2900,4800,250053,371,310.0,481.28863962373805,15.4639469999438,4809.107249000135,4508.3011601540475
1776352545,450,,Aggregated,670.500000,0.000000,310,410,520,690,1100,1300,1500,1600,2300,2900,4800,250758,371,310.0,481.01904164748305,15.4639469999438,4809.107249000135,4508.319993778862
1776352549,450,,Aggregated,670.500000,0.000000,310,410,520,690,1100,1300,1500,1600,2300,2900,4800,250758,371,310.0,481.01904164748305,15.4639469999438,4809.107249000135,4508.319993778862
