Timestamp,User Count,Type,Name,Requests/s,Failures/s,50%,66%,75%,80%,90%,95%,98%,99%,99.9%,99.99%,100%,Total Request Count,Total Failure Count,Total Median Response Time,Total Average Response Time,Total Min Response Time,Total Max Response Time,Total Average Content Size
1776354923,0,,Aggregated,0.000000,0.000000,N/A,N/A,N/A,N/A,N/A,N/A,N/A,N/A,N/A,N/A,N/A,0,0,0,0.0,0,0,0
1776354924,40,,Aggregated,0.000000,0.000000,540,590,610,610,690,710,740,740,740,740,740,48,0,510.0,500.96810450005097,201.15796500067518,738.7414289996741,4515.0
1776354925,80,,Aggregated,0.000000,0.000000,310,470,540,590,660,730,740,740,740,740,740,175,0,310.0,393.2886765657272,201.15796500067518,739.0014350003185,4515.0
1776354926,120,,Aggregated,0.000000,0.000000,380,470,510,560,670,730,820,970,970,970,970,331,0,380.0,396.1565122084901,201.15796500067518,974.5313950006675,4515.0
1776354927,160,,Aggregated,40.000000,0.000000,400,470,510,550,690,790,970,970,990,990,990,509,0,400.0,424.9970685540486,201.15796500067518,992.954641000324,4515.0
1776354928,200,,Aggregated,78.000000,0.000000,470,530,580,620,690,820,990,1100,1100,1100,1100,694,0,470.0,471.25657582854296,201.15796500067518,1091.9478059995527,4515.0
1776354929,240,,Aggregated,102.250000,0.000000,510,620,670,710,860,1100,1500,1600,1700,1700,1700,874,0,510.0,551.5050777036746,201.15796500067518,1677.5024309999935,4515.0
1776354930,280,,Aggregated,117.000000,0.000000,580,690,800,850,950,1100,1700,1800,1900,2000,2000,1041,0,580.0,619.8670412123024,201.15796500067518,1975.9758729996975,4515.0
1776354931,308,,Aggregated,127.166667,0.000000,640,810,890,950,1200,1700,2000,2100,2200,2300,2300,1231,0,640.0,717.3741647579292,201.15796500067518,2264.6398409997346,4515.0
1776354930,308,,Aggregated,117.000000,0.000000,710,890,1000,1100,1300,1800,2100,2600,2800,2800,2800,1402,0,710.0,796.5765657924497,201.15796500067518,2775.7844079997085,4515.0
1776354931,308,,Aggregated,127.166667,0.000000,790,1000,1200,1200,1500,1900,2500,2700,2900,2900,2900,1573,0,790.0,883.429850448195,201.15796500067518,2903.2360639994295,4515.0
1776354932,308,,Aggregated,137.142857,0.000000,860,1200,1300,1400,1500,1800,2500,2700,2900,2900,2900,1769,0,860.0,937.4318375398602,201.15796500067518,2903.2360639994295,4515.0
1776354933,308,,Aggregated,165.625000,0.000000,950,1200,1300,1400,1500,1800,2400,2700,2900,2900,2900,1968,0,950.0,977.7575451417749,201.15796500067518,2903.2360639994295,4515.0
1776354934,308,,Aggregated,187.777778,0.000000,1100,1300,1400,1400,1500,1700,2400,2700,2900,2900,2900,2173,0,1100.0,1007.513641922233,201.15796500067518,2903.2360639994295,4515.0
1776354935,308,,Aggregated,188.600000,0.000000,1100,1200,1300,1400,1500,1600,2200,2600,2900,2900,2900,2388,0,1100.0,1018.8254915661673,201.15796500067518,2903.2360639994295,4515.0
1776354936,308,,Aggregated,208.000000,0.000000,1100,1200,1300,1400,1400,1500,2100,2600,2900,2900,2900,2586,0,1100.0,1027.904702844164,201.15796500067518,2903.2360639994295,4515.0
1776354937,308,,Aggregated,225.100000,0.000000,1100,1200,1300,1400,1400,1500,2100,2600,2900,2900,2900,2792,0,1100.0,1041.9521939319502,201.15796500067518,2903.2360639994295,4515.0
1776354938,308,,Aggregated,231.700000,0.000000,1200,1200,1300,1400,1400,1500,2100,2500,2900,2900,2900,2971,0,1200.0,1057.5462314476658,201.15796500067518,2903.2360639994295,4515.0
1776354939,308,,Aggregated,234.500000,0.000000,1200,1300,1300,1400,1400,1500,2100,2500,2900,2900,2900,3160,0,1200.0,1075.6070014465265,201.15796500067518,2903.2360639994295,4515.0
1776354940,308,,Aggregated,235.700000,0.000000,1200,1300,1300,1400,1400,1500,2000,2500,2900,2900,2900,3355,0,1200.0,1087.1016723004575,201.15796500067518,2903.2360639994295,4515.0
1776354941,308,,Aggregated,237.600000,0.000000,1200,1300,1400,1400,1500,1500,2000,2500,2900,2900,2900,3556,0,1200.0,1099.9407325511918,201.15796500067518,2903.2360639994295,4515.0
1776354942,308,,Aggregated,236.700000,0.000000,1200,1300,1400,1400,1400,1500,2000,2500,2900,2900,2900,3740,0,1200.0,1109.879681382097,201.15796500067518,2903.2360639994295,4515.0
1776354943,308,,Aggregated,218.700000,0.000000,1200,1300,1400,1400,1400,1500,1900,2400,2900,2900,2900,3939,0,1200.0,1116.6372962528662,201.15796500067518,2903.2360639994295,4515.0
1776354944,308,,Aggregated,201.100000,0.000000,1200,1300,1400,1400,1400,1500,1900,2400,2900,2900,2900,4133,0,1200.0,1122.7895087464392,201.15796500067518,2903.2360639994295,4515.0
1776354945,308,,Aggregated,201.600000,0.000000,1200,1300,1400,1400,1400,1500,1900,2400,2900,2900,2900,4333,0,1200.0,1132.575420919693,201.15796500067518,2903.2360639994295,4515.0
1776354946,308,,Aggregated,202.300000,0.000000,1200,1300,1400,1400,1400,1500,1800,2200,2900,2900,2900,4509,0,1200.0,1140.1875543142667,201.15796500067518,2903.2360639994295,4515.0
1776354947,307,,Aggregated,195.800000,0.000000,1200,1300,1400,1400,1400,1500,1800,2200,2900,2900,2900,4707,0,1200.0,1147.147893582545,201.15796500067518,2903.2360639994295,4515.0
1776354948,307,,Aggregated,192.800000,0.000000,1200,1300,1400,1400,1400,1500,1800,2100,2900,2900,2900,4908,0,1200.0,1152.528152679511,201.15796500067518,2903.2360639994295,4515.0
1776354949,307,,Aggregated,193.300000,0.000000,1200,1300,1400,1400,1400,1500,1800,2100,2800,2900,2900,5072,0,1200.0,1157.938712746261,201.15796500067518,2903.2360639994295,4515.0
1776354950,307,,Aggregated,193.200000,0.000000,1200,1300,1400,1400,1500,1500,1700,2100,2800,2900,2900,5250,0,1200.0,1169.0694017392454,201.15796500067518,2903.2360639994295,4515.0
1776354951,307,,Aggregated,191.000000,0.000000,1200,1300,1400,1400,1500,1600,1700,2100,2800,2900,2900,5414,0,1200.0,1178.643432008317,201.15796500067518,2903.2360639994295,4515.0
1776354952,307,,Aggregated,188.100000,0.000000,1300,1400,1400,1400,1500,1600,1800,2100,2800,2900,2900,5586,0,1300.0,1190.085264584862,201.15796500067518,2903.2360639994295,4515.0
1776354953,307,,Aggregated,187.200000,0.000000,1300,1400,1400,1400,1500,1600,1800,2100,2800,2900,2900,5776,0,1300.0,1199.1685916364345,201.15796500067518,2903.2360639994295,4515.0
1776354954,307,,Aggregated,185.600000,0.000000,1300,1400,1400,1400,1500,1600,1800,2100,2800,2900,2900,5947,0,1300.0,1202.711302278636,201.15796500067518,2903.2360639994295,4515.0
1776354955,307,,Aggregated,183.100000,0.000000,1300,1400,1400,1400,1500,1600,1800,2100,2800,2900,2900,6141,0,1300.0,1210.1758921252317,201.15796500067518,2903.2360639994295,4515.0
1776354956,307,,Aggregated,181.500000,0.000000,1300,1400,1400,1400,1500,1600,1800,2100,2800,2900,2900,6342,0,1300.0,1214.408699202626,201.15796500067518,2903.2360639994295,4515.0
1776354957,307,,Aggregated,180.000000,0.000000,1300,1400,1400,1400,1500,1600,1800,2100,2800,2900,2900,6522,0,1300.0,1215.7990442448722,201.15796500067518,2903.2360639994295,4515.0
1776354958,307,,Aggregated,181.100000,0.000000,1300,1400,1400,1400,1500,1600,1800,2000,2800,2900,2900,6704,0,1300.0,1218.9587564187163,201.15796500067518,2903.2360639994295,4515.0
1776354959,307,,Aggregated,179.900000,0.000000,1300,1400,1400,1400,1500,1600,1800,2000,2800,2900,2900,6866,0,1300.0,1223.6175286589096,201.15796500067518,2903.2360639994295,4515.0
1776354960,307,,Aggregated,178.300000,0.000000,1300,1400,1400,1400,1500,1600,1700,2000,2800,2900,2900,7059,0,1300.0,1230.777884605337,201.15796500067518,2903.2360639994295,4515.0
1776354961,307,,Aggregated,179.200000,0.000000,1300,1400,1400,1400,1500,1600,1700,2000,2800,2900,2900,7242,0,1300.0,1235.4852683395563,201.15796500067518,2903.2360639994295,4515.0
1776354962,307,,Aggregated,180.300000,0.000000,1300,1400,1400,1400,1500,1600,1700,2000,2800,2900,2900,7427,0,1300.0,1238.4785777930608,201.15796500067518,2903.2360639994295,4515.0
1776354960,307,,Aggregated,178.300000,0.000000,1300,1400,1400,1400,1500,1600,1700,2000,2800,2900,2900,7589,0,1300.0,1241.843468031898,201.15796500067518,2903.2360639994295,4515.0
1776354961,307,,Aggregated,179.200000,0.000000,1300,1400,1400,1500,1500,1600,1700,2000,2800,2900,2900,7761,0,1300.0,1247.159919570555,201.15796500067518,2903.2360639994295,4515.0
1776354962,307,,Aggregated,182.600000,0.000000,1300,1400,1400,1500,1600,1600,1700,2000,2800,2900,2900,7899,0,1300.0,1253.4139603909455,201.15796500067518,2903.2360639994295,4515.0
1776354963,307,,Aggregated,201.000000,0.000000,1300,1400,1400,1500,1600,1700,1700,1900,2800,2900,2900,8079,0,1300.0,1262.616733644026,201.15796500067518,2903.2360639994295,4515.0
1776354964,307,,Aggregated,216.200000,0.000000,1300,1400,1400,1500,1600,1600,1700,1900,2800,2900,2900,8263,0,1300.0,1267.2739036184294,201.15796500067518,2903.2360639994295,4515.0
1776354965,307,,Aggregated,220.700000,0.000000,1300,1400,1400,1500,1600,1600,1700,2000,2800,2900,2900,8465,0,1300.0,1270.6571547377553,201.15796500067518,2903.2360639994295,4515.0
1776354966,307,,Aggregated,220.900000,0.000000,1300,1400,1400,1500,1600,1600,1700,1900,2800,2900,2900,8645,0,1300.0,1271.7793857110587,201.15796500067518,2903.2360639994295,4515.0
1776354967,307,,Aggregated,222.100000,0.000000,1300,1400,1400,1500,1600,1600,1700,1900,2800,2900,2900,8832,0,1300.0,1273.377865813192,201.15796500067518,2903.2360639994295,4515.0
1776354968,307,,Aggregated,219.900000,0.000000,1300,1400,1400,1500,1600,1600,1700,1900,2800,2900,2900,9028,0,1300.0,1275.6201715171815,201.15796500067518,2903.2360639994295,4515.0
1776354969,283,,Aggregated,219.300000,0.000000,1300,1400,1400,1500,1600,1600,1700,1900,2800,2900,2900,9192,0,1300.0,1275.9164926257747,201.15796500067518,2903.2360639994295,4515.0
1776354970,283,,Aggregated,219.700000,0.000000,1300,1400,1400,1500,1600,1600,1700,1900,2800,2900,2900,9375,0,1300.0,1276.6906359768661,201.15796500067518,2903.2360639994295,4515.0
1776354971,283,,Aggregated,221.400000,0.000000,1300,1400,1400,1500,1600,1600,1700,1900,2800,2900,2900,9580,0,1300.0,1274.7624176934353,201.15796500067518,2903.2360639994295,4515.0
1776354972,283,,Aggregated,219.500000,0.000000,1300,1400,1400,1500,1600,1600,1700,1900,2800,2900,2900,9775,0,1300.0,1271.983552512747,201.15796500067518,2903.2360639994295,4515.0
1776354973,283,,Aggregated,201.300000,0.000000,1300,1400,1400,1500,1600,1600,1700,1800,2800,2900,2900,9977,0,1300.0,1269.4989134288971,201.15796500067518,2903.2360639994295,4515.0
1776354974,283,,Aggregated,188.900000,0.000000,1300,1400,1400,1500,1600,1600,1700,1800,2800,2900,2900,10187,0,1300.0,1265.2274029590762,201.15796500067518,2903.2360639994295,4515.0
1776354975,283,,Aggregated,186.100000,0.000000,1300,1400,1400,1500,1600,1600,1700,1800,2800,2900,2900,10382,0,1300.0,1262.7554571103947,201.15796500067518,2903.2360639994295,4515.0
1776354976,283,,Aggregated,189.400000,0.000000,1300,1400,1400,1500,1500,1600,1700,1800,2800,2900,2900,10583,0,1300.0,1260.0203052453094,201.15796500067518,2903.2360639994295,4515.0
1776354977,283,,Aggregated,190.700000,0.000000,1300,1400,1400,1500,1500,1600,1700,1800,2800,2900,2900,10762,0,1300.0,1258.2774128964045,201.15796500067518,2903.2360639994295,4515.0
1776354978,283,,Aggregated,192.800000,0.000000,1300,1400,1400,1500,1500,1600,1700,1800,2800,2900,2900,10960,0,1300.0,1257.3591986507392,201.15796500067518,2903.2360639994295,4515.0
1776354979,283,,Aggregated,192.600000,0.000000,1300,1400,1400,1400,1500,1600,1700,1800,2800,2900,2900,11155,0,1300.0,1256.1422481664822,201.15796500067518,2903.2360639994295,4515.0
1776354980,283,,Aggregated,194.900000,0.000000,1300,1400,1400,1400,1500,1600,1700,1800,2800,2900,2900,11329,0,1300.0,1255.3944594465631,201.15796500067518,2903.2360639994295,4515.0
1776354981,283,,Aggregated,193.000000,0.000000,1300,1400,1400,1400,1500,1600,1700,1800,2800,2900,2900,11517,0,1300.0,1256.0110976336837,201.15796500067518,2903.2360639994295,4515.0
1776354982,283,,Aggregated,194.600000,0.000000,1300,1400,1400,1400,1500,1600,1700,1800,2800,2900,2900,11721,0,1300.0,1254.0624523950278,201.15796500067518,2903.2360639994295,4515.0
1776354983,283,,Aggregated,193.900000,0.000000,1300,1400,1400,1400,1500,1600,1700,1800,2800,2900,2900,11898,0,1300.0,1252.7424317797206,201.15796500067518,2903.2360639994295,4515.0
1776354984,283,,Aggregated,194.500000,0.000000,1300,1400,1400,1400,1500,1600,1700,1800,2800,2900,2900,12089,0,1300.0,1251.6497671359184,201.15796500067518,2903.2360639994295,4515.0
1776354985,283,,Aggregated,194.000000,0.000000,1300,1400,1400,1400,1500,1600,1700,1800,2800,2900,2900,12293,0,1300.0,1250.0668781675838,201.15796500067518,2903.2360639994295,4515.0
1776354986,283,,Aggregated,190.600000,0.000000,1300,1400,1400,1400,1500,1600,1700,1800,2800,2900,2900,12490,0,1300.0,1248.193565612098,201.15796500067518,2903.2360639994295,4515.0
1776354987,283,,Aggregated,190.000000,0.000000,1300,1400,1400,1400,1500,1600,1700,1800,2800,2900,2900,12672,0,1300.0,1248.3534953739834,201.15796500067518,2903.2360639994295,4515.0
1776354988,283,,Aggregated,191.300000,0.000000,1300,1400,1400,1400,1500,1600,1700,1800,2800,2900,2900,12862,0,1300.0,1247.021100371336,201.15796500067518,2903.2360639994295,4515.0
1776354989,283,,Aggregated,190.700000,0.000000,1300,1400,1400,1400,1500,1600,1700,1800,2800,2900,2900,13041,0,1300.0,1246.7134986642236,201.15796500067518,2903.2360639994295,4515.0
1776354990,283,,Aggregated,189.400000,0.000000,1300,1400,1400,1400,1500,1600,1700,1800,2800,2900,2900,13236,0,1300.0,1246.8808067351267,201.15796500067518,2903.2360639994295,4515.0
1776354991,283,,Aggregated,188.200000,0.000000,1300,1400,1400,1400,1500,1600,1700,1800,2800,2900,2900,13415,0,1300.0,1246.0273780240125,201.15796500067518,2903.2360639994295,4515.0
1776354990,283,,Aggregated,189.400000,0.000000,1300,1400,1400,1400,1500,1600,1700,1800,2800,2900,2900,13576,0,1300.0,1246.5431610545172,201.15796500067518,2903.2360639994295,4515.0
1776354991,283,,Aggregated,188.200000,0.000000,1300,1400,1400,1400,1500,1600,1700,1800,2800,2900,2900,13738,0,1300.0,1249.4958875383686,201.15796500067518,2903.2360639994295,4515.0
1776354992,243,,Aggregated,191.800000,0.000000,1300,1400,1400,1400,1500,1600,1700,1800,2800,2900,2900,13866,0,1300.0,1252.02883125841,201.15796500067518,2903.2360639994295,4515.0
1776354993,222,,Aggregated,209.900000,0.000000,1300,1400,1400,1400,1500,1600,1700,1800,2800,2900,2900,13976,0,1300.0,1254.4881923420216,201.15796500067518,2903.2360639994295,4515.0
1776354994,222,,Aggregated,221.900000,0.000000,1300,1400,1400,1400,1500,1600,1700,1800,2700,2900,2900,14120,0,1300.0,1257.6959332782653,201.15796500067518,2903.2360639994295,4515.0
1776354995,222,,Aggregated,216.700000,0.000000,1300,1400,1400,1400,1500,1600,1700,1800,2700,2900,2900,14241,0,1300.0,1259.165151927681,201.15796500067518,2903.2360639994295,4515.0
1776354996,222,,Aggregated,210.700000,0.000000,1300,1400,1400,1400,1600,1600,1700,1800,2700,2900,2900,14393,0,1300.0,1260.8222965109485,201.15796500067518,2903.2360639994295,4515.0
1776354997,222,,Aggregated,205.600000,0.000000,1300,1400,1400,1400,1500,1600,1700,1800,2700,2900,2900,14540,0,1300.0,1259.8093938187126,201.15796500067518,2903.2360639994295,4515.0
1776354998,222,,Aggregated,198.200000,0.000000,1300,1400,1400,1400,1500,1600,1700,1800,2700,2900,2900,14685,0,1300.0,1259.180285601436,201.15796500067518,2903.2360639994295,4515.0
1776354999,222,,Aggregated,196.300000,0.000000,1300,1400,1400,1400,1500,1600,1700,1800,2700,2900,2900,14860,0,1300.0,1257.6077562848645,201.15796500067518,2903.2360639994295,4515.0
1776355000,222,,Aggregated,193.100000,0.000000,1300,1400,1400,1400,1500,1600,1700,1800,2700,2900,2900,15014,0,1300.0,1255.481861898101,201.15796500067518,2903.2360639994295,4515.0
1776355001,222,,Aggregated,191.900000,0.000000,1300,1400,1400,1400,1500,1600,1700,1800,2700,2900,2900,15164,0,1300.0,1254.481618411836,201.15796500067518,2903.2360639994295,4515.0
1776355002,222,,Aggregated,185.700000,0.000000,1300,1400,1400,1400,1500,1600,1700,1800,2700,2900,2900,15309,0,1300.0,1253.960429099883,201.15796500067518,2903.2360639994295,4515.0
1776355003,222,,Aggregated,165.100000,0.000000,1300,1400,1400,1400,1500,1600,1700,1800,2700,2900,2900,15443,0,1300.0,1253.8812552192644,201.15796500067518,2903.2360639994295,4515.0
1776355004,222,,Aggregated,146.700000,0.000000,1300,1400,1400,1400,1500,1600,1700,1800,2700,2900,2900,15600,0,1300.0,1253.9145061746885,201.15796500067518,2903.2360639994295,4515.0
1776355005,222,,Aggregated,147.200000,0.000000,1300,1400,1400,1400,1500,1600,1700,1800,2700,2900,2900,15751,0,1300.0,1253.20731344633,201.15796500067518,2903.2360639994295,4515.0
1776355006,222,,Aggregated,149.300000,0.000000,1300,1400,1400,1400,1500,1600,1700,1800,2700,2900,2900,15914,0,1300.0,1252.2041584425117,201.15796500067518,2903.2360639994295,4515.0
1776355007,222,,Aggregated,151.200000,0.000000,1300,1300,1400,1400,1500,1600,1700,1800,2700,2900,2900,16070,0,1300.0,1250.8063389085316,201.15796500067518,2903.2360639994295,4515.0
1776355008,222,,Aggregated,152.600000,0.000000,1300,1300,1400,1400,1500,1600,1700,1800,2700,2900,2900,16229,0,1300.0,1249.3956264775456,201.15796500067518,2903.2360639994295,4515.0
1776355009,222,,Aggregated,152.300000,0.000000,1300,1300,1400,1400,1500,1600,1700,1800,2700,2900,2900,16387,0,1300.0,1247.710235860077,201.15796500067518,2903.2360639994295,4515.0
1776355010,222,,Aggregated,152.600000,0.000000,1300,1300,1400,1400,1500,1600,1700,1800,2700,2900,2900,16536,0,1300.0,1246.674858121074,201.15796500067518,2903.2360639994295,4515.0
1776355011,222,,Aggregated,152.900000,0.000000,1300,1300,1400,1400,1500,1600,1700,1800,2700,2900,2900,16680,0,1300.0,1246.6155994715866,201.15796500067518,2903.2360639994295,4515.0
1776355012,222,,Aggregated,151.500000,0.000000,1300,1300,1400,1400,1500,1600,1700,1800,2700,2900,2900,16800,0,1300.0,1247.3404980652413,201.15796500067518,2903.2360639994295,4515.0
1776355013,222,,Aggregated,151.500000,0.000000,1300,1300,1400,1400,1500,1600,1700,1800,2700,2900,2900,16941,0,1300.0,1248.079203182637,201.15796500067518,2903.2360639994295,4515.0
1776355014,222,,Aggregated,150.300000,0.000000,1300,1300,1400,1400,1500,1600,1700,1800,2700,2900,2900,17074,0,1300.0,1248.4462298874932,201.15796500067518,2903.2360639994295,4515.0
1776355015,222,,Aggregated,151.000000,0.000000,1300,1300,1400,1400,1500,1600,1700,1800,2700,2900,2900,17233,0,1300.0,1249.3480190059836,201.15796500067518,2903.2360639994295,4515.0
1776355016,222,,Aggregated,148.500000,0.000000,1300,1300,1400,1400,1500,1600,1700,1800,2700,2900,2900,17381,0,1300.0,1248.2154978175663,201.15796500067518,2903.2360639994295,4515.0
1776355017,182,,Aggregated,145.900000,0.000000,1300,1300,1400,1400,1500,1600,1700,1800,2700,2900,2900,17480,0,1300.0,1248.081756461621,201.15796500067518,2903.2360639994295,4515.0
1776355018,142,,Aggregated,148.200000,0.000000,1300,1300,1400,1400,1500,1600,1700,1800,2700,2900,2900,17567,0,1300.0,1249.2332911744825,201.15796500067518,2903.2360639994295,4515.0
1776355019,126,,Aggregated,143.800000,0.000000,1300,1300,1400,1400,1500,1600,1700,1800,2700,2900,2900,17658,0,1300.0,1249.4546707367272,201.15796500067518,2903.2360639994295,4515.0
1776355020,126,,Aggregated,137.300000,0.000000,1300,1300,1400,1400,1500,1600,1700,1800,2700,2900,2900,17791,0,1300.0,1246.418698865165,201.15796500067518,2903.2360639994295,4515.0
1776355021,126,,Aggregated,129.100000,0.000000,1300,1300,1400,1400,1500,1600,1700,1800,2700,2900,2900,17944,0,1300.0,1240.7764890995961,201.15796500067518,2903.2360639994295,4515.0
1776355020,126,,Aggregated,137.300000,0.000000,1300,1300,1400,1400,1500,1600,1700,1800,2700,2900,2900,18070,0,1300.0,1236.3588527712861,201.15796500067518,2903.2360639994295,4515.0
1776355021,126,,Aggregated,137.300000,0.000000,1300,1300,1400,1400,1500,1600,1700,1800,2700,2900,2900,18205,0,1300.0,1232.062067422639,201.15796500067518,2903.2360639994295,4515.0
1776355022,126,,Aggregated,127.700000,0.000000,1200,1300,1400,1400,1500,1600,1700,1800,2700,2900,2900,18317,0,1200.0,1229.0129864806538,201.15796500067518,2903.2360639994295,4515.0
1776355023,126,,Aggregated,141.300000,0.000000,1200,1300,1400,1400,1500,1600,1700,1800,2700,2900,2900,18415,0,1200.0,1227.0393599139368,201.15796500067518,2903.2360639994295,4515.0
1776355024,126,,Aggregated,153.900000,0.000000,1200,1300,1400,1400,1500,1600,1700,1800,2700,2900,2900,18547,0,1200.0,1224.4568667619094,201.15796500067518,2903.2360639994295,4515.0
1776355025,126,,Aggregated,152.200000,0.000000,1200,1300,1400,1400,1500,1600,1700,1800,2700,2900,2900,18673,0,1200.0,1220.8706478444883,201.15796500067518,2903.2360639994295,4515.0
1776355026,126,,Aggregated,152.200000,0.000000,1200,1300,1400,1400,1500,1600,1700,1800,2700,2900,2900,18820,0,1200.0,1216.044519288743,201.15796500067518,2903.2360639994295,4515.0
1776355027,126,,Aggregated,152.800000,0.000000,1200,1300,1400,1400,1500,1600,1700,1800,2700,2900,2900,18956,0,1200.0,1211.397863605832,201.15796500067518,2903.2360639994295,4515.0
1776355028,126,,Aggregated,150.000000,0.000000,1200,1300,1400,1400,1500,1600,1700,1800,2700,2900,2900,19111,0,1200.0,1206.3595675723464,201.15796500067518,2903.2360639994295,4515.0
1776355029,126,,Aggregated,151.200000,0.000000,1200,1300,1400,1400,1500,1600,1700,1800,2700,2900,2900,19250,0,1200.0,1201.8387893926813,201.15796500067518,2903.2360639994295,4515.0
1776355030,126,,Aggregated,156.800000,0.000000,1200,1300,1400,1400,1500,1600,1700,1800,2700,2900,2900,19419,0,1200.0,1195.6360038283692,201.15796500067518,2903.2360639994295,4515.0
1776355031,126,,Aggregated,163.900000,0.000000,1200,1300,1400,1400,1500,1600,1700,1800,2700,2900,2900,19586,0,1200.0,1189.438755462325,201.15796500067518,2903.2360639994295,4515.0
1776355032,126,,Aggregated,167.400000,0.000000,1200,1300,1400,1400,1500,1600,1700,1800,2700,2900,2900,19745,0,1200.0,1183.4630427775699,201.15796500067518,2903.2360639994295,4515.0
1776355033,126,,Aggregated,154.700000,0.000000,1200,1300,1400,1400,1500,1600,1700,1800,2700,2900,2900,19919,0,1200.0,1177.1711487005437,201.15796500067518,2903.2360639994295,4515.0
1776355034,126,,Aggregated,145.500000,0.000000,1200,1300,1400,1400,1500,1600,1700,1800,2700,2900,2900,20081,0,1200.0,1171.1835447327887,201.15796500067518,2903.2360639994295,4515.0
1776355035,126,,Aggregated,149.600000,0.000000,1200,1300,1400,1400,1500,1600,1700,1800,2700,2900,2900,20265,0,1200.0,1164.6297040650454,201.15796500067518,2903.2360639994295,4515.0
1776355036,126,,Aggregated,154.300000,0.000000,1200,1300,1400,1400,1500,1600,1700,1800,2700,2900,2900,20428,0,1200.0,1158.942770244083,201.15796500067518,2903.2360639994295,4515.0
1776355037,126,,Aggregated,157.500000,0.000000,1200,1300,1400,1400,1500,1600,1700,1800,2700,2900,2900,20567,0,1200.0,1154.6692657600586,201.15796500067518,2903.2360639994295,4515.0
1776355038,126,,Aggregated,159.400000,0.000000,1200,1300,1400,1400,1500,1600,1700,1800,2700,2900,2900,20745,0,1200.0,1148.670603221987,201.15796500067518,2903.2360639994295,4515.0
1776355039,126,,Aggregated,160.900000,0.000000,1200,1300,1400,1400,1500,1600,1700,1800,2700,2900,2900,20900,0,1200.0,1143.3502741581876,201.15796500067518,2903.2360639994295,4515.0
1776355040,86,,Aggregated,164.400000,0.000000,1200,1300,1400,1400,1500,1600,1700,1800,2700,2900,2900,21016,0,1200.0,1140.0025888980363,201.15796500067518,2903.2360639994295,4515.0
1776355041,46,,Aggregated,164.300000,0.000000,1200,1300,1400,1400,1500,1600,1700,1800,2700,2900,2900,21095,0,1200.0,1136.8879195360096,201.15796500067518,2903.2360639994295,4515.0
1776355042,31,,Aggregated,158.900000,0.000000,1200,1300,1400,1400,1500,1600,1700,1800,2700,2900,2900,21155,0,1200.0,1134.3361812467087,201.15796500067518,2903.2360639994295,4515.0
1776355043,31,,Aggregated,151.800000,0.000000,1200,1300,1400,1400,1500,1600,1700,1800,2700,2900,2900,21216,0,1200.0,1131.729756759432,201.15796500067518,2903.2360639994295,4515.0
1776355044,31,,Aggregated,141.400000,0.000000,1200,1300,1400,1400,1500,1600,1700,1800,2700,2900,2900,21276,0,1200.0,1129.1915068045262,201.15796500067518,2903.2360639994295,4515.0
1776355045,31,,Aggregated,130.000000,0.000000,1200,1300,1400,1400,1500,1600,1700,1800,2700,2900,2900,21335,0,1200.0,1126.7132352529698,201.15796500067518,2903.2360639994295,4515.0
1776355046,31,,Aggregated,119.300000,0.000000,1200,1300,1400,1400,1500,1600,1700,1800,2700,2900,2900,21394,0,1200.0,1124.2614170011268,201.15796500067518,2903.2360639994295,4515.0
1776355047,31,,Aggregated,108.000000,0.000000,1200,1300,1400,1400,1500,1600,1700,1800,2700,2900,2900,21449,0,1200.0,1121.986930192555,201.15796500067518,2903.2360639994295,4515.0
1776355048,31,,Aggregated,97.100000,0.000000,1200,1300,1400,1400,1500,1600,1700,1800,2700,2900,2900,21507,0,1200.0,1119.5961795729816,201.15796500067518,2903.2360639994295,4515.0
1776355049,31,,Aggregated,88.800000,0.000000,1200,1300,1400,1400,1500,1600,1700,1800,2700,2900,2900,21567,0,1200.0,1117.1105411244544,201.15796500067518,2903.2360639994295,4515.0
1776355050,31,,Aggregated,76.100000,0.000000,1200,1300,1400,1400,1500,1600,1700,1800,2700,2900,2900,21624,0,1200.0,1114.7756922359458,201.15796500067518,2903.2360639994295,4515.0
1776355051,31,,Aggregated,67.000000,0.000000,1200,1300,1400,1400,1500,1600,1700,1800,2700,2900,2900,21683,0,1200.0,1112.3598018843838,201.15796500067518,2903.2360639994295,4515.0
1776355049,31,,Aggregated,88.800000,0.000000,1200,1300,1400,1400,1500,1600,1700,1800,2700,2900,2900,21743,0,1200.0,1109.9172627622265,201.15796500067518,2903.2360639994295,4515.0
1776355050,31,,Aggregated,76.100000,0.000000,1200,1300,1400,1400,1500,1600,1700,1800,2700,2900,2900,21802,0,1200.0,1107.5302991619158,201.15796500067518,2903.2360639994295,4515.0
1776355051,31,,Aggregated,67.000000,0.000000,1200,1300,1400,1400,1500,1600,1700,1800,2700,2900,2900,21861,0,1200.0,1105.1591966124186,201.15796500067518,2903.2360639994295,4515.0
1776355052,31,,Aggregated,62.600000,0.000000,1200,1300,1400,1400,1500,1600,1700,1800,2700,2900,2900,21921,0,1200.0,1102.755415489124,201.15796500067518,2903.2360639994295,4515.0
1776355053,31,,Aggregated,65.500000,0.000000,1200,1300,1400,1400,1500,1600,1700,1800,2700,2900,2900,21978,0,1200.0,1100.4836700032804,201.15796500067518,2903.2360639994295,4515.0
1776355054,31,,Aggregated,71.300000,0.000000,1200,1300,1400,1400,1500,1600,1700,1800,2700,2900,2900,22036,0,1200.0,1098.1826354715965,201.15796500067518,2903.2360639994295,4515.0
1776355055,31,,Aggregated,71.600000,0.000000,1200,1300,1400,1400,1500,1600,1700,1800,2700,2900,2900,22094,0,1200.0,1095.9040728570706,201.15796500067518,2903.2360639994295,4515.0
1776355056,31,,Aggregated,71.400000,0.000000,1200,1300,1400,1400,1500,1600,1700,1800,2700,2900,2900,22153,0,1200.0,1093.613627586021,201.15796500067518,2903.2360639994295,4515.0
1776355057,31,,Aggregated,72.000000,0.000000,1200,1300,1400,1400,1500,1600,1700,1800,2700,2900,2900,22212,0,1200.0,1091.3142056130973,201.15796500067518,2903.2360639994295,4515.0
1776355058,31,,Aggregated,73.100000,0.000000,1200,1300,1400,1400,1500,1600,1700,1800,2700,2900,2900,22271,0,1200.0,1089.0262371060624,201.15796500067518,2903.2360639994295,4515.0
1776355059,31,,Aggregated,72.900000,0.000000,1200,1300,1400,1400,1500,1600,1700,1800,2700,2900,2900,22325,0,1200.0,1086.9483772938463,201.15796500067518,2903.2360639994295,4515.0
1776355060,31,,Aggregated,73.000000,0.000000,1200,1300,1400,1400,1500,1600,1700,1800,2700,2900,2900,22385,0,1200.0,1084.641003688503,201.15796500067518,2903.2360639994295,4515.0
1776355061,31,,Aggregated,73.300000,0.000000,1200,1300,1400,1400,1500,1600,1700,1800,2700,2900,2900,22448,0,1200.0,1082.240878633158,201.15796500067518,2903.2360639994295,4515.0
1776355062,20,,Aggregated,71.600000,0.000000,1200,1300,1400,1400,1500,1600,1700,1800,2700,2900,2900,22486,0,1200.0,1080.820178591796,201.15796500067518,2903.2360639994295,4515.0
1776355063,20,,Aggregated,66.000000,0.000000,1200,1300,1400,1400,1500,1600,1700,1800,2700,2900,2900,22523,0,1200.0,1079.4147161641047,201.15796500067518,2903.2360639994295,4515.0
1776355064,20,,Aggregated,59.800000,0.000000,1200,1300,1400,1400,1500,1600,1700,1800,2700,2900,2900,22562,0,1200.0,1077.9385911295155,201.15796500067518,2903.2360639994295,4515.0
1776355065,20,,Aggregated,57.200000,0.000000,1200,1300,1400,1400,1500,1600,1700,1800,2700,2900,2900,22599,0,1200.0,1076.5431355375074,201.15796500067518,2903.2360639994295,4515.0
1776355066,20,,Aggregated,55.000000,0.000000,1200,1300,1400,1400,1500,1600,1700,1800,2700,2900,2900,22636,0,1200.0,1075.156389898133,201.15796500067518,2903.2360639994295,4515.0
1776355067,20,,Aggregated,52.900000,0.000000,1200,1300,1400,1400,1500,1600,1700,1800,2700,2900,2900,22680,0,1200.0,1073.5156943863817,201.15796500067518,2903.2360639994295,4515.0
1776355068,20,,Aggregated,49.600000,0.000000,1200,1300,1400,1400,1500,1600,1700,1800,2700,2900,2900,22717,0,1200.0,1072.1344722143833,201.15796500067518,2903.2360639994295,4515.0
1776355069,20,,Aggregated,47.700000,0.000000,1200,1300,1400,1400,1500,1600,1700,1800,2700,2900,2900,22757,0,1200.0,1070.656728567964,201.15796500067518,2903.2360639994295,4515.0
1776355070,20,,Aggregated,46.100000,0.000000,1200,1300,1400,1400,1500,1600,1700,1800,2700,2900,2900,22795,0,1200.0,1069.247735527184,201.15796500067518,2903.2360639994295,4515.0
1776355071,20,,Aggregated,44.100000,0.000000,1200,1300,1400,1400,1500,1600,1700,1800,2700,2900,2900,22835,0,1200.0,1067.7703559081297,201.15796500067518,2903.2360639994295,4515.0
1776355072,20,,Aggregated,42.000000,0.000000,1200,1300,1400,1400,1500,1600,1700,1800,2700,2900,2900,22873,0,1200.0,1066.3680804450287,201.15796500067518,2903.2360639994295,4515.0
1776355073,20,,Aggregated,40.500000,0.000000,1200,1300,1400,1400,1500,1600,1700,1800,2700,2900,2900,22910,0,1200.0,1065.009851096732,201.15796500067518,2903.2360639994295,4515.0
1776355074,20,,Aggregated,38.200000,0.000000,1200,1300,1400,1400,1500,1600,1700,1800,2700,2900,2900,22948,0,1200.0,1063.6186382196333,201.15796500067518,2903.2360639994295,4515.0
1776355075,20,,Aggregated,38.400000,0.000000,1200,1300,1400,1400,1500,1600,1700,1800,2700,2900,2900,22989,0,1200.0,1062.1257361154098,201.15796500067518,2903.2360639994295,4515.0
1776355076,20,,Aggregated,38.500000,0.000000,1200,1300,1400,1400,1500,1600,1700,1800,2600,2900,2900,23026,0,1200.0,1060.7872831967845,201.15796500067518,2903.2360639994295,4515.0
1776355077,20,,Aggregated,38.100000,0.000000,1200,1300,1400,1400,1500,1600,1700,1800,2600,2900,2900,23062,0,1200.0,1059.4950614474967,201.15796500067518,2903.2360639994295,4515.0
1776355078,20,,Aggregated,38.500000,0.000000,1200,1300,1400,1400,1500,1600,1700,1800,2600,2900,2900,23100,0,1200.0,1058.1210783942934,201.15796500067518,2903.2360639994295,4515.0
1776355079,20,,Aggregated,38.500000,0.000000,1200,1300,1400,1400,1500,1600,1700,1800,2600,2900,2900,23138,0,1200.0,1056.7525543962386,201.15796500067518,2903.2360639994295,4515.0
1776355080,20,,Aggregated,38.400000,0.000000,1200,1300,1400,1400,1500,1600,1700,1800,2600,2900,2900,23175,0,1200.0,1055.4363030767709,201.15796500067518,2903.2360639994295,4515.0
1776355081,20,,Aggregated,37.800000,0.000000,1200,1300,1400,1400,1500,1600,1700,1800,2600,2900,2900,23213,0,1200.0,1054.087348596311,201.15796500067518,2903.2360639994295,4515.0
1776355080,20,,Aggregated,38.400000,0.000000,1200,1300,1400,1400,1500,1600,1700,1800,2600,2900,2900,23250,0,1200.0,1052.7753794968241,201.15796500067518,2903.2360639994295,4515.0
1776355081,20,,Aggregated,37.800000,0.000000,1200,1300,1400,1400,1500,1600,1700,1800,2600,2900,2900,23290,0,1200.0,1051.3549046515316,201.15796500067518,2903.2360639994295,4515.0
1776355082,20,,Aggregated,38.700000,0.000000,1200,1300,1400,1400,1500,1600,1700,1800,2600,2900,2900,23329,0,1200.0,1049.974250476453,201.15796500067518,2903.2360639994295,4515.0
1776355083,20,,Aggregated,42.100000,0.000000,1200,1300,1400,1400,1500,1600,1700,1800,2600,2900,2900,23369,0,1200.0,1048.56486427503,201.15796500067518,2903.2360639994295,4515.0
1776355084,20,,Aggregated,46.400000,0.000000,1200,1300,1400,1400,1500,1600,1700,1800,2600,2900,2900,23410,0,1200.0,1047.122203864809,201.15796500067518,2903.2360639994295,4515.0
1776355085,32,,Aggregated,47.800000,0.000000,1200,1300,1400,1400,1500,1600,1700,1800,2600,2900,2900,23464,0,1200.0,1045.327472966211,201.15796500067518,2903.2360639994295,4515.0
1776355086,32,,Aggregated,47.900000,0.000000,1200,1300,1400,1400,1500,1600,1700,1800,2600,2900,2900,23527,0,1200.0,1043.1247905675255,201.15796500067518,2903.2360639994295,4515.0
1776355087,32,,Aggregated,49.100000,0.000000,1200,1300,1400,1400,1500,1600,1700,1800,2600,2900,2900,23588,0,1200.0,1041.010611769678,201.15796500067518,2903.2360639994295,4515.0
1776355088,32,,Aggregated,51.500000,0.000000,1200,1300,1400,1400,1500,1600,1700,1800,2600,2900,2900,23651,0,1200.0,1038.8426020367074,201.15796500067518,2903.2360639994295,4515.0
1776355089,32,,Aggregated,53.300000,0.000000,1200,1300,1400,1400,1500,1600,1700,1800,2600,2900,2900,23707,0,1200.0,1036.9271580521013,201.15796500067518,2903.2360639994295,4515.0
1776355090,32,,Aggregated,55.600000,0.000000,1200,1300,1400,1400,1500,1600,1700,1800,2600,2900,2900,23768,0,1200.0,1034.8522990302156,201.15796500067518,2903.2360639994295,4515.0
1776355091,32,,Aggregated,58.000000,0.000000,1200,1300,1300,1400,1500,1600,1700,1800,2600,2900,2900,23830,0,1200.0,1032.7446494763815,201.15796500067518,2903.2360639994295,4515.0
1776355092,32,,Aggregated,59.400000,0.000000,1200,1300,1300,1400,1500,1600,1700,1800,2600,2900,2900,23891,0,1200.0,1030.6921375331785,201.15796500067518,2903.2360639994295,4515.0
1776355093,32,,Aggregated,58.000000,0.000000,1200,1300,1300,1400,1500,1600,1700,1800,2600,2900,2900,23950,0,1200.0,1028.7098431243494,201.15796500067518,2903.2360639994295,4515.0
1776355094,32,,Aggregated,56.600000,0.000000,1200,1300,1300,1400,1500,1600,1700,1800,2600,2900,2900,24007,0,1200.0,1026.8107409648924,201.15796500067518,2903.2360639994295,4515.0
1776355095,32,,Aggregated,57.300000,0.000000,1200,1300,1300,1400,1500,1600,1700,1800,2600,2900,2900,24072,0,1200.0,1024.6700526471489,201.15796500067518,2903.2360639994295,4515.0
1776355096,32,,Aggregated,59.200000,0.000000,1200,1300,1300,1400,1500,1600,1700,1800,2600,2900,2900,24135,0,1200.0,1022.5919110061799,201.15796500067518,2903.2360639994295,4515.0
1776355097,32,,Aggregated,60.200000,0.000000,1200,1300,1300,1400,1500,1600,1700,1800,2600,2900,2900,24190,0,1200.0,1020.7814084102172,201.15796500067518,2903.2360639994295,4515.0
1776355098,32,,Aggregated,59.900000,0.000000,1200,1300,1300,1400,1500,1600,1700,1800,2600,2900,2900,24254,0,1200.0,1018.696669324778,201.15796500067518,2903.2360639994295,4515.0
1776355099,32,,Aggregated,60.500000,0.000000,1200,1300,1300,1400,1500,1600,1700,1800,2600,2900,2900,24312,0,1200.0,1016.8084943200543,201.15796500067518,2903.2360639994295,4515.0
1776355100,32,,Aggregated,60.100000,0.000000,1200,1300,1300,1400,1500,1600,1700,1800,2600,2900,2900,24373,0,1200.0,1014.8345683503121,201.15796500067518,2903.2360639994295,4515.0
1776355101,32,,Aggregated,60.100000,0.000000,1200,1300,1300,1400,1500,1600,1700,1800,2600,2900,2900,24436,0,1200.0,1012.8271031199109,201.15796500067518,2903.2360639994295,4515.0
1776355102,32,,Aggregated,60.700000,0.000000,1200,1300,1300,1400,1500,1600,1700,1800,2600,2900,2900,24495,0,1200.0,1010.9371715228878,201.15796500067518,2903.2360639994295,4515.0
1776355103,32,,Aggregated,60.500000,0.000000,1200,1300,1300,1400,1500,1600,1700,1800,2600,2900,2900,24554,0,1200.0,1009.0488991180309,201.15796500067518,2903.2360639994295,4515.0
1776355104,32,,Aggregated,59.900000,0.000000,1200,1300,1300,1400,1500,1600,1700,1800,2600,2900,2900,24615,0,1200.0,1007.1169663636458,201.15796500067518,2903.2360639994295,4515.0
1776355105,32,,Aggregated,60.500000,0.000000,1200,1300,1300,1400,1500,1600,1700,1800,2600,2900,2900,24675,0,1200.0,1005.2152366933796,201.15796500067518,2903.2360639994295,4515.0
1776355106,32,,Aggregated,60.300000,0.000000,1200,1300,1300,1400,1500,1600,1700,1800,2600,2900,2900,24738,0,1200.0,1003.2333702923895,201.15796500067518,2903.2360639994295,4515.0
1776355107,32,,Aggregated,60.700000,0.000000,1200,1300,1300,1400,1500,1600,1700,1800,2600,2900,2900,24794,16,1200.0,1001.5515529199859,42.894225000054576,2903.2360639994295,4512.086391869
1776355108,32,,Aggregated,60.600000,0.000000,1200,1300,1300,1400,1500,1600,1700,1800,2600,2900,2900,24845,16,1200.0,1000.1288461050164,42.894225000054576,2903.2360639994295,4512.092372710807
1776355109,32,,Aggregated,60.200000,1.600000,1200,1300,1300,1400,1500,1600,1700,1800,2600,2900,2900,24907,16,1200.0,998.3126632895626,42.894225000054576,2903.2360639994295,4512.09961055125
1776355110,68,,Aggregated,59.800000,1.600000,1200,1300,1300,1400,1500,1600,1700,1800,2600,2900,2900,24975,16,1200.0,996.8910572908968,42.894225000054576,2903.2360639994295,4512.107507507508
1776355111,68,,Aggregated,59.600000,1.600000,1200,1300,1300,1400,1500,1600,1700,1800,2600,2900,2900,25051,16,1200.0,995.8192846885607,42.894225000054576,2903.2360639994295,4512.116282783122
1776355115,68,,Aggregated,64.400000,1.600000,1200,1300,1300,1400,1500,1600,1700,1800,2600,2900,2900,25127,16,1200.0,994.7808780082032,42.894225000054576,2903.2360639994295,4512.125004974729
1776355110,68,,Aggregated,59.800000,1.600000,1200,1300,1300,1400,1500,1600,1700,1800,2600,2900,2900,25209,16,1200.0,993.384090988263,42.894225000054576,2903.2360639994295,4512.134356777341
1776355111,68,,Aggregated,59.600000,1.600000,1200,1300,1300,1400,1500,1600,1700,1800,2600,2900,2900,25288,16,1200.0,991.7662065876349,42.894225000054576,2903.2360639994295,4512.143309079405
1776355112,68,,Aggregated,60.900000,1.600000,1200,1300,1300,1400,1500,1600,1700,1800,2600,2900,2900,25379,16,1200.0,989.9957850978807,42.894225000054576,2903.2360639994295,4512.153552149415
1776355113,68,,Aggregated,70.600000,1.600000,1100,1300,1300,1400,1500,1600,1700,1800,2600,2900,2900,25477,16,1100.0,987.7616880891042,42.894225000054576,2903.2360639994295,4512.164501314912
1776355114,68,,Aggregated,80.000000,1.600000,1100,1300,1300,1400,1500,1600,1700,1800,2600,2900,2900,25563,16,1100.0,985.9874200565314,42.894225000054576,2903.2360639994295,4512.174040605562
1776355115,68,,Aggregated,83.900000,1.600000,1100,1300,1300,1400,1500,1600,1700,1800,2600,2900,2900,25638,16,1100.0,984.8251779398204,42.894225000054576,2903.2360639994295,4512.182307512287
1776355116,68,,Aggregated,88.000000,1.600000,1100,1300,1300,1400,1500,1600,1700,1800,2600,2900,2900,25728,16,1100.0,983.094374574009,42.894225000054576,2903.2360639994295,4512.192164179104
1776355117,68,,Aggregated,90.000000,1.600000,1100,1300,1300,1400,1500,1600,1700,1800,2600,2900,2900,25813,16,1100.0,981.5704637405215,42.894225000054576,2903.2360639994295,4512.201410142176
1776355118,68,,Aggregated,93.100000,1.600000,1100,1300,1300,1400,1500,1600,1700,1800,2600,2900,2900,25899,16,1100.0,979.8693633962735,42.894225000054576,2903.2360639994295,4512.21070311595
1776355119,68,,Aggregated,95.600000,0.000000,1100,1300,1300,1400,1500,1600,1700,1800,2600,2900,2900,25974,16,1100.0,978.7248826983173,42.894225000054576,2903.2360639994295,4512.218757218758
1776355120,68,,Aggregated,99.200000,0.000000,1100,1300,1300,1400,1500,1600,1700,1700,2600,2900,2900,26038,16,1100.0,978.0350399483863,42.894225000054576,2903.2360639994295,4512.225593363545
1776355121,68,,Aggregated,102.100000,0.000000,1100,1300,1300,1400,1500,1600,1700,1700,2600,2900,2900,26127,16,1100.0,976.4774175775665,42.894225000054576,2903.2360639994295,4512.235044207142
1776355122,68,,Aggregated,101.500000,0.000000,1100,1300,1300,1400,1500,1600,1700,1700,2600,2900,2900,26215,16,1100.0,974.887488730348,42.894225000054576,2903.2360639994295,4512.2443257676905
1776355123,68,,Aggregated,92.600000,0.000000,1100,1300,1300,1400,1500,1600,1700,1700,2600,2900,2900,26291,16,1100.0,973.5584278377803,42.894225000054576,2903.2360639994295,4512.252291658742
1776355124,68,,Aggregated,86.500000,0.000000,1100,1300,1300,1400,1500,1600,1700,1700,2600,2900,2900,26371,16,1100.0,972.3643784355196,42.894225000054576,2903.2360639994295,4512.260627204126
1776355125,68,,Aggregated,84.600000,0.000000,1100,1300,1300,1400,1500,1600,1700,1700,2600,2900,2900,26450,16,1100.0,970.9600753653341,42.894225000054576,2903.2360639994295,4512.268809073724
1776355126,68,,Aggregated,82.400000,0.000000,1100,1300,1300,1400,1500,1600,1700,1700,2600,2900,2900,26527,16,1100.0,969.8614294677153,42.894225000054576,2903.2360639994295,4512.276736909564
1776355127,68,,Aggregated,82.400000,0.000000,1100,1300,1300,1400,1500,1600,1700,1700,2600,2900,2900,26606,16,1100.0,968.7522356038136,42.894225000054576,2903.2360639994295,4512.284822972262
1776355128,68,,Aggregated,80.400000,0.000000,1100,1300,1300,1400,1500,1600,1700,1700,2600,2900,2900,26675,16,1100.0,967.9380339468441,42.894225000054576,2903.2360639994295,4512.2918462980315
1776355129,68,,Aggregated,80.200000,0.000000,1100,1300,1300,1400,1500,1600,1700,1700,2600,2900,2900,26753,16,1100.0,966.8464659044618,42.894225000054576,2903.2360639994295,4512.299742085
1776355130,68,,Aggregated,78.400000,0.000000,1100,1200,1300,1400,1500,1600,1700,1700,2600,2900,2900,26816,16,1100.0,966.0458943797756,42.894225000054576,2903.2360639994295,4512.3060859188545
1776355131,68,,Aggregated,76.700000,0.000000,1100,1200,1300,1400,1500,1600,1700,1700,2600,2900,2900,26890,16,1100.0,965.3809699932718,42.894225000054576,2903.2360639994295,4512.313499442172
1776355132,90,,Aggregated,77.800000,0.000000,1100,1200,1300,1400,1500,1600,1700,1700,2600,2900,2900,26988,16,1100.0,963.7424345596961,42.894225000054576,2903.2360639994295,4512.3232547799025
1776355133,90,,Aggregated,77.500000,0.000000,1100,1200,1300,1400,1500,1600,1700,1700,2600,2900,2900,27071,16,1100.0,963.1756711255988,42.894225000054576,2903.2360639994295,4512.331461711795
1776355134,90,,Aggregated,75.900000,0.000000,1100,1200,1300,1400,1500,1600,1700,1700,2600,2900,2900,27186,16,1100.0,961.4320179034827,42.894225000054576,2903.2360639994295,4512.342749944824
1776355135,90,,Aggregated,76.800000,0.000000,1100,1200,1300,1400,1500,1600,1700,1700,2600,2900,2900,27302,16,1100.0,959.4327519372598,42.894225000054576,2903.2360639994295,4512.35403999707
1776355136,90,,Aggregated,77.600000,0.000000,1100,1200,1300,1400,1500,1600,1700,1700,2600,2900,2900,27413,16,1100.0,957.594514369244,42.894225000054576,2903.2360639994295,4512.364753948857
1776355137,90,,Aggregated,81.300000,0.000000,1100,1200,1300,1400,1500,1600,1700,1700,2600,2900,2900,27511,16,1100.0,956.1032665396781,42.894225000054576,2903.2360639994295,4512.37414125259
1776355138,90,,Aggregated,85.700000,0.000000,1100,1200,1300,1400,1500,1600,1700,1700,2600,2900,2900,27612,16,1100.0,954.8556665386095,42.894225000054576,2903.2360639994295,4512.383746197305
1776355139,90,,Aggregated,88.000000,0.000000,1100,1200,1300,1400,1500,1600,1700,1700,2600,2900,2900,27708,16,1100.0,953.7110165902299,42.894225000054576,2903.2360639994295,4512.39281074058
1776355140,90,,Aggregated,90.700000,0.000000,1100,1200,1300,1400,1500,1600,1700,1700,2600,2900,2900,27810,16,1100.0,952.485241469762,42.894225000054576,2903.2360639994295,4512.402373247033
1776355141,90,,Aggregated,93.700000,0.000000,1100,1200,1300,1400,1500,1600,1700,1700,2600,2900,2900,27913,16,1100.0,951.0686569988559,42.894225000054576,2903.2360639994295,4512.411958585605
1776355140,90,,Aggregated,90.700000,0.000000,1100,1200,1300,1400,1500,1600,1700,1700,2600,2900,2900,28018,16,1100.0,949.5937981438385,42.894225000054576,2903.2360639994295,4512.421657505889
1776355141,90,,Aggregated,93.700000,0.000000,1100,1200,1300,1400,1500,1600,1700,1700,2600,2900,2900,28121,16,1100.0,948.4793255475647,42.894225000054576,2903.2360639994295,4512.431101312187
1776355142,90,,Aggregated,98.100000,0.000000,1100,1200,1300,1400,1500,1600,1700,1700,2600,2900,2900,28201,16,1100.0,947.4783020594682,42.894225000054576,2903.2360639994295,4512.43838870962
1776355143,90,,Aggregated,111.100000,0.000000,1100,1200,1300,1400,1500,1600,1700,1700,2600,2900,2900,28295,16,1100.0,946.8724298117361,42.894225000054576,2903.2360639994295,4512.446898745361
1776355144,90,,Aggregated,123.600000,0.000000,1100,1200,1300,1400,1500,1600,1700,1700,2600,2900,2900,28388,16,1100.0,945.9759309449796,42.894225000054576,2903.2360639994295,4512.4552627870935
1776355145,90,,Aggregated,125.500000,0.000000,1100,1200,1300,1400,1500,1600,1700,1700,2600,2900,2900,28491,16,1100.0,945.0268260424374,42.894225000054576,2903.2360639994295,4512.46446246183
1776355146,90,,Aggregated,126.700000,0.000000,1100,1200,1300,1400,1500,1600,1700,1700,2600,2900,2900,28596,16,1100.0,943.5676971777552,42.894225000054576,2903.2360639994295,4512.473772555602
1776355147,90,,Aggregated,124.000000,0.000000,1100,1200,1300,1400,1500,1600,1700,1700,2600,2900,2900,28701,16,1100.0,942.1419097653071,42.894225000054576,2903.2360639994295,4512.483014529111
1776355148,90,,Aggregated,122.400000,0.000000,1100,1200,1300,1400,1500,1600,1700,1700,2600,2900,2900,28792,16,1100.0,940.9422790400142,42.894225000054576,2903.2360639994295,4512.490969713809
1776355149,90,,Aggregated,123.200000,0.000000,1100,1200,1300,1400,1500,1600,1700,1700,2600,2900,2900,28891,16,1100.0,940.1273082868402,42.894225000054576,2903.2360639994295,4512.49956733931
1776355150,90,,Aggregated,123.000000,0.000000,1100,1200,1300,1400,1500,1600,1700,1700,2600,2900,2900,28988,16,1100.0,939.0272018495614,42.894225000054576,2903.2360639994295,4512.5079343176485
1776355151,90,,Aggregated,122.900000,0.000000,1100,1200,1300,1400,1500,1600,1700,1700,2500,2900,2900,29093,16,1100.0,937.802278072323,42.894225000054576,2903.2360639994295,4512.516928470766
1776355152,90,,Aggregated,119.300000,0.000000,1100,1200,1300,1400,1500,1600,1700,1700,2500,2900,2900,29194,16,1100.0,936.5522113161296,42.894225000054576,2903.2360639994295,4512.525518942249
1776355153,90,,Aggregated,110.500000,0.000000,1100,1200,1300,1400,1500,1600,1700,1700,2500,2900,2900,29301,16,1100.0,935.2834482283566,42.894225000054576,2903.2360639994295,4512.534555134637
1776355154,125,,Aggregated,100.600000,0.000000,1100,1200,1300,1400,1500,1600,1700,1700,2500,2900,2900,29462,16,1100.0,932.6342386781979,42.894225000054576,2903.2360639994295,4512.548027968231
1776355155,125,,Aggregated,99.000000,0.000000,1100,1200,1300,1400,1500,1600,1700,1700,2500,2900,2900,29625,16,1100.0,929.8417238580612,42.894225000054576,2903.2360639994295,4512.5615189873415
1776355156,125,,Aggregated,101.600000,0.000000,1100,1200,1300,1300,1500,1600,1700,1700,2500,2900,2900,29791,16,1100.0,927.3147331144664,42.894225000054576,2903.2360639994295,4512.575106575811
1776355157,125,,Aggregated,110.200000,0.000000,1000,1200,1300,1300,1500,1600,1700,1700,2500,2900,2900,29953,16,1000.0,924.7429983129925,42.894225000054576,2903.2360639994295,4512.58822154709
1776355158,125,,Aggregated,115.900000,0.000000,1000,1200,1300,1300,1500,1600,1700,1700,2500,2900,2900,30103,16,1000.0,922.4662416365168,42.894225000054576,2903.2360639994295,4512.60023917882
1776355159,125,,Aggregated,121.500000,0.000000,1000,1200,1300,1300,1500,1600,1700,1700,2500,2900,2900,30249,16,1000.0,920.7210312680113,42.894225000054576,2903.2360639994295,4512.6118218784095
1776355160,125,,Aggregated,127.900000,0.000000,1000,1200,1300,1300,1500,1600,1700,1700,2500,2900,2900,30401,16,1000.0,918.8585196831044,42.894225000054576,2903.2360639994295,4512.623762376237
1776355161,125,,Aggregated,132.300000,0.000000,1000,1200,1300,1300,1500,1600,1700,1700,2500,2900,2900,30551,16,1000.0,917.0351415087248,42.894225000054576,2903.2360639994295,4512.635429282184
1776355162,125,,Aggregated,138.700000,0.000000,1000,1200,1300,1300,1500,1600,1700,1700,2500,2900,2900,30724,16,1000.0,914.5361611220234,42.894225000054576,2903.2360639994295,4512.64874365317
1776355163,125,,Aggregated,141.600000,0.000000,1000,1200,1300,1300,1500,1600,1700,1700,2500,2900,2900,30883,16,1000.0,912.1000151687989,42.894225000054576,2903.2360639994295,4512.660849010783
1776355164,125,,Aggregated,148.100000,0.000000,1000,1200,1300,1300,1500,1600,1700,1700,2500,2900,2900,31051,16,1000.0,909.7254016928932,42.894225000054576,2903.2360639994295,4512.67350487907
1776355165,125,,Aggregated,155.400000,0.000000,1000,1200,1300,1300,1500,1600,1700,1700,2500,2900,2900,31227,16,1000.0,906.9615817623868,42.894225000054576,2903.2360639994295,4512.6866173503695
1776355166,125,,Aggregated,158.900000,0.000000,1000,1200,1300,1300,1500,1600,1700,1700,2500,2900,2900,31400,16,1000.0,904.2250746547157,42.894225000054576,2903.2360639994295,4512.699363057325
1776355167,125,,Aggregated,157.500000,0.000000,1000,1200,1300,1300,1500,1600,1700,1700,2500,2900,2900,31570,16,1000.0,901.7589474793501,42.894225000054576,2903.2360639994295,4512.711751662971
1776355168,125,,Aggregated,160.500000,0.000000,1000,1200,1300,1300,1500,1600,1700,1700,2500,2900,2900,31732,16,1000.0,899.4543271080319,42.894225000054576,2903.2360639994295,4512.723433757721
1776355169,125,,Aggregated,160.700000,0.000000,990,1200,1300,1300,1400,1600,1700,1700,2500,2900,2900,31898,16,990.0,897.2384776788222,42.894225000054576,2903.2360639994295,4512.735281208853
1776355170,125,,Aggregated,161.100000,0.000000,990,1200,1300,1300,1400,1600,1700,1700,2500,2900,2900,32075,16,990.0,894.5695587516159,42.894225000054576,2903.2360639994295,4512.747778643804
1776355171,125,,Aggregated,162.700000,0.000000,980,1200,1300,1300,1400,1600,1700,1700,2500,2900,2900,32234,16,980.0,892.4188566019443,42.894225000054576,2903.2360639994295,4512.7588881305455
1776355170,125,,Aggregated,161.100000,0.000000,980,1200,1300,1300,1400,1600,1700,1700,2500,2900,2900,32374,16,980.0,890.960619639219,42.894225000054576,2903.2360639994295,4512.76857972447
1776355171,125,,Aggregated,162.700000,0.000000,970,1200,1300,1300,1400,1500,1700,1700,2500,2900,2900,32508,16,970.0,889.5939068206314,42.894225000054576,2903.2360639994295,4512.777777777777
1776355172,125,,Aggregated,168.200000,0.000000,970,1200,1300,1300,1400,1500,1700,1700,2500,2900,2900,32655,16,970.0,888.4429085799751,42.894225000054576,2903.2360639994295,4512.787781350482
1776355173,125,,Aggregated,184.500000,0.000000,970,1200,1300,1300,1400,1500,1700,1700,2500,2900,2900,32838,16,970.0,886.0809159358694,42.894225000054576,2903.2360639994295,4512.800109629088
1776355174,125,,Aggregated,197.000000,0.000000,960,1200,1300,1300,1400,1500,1700,1700,2500,2900,2900,32988,16,960.0,884.2013743606482,42.894225000054576,2903.2360639994295,4512.810112768279
1776355175,125,,Aggregated,199.800000,0.000000,950,1200,1300,1300,1400,1500,1700,1700,2500,2900,2900,33146,16,950.0,882.2830816782433,42.894225000054576,2903.2360639994295,4512.820551499427
1776355176,125,,Aggregated,199.200000,0.000000,950,1200,1300,1300,1400,1500,1700,1700,2500,2900,2900,33298,16,950.0,880.763837557302,42.894225000054576,2903.2360639994295,4512.83050033035
1776355177,165,,Aggregated,199.400000,0.000000,940,1200,1300,1300,1400,1500,1700,1700,2500,2900,2900,33514,76,940.0,877.8602673339811,42.894225000054576,2903.2360639994295,4504.761293787671
1776355178,167,,Aggregated,197.800000,0.000000,930,1200,1300,1300,1400,1500,1700,1700,2500,2900,2900,33733,124,930.0,875.0790097117074,42.894225000054576,2903.2360639994295,4498.403195683752
1776355179,167,,Aggregated,201.900000,5.200000,920,1200,1300,1300,1400,1500,1600,1700,2500,2900,2900,33963,157,920.0,872.2856545153853,42.894225000054576,2903.2360639994295,4494.128610546772
1776355180,167,,Aggregated,206.600000,9.900000,910,1200,1300,1300,1400,1500,1600,1700,2500,2900,2900,34164,169,910.0,869.7793631931571,42.894225000054576,2903.2360639994295,4492.665525114156
1776355181,167,,Aggregated,213.700000,13.500000,900,1200,1300,1300,1400,1500,1600,1700,2500,2900,2900,34372,171,900.0,867.4308842297511,42.894225000054576,2903.2360639994295,4492.5379669498425
1776355182,167,,Aggregated,214.000000,15.300000,900,1200,1300,1300,1400,1500,1600,1700,2500,2900,2900,34572,216,900.0,865.6735999361622,1.8575249996501952,2903.2360639994295,4486.79104477612
1776355183,167,,Aggregated,204.400000,15.500000,900,1200,1300,1300,1400,1500,1600,1700,2500,2900,2900,34772,225,900.0,863.763271336248,1.8575249996501952,2903.2360639994295,4485.784683078339
1776355184,167,,Aggregated,195.900000,19.800000,890,1200,1300,1300,1400,1500,1600,1700,2500,2900,2900,34957,225,890.0,862.1439175201538,1.8575249996501952,2903.2360639994295,4485.939296850416
1776355185,167,,Aggregated,196.000000,20.900000,890,1200,1300,1300,1400,1500,1600,1700,2500,2900,2900,35162,225,890.0,860.4094457927883,1.8575249996501952,2903.2360639994295,4486.1087253284795
1776355186,167,,Aggregated,197.800000,20.900000,890,1200,1300,1300,1400,1500,1600,1700,2500,2900,2900,35359,225,890.0,858.5700717040922,1.8575249996501952,2903.2360639994295,4486.269690884923
1776355187,167,,Aggregated,201.600000,20.900000,880,1200,1300,1300,1400,1500,1600,1700,2500,2900,2900,35555,225,880.0,856.7944864532137,1.8575249996501952,2903.2360639994295,4486.4280691885815
1776355188,167,,Aggregated,204.400000,20.900000,880,1200,1300,1300,1400,1500,1600,1700,2500,2900,2900,35774,225,880.0,854.9154251385356,1.8575249996501952,2903.2360639994295,4486.602979817745
1776355189,167,,Aggregated,203.700000,15.700000,870,1200,1300,1300,1400,1500,1600,1700,2500,2900,2900,35975,225,870.0,852.6636368596788,1.8575249996501952,2903.2360639994295,4486.7616400277975
1776355190,167,,Aggregated,203.500000,11.000000,870,1200,1300,1300,1400,1500,1600,1700,2500,2900,2900,36169,225,870.0,850.9703237143946,1.8575249996501952,2903.2360639994295,4486.913102380491
1776355191,167,,Aggregated,201.200000,7.400000,870,1200,1300,1300,1400,1500,1600,1700,2500,2900,2900,36371,225,870.0,849.2826961002986,1.8575249996501952,2903.2360639994295,4487.069093508565
1776355192,167,,Aggregated,199.600000,5.600000,870,1200,1300,1300,1400,1500,1600,1700,2500,2900,2900,36569,225,870.0,847.7116630519284,1.8575249996501952,2903.2360639994295,4487.220323224589
1776355193,167,,Aggregated,199.200000,5.400000,860,1200,1300,1300,1400,1500,1600,1700,2500,2900,2900,36780,225,860.0,845.8096366268611,1.8575249996501952,2903.2360639994295,4487.37969004894
1776355194,167,,Aggregated,198.500000,1.100000,860,1200,1300,1300,1400,1500,1600,1700,2500,2900,2900,36983,225,860.0,844.0836455331893,1.8575249996501952,2903.2360639994295,4487.531298164021
1776355195,167,,Aggregated,199.300000,0.000000,860,1200,1200,1300,1400,1500,1600,1700,2500,2900,2900,37188,225,860.0,842.3507030283135,1.8575249996501952,2903.2360639994295,4487.682720232333
1776355196,167,,Aggregated,202.600000,0.000000,860,1200,1200,1300,1400,1500,1600,1700,2500,2900,2900,37395,225,860.0,840.7057857188372,1.8575249996501952,2903.2360639994295,4487.83393501805
1776355197,167,,Aggregated,203.200000,0.000000,850,1200,1200,1300,1400,1500,1600,1700,2500,2900,2900,37596,225,850.0,838.8600802494924,1.8575249996501952,2903.2360639994295,4487.97917331631
1776355198,167,,Aggregated,204.100000,0.000000,850,1200,1200,1300,1400,1500,1600,1700,2500,2900,2900,37809,225,850.0,837.25992616644,1.8575249996501952,2903.2360639994295,4488.13139728636
1776355199,167,,Aggregated,203.000000,0.000000,840,1200,1200,1300,1400,1500,1600,1700,2500,2900,2900,38016,225,840.0,835.3126253801283,1.8575249996501952,2903.2360639994295,4488.277698863636
1776355200,167,,Aggregated,202.500000,0.000000,840,1200,1200,1300,1400,1500,1600,1700,2500,2900,2900,38238,225,840.0,833.2812619947163,1.8575249996501952,2903.2360639994295,4488.43284167582
1776355201,167,,Aggregated,202.900000,0.000000,830,1100,1200,1300,1400,1500,1600,1700,2500,2900,2900,38461,225,830.0,831.1385252211319,1.8575249996501952,2903.2360639994295,4488.586880216323
1776355202,207,,Aggregated,206.100000,0.000000,820,1100,1200,1300,1400,1500,1600,1700,2500,2900,2900,38694,225,820.0,829.113654151055,1.8575249996501952,2903.2360639994295,4488.745929601489
1776355200,247,,Aggregated,202.500000,0.000000,810,1100,1200,1300,1400,1500,1600,1700,2500,2900,2900,38994,250,810.0,826.3756470540073,1.8575249996501952,2903.2360639994295,4486.05323895984
1776355201,287,,Aggregated,202.900000,0.000000,800,1100,1200,1300,1400,1500,1600,1700,2500,2900,2900,39319,297,800.0,823.4982122850008,1.8575249996501952,2903.2360639994295,4480.895495816272
1776355202,287,,Aggregated,211.200000,0.100000,800,1100,1200,1300,1400,1500,1600,1700,2500,2900,2900,39563,313,800.0,822.3995445516498,1.8575249996501952,2903.2360639994295,4479.279882718702
1776355203,287,,Aggregated,242.500000,2.500000,790,1100,1200,1300,1400,1500,1600,1700,2500,2900,2900,39828,323,790.0,821.550077078661,1.8575249996501952,2903.2360639994295,4478.3839258812895
1776355204,287,,Aggregated,276.800000,7.700000,790,1100,1200,1300,1400,1500,1600,1700,2700,2900,4200,40097,326,790.0,821.2637715132038,1.8575249996501952,4209.424780000518,4478.2917674639
1776355205,287,,Aggregated,287.400000,9.100000,780,1100,1200,1300,1400,1500,1700,1700,2700,2900,4200,40324,326,780.0,821.7251829644367,1.8575249996501952,4209.424780000518,4478.498412855867
1776355206,287,,Aggregated,293.600000,9.800000,780,1100,1200,1300,1400,1500,1700,1800,2700,4200,5400,40555,326,780.0,823.2157840883475,1.8575249996501952,5442.303802999959,4478.706324744175
1776355207,287,,Aggregated,300.800000,10.100000,780,1100,1200,1300,1400,1500,1700,1800,2700,4600,5400,40795,326,780.0,824.0420734418902,1.8575249996501952,5442.303802999959,4478.919843118029
1776355208,287,,Aggregated,299.800000,10.100000,780,1100,1200,1300,1400,1500,1700,1800,2700,4600,5400,41045,326,780.0,824.1685084888024,1.8575249996501952,5442.303802999959,4479.139602874893
1776355209,287,,Aggregated,303.600000,10.100000,780,1100,1200,1300,1400,1500,1700,1800,2700,4900,5600,41296,326,780.0,824.4884164113711,1.8575249996501952,5566.668324000602,4479.3575648973265
1776355210,287,,Aggregated,307.900000,10.100000,780,1100,1200,1300,1400,1500,1700,1900,2700,4900,5600,41544,326,780.0,824.2182462556802,1.8575249996501952,5566.668324000602,4479.570335066435
1776355211,287,,Aggregated,313.600000,10.100000,780,1100,1200,1300,1400,1500,1700,2000,2700,4900,5600,41788,326,780.0,824.5569116372394,1.8575249996501952,5566.668324000602,4479.777208768068
1776355212,287,,Aggregated,309.000000,10.000000,770,1100,1200,1300,1400,1500,1700,2000,2700,4900,5600,42032,326,770.0,824.9236729344061,1.8575249996501952,5566.668324000602,4479.981680624286
1776355213,287,,Aggregated,283.000000,7.600000,770,1100,1200,1300,1400,1600,1700,2000,2700,4900,5600,42287,326,770.0,825.8153143783888,1.8575249996501952,5566.668324000602,4480.1928488660815
1776355214,287,,Aggregated,254.500000,2.400000,770,1100,1200,1300,1400,1600,1700,2000,2700,4900,5600,42562,326,770.0,825.4796113204719,1.8575249996501952,5566.668324000602,4480.417743527089
1776355215,287,,Aggregated,246.200000,1.000000,770,1100,1200,1300,1400,1600,1700,2000,2700,4900,5600,42871,326,770.0,824.6635134653703,1.8575249996501952,5566.668324000602,4480.667001003009
1776355216,287,,Aggregated,246.200000,0.300000,760,1100,1200,1300,1400,1600,1700,2000,2700,4900,5600,43185,326,760.0,822.7157318859993,1.8575249996501952,5566.668324000602,4480.9166377214315
1776355217,287,,Aggregated,245.000000,0.000000,760,1100,1200,1300,1400,1600,1700,2000,2700,4900,5600,43482,326,760.0,821.5443745569859,1.8575249996501952,5566.668324000602,4481.149441148062
1776355218,287,,Aggregated,255.300000,0.000000,760,1100,1200,1300,1400,1600,1700,2000,2700,4900,5600,43815,326,760.0,820.2236860724377,1.8575249996501952,5566.668324000602,4481.406710030811
1776355219,287,,Aggregated,262.900000,0.000000,750,1100,1200,1300,1400,1600,1700,2000,2700,4900,5600,44168,326,750.0,817.9962206588203,1.8575249996501952,5566.668324000602,4481.675194711103
1776355220,287,,Aggregated,269.900000,0.000000,740,1100,1200,1300,1400,1600,1700,2000,2700,4900,5600,44474,326,740.0,816.1044490350281,1.8575249996501952,5566.668324000602,4481.90448351846
1776355221,287,,Aggregated,276.000000,0.000000,740,1100,1200,1300,1400,1600,1700,2000,2700,4900,5600,44827,326,740.0,813.8870155484149,1.8575249996501952,5566.668324000602,4482.165101389787
1776355222,287,,Aggregated,287.200000,0.000000,730,1100,1200,1300,1400,1600,1700,2000,2700,4900,5600,45214,326,730.0,811.4414159402563,1.8575249996501952,5566.668324000602,4482.446144999337
1776355223,287,,Aggregated,293.200000,0.000000,730,1100,1200,1300,1400,1600,1700,2000,2700,4900,5600,45545,326,730.0,809.3199843029261,1.8575249996501952,5566.668324000602,4482.6827313645845
1776355224,327,,Aggregated,304.300000,0.000000,720,1100,1200,1300,1400,1600,1700,2000,2700,4900,5600,45874,326,720.0,807.5484389229367,1.8575249996501952,5566.668324000602,4482.914504948337
1776355225,367,,Aggregated,319.100000,0.000000,720,1100,1200,1300,1400,1600,1700,2000,2700,4900,5600,46337,326,720.0,805.2280241085708,1.8575249996501952,5566.668324000602,4483.235103696829
1776355226,407,,Aggregated,325.900000,0.000000,710,1100,1200,1300,1400,1600,1700,2000,2700,4900,5600,46847,326,710.0,801.7054504380603,1.8575249996501952,5566.668324000602,4483.580912331633
1776355227,432,,Aggregated,331.900000,0.000000,710,1100,1200,1300,1400,1600,1700,2000,2700,4900,5600,47375,326,710.0,798.5218189014412,1.8575249996501952,5566.668324000602,4483.931081794195
1776355228,432,,Aggregated,348.800000,0.000000,700,1100,1200,1300,1400,1600,1700,2000,2700,4900,5600,47903,326,700.0,795.5167656585973,1.8575249996501952,5566.668324000602,4484.273531929107
1776355229,432,,Aggregated,369.300000,0.000000,690,1100,1200,1300,1400,1600,1700,2000,2700,4900,5600,48464,326,690.0,792.040624317405,1.8575249996501952,5566.668324000602,4484.629209310004
1776355230,432,,Aggregated,391.100000,0.000000,690,1100,1200,1300,1400,1600,1700,2000,2700,4900,5600,49016,326,690.0,788.5715991899737,1.8575249996501952,5566.668324000602,4484.971233882814
1776355231,432,,Aggregated,411.100000,0.000000,680,1100,1200,1300,1400,1600,1700,2000,2700,4900,5600,49549,326,680.0,785.2974330640311,1.8575249996501952,5566.668324000602,4485.294254172637
1776355230,432,,Aggregated,391.100000,0.000000,680,1100,1200,1300,1400,1600,1700,1900,2700,4600,5600,50051,326,680.0,782.9354909970158,1.8575249996501952,5566.668324000602,4485.592195960121
1776355231,432,,Aggregated,411.100000,0.000000,670,1100,1200,1300,1400,1600,1700,1900,2700,4600,5600,50601,326,670.0,780.0558518606446,1.8575249996501952,5566.668324000602,4485.911839686963
1776355232,432,,Aggregated,441.900000,0.000000,670,1100,1200,1300,1400,1600,1700,1900,2700,4600,5600,51163,326,670.0,776.8649262625615,1.8575249996501952,5566.668324000602,4486.231358598988
1776355233,432,,Aggregated,518.400000,0.000000,660,1100,1200,1300,1400,1600,1700,1900,2700,4600,5600,51716,326,660.0,773.9475814194152,1.8575249996501952,5566.668324000602,4486.538982133189
1776355234,432,,Aggregated,586.900000,0.000000,660,1100,1200,1300,1400,1500,1700,1900,2700,4600,5600,52276,326,660.0,770.5899103716314,1.8575249996501952,5566.668324000602,4486.843867166577
1776355235,432,,Aggregated,609.100000,0.000000,650,1100,1200,1300,1400,1500,1700,1900,2700,4600,5600,52820,326,650.0,767.6065503961274,1.8575249996501952,5566.668324000602,4487.133850814085
1776355236,432,,Aggregated,631.900000,0.000000,650,1100,1200,1300,1400,1500,1700,1900,2700,4600,5600,53272,326,650.0,766.0717115178599,1.8575249996501952,5566.668324000602,4487.370288331581
1776355237,432,,Aggregated,656.100000,0.000000,640,1100,1200,1300,1400,1500,1700,1900,2700,4600,5600,53756,326,640.0,764.6578830746955,1.8575249996501952,5566.668324000602,4487.619056477416
1776355238,432,,Aggregated,667.900000,0.000000,640,1000,1200,1300,1400,1500,1700,1900,2700,4600,5600,54324,326,640.0,761.8725904352837,1.8575249996501952,5566.668324000602,4487.905345703556
1776355239,432,,Aggregated,663.400000,0.000000,630,1000,1200,1300,1400,1500,1700,1900,2700,4600,5600,54929,326,630.0,758.5492787693823,1.8575249996501952,5566.668324000602,4488.20377214222
1776355240,432,,Aggregated,663.700000,0.000000,630,1000,1200,1300,1400,1500,1700,1800,2700,4600,5600,55490,326,630.0,755.3132859417084,1.8575249996501952,5566.668324000602,4488.474680122545
1776355241,432,,Aggregated,670.700000,0.000000,620,1000,1200,1300,1400,1500,1700,1800,2700,4600,5600,56069,326,620.0,752.5587390363903,1.8575249996501952,5566.668324000602,4488.748595480569
1776355242,432,,Aggregated,663.900000,0.000000,620,1000,1200,1300,1400,1500,1700,1800,2700,4600,5600,56614,326,620.0,749.8115506345474,1.8575249996501952,5566.668324000602,4489.0013070971845
1776355243,432,,Aggregated,610.100000,0.000000,610,1000,1200,1300,1400,1500,1700,1800,2700,4600,5600,57227,326,610.0,746.4200539558288,1.8575249996501952,5566.668324000602,4489.279797997448
1776355244,432,,Aggregated,560.100000,0.000000,600,1000,1200,1300,1400,1500,1700,1800,2700,4600,5600,57853,326,600.0,742.5285393710307,1.8575249996501952,5566.668324000602,4489.558104160545
1776355245,432,,Aggregated,560.700000,0.000000,600,1000,1200,1300,1400,1500,1700,1800,2700,4600,5600,58440,326,600.0,739.3486116003281,1.8575249996501952,5566.668324000602,4489.813655030801
1776355246,432,,Aggregated,566.800000,0.000000,590,1000,1200,1200,1400,1500,1700,1800,2700,4600,5600,59080,326,590.0,735.6445257896968,1.8575249996501952,5566.668324000602,4490.086492890995
1776355247,472,,Aggregated,569.200000,0.000000,590,990,1200,1200,1400,1500,1700,1800,2700,4600,5600,59701,326,590.0,732.395205776542,1.8575249996501952,5566.668324000602,4490.3456391015225
1776355248,486,,Aggregated,573.000000,0.000000,580,990,1200,1200,1400,1500,1700,1800,2700,4200,5600,60305,326,580.0,729.8776490970461,1.8575249996501952,5566.668324000602,4490.592571096924
1776355249,486,,Aggregated,587.400000,0.000000,580,980,1200,1200,1400,1500,1700,1800,2700,4200,5600,60937,326,580.0,727.2957016597353,1.8575249996501952,5566.668324000602,4490.845709503257
1776355250,486,,Aggregated,592.500000,0.000000,570,980,1200,1200,1400,1500,1700,1800,2700,4200,5600,61588,326,570.0,724.0326934775171,1.8575249996501952,5566.668324000602,4491.10102617393
1776355251,486,,Aggregated,594.800000,0.000000,560,970,1200,1200,1400,1500,1700,1800,2700,4200,5600,62255,326,560.0,721.3025657557212,1.8575249996501952,5566.668324000602,4491.35707975263
1776355252,486,,Aggregated,603.600000,0.000000,560,970,1200,1200,1400,1500,1700,1800,2700,4200,5600,62938,326,560.0,718.2968864504188,1.8575249996501952,5566.668324000602,4491.613651530077
1776355253,486,,Aggregated,611.800000,0.000000,550,960,1200,1200,1400,1500,1700,1800,2700,4200,5600,63562,326,550.0,715.5518877717436,1.8575249996501952,5566.668324000602,4491.843239671502
1776355254,486,,Aggregated,624.600000,0.000000,550,950,1200,1200,1400,1500,1700,1800,2700,4200,5600,64202,326,550.0,712.9662383555268,1.8575249996501952,5566.668324000602,4492.074078689137
1776355255,486,,Aggregated,628.800000,0.000000,540,940,1200,1200,1400,1500,1700,1800,2700,4200,5600,64786,326,540.0,711.1864321413655,1.8575249996501952,5566.668324000602,4492.280739665977
1776355256,486,,Aggregated,630.200000,0.000000,540,940,1200,1200,1400,1500,1700,1800,2700,4200,5600,65413,326,540.0,709.1408041382855,1.8575249996501952,5566.668324000602,4492.498509470594
1776355257,486,,Aggregated,628.200000,0.000000,540,930,1200,1200,1400,1500,1700,1800,2700,4200,5600,66064,326,540.0,706.6491852150274,1.8575249996501952,5566.668324000602,4492.720240978445
1776355258,486,,Aggregated,629.400000,0.000000,530,930,1200,1200,1400,1500,1700,1800,2700,4200,5600,66703,326,530.0,703.9903732299377,1.8575249996501952,5566.668324000602,4492.9336761465
1776355259,486,,Aggregated,634.000000,0.000000,530,920,1100,1200,1400,1500,1700,1800,2700,4200,5600,67320,326,530.0,701.9532350154121,1.8575249996501952,5566.668324000602,4493.135918003565
1776355260,486,,Aggregated,638.700000,0.000000,520,920,1100,1200,1400,1500,1700,1800,2700,4200,5600,67939,326,520.0,700.1747853182061,1.8575249996501952,5566.668324000602,4493.335124155493
1776355261,486,,Aggregated,637.900000,0.000000,520,910,1100,1200,1400,1500,1700,1800,2700,4200,5600,68613,326,520.0,697.8585782296001,1.8575249996501952,5566.668324000602,4493.547942809671
1776355265,486,,Aggregated,585.600000,0.000000,510,900,1100,1200,1400,1500,1700,1800,2700,4200,5600,69246,326,510.0,695.2682542827679,1.8575249996501952,5566.668324000602,4493.744042977211
1776355261,486,,Aggregated,637.900000,0.000000,510,900,1100,1200,1400,1500,1700,1800,2700,4200,5600,69830,326,510.0,693.5720868922612,1.8575249996501952,5566.668324000602,4493.921810110268
1776355262,486,,Aggregated,632.500000,0.000000,500,890,1100,1200,1400,1500,1700,1800,2700,4200,5600,70384,326,500.0,692.4311120357979,1.8575249996501952,5566.668324000602,4494.087718799728
1776355263,486,,Aggregated,692.600000,0.000000,500,880,1100,1200,1400,1500,1700,1800,2700,4200,5600,70905,326,500.0,691.6162610087509,1.8575249996501952,5566.668324000602,4494.241379310345
1776355264,486,,Aggregated,743.500000,0.000000,500,880,1100,1200,1400,1500,1700,1800,2700,4200,5600,71434,326,500.0,691.305597759505,1.8575249996501952,5566.668324000602,4494.395105971947
1776355265,486,,Aggregated,749.100000,0.000000,500,880,1100,1200,1400,1500,1700,1900,2700,4200,5600,71994,326,500.0,690.8443908484796,1.8575249996501952,5566.668324000602,4494.555379614968
1776355266,486,,Aggregated,738.500000,0.000000,500,870,1100,1200,1400,1500,1700,1900,2700,4200,5600,72587,326,500.0,689.9189068634533,1.8575249996501952,5566.668324000602,4494.722402083017
1776355267,486,,Aggregated,739.100000,0.000000,500,870,1100,1200,1400,1500,1700,1800,2700,4200,5600,73175,326,500.0,688.6522308838465,1.8575249996501952,5566.668324000602,4494.885343354971
1776355268,486,,Aggregated,745.800000,0.000000,490,860,1100,1200,1400,1500,1700,1800,2700,4200,5600,73792,326,490.0,687.0800648902784,1.8575249996501952,5566.668324000602,4495.053528837814
1776355269,486,,Aggregated,737.700000,0.000000,490,860,1100,1200,1400,1500,1700,1800,2700,4200,5600,74456,326,490.0,684.9819133912306,1.8575249996501952,5566.668324000602,4495.23141184055
1776355270,480,,Aggregated,736.500000,0.000000,490,850,1100,1200,1400,1500,1700,1800,2700,4200,5600,75108,326,490.0,682.6429750290304,1.8575249996501952,5566.668324000602,4495.4030196517015
1776355271,480,,Aggregated,741.600000,0.000000,480,850,1100,1200,1400,1500,1700,1800,2700,4200,5600,75787,326,480.0,680.4754472047109,1.8575249996501952,5566.668324000602,4495.578595273596
1776355272,480,,Aggregated,743.500000,0.000000,480,840,1100,1200,1400,1500,1700,1800,2700,4200,5600,76385,326,480.0,678.4577617234987,1.8575249996501952,5566.668324000602,4495.730640832624
1776355273,480,,Aggregated,688.600000,0.000000,470,830,1100,1200,1400,1500,1700,1800,2700,4200,5600,77054,326,470.0,676.7898003220915,1.8575249996501952,5566.668324000602,4495.8979417032215
1776355274,480,,Aggregated,631.900000,0.000000,470,830,1100,1200,1400,1500,1700,1800,2700,4200,5600,77724,326,470.0,674.7500876679461,1.8575249996501952,5566.668324000602,4496.06260614482
1776355275,480,,Aggregated,626.500000,0.000000,460,820,1100,1200,1400,1500,1700,1800,2700,4200,5600,78413,326,460.0,672.3469186012065,1.8575249996501952,5566.668324000602,4496.2290053945135
1776355276,480,,Aggregated,641.100000,0.000000,460,810,1100,1200,1400,1500,1700,1800,2700,4200,5600,79077,326,460.0,670.1613162917321,1.8575249996501952,5566.668324000602,4496.3866231647635
1776355277,480,,Aggregated,650.500000,0.000000,450,810,1100,1200,1400,1500,1700,1800,2700,4200,5600,79765,326,450.0,668.0347113852605,1.8575249996501952,5566.668324000602,4496.547169811321
1776355278,480,,Aggregated,646.600000,0.000000,450,800,1100,1200,1400,1500,1700,1800,2700,4200,5600,80433,326,450.0,666.1060157258867,1.8575249996501952,5566.668324000602,4496.7004214688
1776355279,480,,Aggregated,656.000000,0.000000,450,790,1100,1200,1400,1500,1700,1800,2700,4200,5600,81091,326,450.0,663.9150323346022,1.8575249996501952,5566.668324000602,4496.848910483284
1776355280,480,,Aggregated,659.900000,0.000000,440,790,1100,1200,1400,1500,1700,1800,2700,4200,5600,81761,326,440.0,661.974336031791,1.8575249996501952,5566.668324000602,4496.997651692127
1776355281,480,,Aggregated,660.400000,0.000000,440,780,1100,1200,1400,1500,1700,1800,2700,4200,5600,82391,326,440.0,660.5425078811318,1.8575249996501952,5566.668324000602,4497.135306040708
1776355282,480,,Aggregated,662.000000,0.000000,440,780,1100,1200,1400,1500,1700,1800,2600,4200,5600,83050,326,440.0,658.7683599572345,1.8575249996501952,5566.668324000602,4497.277062010837
1776355283,480,,Aggregated,657.800000,0.000000,430,780,1100,1200,1400,1500,1700,1800,2600,4200,5600,83687,326,430.0,656.8588298804749,1.8575249996501952,5566.668324000602,4497.4119636263695
1776355284,480,,Aggregated,660.700000,0.000000,430,770,1100,1200,1400,1500,1700,1800,2600,4200,5600,84331,326,430.0,655.4867427347752,1.8575249996501952,5566.668324000602,4497.54627598392
1776355285,480,,Aggregated,661.300000,0.000000,430,770,1100,1200,1400,1500,1700,1800,2600,4200,5600,84952,326,430.0,654.0711628094599,1.8575249996501952,5566.668324000602,4497.673862887277
1776355286,480,,Aggregated,656.600000,0.000000,430,770,1100,1200,1400,1500,1700,1800,2600,4200,5600,85574,326,430.0,652.6995841880278,1.8575249996501952,5566.668324000602,4497.7997990043705
1776355287,480,,Aggregated,651.300000,0.000000,430,770,1100,1200,1400,1500,1700,1800,2600,4200,5600,86175,326,430.0,651.3836161030263,1.8575249996501952,5566.668324000602,4497.919756309835
1776355288,480,,Aggregated,648.300000,0.000000,420,760,1100,1200,1400,1500,1600,1800,2600,4200,5600,86784,326,420.0,650.2872639076014,1.8575249996501952,5566.668324000602,4498.039615597345
1776355289,480,,Aggregated,642.400000,0.000000,420,760,1100,1200,1400,1500,1600,1800,2600,4200,5600,87391,326,420.0,649.4063236207992,1.8575249996501952,5566.668324000602,4498.157418956185
1776355290,480,,Aggregated,633.800000,0.000000,420,750,1100,1200,1400,1500,1600,1800,2600,4200,5600,88032,326,420.0,647.8400463442415,1.8575249996501952,5566.668324000602,4498.280057251908
1776355291,480,,Aggregated,627.300000,0.000000,420,750,1100,1200,1400,1500,1600,1800,2600,4200,5600,88702,326,420.0,646.4688837661859,1.8575249996501952,5566.668324000602,4498.406349349508
1776355292,480,,Aggregated,625.200000,0.000000,420,750,1100,1200,1400,1500,1600,1800,2600,4200,5600,89373,326,420.0,644.7288262406564,1.8575249996501952,5566.668324000602,4498.53093216072
1776355290,480,,Aggregated,633.800000,0.000000,410,740,1000,1200,1300,1500,1600,1800,2600,4200,5600,90071,326,410.0,642.9686608360091,1.8575249996501952,5566.668324000602,4498.658558248493
1776355291,480,,Aggregated,627.300000,0.000000,410,740,1000,1200,1300,1500,1600,1800,2600,4200,5600,90713,326,410.0,641.3858717986968,1.8575249996501952,5566.668324000602,4498.774210973069
1776355292,520,,Aggregated,625.200000,0.000000,410,740,1000,1200,1300,1500,1600,1800,2600,4200,5600,91387,326,410.0,639.9946732493372,1.8575249996501952,5566.668324000602,4498.893879873505
1776355293,555,,Aggregated,698.100000,0.000000,410,730,1000,1200,1300,1500,1600,1800,2600,4200,5600,92099,326,410.0,638.6924212946518,1.8575249996501952,5566.668324000602,4499.018393250741
1776355294,555,,Aggregated,759.400000,0.000000,410,730,1000,1200,1300,1500,1600,1800,2600,4200,5600,92832,326,410.0,637.1628092919256,1.8575249996501952,5566.668324000602,4499.1445837642195
1776355295,555,,Aggregated,784.700000,0.000000,410,730,1000,1200,1300,1500,1600,1800,2600,4200,5600,93536,326,410.0,635.9240182892366,1.8575249996501952,5566.668324000602,4499.263919774205
1776355296,555,,Aggregated,794.200000,0.000000,400,720,1000,1200,1300,1500,1600,1800,2600,4200,5600,94232,326,400.0,634.8300307430179,1.8575249996501952,5566.668324000602,4499.380146871551
1776355297,555,,Aggregated,806.200000,0.000000,400,720,1000,1100,1300,1500,1600,1800,2600,4200,5600,94911,326,400.0,634.1455296897738,1.8575249996501952,5566.668324000602,4499.491892404463
1776355298,555,,Aggregated,824.800000,0.000000,400,720,1000,1100,1300,1500,1600,1800,2600,4200,5600,95571,326,400.0,633.306709721119,1.8575249996501952,5566.668324000602,4499.598989233135
1776355299,555,,Aggregated,828.800000,0.000000,400,720,1000,1100,1300,1500,1600,1800,2600,4200,5600,96303,326,400.0,632.3076272241573,1.8575249996501952,5566.668324000602,4499.716052459425
1776355300,555,,Aggregated,839.000000,0.000000,400,710,1000,1100,1300,1500,1600,1800,2600,4200,5600,97003,326,400.0,630.9947889243851,1.8575249996501952,5566.668324000602,4499.826345576941
1776355301,555,,Aggregated,847.600000,0.000000,400,710,1000,1100,1300,1500,1600,1800,2600,4200,5600,97746,326,400.0,629.7694896281903,1.8575249996501952,5566.668324000602,4499.941685593272
1776355302,555,,Aggregated,857.600000,0.000000,400,710,1000,1100,1300,1500,1600,1800,2600,4200,5600,98478,326,400.0,628.48832402556,1.8575249996501952,5566.668324000602,4500.053616036069
1776355303,555,,Aggregated,791.600000,0.000000,390,700,1000,1100,1300,1500,1600,1800,2600,4200,5600,99217,326,390.0,627.0184289104603,1.8575249996501952,5566.668324000602,4500.164941491881
1776355304,555,,Aggregated,739.600000,0.000000,390,700,1000,1100,1300,1500,1600,1800,2600,4200,5600,99958,326,390.0,625.8733489004094,1.8575249996501952,5566.668324000602,4500.274915464495
1776355305,555,,Aggregated,722.700000,0.000000,390,700,1000,1100,1300,1500,1600,1800,2600,4000,5600,100750,326,390.0,624.4468470417879,1.8575249996501952,5566.668324000602,4500.390669975186
1776355306,555,,Aggregated,725.400000,0.000000,390,700,1000,1100,1300,1500,1600,1800,2600,4000,5600,101465,326,390.0,623.1383388342392,1.8575249996501952,5566.668324000602,4500.493618489134
1776355307,555,,Aggregated,723.600000,0.000000,390,690,1000,1100,1300,1500,1600,1800,2600,4000,5600,102166,326,390.0,622.0954482383385,1.8575249996501952,5566.668324000602,4500.593152320733
1776355308,555,,Aggregated,718.900000,0.000000,390,690,990,1100,1300,1500,1600,1800,2600,4000,5600,102934,326,390.0,620.8773087817441,1.8575249996501952,5566.668324000602,4500.70064313055
1776355309,555,,Aggregated,726.400000,0.000000,390,690,990,1100,1300,1500,1600,1800,2600,4000,5600,103724,326,390.0,619.3710447663514,1.8575249996501952,5566.668324000602,4500.809552273341
1776355310,555,,Aggregated,727.800000,0.000000,380,680,990,1100,1300,1500,1600,1700,2600,4000,5600,104501,326,380.0,617.7721733169648,1.8575249996501952,5566.668324000602,4500.915063013751
1776355311,555,,Aggregated,735.000000,0.000000,380,680,990,1100,1300,1500,1600,1700,2600,4000,5600,105231,326,380.0,616.4678574687039,1.8575249996501952,5566.668324000602,4501.012771901816
1776355312,555,,Aggregated,741.700000,0.000000,380,680,980,1100,1300,1500,1600,1700,2600,4000,5600,105991,326,380.0,615.2554093676366,1.8575249996501952,5566.668324000602,4501.113066203734
1776355313,555,,Aggregated,746.700000,0.000000,380,670,980,1100,1300,1500,1600,1700,2600,4000,5600,106666,326,380.0,614.4734511949474,1.8575249996501952,5566.668324000602,4501.200945005906
1776355314,555,,Aggregated,745.400000,0.000000,380,670,980,1100,1300,1500,1600,1700,2600,4000,5600,107436,326,380.0,613.4156163107549,1.8575249996501952,5566.668324000602,4501.299843627834
1776355315,555,,Aggregated,747.700000,0.000000,380,670,970,1100,1300,1400,1600,1700,2600,4000,5600,108209,326,380.0,612.1577038480559,1.8575249996501952,5566.668324000602,4501.39771183543
1776355316,555,,Aggregated,739.000000,0.000000,380,670,970,1100,1300,1400,1600,1700,2600,4000,5600,108915,326,380.0,611.0176641307014,1.8575249996501952,5566.668324000602,4501.485883487123
1776355317,579,,Aggregated,743.300000,0.000000,380,670,970,1100,1300,1400,1600,1700,2600,4000,5600,109575,326,380.0,610.5398550932272,1.8575249996501952,5566.668324000602,4501.567282683094
1776355318,579,,Aggregated,741.300000,0.000000,380,660,970,1100,1300,1400,1600,1700,2500,3300,5600,110282,326,380.0,609.8284582278206,1.8575249996501952,5566.668324000602,4501.653397653289
1776355319,579,,Aggregated,736.900000,0.000000,380,660,970,1100,1300,1400,1600,1700,2500,3300,5600,111012,326,380.0,609.2831870623324,1.8575249996501952,5566.668324000602,4501.741163117501
1776355320,579,,Aggregated,735.900000,0.000000,380,660,960,1100,1300,1400,1600,1700,2500,3300,5600,111781,326,380.0,608.4809238385656,1.8575249996501952,5566.668324000602,4501.832377595477
1776355321,579,,Aggregated,730.900000,0.000000,380,660,960,1100,1300,1400,1600,1700,2500,3300,5600,112545,326,380.0,607.3267268155987,1.8575249996501952,5566.668324000602,4501.921764627482
1776355320,579,,Aggregated,735.900000,0.000000,380,650,960,1100,1300,1400,1600,1700,2500,3300,5600,113271,326,380.0,606.4204597632562,1.8575249996501952,5566.668324000602,4502.00558836772
1776355321,579,,Aggregated,730.900000,0.000000,380,650,960,1100,1300,1400,1600,1700,2500,3300,5600,113991,326,380.0,605.7618011562555,1.8575249996501952,5566.668324000602,4502.087664815644
1776355322,579,,Aggregated,734.900000,0.000000,380,650,960,1100,1300,1400,1600,1700,2500,3300,5600,114625,326,380.0,605.3951908777032,1.8575249996501952,5566.668324000602,4502.159083969465
1776355323,579,,Aggregated,813.800000,0.000000,380,650,960,1100,1300,1400,1600,1700,2500,3300,5600,115281,326,380.0,605.3504368391984,1.8575249996501952,5566.668324000602,4502.232154474718
1776355324,579,,Aggregated,875.500000,0.000000,380,650,950,1100,1300,1400,1600,1700,2500,3300,5600,115993,326,380.0,605.2380667054018,1.8575249996501952,5566.668324000602,4502.310527359409
1776355325,579,,Aggregated,888.800000,0.000000,380,650,950,1100,1300,1400,1600,1700,2500,3300,5600,116770,326,380.0,604.4130075102901,1.8575249996501952,5566.668324000602,4502.39496446005
1776355326,579,,Aggregated,891.800000,0.000000,370,640,950,1100,1300,1400,1600,1700,2500,3300,5600,117567,326,370.0,603.2086742137811,1.8575249996501952,5566.668324000602,4502.480415422695
1776355327,579,,Aggregated,886.000000,0.000000,370,640,940,1100,1300,1400,1600,1700,2500,3300,5600,118302,326,370.0,602.2778172261283,1.8575249996501952,5566.668324000602,4502.558198508901
1776355328,579,,Aggregated,888.300000,0.000000,370,640,940,1100,1300,1400,1600,1700,2500,3300,5600,119141,326,370.0,601.1641108675224,1.8575249996501952,5566.668324000602,4502.64581462301
1776355329,579,,Aggregated,897.200000,0.000000,370,630,940,1100,1300,1400,1600,1700,2500,3300,5600,120005,326,370.0,599.5836083443814,1.8575249996501952,5566.668324000602,4502.734761051623
1776355330,579,,Aggregated,907.400000,0.000000,370,630,930,1100,1300,1400,1600,1700,2500,3300,5600,120816,326,370.0,598.2302064137631,1.8575249996501952,5566.668324000602,4502.817093762415
1776355331,579,,Aggregated,922.800000,0.000000,370,630,930,1100,1300,1400,1600,1700,2500,3300,5600,121627,326,370.0,596.8833102759525,1.8575249996501952,5566.668324000602,4502.89832849614
1776355332,579,,Aggregated,921.900000,0.000000,370,630,920,1100,1300,1400,1600,1700,2500,3300,5600,122475,326,370.0,595.4981436209519,1.8575249996501952,5566.668324000602,4502.982118799755
1776355333,579,,Aggregated,849.700000,0.000000,370,620,920,1100,1300,1400,1600,1700,2500,3300,5600,123270,326,370.0,594.2914584263984,1.8575249996501952,5566.668324000602,4503.059625212947
1776355334,579,,Aggregated,796.700000,0.000000,370,620,920,1100,1300,1400,1600,1700,2500,3300,5600,124097,326,370.0,593.058082454412,1.8575249996501952,5566.668324000602,4503.139197563197
1776355335,579,,Aggregated,786.100000,0.000000,360,620,920,1100,1300,1400,1600,1700,2500,3300,5600,124885,326,360.0,591.9002486792822,1.8575249996501952,5566.668324000602,4503.214036913961
1776355336,579,,Aggregated,802.000000,0.000000,360,610,910,1100,1300,1400,1600,1700,2500,3300,5600,125714,326,360.0,590.8342192669455,1.8575249996501952,5566.668324000602,4503.291757481267
1776355337,579,,Aggregated,811.000000,0.000000,360,610,910,1100,1300,1400,1600,1700,2500,3300,5600,126499,326,360.0,589.6687991325432,1.8575249996501952,5566.668324000602,4503.364413947937
1776355338,579,,Aggregated,811.700000,0.000000,360,610,910,1100,1300,1400,1600,1700,2500,3300,5600,127251,326,360.0,589.081118830763,1.8575249996501952,5566.668324000602,4503.433175377797
1776355339,579,,Aggregated,816.900000,0.000000,360,610,910,1100,1300,1400,1600,1700,2500,3300,5600,127994,326,360.0,588.3479096789498,1.8575249996501952,5566.668324000602,4503.5003203275155
1776355340,600,,Aggregated,811.200000,0.000000,360,610,900,1000,1300,1400,1600,1700,2500,3300,5600,128801,326,360.0,587.5351787169384,1.8575249996501952,5566.668324000602,4503.572371332521
1776355341,600,,Aggregated,799.700000,0.000000,360,600,900,1000,1300,1400,1600,1700,2500,3300,5600,129596,326,360.0,586.7052319244602,1.8575249996501952,5566.668324000602,4503.642473533134
1776355342,600,,Aggregated,793.400000,0.000000,360,600,900,1000,1300,1400,1600,1700,2500,3300,5600,130397,326,360.0,586.0394174191545,1.8575249996501952,5566.668324000602,4503.712240312278
1776355343,600,,Aggregated,791.600000,0.000000,360,600,900,1000,1300,1400,1600,1700,2500,3300,5600,131226,326,360.0,585.0169813274304,1.8575249996501952,5566.668324000602,4503.783548991815
1776355344,600,,Aggregated,788.400000,0.000000,360,600,900,1000,1300,1400,1600,1700,2500,3300,5600,131933,326,360.0,584.535228517416,1.8575249996501952,5566.668324000602,4503.843655491803
1776355345,600,,Aggregated,792.200000,0.000000,360,600,890,1000,1300,1400,1600,1700,2500,3300,5600,132669,326,360.0,584.1961530109244,1.8575249996501952,5566.668324000602,4503.905546887367
1776355346,600,,Aggregated,778.100000,0.000000,360,600,890,1000,1300,1400,1600,1700,2500,3300,5600,133438,326,360.0,583.7122905228977,1.8575249996501952,5566.668324000602,4503.969483955095
1776355347,600,,Aggregated,772.900000,0.000000,360,600,890,1000,1300,1400,1600,1700,2500,3300,5600,134207,326,360.0,583.0306171257581,1.8575249996501952,5566.668324000602,4504.03268830985
1776355348,600,,Aggregated,772.900000,0.000000,360,590,890,1000,1300,1400,1600,1700,2500,3300,5600,134928,326,360.0,582.8553318776799,1.8575249996501952,5566.668324000602,4504.091293134116
1776355349,600,,Aggregated,766.100000,0.000000,360,590,890,1000,1300,1400,1600,1700,2500,3300,5600,135662,326,360.0,582.317551089603,1.8575249996501952,5566.668324000602,4504.150314752842
1776355350,600,,Aggregated,763.300000,0.000000,360,590,890,1000,1300,1400,1600,1700,2500,3300,5600,136387,326,360.0,581.8696553010749,1.8575249996501952,5566.668324000602,4504.2079890312125
1776355351,600,,Aggregated,759.500000,0.000000,360,590,890,1000,1300,1400,1600,1700,2500,3300,5600,137133,326,360.0,581.6102317244992,1.8575249996501952,5566.668324000602,4504.266697293868
1776355355,600,,Aggregated,689.100000,0.000000,360,590,880,1000,1300,1400,1600,1700,2500,3300,5600,137871,326,360.0,581.1512778596199,1.8575249996501952,5566.668324000602,4504.324150836652
1776355351,600,,Aggregated,759.500000,0.000000,360,590,880,1000,1300,1400,1600,1700,2500,3300,5600,138614,326,360.0,580.8974405607557,1.8575249996501952,5566.668324000602,4504.381375618625
1776355352,600,,Aggregated,778.200000,0.000000,360,590,880,1000,1300,1400,1600,1700,2500,3300,5600,139366,326,360.0,580.5458246625992,1.8575249996501952,5566.668324000602,4504.438672273008
1776355353,600,,Aggregated,839.300000,0.000000,360,590,880,1000,1300,1400,1600,1700,2500,3200,5600,140146,326,360.0,579.9146571635995,1.8575249996501952,5566.668324000602,4504.497452656516
1776355354,600,,Aggregated,909.700000,0.000000,360,590,880,1000,1300,1400,1600,1700,2500,3200,5600,140873,326,360.0,579.4037223173345,1.8575249996501952,5566.668324000602,4504.551652907228
1776355355,600,,Aggregated,908.900000,0.000000,360,590,870,1000,1300,1400,1600,1700,2500,3200,5600,141622,326,360.0,579.2163321008384,1.8575249996501952,5566.668324000602,4504.60691135558
1776355356,600,,Aggregated,911.800000,0.000000,360,590,870,1000,1300,1400,1600,1700,2500,3200,5600,142291,326,360.0,578.8310775670898,1.8575249996501952,5566.668324000602,4504.655775839653
1776355357,600,,Aggregated,913.000000,0.000000,360,590,870,1000,1300,1400,1600,1700,2500,3200,5600,143015,326,360.0,578.7196596722144,1.8575249996501952,5566.668324000602,4504.708142502534
1776355358,600,,Aggregated,916.100000,0.000000,360,590,870,1000,1300,1400,1600,1700,2500,3200,5600,143728,326,360.0,578.5962148561558,1.8575249996501952,5566.668324000602,4504.759197929422
1776355359,600,,Aggregated,912.300000,0.000000,360,590,870,1000,1300,1400,1600,1700,2500,3200,5600,144511,326,360.0,578.1513573550225,1.8575249996501952,5566.668324000602,4504.814685387271
1776355360,600,,Aggregated,912.700000,0.000000,360,590,870,1000,1300,1400,1600,1700,2500,3200,5600,145247,326,360.0,577.6595228826311,1.8575249996501952,5566.668324000602,4504.866296722135
1776355361,600,,Aggregated,919.300000,0.000000,360,580,870,1000,1300,1400,1600,1700,2500,3200,5600,146011,326,360.0,577.3784530253507,1.8575249996501952,5566.668324000602,4504.9193211470365
1776355362,587,,Aggregated,895.800000,0.000000,360,580,860,1000,1300,1400,1600,1700,2500,3200,5600,146726,326,360.0,576.8690456815923,1.8575249996501952,5566.668324000602,4504.968444583782
1776355363,587,,Aggregated,828.100000,0.000000,360,580,860,1000,1300,1400,1600,1700,2500,3200,5600,147383,326,360.0,576.7531410271686,1.8575249996501952,5566.668324000602,4505.01316298352
1776355364,587,,Aggregated,749.900000,0.000000,360,580,860,1000,1300,1400,1600,1700,2500,3200,5600,148038,326,360.0,576.852677796052,1.8575249996501952,5566.668324000602,4505.057350139829
1776355365,587,,Aggregated,737.800000,0.000000,360,580,860,1000,1300,1400,1600,1700,2500,3200,5600,148783,326,360.0,576.8670734345375,1.8575249996501952,5566.668324000602,4505.1071358959025
1776355366,587,,Aggregated,728.400000,0.000000,360,580,860,1000,1300,1400,1600,1700,2500,3200,5600,149543,326,360.0,576.5590319144652,1.8575249996501952,5566.668324000602,4505.1574129180235
1776355367,587,,Aggregated,719.800000,0.000000,360,580,850,1000,1300,1400,1600,1700,2500,3200,5600,150311,326,360.0,576.094827756411,1.8575249996501952,5566.668324000602,4505.20770269641
1776355368,587,,Aggregated,713.400000,0.000000,360,580,850,1000,1300,1400,1600,1700,2500,3200,5600,150923,326,360.0,575.946509300345,1.8575249996501952,5566.668324000602,4505.247410931403
1776355369,587,,Aggregated,718.800000,0.000000,360,580,850,1000,1300,1400,1600,1700,2500,3200,5600,151719,326,360.0,575.6963910581734,1.8575249996501952,5566.668324000602,4505.298578292765
1776355370,587,,Aggregated,712.500000,0.000000,360,570,850,1000,1300,1400,1600,1700,2400,3200,5600,152515,326,360.0,575.1145295377372,1.8575249996501952,5566.668324000602,4505.349211552962
1776355371,587,,Aggregated,706.800000,0.000000,360,570,850,1000,1300,1400,1600,1700,2400,3200,5600,153267,326,360.0,574.5692973596593,1.8575249996501952,5566.668324000602,4505.396562860889
1776355372,587,,Aggregated,711.100000,0.000000,360,570,850,1000,1300,1400,1600,1700,2400,3200,5600,154015,326,360.0,574.1554218303273,1.8575249996501952,5566.668324000602,4505.443203584066
1776355373,587,,Aggregated,714.000000,0.000000,360,570,850,1000,1300,1400,1600,1700,2400,3200,5600,154762,326,360.0,573.7290201992784,1.8575249996501952,5566.668324000602,4505.489332006565
1776355374,587,,Aggregated,716.200000,0.000000,360,570,840,1000,1300,1400,1600,1700,2400,3200,5600,155489,326,360.0,573.4217938414273,1.8575249996501952,5566.668324000602,4505.533799818637
1776355375,587,,Aggregated,721.800000,0.000000,360,570,840,1000,1300,1400,1600,1700,2400,3200,5600,156259,326,360.0,572.9678482853261,1.8575249996501952,5566.668324000602,4505.580446566278
1776355376,587,,Aggregated,727.300000,0.000000,360,570,840,1000,1300,1400,1600,1700,2400,3200,5600,157036,326,360.0,572.3799605203005,1.8575249996501952,5566.668324000602,4505.627053669223
1776355377,587,,Aggregated,732.600000,0.000000,360,570,840,1000,1300,1400,1600,1700,2400,3200,5600,157765,326,360.0,572.0153419932058,1.8575249996501952,5566.668324000602,4505.6703641492095
1776355378,587,,Aggregated,735.500000,0.000000,360,560,840,1000,1300,1400,1600,1700,2400,3200,5600,158535,326,360.0,571.5455226350582,1.8575249996501952,5566.668324000602,4505.71567792601
1776355379,587,,Aggregated,734.900000,0.000000,360,560,830,1000,1300,1400,1600,1700,2400,3200,5600,159302,326,360.0,571.0472288784882,1.8575249996501952,5566.668324000602,4505.760379656251
1776355380,587,,Aggregated,742.900000,0.000000,360,560,830,1000,1300,1400,1600,1700,2400,3200,5600,160048,326,360.0,570.5703846565083,1.8575249996501952,5566.668324000602,4505.80344646606
1776355381,587,,Aggregated,746.600000,0.000000,360,560,830,1000,1300,1400,1600,1700,2400,3200,5600,160768,326,360.0,570.1616621061348,1.8575249996501952,5566.668324000602,4505.844633260351
1776355385,587,,Aggregated,687.100000,0.000000,360,560,830,1000,1300,1400,1600,1700,2400,3200,5600,161467,326,360.0,570.0350954454104,1.8575249996501952,5566.668324000602,4505.884267373519
1776355380,587,,Aggregated,742.900000,0.000000,360,560,830,1000,1300,1400,1600,1700,2400,3200,5600,162142,326,360.0,570.0467444744055,1.8575249996501952,5566.668324000602,4505.922216328897
1776355381,587,,Aggregated,746.600000,0.000000,360,560,820,1000,1300,1400,1600,1700,2400,3200,5600,162825,326,360.0,569.9563837661296,1.8575249996501952,5566.668324000602,4505.960294795025
1776355382,587,,Aggregated,747.800000,0.000000,360,560,820,1000,1300,1400,1600,1700,2400,3200,5600,163443,326,360.0,570.0604208915772,1.8575249996501952,5566.668324000602,4505.994475138122
1776355383,587,,Aggregated,807.000000,0.000000,360,560,820,1000,1300,1400,1600,1700,2400,3200,5600,164024,326,360.0,570.492195440534,1.8575249996501952,5566.668324000602,4506.026374189143
1776355385,593,,Aggregated,878.000000,0.000000,360,560,820,1000,1300,1400,1600,1700,2400,3200,5600,164705,326,360.0,570.876670199558,1.8575249996501952,5566.668324000602,4506.06347712577
1776355386,593,,Aggregated,864.000000,0.000000,360,560,820,1000,1300,1400,1600,1800,2400,3200,5600,165432,326,360.0,570.8093572489796,1.8575249996501952,5566.668324000602,4506.102749165821
1776355387,593,,Aggregated,858.900000,0.000000,360,560,820,1000,1300,1400,1600,1800,2400,3200,5600,166150,326,360.0,570.6075618884042,1.8575249996501952,5566.668324000602,4506.14119771291
1776355388,593,,Aggregated,869.100000,0.000000,360,560,820,1000,1300,1400,1600,1800,2400,3200,5600,166863,326,360.0,570.751020182308,1.8575249996501952,5566.668324000602,4506.17905107783
1776355389,593,,Aggregated,863.300000,0.000000,360,560,820,1000,1300,1400,1600,1800,2400,3200,5600,167519,326,360.0,570.5460643186185,1.8575249996501952,5566.668324000602,4506.21359368191
1776355390,593,,Aggregated,861.500000,0.000000,360,560,820,1000,1300,1400,1600,1800,2400,3200,5600,168194,326,360.0,570.6612420347146,1.8575249996501952,5566.668324000602,4506.248855488305
1776355391,593,,Aggregated,851.400000,0.000000,360,560,810,990,1300,1400,1600,1800,2400,3200,5600,168948,326,360.0,570.2148503531614,1.8575249996501952,5566.668324000602,4506.287911073229
1776355392,593,,Aggregated,832.800000,0.000000,360,560,810,990,1300,1400,1600,1800,2400,3200,5600,169708,326,360.0,569.7854391028355,1.8575249996501952,5566.668324000602,4506.326926249793
1776355393,593,,Aggregated,776.800000,0.000000,360,560,810,990,1300,1400,1600,1800,2400,3100,5600,170413,326,360.0,569.668077928415,1.8575249996501952,5566.668324000602,4506.362806828118
1776355394,593,,Aggregated,717.000000,0.000000,360,560,810,990,1300,1400,1600,1800,2400,3100,5600,171175,326,360.0,569.4662122157382,1.8575249996501952,5566.668324000602,4506.401256024536
1776355395,593,,Aggregated,703.500000,0.000000,360,560,810,990,1300,1400,1600,1800,2400,3100,5600,171900,326,360.0,569.1504504708022,1.8575249996501952,5566.668324000602,4506.437521815009
1776355396,593,,Aggregated,723.000000,0.000000,360,550,810,990,1300,1400,1600,1800,2400,3100,5600,172644,326,360.0,568.8580574711129,1.8575249996501952,5566.668324000602,4506.47442135261
1776355397,593,,Aggregated,726.800000,0.000000,360,550,800,990,1300,1400,1600,1800,2300,3100,5600,173430,326,360.0,568.5075763076098,1.8575249996501952,5566.668324000602,4506.513060024217
1776355398,593,,Aggregated,712.700000,0.000000,360,550,800,990,1200,1400,1600,1800,2300,3100,5600,174172,326,360.0,568.0518397924905,1.8575249996501952,5566.668324000602,4506.549215717796
1776355399,593,,Aggregated,721.300000,0.000000,360,550,800,990,1200,1400,1600,1800,2300,3100,5600,174941,326,360.0,567.608291724043,1.8575249996501952,5566.668324000602,4506.586363402518
1776355400,593,,Aggregated,724.200000,0.000000,360,550,800,990,1200,1400,1600,1800,2300,3100,5600,175687,326,360.0,567.3704141278628,1.8575249996501952,5566.668324000602,4506.622089283783
1776355401,593,,Aggregated,732.700000,0.000000,360,550,800,990,1200,1400,1600,1800,2300,3100,5600,176422,326,360.0,567.1930806949123,1.8575249996501952,5566.668324000602,4506.656992892043
1776355402,593,,Aggregated,747.400000,0.000000,360,550,800,990,1200,1400,1600,1800,2300,3100,5600,177192,326,360.0,566.7499713925222,1.8575249996501952,5566.668324000602,4506.693248002167
1776355403,593,,Aggregated,741.000000,0.000000,360,550,790,990,1200,1400,1600,1800,2300,3100,5600,177997,326,360.0,566.311240315387,1.8575249996501952,5566.668324000602,4506.730815687905
1776355404,593,,Aggregated,742.400000,0.000000,360,550,790,980,1200,1400,1600,1800,2300,3100,5600,178758,326,360.0,565.9390901536589,1.8575249996501952,5566.668324000602,4506.766018863492
1776355405,593,,Aggregated,750.700000,0.000000,360,550,790,980,1200,1400,1600,1800,2300,3100,5600,179479,326,360.0,565.7243162657236,1.8575249996501952,5566.668324000602,4506.799096273102
1776355406,593,,Aggregated,751.100000,0.000000,360,550,790,980,1200,1400,1600,1800,2300,3100,5600,180263,326,360.0,565.3141407640819,1.8575249996501952,5566.668324000602,4506.834763650888
1776355407,593,,Aggregated,753.200000,0.000000,360,550,790,980,1200,1400,1600,1800,2300,3100,5600,180976,326,360.0,565.060536232681,1.8575249996501952,5566.668324000602,4506.866932631951
1776355408,593,,Aggregated,757.000000,0.000000,360,550,790,980,1200,1400,1600,1800,2300,3100,5600,181704,326,360.0,564.8645888646967,1.8575249996501952,5566.668324000602,4506.899517897239
1776355409,593,,Aggregated,751.800000,0.000000,360,550,790,980,1200,1400,1600,1800,2300,3100,5600,182422,326,360.0,564.650455778678,1.8575249996501952,5566.668324000602,4506.9314008178835
1776355410,574,,Aggregated,748.800000,0.000000,360,550,780,980,1200,1400,1600,1800,2300,3100,5600,183127,326,360.0,564.3826874504252,1.8575249996501952,5566.668324000602,4506.962463208593
1776355411,574,,Aggregated,745.400000,0.000000,360,550,780,980,1200,1400,1600,1800,2300,3100,5600,183814,326,360.0,564.1831457576728,1.8575249996501952,5566.668324000602,4506.992503291371
1776355412,574,,Aggregated,742.500000,0.000000,360,550,780,980,1200,1400,1600,1800,2300,3100,5600,184450,326,360.0,564.2599331379664,1.8575249996501952,5566.668324000602,4507.020113851992
1776355410,574,,Aggregated,748.800000,0.000000,360,550,780,980,1200,1400,1600,1800,2300,3100,5600,185129,326,360.0,564.3897014744255,1.8575249996501952,5566.668324000602,4507.049381782433
1776355411,574,,Aggregated,745.400000,0.000000,360,550,780,980,1200,1400,1600,1800,2300,3100,5600,185832,326,360.0,564.2503307247773,1.8575249996501952,5566.668324000602,4507.079458866073
1776355412,574,,Aggregated,744.600000,0.000000,360,540,780,980,1200,1400,1600,1800,2300,3100,5600,186543,326,360.0,564.0708428955942,1.8575249996501952,5566.668324000602,4507.109647641562
1776355413,574,,Aggregated,805.400000,0.000000,360,540,780,980,1200,1400,1600,1800,2300,3100,5600,187232,326,360.0,563.9452744474435,1.8575249996501952,5566.668324000602,4507.138683558366
1776355414,574,,Aggregated,859.100000,0.000000,360,540,780,980,1200,1400,1600,1800,2300,3100,5600,187835,326,360.0,563.9060847777291,1.8575249996501952,5566.668324000602,4507.163920462108
1776355415,574,,Aggregated,871.200000,0.000000,360,540,780,980,1200,1400,1600,1800,2300,3100,5600,188504,326,360.0,564.0303286122512,1.8575249996501952,5566.668324000602,4507.191730679455
1776355416,574,,Aggregated,865.100000,0.000000,360,540,780,980,1200,1400,1600,1800,2300,3100,5600,189230,326,360.0,564.0096173018061,1.8575249996501952,5566.668324000602,4507.22168789304
1776355417,574,,Aggregated,851.900000,0.000000,360,540,780,980,1200,1400,1600,1800,2300,3100,5600,189891,326,360.0,563.883753671916,1.8575249996501952,5566.668324000602,4507.248763764475
1776355418,574,,Aggregated,854.800000,0.000000,360,540,770,970,1200,1400,1600,1800,2300,2900,5600,190607,326,360.0,563.7109076270859,1.8575249996501952,5566.668324000602,4507.277880665453
1776355419,574,,Aggregated,849.300000,0.000000,360,540,770,970,1200,1400,1600,1800,2300,2900,5600,191316,326,360.0,563.4773295314927,1.8575249996501952,5566.668324000602,4507.306498149658
1776355420,574,,Aggregated,848.600000,0.000000,360,540,770,970,1200,1400,1600,1800,2300,2900,5600,191998,326,360.0,563.3054716037678,1.8575249996501952,5566.668324000602,4507.333826394025
1776355421,574,,Aggregated,849.200000,0.000000,360,540,770,970,1200,1400,1600,1800,2300,2900,5600,192771,326,360.0,563.158920466523,1.8575249996501952,5566.668324000602,4507.364567284498
1776355422,574,,Aggregated,846.500000,0.000000,360,540,770,970,1200,1400,1600,1800,2300,2900,5600,193552,326,360.0,562.763839053443,1.8575249996501952,5566.668324000602,4507.3953769529635
1776355423,574,,Aggregated,782.300000,0.000000,360,540,770,970,1200,1400,1600,1800,2300,2900,5600,194338,326,360.0,562.152117381392,1.8575249996501952,5566.668324000602,4507.426133849273
1776355424,574,,Aggregated,724.900000,0.000000,360,540,760,970,1200,1400,1600,1800,2300,2900,5600,195058,326,360.0,561.7837997309454,1.8575249996501952,5566.668324000602,4507.454090578187
1776355425,574,,Aggregated,713.100000,0.000000,360,540,760,970,1200,1400,1600,1800,2300,2900,5600,195829,326,360.0,561.452589141734,1.8575249996501952,5566.668324000602,4507.483799641524
1776355426,574,,Aggregated,720.300000,0.000000,360,540,760,970,1200,1400,1600,1800,2300,2900,5600,196538,326,360.0,561.0301999619498,1.8575249996501952,5566.668324000602,4507.510913919954
1776355427,574,,Aggregated,731.800000,0.000000,360,540,760,970,1200,1400,1600,1800,2300,2900,5600,197263,326,360.0,560.8022108573366,1.8575249996501952,5566.668324000602,4507.538438531301
1776355428,574,,Aggregated,728.900000,0.000000,360,540,760,970,1200,1400,1600,1800,2300,2900,5600,198050,326,360.0,560.4862302641702,1.8575249996501952,5566.668324000602,4507.568088866448
1776355429,574,,Aggregated,733.400000,0.000000,360,540,760,970,1200,1400,1600,1800,2300,2900,5600,198861,326,360.0,560.001222630938,1.8575249996501952,5566.668324000602,4507.598397875903
1776355430,574,,Aggregated,736.400000,0.000000,350,540,760,960,1200,1400,1600,1700,2300,2900,5600,199617,326,350.0,559.452966937129,1.8575249996501952,5566.668324000602,4507.626429612708
1776355431,574,,Aggregated,740.700000,0.000000,350,540,760,960,1200,1400,1600,1700,2300,2900,5600,200379,326,350.0,559.1279263225141,1.8575249996501952,5566.668324000602,4507.654469779767
1776355432,534,,Aggregated,751.500000,0.000000,350,540,750,960,1200,1400,1600,1700,2300,2900,5600,201115,326,350.0,558.7145175931727,1.8575249996501952,5566.668324000602,4507.68135146558
1776355433,494,,Aggregated,753.600000,0.000000,350,540,750,960,1200,1400,1600,1700,2300,2900,5600,201803,326,350.0,558.1641116894835,1.8575249996501952,5566.668324000602,4507.7063026813275
1776355434,492,,Aggregated,758.000000,0.000000,350,530,750,960,1200,1400,1600,1700,2300,2900,5600,202491,326,350.0,557.7053791230674,1.8575249996501952,5566.668324000602,4507.731084344489
1776355435,492,,Aggregated,753.100000,0.000000,350,530,750,960,1200,1400,1600,1700,2200,2900,5600,203222,326,350.0,557.1224933053669,1.8575249996501952,5566.668324000602,4507.757231008454
1776355436,492,,Aggregated,742.900000,0.000000,350,530,750,960,1200,1400,1600,1700,2200,2900,5600,203971,326,350.0,556.4415725496187,1.8575249996501952,5566.668324000602,4507.7838271126775
1776355437,492,,Aggregated,739.200000,0.000000,350,530,750,960,1200,1400,1600,1700,2200,2900,5600,204641,326,350.0,555.8989600157709,1.8575249996501952,5566.668324000602,4507.80745305193
1776355438,492,,Aggregated,736.100000,0.000000,350,530,750,960,1200,1400,1600,1700,2200,2900,5600,205297,326,350.0,555.587515220093,1.8575249996501952,5566.668324000602,4507.830435905054
1776355439,492,,Aggregated,735.400000,0.000000,350,530,740,950,1200,1400,1600,1700,2200,2900,5600,205985,326,350.0,555.2097390335721,1.8575249996501952,5566.668324000602,4507.854382600674
1776355440,492,,Aggregated,730.000000,0.000000,350,530,740,950,1200,1400,1600,1700,2200,2900,5600,206723,326,350.0,554.6110808117727,1.8575249996501952,5566.668324000602,4507.879892416422
1776355441,492,,Aggregated,719.400000,0.000000,350,530,740,950,1200,1400,1600,1700,2200,2900,5600,207437,326,350.0,554.0581201114703,1.8575249996501952,5566.668324000602,4507.904399890087
1776355440,492,,Aggregated,730.000000,0.000000,350,530,740,950,1200,1400,1600,1700,2200,2900,5600,208132,326,350.0,553.4734086369517,1.8575249996501952,5566.668324000602,4507.928093709761
1776355441,492,,Aggregated,719.400000,0.000000,350,530,740,950,1200,1400,1600,1700,2200,2900,5600,208892,326,350.0,552.8687180249216,1.8575249996501952,5566.668324000602,4507.953823028168
1776355442,492,,Aggregated,713.400000,0.000000,350,530,740,950,1200,1400,1600,1700,2200,2900,5600,209563,326,350.0,552.2617610142433,1.8575249996501952,5566.668324000602,4507.976384189958
1776355443,492,,Aggregated,781.300000,0.000000,350,520,740,940,1200,1400,1600,1700,2200,2900,5600,210192,326,350.0,551.9640144488803,1.8575249996501952,5566.668324000602,4507.997402374972
1776355444,492,,Aggregated,842.000000,0.000000,350,520,730,940,1200,1400,1600,1700,2200,2900,5600,210828,326,350.0,551.8286333418382,1.8575249996501952,5566.668324000602,4508.018526950879
1776355445,492,,Aggregated,854.100000,0.000000,350,520,730,940,1200,1400,1600,1700,2200,2900,5600,211497,326,350.0,551.3805235367266,1.8575249996501952,5566.668324000602,4508.040610505113
1776355446,492,,Aggregated,848.300000,0.000000,350,520,730,940,1200,1400,1600,1700,2200,2900,5600,212185,326,350.0,551.0833008436373,1.8575249996501952,5566.668324000602,4508.063176002073
1776355447,492,,Aggregated,848.300000,0.000000,350,520,730,940,1200,1400,1600,1700,2200,2900,5600,212828,326,350.0,550.7860372937492,1.8575249996501952,5566.668324000602,4508.084133666623
1776355448,492,,Aggregated,857.000000,0.000000,350,520,730,940,1200,1400,1600,1700,2200,2900,5600,213497,326,350.0,550.505249772948,1.8575249996501952,5566.668324000602,4508.105804765407
1776355449,492,,Aggregated,847.100000,0.000000,350,520,730,940,1200,1400,1600,1700,2200,2900,5600,214171,326,350.0,549.9825778375784,1.8575249996501952,5566.668324000602,4508.12750092216
1776355450,492,,Aggregated,846.200000,0.000000,350,520,730,940,1200,1400,1600,1700,2200,2900,5600,214879,326,350.0,549.5632048294113,1.8575249996501952,5566.668324000602,4508.150144965306
1776355451,492,,Aggregated,850.000000,0.000000,340,520,730,940,1200,1400,1600,1700,2200,2900,5600,215570,326,340.0,549.1051764973604,1.8575249996501952,5566.668324000602,4508.1721018694625
1776355452,492,,Aggregated,843.800000,0.000000,340,520,730,930,1200,1400,1600,1700,2200,2900,5600,216295,326,340.0,548.5786090099626,1.8575249996501952,5566.668324000602,4508.194988326129
1776355453,492,,Aggregated,773.200000,0.000000,340,520,720,930,1200,1400,1600,1700,2200,2900,5600,217001,326,340.0,548.1356176539775,1.8575249996501952,5566.668324000602,4508.217128031668
1776355454,492,,Aggregated,705.900000,0.000000,340,520,720,930,1200,1400,1600,1700,2200,2900,5600,217700,326,340.0,547.6004059165671,1.8575249996501952,5566.668324000602,4508.238906752412
1776355455,452,,Aggregated,690.200000,0.000000,340,520,720,930,1200,1400,1600,1700,2200,2900,5600,218388,326,340.0,547.0969834786932,1.8575249996501952,5566.668324000602,4508.260206604758
1776355456,450,,Aggregated,702.200000,0.000000,340,510,720,930,1200,1400,1600,1700,2200,2900,5600,219053,326,340.0,546.5198650143608,1.8575249996501952,5566.668324000602,4508.280667235783
1776355457,450,,Aggregated,699.200000,0.000000,340,510,720,930,1200,1400,1600,1700,2200,2900,5600,219712,326,340.0,546.0995934056623,1.8575249996501952,5566.668324000602,4508.300821074861
1776355458,450,,Aggregated,685.100000,0.000000,340,510,720,930,1200,1400,1600,1700,2200,2900,5600,220368,326,340.0,545.6639804508362,1.8575249996501952,5566.668324000602,4508.320763450229
1776355459,450,,Aggregated,687.000000,0.000000,340,510,720,930,1200,1400,1600,1700,2200,2900,5600,221038,326,340.0,545.1199032691651,1.8575249996501952,5566.668324000602,4508.341009238231
1776355460,450,,Aggregated,685.400000,0.000000,340,510,710,930,1200,1400,1600,1700,2200,2900,5600,221736,326,340.0,544.5809255740736,1.8575249996501952,5566.668324000602,4508.3619709925315
1776355461,450,,Aggregated,684.300000,0.000000,340,510,710,930,1200,1400,1600,1700,2200,2900,5600,222383,326,340.0,544.0636258461062,1.8575249996501952,5566.668324000602,4508.381283641285
1776355462,450,,Aggregated,682.200000,0.000000,340,510,710,920,1200,1400,1600,1700,2200,2900,5600,223027,326,340.0,543.6768212986212,1.8575249996501952,5566.668324000602,4508.400395467814
1776355463,450,,Aggregated,681.000000,0.000000,340,510,710,920,1200,1400,1600,1700,2200,2900,5600,223679,326,340.0,543.233934601651,1.8575249996501952,5566.668324000602,4508.4196325985
1776355464,450,,Aggregated,671.400000,0.000000,340,510,710,920,1200,1400,1600,1700,2200,2900,5600,224303,326,340.0,542.830694600717,1.8575249996501952,5566.668324000602,4508.437938859489
1776355465,450,,Aggregated,668.500000,0.000000,340,510,710,920,1200,1400,1600,1700,2200,2900,5600,224931,326,340.0,542.4425686034059,1.8575249996501952,5566.668324000602,4508.456259919709
1776355466,450,,Aggregated,659.500000,0.000000,340,510,710,920,1200,1400,1600,1700,2200,2900,5600,225563,326,340.0,542.1398863158302,1.8575249996501952,5566.668324000602,4508.474594680865
1776355467,450,,Aggregated,656.600000,0.000000,340,500,710,920,1200,1400,1600,1700,2200,2900,5600,226177,326,340.0,541.7675009026582,1.8575249996501952,5566.668324000602,4508.492309120733
1776355468,450,,Aggregated,648.800000,0.000000,340,500,710,920,1200,1400,1600,1700,2200,2900,5600,226835,326,340.0,541.3471675474177,1.8575249996501952,5566.668324000602,4508.511186545286
1776355469,450,,Aggregated,648.100000,0.000000,340,500,710,920,1200,1400,1600,1700,2200,2900,5600,227491,326,340.0,540.9598583627154,1.8575249996501952,5566.668324000602,4508.52989788607
1776355470,450,,Aggregated,647.900000,0.000000,340,500,710,920,1200,1400,1600,1700,2200,2900,5600,228172,326,340.0,540.4572357344883,1.8575249996501952,5566.668324000602,4508.54920849184
1776355471,450,,Aggregated,643.800000,0.000000,340,500,700,910,1200,1400,1600,1700,2200,2900,5600,228827,326,340.0,539.9057691957926,1.8575249996501952,5566.668324000602,4508.567673395185
1776355475,450,,Aggregated,598.900000,0.000000,340,500,700,910,1200,1400,1600,1700,2200,2900,5600,229461,326,340.0,539.5359081936608,1.8575249996501952,5566.668324000602,4508.585445892766
1776355471,450,,Aggregated,643.800000,0.000000,340,500,700,910,1200,1400,1600,1700,2200,2900,5600,230099,326,340.0,539.0899572014114,1.8575249996501952,5566.668324000602,4508.6032316524625
1776355472,450,,Aggregated,647.600000,0.000000,330,500,700,910,1200,1400,1600,1700,2200,2900,5600,230786,326,330.0,538.6371922137937,1.8575249996501952,5566.668324000602,4508.62227344813
1776355473,450,,Aggregated,703.500000,0.000000,330,500,700,910,1200,1400,1600,1700,2200,2900,5600,231449,326,330.0,538.1729956182771,1.8575249996501952,5566.668324000602,4508.640542840972
1776355474,450,,Aggregated,774.100000,0.000000,330,500,700,910,1200,1400,1600,1700,2200,2900,5600,232134,326,330.0,537.7226541431746,1.8575249996501952,5566.668324000602,4508.659308847476
1776355475,450,,Aggregated,791.700000,0.000000,330,500,700,910,1200,1400,1600,1700,2200,2900,5600,232838,326,330.0,537.2200453728597,1.8575249996501952,5566.668324000602,4508.678480316787
1776355476,450,,Aggregated,793.300000,0.000000,330,500,690,910,1200,1400,1600,1700,2200,2900,5600,233521,326,330.0,536.7186275979763,1.8575249996501952,5566.668324000602,4508.696969437438
1776355478,450,,Aggregated,801.100000,0.000000,330,500,690,910,1200,1400,1600,1700,2200,2900,5600,233522,326,330.0,536.7254038857409,1.8575249996501952,5566.668324000602,4508.696996428602
1776355479,0,,Aggregated,822.000000,0.000000,330,500,700,910,1200,1400,1600,1700,2300,2900,5600,233752,326,330.0,538.3930280452744,1.8575249996501952,5566.668324000602,4508.703198261405
1776355480,0,,Aggregated,822.000000,0.000000,330,500,700,910,1200,1400,1600,1700,2300,2900,5600,233752,326,330.0,538.3930280452744,1.8575249996501952,5566.668324000602,4508.703198261405
1776355481,0,,Aggregated,822.000000,0.000000,330,500,700,910,1200,1400,1600,1700,2300,2900,5600,233752,326,330.0,538.3930280452744,1.8575249996501952,5566.668324000602,4508.703198261405
1776355482,0,,Aggregated,822.000000,0.000000,330,500,700,910,1200,1400,1600,1700,2300,2900,5600,233752,326,330.0,538.3930280452744,1.8575249996501952,5566.668324000602,4508.703198261405
1776355483,0,,Aggregated,822.000000,0.000000,330,500,700,910,1200,1400,1600,1700,2300,2900,5600,233752,326,330.0,538.3930280452744,1.8575249996501952,5566.668324000602,4508.703198261405
1776355484,0,,Aggregated,822.000000,0.000000,330,500,700,910,1200,1400,1600,1700,2300,2900,5600,233752,326,330.0,538.3930280452744,1.8575249996501952,5566.668324000602,4508.703198261405
1776355485,0,,Aggregated,822.000000,0.000000,330,500,700,910,1200,1400,1600,1700,2300,2900,5600,233752,326,330.0,538.3930280452744,1.8575249996501952,5566.668324000602,4508.703198261405
1776355486,0,,Aggregated,822.000000,0.000000,330,500,700,910,1200,1400,1600,1700,2300,2900,5600,233752,326,330.0,538.3930280452744,1.8575249996501952,5566.668324000602,4508.703198261405
1776355487,0,,Aggregated,822.000000,0.000000,330,500,700,910,1200,1400,1600,1700,2300,2900,5600,233752,326,330.0,538.3930280452744,1.8575249996501952,5566.668324000602,4508.703198261405
1776355488,0,,Aggregated,822.000000,0.000000,330,500,700,910,1200,1400,1600,1700,2300,2900,5600,233752,326,330.0,538.3930280452744,1.8575249996501952,5566.668324000602,4508.703198261405
1776355489,0,,Aggregated,822.000000,0.000000,330,500,700,910,1200,1400,1600,1700,2300,2900,5600,233752,326,330.0,538.3930280452744,1.8575249996501952,5566.668324000602,4508.703198261405
1776355490,0,,Aggregated,822.000000,0.000000,330,500,700,910,1200,1400,1600,1700,2300,2900,5600,233752,326,330.0,538.3930280452744,1.8575249996501952,5566.668324000602,4508.703198261405
1776355491,0,,Aggregated,822.000000,0.000000,330,500,700,910,1200,1400,1600,1700,2300,2900,5600,233752,326,330.0,538.3930280452744,1.8575249996501952,5566.668324000602,4508.703198261405
1776355492,0,,Aggregated,822.000000,0.000000,330,500,700,910,1200,1400,1600,1700,2300,2900,5600,233752,326,330.0,538.3930280452744,1.8575249996501952,5566.668324000602,4508.703198261405
1776355493,0,,Aggregated,822.000000,0.000000,330,500,700,910,1200,1400,1600,1700,2300,2900,5600,233752,326,330.0,538.3930280452744,1.8575249996501952,5566.668324000602,4508.703198261405
1776355494,0,,Aggregated,822.000000,0.000000,330,500,700,910,1200,1400,1600,1700,2300,2900,5600,233752,326,330.0,538.3930280452744,1.8575249996501952,5566.668324000602,4508.703198261405
1776355495,0,,Aggregated,822.000000,0.000000,330,500,700,910,1200,1400,1600,1700,2300,2900,5600,233752,326,330.0,538.3930280452744,1.8575249996501952,5566.668324000602,4508.703198261405
1776355496,0,,Aggregated,822.000000,0.000000,330,500,700,910,1200,1400,1600,1700,2300,2900,5600,233752,326,330.0,538.3930280452744,1.8575249996501952,5566.668324000602,4508.703198261405
1776355497,0,,Aggregated,822.000000,0.000000,330,500,700,910,1200,1400,1600,1700,2300,2900,5600,233752,326,330.0,538.3930280452744,1.8575249996501952,5566.668324000602,4508.703198261405
1776355498,0,,Aggregated,822.000000,0.000000,330,500,700,910,1200,1400,1600,1700,2300,2900,5600,233752,326,330.0,538.3930280452744,1.8575249996501952,5566.668324000602,4508.703198261405
1776355499,0,,Aggregated,822.000000,0.000000,330,500,700,910,1200,1400,1600,1700,2300,2900,5600,233752,326,330.0,538.3930280452744,1.8575249996501952,5566.668324000602,4508.703198261405
1776355500,0,,Aggregated,822.000000,0.000000,330,500,700,910,1200,1400,1600,1700,2300,2900,5600,233752,326,330.0,538.3930280452744,1.8575249996501952,5566.668324000602,4508.703198261405
1776355501,0,,Aggregated,822.000000,0.000000,330,500,700,910,1200,1400,1600,1700,2300,2900,5600,233752,326,330.0,538.3930280452744,1.8575249996501952,5566.668324000602,4508.703198261405
1776355502,0,,Aggregated,822.000000,0.000000,330,500,700,910,1200,1400,1600,1700,2300,2900,5600,233752,326,330.0,538.3930280452744,1.8575249996501952,5566.668324000602,4508.703198261405
1776355500,0,,Aggregated,822.000000,0.000000,330,500,700,910,1200,1400,1600,1700,2300,2900,5600,233752,326,330.0,538.3930280452744,1.8575249996501952,5566.668324000602,4508.703198261405
1776355501,0,,Aggregated,822.000000,0.000000,330,500,700,910,1200,1400,1600,1700,2300,2900,5600,233752,326,330.0,538.3930280452744,1.8575249996501952,5566.668324000602,4508.703198261405
1776355502,0,,Aggregated,822.000000,0.000000,330,500,700,910,1200,1400,1600,1700,2300,2900,5600,233752,326,330.0,538.3930280452744,1.8575249996501952,5566.668324000602,4508.703198261405
1776355503,0,,Aggregated,822.000000,0.000000,330,500,700,910,1200,1400,1600,1700,2300,2900,5600,233752,326,330.0,538.3930280452744,1.8575249996501952,5566.668324000602,4508.703198261405
1776355504,0,,Aggregated,822.000000,0.000000,330,500,700,910,1200,1400,1600,1700,2300,2900,5600,233752,326,330.0,538.3930280452744,1.8575249996501952,5566.668324000602,4508.703198261405
1776355505,0,,Aggregated,822.000000,0.000000,330,500,700,910,1200,1400,1600,1700,2300,2900,5600,233752,326,330.0,538.3930280452744,1.8575249996501952,5566.668324000602,4508.703198261405
1776355506,0,,Aggregated,822.000000,0.000000,330,500,700,910,1200,1400,1600,1700,2300,2900,5600,233752,326,330.0,538.3930280452744,1.8575249996501952,5566.668324000602,4508.703198261405
1776355507,0,,Aggregated,822.000000,0.000000,330,500,700,910,1200,1400,1600,1700,2300,2900,5600,233752,326,330.0,538.3930280452744,1.8575249996501952,5566.668324000602,4508.703198261405
1776355508,0,,Aggregated,822.000000,0.000000,330,500,700,910,1200,1400,1600,1700,2300,2900,5600,233752,326,330.0,538.3930280452744,1.8575249996501952,5566.668324000602,4508.703198261405
1776355509,0,,Aggregated,822.000000,0.000000,330,500,700,910,1200,1400,1600,1700,2300,2900,5600,233752,326,330.0,538.3930280452744,1.8575249996501952,5566.668324000602,4508.703198261405
1776355510,0,,Aggregated,822.000000,0.000000,330,500,700,910,1200,1400,1600,1700,2300,2900,5600,233752,326,330.0,538.3930280452744,1.8575249996501952,5566.668324000602,4508.703198261405
1776355511,0,,Aggregated,822.000000,0.000000,330,500,700,910,1200,1400,1600,1700,2300,2900,5600,233752,326,330.0,538.3930280452744,1.8575249996501952,5566.668324000602,4508.703198261405
1776355512,0,,Aggregated,822.000000,0.000000,330,500,700,910,1200,1400,1600,1700,2300,2900,5600,233752,326,330.0,538.3930280452744,1.8575249996501952,5566.668324000602,4508.703198261405
1776355513,0,,Aggregated,822.000000,0.000000,330,500,700,910,1200,1400,1600,1700,2300,2900,5600,233752,326,330.0,538.3930280452744,1.8575249996501952,5566.668324000602,4508.703198261405
1776355514,0,,Aggregated,822.000000,0.000000,330,500,700,910,1200,1400,1600,1700,2300,2900,5600,233752,326,330.0,538.3930280452744,1.8575249996501952,5566.668324000602,4508.703198261405
1776355515,0,,Aggregated,822.000000,0.000000,330,500,700,910,1200,1400,1600,1700,2300,2900,5600,233752,326,330.0,538.3930280452744,1.8575249996501952,5566.668324000602,4508.703198261405
1776355516,0,,Aggregated,822.000000,0.000000,330,500,700,910,1200,1400,1600,1700,2300,2900,5600,233752,326,330.0,538.3930280452744,1.8575249996501952,5566.668324000602,4508.703198261405
1776355517,0,,Aggregated,822.000000,0.000000,330,500,700,910,1200,1400,1600,1700,2300,2900,5600,233752,326,330.0,538.3930280452744,1.8575249996501952,5566.668324000602,4508.703198261405
1776355518,0,,Aggregated,822.000000,0.000000,330,500,700,910,1200,1400,1600,1700,2300,2900,5600,233752,326,330.0,538.3930280452744,1.8575249996501952,5566.668324000602,4508.703198261405
1776355519,0,,Aggregated,822.000000,0.000000,330,500,700,910,1200,1400,1600,1700,2300,2900,5600,233752,326,330.0,538.3930280452744,1.8575249996501952,5566.668324000602,4508.703198261405
1776355520,0,,Aggregated,822.000000,0.000000,330,500,700,910,1200,1400,1600,1700,2300,2900,5600,233752,326,330.0,538.3930280452744,1.8575249996501952,5566.668324000602,4508.703198261405
1776355521,0,,Aggregated,822.000000,0.000000,330,500,700,910,1200,1400,1600,1700,2300,2900,5600,233752,326,330.0,538.3930280452744,1.8575249996501952,5566.668324000602,4508.703198261405
1776355522,0,,Aggregated,822.000000,0.000000,330,500,700,910,1200,1400,1600,1700,2300,2900,5600,233752,326,330.0,538.3930280452744,1.8575249996501952,5566.668324000602,4508.703198261405
1776355523,0,,Aggregated,822.000000,0.000000,330,500,700,910,1200,1400,1600,1700,2300,2900,5600,233752,326,330.0,538.3930280452744,1.8575249996501952,5566.668324000602,4508.703198261405
1776355524,0,,Aggregated,822.000000,0.000000,330,500,700,910,1200,1400,1600,1700,2300,2900,5600,233752,326,330.0,538.3930280452744,1.8575249996501952,5566.668324000602,4508.703198261405
1776355525,0,,Aggregated,822.000000,0.000000,330,500,700,910,1200,1400,1600,1700,2300,2900,5600,233752,326,330.0,538.3930280452744,1.8575249996501952,5566.668324000602,4508.703198261405
1776355526,0,,Aggregated,822.000000,0.000000,330,500,700,910,1200,1400,1600,1700,2300,2900,5600,233752,326,330.0,538.3930280452744,1.8575249996501952,5566.668324000602,4508.703198261405
1776355527,0,,Aggregated,822.000000,0.000000,330,500,700,910,1200,1400,1600,1700,2300,2900,5600,233752,326,330.0,538.3930280452744,1.8575249996501952,5566.668324000602,4508.703198261405
1776355528,0,,Aggregated,822.000000,0.000000,330,500,700,910,1200,1400,1600,1700,2300,2900,5600,233752,326,330.0,538.3930280452744,1.8575249996501952,5566.668324000602,4508.703198261405
1776355529,0,,Aggregated,822.000000,0.000000,330,500,700,910,1200,1400,1600,1700,2300,2900,5600,233752,326,330.0,538.3930280452744,1.8575249996501952,5566.668324000602,4508.703198261405
1776355530,0,,Aggregated,822.000000,0.000000,330,500,700,910,1200,1400,1600,1700,2300,2900,5600,233752,326,330.0,538.3930280452744,1.8575249996501952,5566.668324000602,4508.703198261405
1776355531,0,,Aggregated,822.000000,0.000000,330,500,700,910,1200,1400,1600,1700,2300,2900,5600,233752,326,330.0,538.3930280452744,1.8575249996501952,5566.668324000602,4508.703198261405
1776355530,0,,Aggregated,822.000000,0.000000,330,500,700,910,1200,1400,1600,1700,2300,2900,5600,233752,326,330.0,538.3930280452744,1.8575249996501952,5566.668324000602,4508.703198261405
1776355531,0,,Aggregated,822.000000,0.000000,330,500,700,910,1200,1400,1600,1700,2300,2900,5600,233752,326,330.0,538.3930280452744,1.8575249996501952,5566.668324000602,4508.703198261405
1776355532,0,,Aggregated,822.000000,0.000000,330,500,700,910,1200,1400,1600,1700,2300,2900,5600,233752,326,330.0,538.3930280452744,1.8575249996501952,5566.668324000602,4508.703198261405
1776355533,0,,Aggregated,822.000000,0.000000,330,500,700,910,1200,1400,1600,1700,2300,2900,5600,233752,326,330.0,538.3930280452744,1.8575249996501952,5566.668324000602,4508.703198261405
1776355534,0,,Aggregated,822.000000,0.000000,330,500,700,910,1200,1400,1600,1700,2300,2900,5600,233752,326,330.0,538.3930280452744,1.8575249996501952,5566.668324000602,4508.703198261405
1776355535,0,,Aggregated,822.000000,0.000000,330,500,700,910,1200,1400,1600,1700,2300,2900,5600,233752,326,330.0,538.3930280452744,1.8575249996501952,5566.668324000602,4508.703198261405
1776355536,0,,Aggregated,822.000000,0.000000,330,500,700,910,1200,1400,1600,1700,2300,2900,5600,233752,326,330.0,538.3930280452744,1.8575249996501952,5566.668324000602,4508.703198261405
1776355537,0,,Aggregated,822.000000,0.000000,330,500,700,910,1200,1400,1600,1700,2300,2900,5600,233752,326,330.0,538.3930280452744,1.8575249996501952,5566.668324000602,4508.703198261405
1776355538,0,,Aggregated,822.000000,0.000000,330,500,700,910,1200,1400,1600,1700,2300,2900,5600,233752,326,330.0,538.3930280452744,1.8575249996501952,5566.668324000602,4508.703198261405
1776355539,0,,Aggregated,822.000000,0.000000,330,500,700,910,1200,1400,1600,1700,2300,2900,5600,233752,326,330.0,538.3930280452744,1.8575249996501952,5566.668324000602,4508.703198261405
1776355540,0,,Aggregated,822.000000,0.000000,330,500,700,910,1200,1400,1600,1700,2300,2900,5600,233752,326,330.0,538.3930280452744,1.8575249996501952,5566.668324000602,4508.703198261405
1776355541,0,,Aggregated,822.000000,0.000000,330,500,700,910,1200,1400,1600,1700,2300,2900,5600,233752,326,330.0,538.3930280452744,1.8575249996501952,5566.668324000602,4508.703198261405
1776355542,0,,Aggregated,822.000000,0.000000,330,500,700,910,1200,1400,1600,1700,2300,2900,5600,233752,326,330.0,538.3930280452744,1.8575249996501952,5566.668324000602,4508.703198261405
1776355543,0,,Aggregated,822.000000,0.000000,330,500,700,910,1200,1400,1600,1700,2300,2900,5600,233752,326,330.0,538.3930280452744,1.8575249996501952,5566.668324000602,4508.703198261405
1776355544,0,,Aggregated,822.000000,0.000000,330,500,700,910,1200,1400,1600,1700,2300,2900,5600,233752,326,330.0,538.3930280452744,1.8575249996501952,5566.668324000602,4508.703198261405
1776355545,0,,Aggregated,822.000000,0.000000,330,500,700,910,1200,1400,1600,1700,2300,2900,5600,233752,326,330.0,538.3930280452744,1.8575249996501952,5566.668324000602,4508.703198261405
1776355546,0,,Aggregated,822.000000,0.000000,330,500,700,910,1200,1400,1600,1700,2300,2900,5600,233752,326,330.0,538.3930280452744,1.8575249996501952,5566.668324000602,4508.703198261405
1776355547,0,,Aggregated,822.000000,0.000000,330,500,700,910,1200,1400,1600,1700,2300,2900,5600,233752,326,330.0,538.3930280452744,1.8575249996501952,5566.668324000602,4508.703198261405
1776355548,0,,Aggregated,822.000000,0.000000,330,500,700,910,1200,1400,1600,1700,2300,2900,5600,233752,326,330.0,538.3930280452744,1.8575249996501952,5566.668324000602,4508.703198261405
1776355549,0,,Aggregated,822.000000,0.000000,330,500,700,910,1200,1400,1600,1700,2300,2900,5600,233752,326,330.0,538.3930280452744,1.8575249996501952,5566.668324000602,4508.703198261405
1776355550,0,,Aggregated,822.000000,0.000000,330,500,700,910,1200,1400,1600,1700,2300,2900,5600,233752,326,330.0,538.3930280452744,1.8575249996501952,5566.668324000602,4508.703198261405
1776355551,0,,Aggregated,822.000000,0.000000,330,500,700,910,1200,1400,1600,1700,2300,2900,5600,233752,326,330.0,538.3930280452744,1.8575249996501952,5566.668324000602,4508.703198261405
1776355552,0,,Aggregated,822.000000,0.000000,330,500,700,910,1200,1400,1600,1700,2300,2900,5600,233752,326,330.0,538.3930280452744,1.8575249996501952,5566.668324000602,4508.703198261405
1776355553,0,,Aggregated,822.000000,0.000000,330,500,700,910,1200,1400,1600,1700,2300,2900,5600,233752,326,330.0,538.3930280452744,1.8575249996501952,5566.668324000602,4508.703198261405
1776355554,0,,Aggregated,822.000000,0.000000,330,500,700,910,1200,1400,1600,1700,2300,2900,5600,233752,326,330.0,538.3930280452744,1.8575249996501952,5566.668324000602,4508.703198261405
1776355555,0,,Aggregated,822.000000,0.000000,330,500,700,910,1200,1400,1600,1700,2300,2900,5600,233752,326,330.0,538.3930280452744,1.8575249996501952,5566.668324000602,4508.703198261405
1776355556,0,,Aggregated,822.000000,0.000000,330,500,700,910,1200,1400,1600,1700,2300,2900,5600,233752,326,330.0,538.3930280452744,1.8575249996501952,5566.668324000602,4508.703198261405
1776355557,0,,Aggregated,822.000000,0.000000,330,500,700,910,1200,1400,1600,1700,2300,2900,5600,233752,326,330.0,538.3930280452744,1.8575249996501952,5566.668324000602,4508.703198261405
1776355558,0,,Aggregated,822.000000,0.000000,330,500,700,910,1200,1400,1600,1700,2300,2900,5600,233752,326,330.0,538.3930280452744,1.8575249996501952,5566.668324000602,4508.703198261405
1776355559,0,,Aggregated,822.000000,0.000000,330,500,700,910,1200,1400,1600,1700,2300,2900,5600,233752,326,330.0,538.3930280452744,1.8575249996501952,5566.668324000602,4508.703198261405
1776355560,0,,Aggregated,822.000000,0.000000,330,500,700,910,1200,1400,1600,1700,2300,2900,5600,233752,326,330.0,538.3930280452744,1.8575249996501952,5566.668324000602,4508.703198261405
1776355561,0,,Aggregated,822.000000,0.000000,330,500,700,910,1200,1400,1600,1700,2300,2900,5600,233752,326,330.0,538.3930280452744,1.8575249996501952,5566.668324000602,4508.703198261405
1776355560,0,,Aggregated,822.000000,0.000000,330,500,700,910,1200,1400,1600,1700,2300,2900,5600,233752,326,330.0,538.3930280452744,1.8575249996501952,5566.668324000602,4508.703198261405
1776355561,0,,Aggregated,822.000000,0.000000,330,500,700,910,1200,1400,1600,1700,2300,2900,5600,233752,326,330.0,538.3930280452744,1.8575249996501952,5566.668324000602,4508.703198261405
1776355562,0,,Aggregated,822.000000,0.000000,330,500,700,910,1200,1400,1600,1700,2300,2900,5600,233752,326,330.0,538.3930280452744,1.8575249996501952,5566.668324000602,4508.703198261405
1776355563,0,,Aggregated,822.000000,0.000000,330,500,700,910,1200,1400,1600,1700,2300,2900,5600,233752,326,330.0,538.3930280452744,1.8575249996501952,5566.668324000602,4508.703198261405
1776355564,0,,Aggregated,822.000000,0.000000,330,500,700,910,1200,1400,1600,1700,2300,2900,5600,233752,326,330.0,538.3930280452744,1.8575249996501952,5566.668324000602,4508.703198261405
1776355565,0,,Aggregated,822.000000,0.000000,330,500,700,910,1200,1400,1600,1700,2300,2900,5600,233752,326,330.0,538.3930280452744,1.8575249996501952,5566.668324000602,4508.703198261405
1776355566,0,,Aggregated,822.000000,0.000000,330,500,700,910,1200,1400,1600,1700,2300,2900,5600,233752,326,330.0,538.3930280452744,1.8575249996501952,5566.668324000602,4508.703198261405
1776355567,0,,Aggregated,822.000000,0.000000,330,500,700,910,1200,1400,1600,1700,2300,2900,5600,233752,326,330.0,538.3930280452744,1.8575249996501952,5566.668324000602,4508.703198261405
1776355568,0,,Aggregated,822.000000,0.000000,330,500,700,910,1200,1400,1600,1700,2300,2900,5600,233752,326,330.0,538.3930280452744,1.8575249996501952,5566.668324000602,4508.703198261405
1776355569,0,,Aggregated,822.000000,0.000000,330,500,700,910,1200,1400,1600,1700,2300,2900,5600,233752,326,330.0,538.3930280452744,1.8575249996501952,5566.668324000602,4508.703198261405
1776355570,0,,Aggregated,822.000000,0.000000,330,500,700,910,1200,1400,1600,1700,2300,2900,5600,233752,326,330.0,538.3930280452744,1.8575249996501952,5566.668324000602,4508.703198261405
1776355571,0,,Aggregated,822.000000,0.000000,330,500,700,910,1200,1400,1600,1700,2300,2900,5600,233752,326,330.0,538.3930280452744,1.8575249996501952,5566.668324000602,4508.703198261405
1776355572,0,,Aggregated,822.000000,0.000000,330,500,700,910,1200,1400,1600,1700,2300,2900,5600,233752,326,330.0,538.3930280452744,1.8575249996501952,5566.668324000602,4508.703198261405
1776355573,0,,Aggregated,822.000000,0.000000,330,500,700,910,1200,1400,1600,1700,2300,2900,5600,233752,326,330.0,538.3930280452744,1.8575249996501952,5566.668324000602,4508.703198261405
