Timestamp,User Count,Type,Name,Requests/s,Failures/s,50%,66%,75%,80%,90%,95%,98%,99%,99.9%,99.99%,100%,Total Request Count,Total Failure Count,Total Median Response Time,Total Average Response Time,Total Min Response Time,Total Max Response Time,Total Average Content Size
1776356561,0,,Aggregated,0.000000,0.000000,N/A,N/A,N/A,N/A,N/A,N/A,N/A,N/A,N/A,N/A,N/A,0,0,0,0.0,0,0,0
1776356562,40,,Aggregated,0.000000,0.000000,520,550,610,620,630,640,640,650,650,650,650,53,0,520.0,460.67262169813233,199.64429799983918,654.035902999567,4515.0
1776356563,80,,Aggregated,0.000000,0.000000,350,490,530,550,640,730,740,740,760,760,760,178,0,330.0,391.6245183483442,199.64429799983918,756.4586509997753,4515.0
1776356564,120,,Aggregated,0.000000,0.000000,320,490,530,610,700,800,840,910,960,960,960,324,0,320.0,406.9822609105169,199.64429799983918,957.3777349996817,4515.0
1776356565,160,,Aggregated,31.000000,0.000000,420,450,510,540,640,740,840,940,980,980,980,487,0,420.0,420.46523243943557,199.64429799983918,982.6806239998405,4515.0
1776356566,200,,Aggregated,63.000000,0.000000,450,620,680,710,780,1000,1100,1100,1200,1200,1200,643,0,450.0,512.2241598895879,199.64429799983918,1170.0365110000348,4515.0
1776356570,240,,Aggregated,112.000000,0.000000,560,710,760,810,940,1200,1800,1900,1900,1900,1900,808,0,560.0,615.7797474789684,199.64429799983918,1948.2916560000376,4515.0
1776356566,280,,Aggregated,63.000000,0.000000,690,780,860,900,1100,1600,1800,1900,2000,2000,2000,998,0,680.0,688.4606441663448,199.64429799983918,2001.450797999496,4515.0
1776356567,308,,Aggregated,86.250000,0.000000,730,860,960,1000,1200,1700,1900,2100,2200,2200,2200,1163,0,730.0,756.0991868951121,199.64429799983918,2235.2897470000244,4515.0
1776356568,308,,Aggregated,126.600000,0.000000,780,950,1100,1100,1500,1900,2300,2600,2700,2700,2700,1317,0,780.0,854.8680719817879,199.64429799983918,2720.2933419994224,4515.0
1776356569,308,,Aggregated,160.000000,0.000000,850,1100,1200,1300,1500,2000,2600,2700,2900,2900,2900,1492,0,850.0,933.637988666898,199.64429799983918,2947.289806000299,4515.0
1776356570,308,,Aggregated,172.571429,0.000000,910,1200,1400,1500,1700,2100,2700,2900,3200,3200,3200,1640,0,910.0,1004.2878278908664,199.64429799983918,3199.7239290003563,4515.0
1776356571,308,,Aggregated,172.125000,0.000000,990,1400,1500,1500,1700,1900,2600,2900,3200,3200,3200,1822,0,990.0,1064.597157451163,199.64429799983918,3199.7239290003563,4515.0
1776356572,308,,Aggregated,171.777778,0.000000,1100,1400,1500,1500,1700,1900,2600,2900,3200,3200,3200,2006,0,1100.0,1098.1338049915387,199.64429799983918,3199.7239290003563,4515.0
1776356573,308,,Aggregated,173.600000,0.000000,1200,1400,1500,1500,1700,1800,2600,2800,3200,3200,3200,2160,0,1200.0,1123.3172984875134,199.64429799983918,3199.7239290003563,4515.0
1776356574,308,,Aggregated,193.300000,0.000000,1300,1500,1500,1600,1700,1800,2400,2800,3200,3200,3200,2344,0,1300.0,1157.0600704163928,199.64429799983918,3199.7239290003563,4515.0
1776356575,308,,Aggregated,203.500000,0.000000,1300,1500,1500,1500,1700,1800,2400,2800,3200,3200,3200,2536,0,1300.0,1173.5716982121558,199.64429799983918,3199.7239290003563,4515.0
1776356576,308,,Aggregated,207.300000,0.000000,1300,1500,1500,1500,1600,1800,2300,2800,3200,3200,3200,2718,0,1300.0,1183.3078947432039,199.64429799983918,3199.7239290003563,4515.0
1776356577,308,,Aggregated,210.900000,0.000000,1300,1400,1500,1500,1600,1700,2200,2700,3200,3200,3200,2898,0,1300.0,1198.815040521405,199.64429799983918,3199.7239290003563,4515.0
1776356578,308,,Aggregated,200.300000,0.000000,1300,1500,1500,1500,1600,1700,2200,2700,3200,3200,3200,3075,0,1300.0,1211.0911384933447,199.64429799983918,3199.7239290003563,4515.0
1776356579,308,,Aggregated,186.300000,0.000000,1400,1500,1500,1500,1600,1700,2200,2700,3200,3200,3200,3260,0,1400.0,1223.2745306319084,199.64429799983918,3199.7239290003563,4515.0
1776356580,308,,Aggregated,178.800000,0.000000,1400,1400,1500,1500,1600,1700,2200,2700,3200,3200,3200,3441,0,1400.0,1232.7406789895447,199.64429799983918,3199.7239290003563,4515.0
1776356581,308,,Aggregated,179.100000,0.000000,1400,1400,1500,1500,1600,1700,2200,2600,3200,3200,3200,3610,0,1400.0,1240.367197351252,199.64429799983918,3199.7239290003563,4515.0
1776356582,308,,Aggregated,181.600000,0.000000,1400,1500,1500,1500,1600,1700,2100,2600,3200,3200,3200,3771,0,1400.0,1253.3728558814691,199.64429799983918,3199.7239290003563,4515.0
1776356583,308,,Aggregated,180.100000,0.000000,1400,1500,1500,1500,1600,1700,2100,2600,3200,3200,3200,3911,0,1400.0,1266.9449712753808,199.64429799983918,3199.7239290003563,4515.0
1776356584,308,,Aggregated,176.100000,0.000000,1400,1500,1500,1500,1700,1800,2100,2600,3200,3200,3200,4044,0,1400.0,1283.8809373860076,199.64429799983918,3199.7239290003563,4515.0
1776356585,307,,Aggregated,176.100000,0.000000,1400,1500,1500,1600,1700,1900,2200,2600,3200,3200,3200,4172,0,1400.0,1306.6717583413279,199.64429799983918,3199.7239290003563,4515.0
1776356586,307,,Aggregated,173.000000,0.000000,1400,1500,1600,1600,1800,2000,2200,2600,3200,3200,3200,4333,0,1400.0,1334.1009271927117,199.64429799983918,3199.7239290003563,4515.0
1776356587,307,,Aggregated,165.600000,0.000000,1400,1500,1600,1600,1800,2000,2200,2600,3200,3200,3200,4483,0,1400.0,1345.5157014037527,199.64429799983918,3199.7239290003563,4515.0
1776356588,307,,Aggregated,161.600000,0.000000,1400,1500,1600,1600,1800,2000,2200,2400,3200,3200,3200,4669,0,1400.0,1357.1693303970933,199.64429799983918,3199.7239290003563,4515.0
1776356589,307,,Aggregated,159.700000,0.000000,1400,1500,1600,1600,1800,2000,2200,2400,3200,3200,3200,4861,0,1400.0,1357.903722517182,199.64429799983918,3199.7239290003563,4515.0
1776356590,307,,Aggregated,157.700000,0.000000,1400,1500,1600,1600,1800,2000,2200,2400,3100,3200,3200,5039,0,1400.0,1356.8010223207032,199.64429799983918,3199.7239290003563,4515.0
1776356591,307,,Aggregated,161.100000,0.000000,1400,1500,1600,1600,1800,2000,2200,2300,3100,3200,3200,5204,0,1400.0,1359.2864084560006,199.64429799983918,3199.7239290003563,4515.0
1776356592,307,,Aggregated,159.300000,0.000000,1400,1500,1600,1600,1800,2000,2200,2300,3100,3200,3200,5343,0,1400.0,1365.3842232764418,199.64429799983918,3199.7239290003563,4515.0
1776356593,307,,Aggregated,159.100000,0.000000,1400,1500,1600,1700,1800,2000,2200,2300,3100,3200,3200,5498,0,1400.0,1377.4407868588614,199.64429799983918,3199.7239290003563,4515.0
1776356594,307,,Aggregated,159.300000,0.000000,1400,1500,1600,1700,1800,2000,2200,2300,3100,3200,3200,5637,0,1400.0,1388.4341407243248,199.64429799983918,3199.7239290003563,4515.0
1776356595,307,,Aggregated,157.000000,0.000000,1500,1500,1600,1700,1900,2000,2200,2300,3100,3200,3200,5812,0,1500.0,1398.862503025122,199.64429799983918,3199.7239290003563,4515.0
1776356596,307,,Aggregated,156.600000,0.000000,1500,1600,1600,1700,1800,2000,2200,2300,3100,3200,3200,5983,0,1500.0,1403.00488065118,199.64429799983918,3199.7239290003563,4515.0
1776356597,307,,Aggregated,161.700000,0.000000,1500,1500,1600,1700,1800,2000,2100,2300,3100,3200,3200,6166,0,1500.0,1404.039650867988,199.64429799983918,3199.7239290003563,4515.0
1776356596,307,,Aggregated,156.600000,0.000000,1400,1500,1600,1700,1800,2000,2100,2300,3100,3200,3200,6359,0,1400.0,1402.565683242966,199.64429799983918,3199.7239290003563,4515.0
1776356597,307,,Aggregated,161.700000,0.000000,1400,1500,1600,1700,1800,2000,2100,2300,3100,3200,3200,6521,0,1400.0,1402.1065113979496,199.64429799983918,3199.7239290003563,4515.0
1776356598,307,,Aggregated,173.900000,0.000000,1400,1500,1600,1700,1800,2000,2100,2300,3100,3200,3200,6696,0,1400.0,1404.7020788986028,199.64429799983918,3199.7239290003563,4515.0
1776356599,307,,Aggregated,190.600000,0.000000,1400,1500,1600,1700,1800,2000,2100,2200,3100,3200,3200,6854,0,1400.0,1407.633341980892,199.64429799983918,3199.7239290003563,4515.0
1776356600,307,,Aggregated,207.900000,0.000000,1500,1500,1600,1700,1800,2000,2100,2200,3100,3200,3200,7009,0,1500.0,1411.637501547015,199.64429799983918,3199.7239290003563,4515.0
1776356601,307,,Aggregated,203.300000,0.000000,1500,1600,1600,1700,1800,2000,2100,2200,3100,3200,3200,7186,0,1500.0,1417.4033310737586,199.64429799983918,3199.7239290003563,4515.0
1776356602,307,,Aggregated,200.900000,0.000000,1500,1600,1600,1700,1800,2000,2100,2200,3100,3200,3200,7352,0,1500.0,1420.2750877202175,199.64429799983918,3199.7239290003563,4515.0
1776356603,307,,Aggregated,204.700000,0.000000,1500,1600,1600,1700,1800,2000,2100,2200,3100,3200,3200,7536,0,1500.0,1421.136377587718,199.64429799983918,3199.7239290003563,4515.0
1776356604,307,,Aggregated,205.900000,0.000000,1500,1600,1600,1700,1800,1900,2100,2200,3100,3200,3200,7700,0,1500.0,1422.550391141693,199.64429799983918,3199.7239290003563,4515.0
1776356605,307,,Aggregated,210.300000,0.000000,1500,1600,1600,1700,1800,1900,2100,2200,3100,3200,3200,7875,0,1500.0,1423.0954849840057,199.64429799983918,3199.7239290003563,4515.0
1776356606,307,,Aggregated,213.200000,0.000000,1500,1600,1600,1700,1800,1900,2100,2200,3100,3200,3200,8030,0,1500.0,1425.2400298617745,199.64429799983918,3199.7239290003563,4515.0
1776356607,307,,Aggregated,213.300000,0.000000,1500,1600,1600,1700,1800,1900,2100,2200,3100,3200,3200,8187,0,1500.0,1429.3074766560458,199.64429799983918,3199.7239290003563,4515.0
1776356608,283,,Aggregated,203.300000,0.000000,1500,1600,1600,1700,1800,1900,2100,2200,3100,3200,3200,8353,0,1500.0,1431.8320006886208,199.64429799983918,3199.7239290003563,4515.0
1776356609,283,,Aggregated,185.600000,0.000000,1500,1600,1600,1700,1800,1900,2100,2200,3100,3200,3200,8513,0,1500.0,1432.1598581756189,199.64429799983918,3199.7239290003563,4515.0
1776356610,283,,Aggregated,169.600000,0.000000,1500,1600,1600,1700,1800,1900,2100,2200,3100,3200,3200,8689,0,1500.0,1432.1517539959762,199.64429799983918,3199.7239290003563,4515.0
1776356611,283,,Aggregated,168.300000,0.000000,1500,1600,1600,1600,1800,1900,2100,2200,3100,3200,3200,8849,0,1500.0,1430.9312363441106,199.64429799983918,3199.7239290003563,4515.0
1776356612,283,,Aggregated,171.500000,0.000000,1500,1600,1600,1600,1800,1900,2100,2200,3100,3200,3200,9027,0,1500.0,1430.3450942073823,199.64429799983918,3199.7239290003563,4515.0
1776356613,283,,Aggregated,166.900000,0.000000,1500,1500,1600,1600,1800,1900,2100,2200,3100,3200,3200,9219,0,1500.0,1427.0710047086498,199.64429799983918,3199.7239290003563,4515.0
1776356614,283,,Aggregated,167.500000,0.000000,1500,1500,1600,1600,1800,1900,2100,2200,3100,3200,3200,9399,0,1500.0,1422.787944971809,199.64429799983918,3199.7239290003563,4515.0
1776356615,283,,Aggregated,167.600000,0.000000,1500,1500,1600,1600,1800,1900,2100,2200,3100,3200,3200,9566,0,1500.0,1420.9254669207635,199.64429799983918,3199.7239290003563,4515.0
1776356616,283,,Aggregated,169.800000,0.000000,1400,1500,1600,1600,1800,1900,2100,2200,3100,3200,3200,9734,0,1400.0,1419.8806167614575,199.64429799983918,3199.7239290003563,4515.0
1776356617,283,,Aggregated,169.600000,0.000000,1400,1500,1600,1600,1700,1900,2100,2200,3100,3200,3200,9911,0,1400.0,1419.1224231424708,199.64429799983918,3199.7239290003563,4515.0
1776356618,283,,Aggregated,170.600000,0.000000,1400,1500,1600,1600,1700,1900,2100,2200,3100,3200,3200,10107,0,1400.0,1414.8944138394206,199.64429799983918,3199.7239290003563,4515.0
1776356619,283,,Aggregated,171.400000,0.000000,1400,1500,1600,1600,1700,1900,2100,2200,3100,3200,3200,10269,0,1400.0,1410.9995278312426,199.64429799983918,3199.7239290003563,4515.0
1776356620,283,,Aggregated,173.900000,0.000000,1400,1500,1600,1600,1700,1900,2100,2200,3100,3200,3200,10461,0,1400.0,1410.25886993261,199.64429799983918,3199.7239290003563,4515.0
1776356621,283,,Aggregated,176.600000,0.000000,1400,1500,1600,1600,1700,1900,2100,2200,3100,3200,3200,10650,0,1400.0,1407.89492014066,199.64429799983918,3199.7239290003563,4515.0
1776356622,283,,Aggregated,176.800000,0.000000,1400,1500,1600,1600,1700,1900,2100,2200,3100,3200,3200,10812,0,1400.0,1406.126469452464,199.64429799983918,3199.7239290003563,4515.0
1776356623,283,,Aggregated,178.100000,0.000000,1400,1500,1600,1600,1700,1900,2100,2200,3100,3200,3200,10998,0,1400.0,1404.676458137302,199.64429799983918,3199.7239290003563,4515.0
1776356624,283,,Aggregated,176.800000,0.000000,1400,1500,1600,1600,1700,1900,2000,2200,3100,3200,3200,11192,0,1400.0,1400.8221991104413,199.64429799983918,3199.7239290003563,4515.0
1776356625,283,,Aggregated,176.300000,0.000000,1400,1500,1600,1600,1700,1900,2000,2200,3100,3200,3200,11357,0,1400.0,1398.4880613798584,199.64429799983918,3199.7239290003563,4515.0
1776356626,283,,Aggregated,178.200000,0.000000,1400,1500,1600,1600,1700,1900,2000,2200,3100,3200,3200,11525,0,1400.0,1397.6953899060343,199.64429799983918,3199.7239290003563,4515.0
1776356627,283,,Aggregated,178.100000,0.000000,1400,1500,1600,1600,1700,1900,2000,2200,3100,3200,3200,11702,0,1400.0,1397.4967195363217,199.64429799983918,3199.7239290003563,4515.0
1776356625,283,,Aggregated,176.300000,0.000000,1400,1500,1600,1600,1700,1900,2000,2200,3100,3200,3200,11865,0,1400.0,1397.659594224192,199.64429799983918,3199.7239290003563,4515.0
1776356626,283,,Aggregated,178.200000,0.000000,1400,1500,1600,1600,1700,1800,2000,2200,3100,3200,3200,12019,0,1400.0,1397.9055545896529,199.64429799983918,3199.7239290003563,4515.0
1776356627,283,,Aggregated,178.100000,0.000000,1400,1500,1600,1600,1700,1800,2000,2200,3100,3200,3200,12178,0,1400.0,1398.437855443181,199.64429799983918,3199.7239290003563,4515.0
1776356628,283,,Aggregated,187.400000,0.000000,1400,1500,1600,1600,1700,1800,2000,2100,3100,3200,3200,12311,0,1400.0,1400.33898926416,199.64429799983918,3199.7239290003563,4515.0
1776356629,283,,Aggregated,203.900000,0.000000,1400,1500,1600,1600,1700,1800,2000,2100,3100,3200,3200,12441,0,1400.0,1403.9865312355978,199.64429799983918,3199.7239290003563,4515.0
1776356630,243,,Aggregated,210.500000,0.000000,1400,1500,1600,1600,1700,1900,2000,2100,3100,3200,3200,12574,0,1400.0,1408.4966719040926,199.64429799983918,3199.7239290003563,4515.0
1776356631,222,,Aggregated,206.400000,0.000000,1400,1500,1600,1600,1700,1900,2000,2100,3100,3200,3200,12692,0,1400.0,1411.052196634813,199.64429799983918,3199.7239290003563,4515.0
1776356632,222,,Aggregated,199.300000,0.000000,1400,1500,1600,1600,1700,1900,2000,2100,3100,3200,3200,12823,0,1400.0,1412.3957512830877,199.64429799983918,3199.7239290003563,4515.0
1776356633,222,,Aggregated,199.300000,0.000000,1400,1500,1600,1600,1700,1900,2000,2100,3100,3200,3200,12964,0,1400.0,1412.7675605698887,199.64429799983918,3199.7239290003563,4515.0
1776356634,222,,Aggregated,194.200000,0.000000,1400,1500,1600,1600,1700,1900,2000,2100,3100,3200,3200,13142,0,1400.0,1408.5022659532076,199.64429799983918,3199.7239290003563,4515.0
1776356635,222,,Aggregated,189.500000,0.000000,1400,1500,1600,1600,1700,1900,2000,2100,3100,3200,3200,13318,0,1400.0,1402.2065153194985,199.64429799983918,3199.7239290003563,4515.0
1776356636,222,,Aggregated,185.800000,0.000000,1400,1500,1600,1600,1700,1800,2000,2100,3100,3200,3200,13483,0,1400.0,1396.777973004975,199.64429799983918,3199.7239290003563,4515.0
1776356637,222,,Aggregated,186.400000,0.000000,1400,1500,1600,1600,1700,1800,2000,2100,3100,3200,3200,13644,0,1400.0,1392.6690137360065,199.64429799983918,3199.7239290003563,4515.0
1776356638,222,,Aggregated,177.600000,0.000000,1400,1500,1600,1600,1700,1800,2000,2100,3100,3200,3200,13801,0,1400.0,1389.4316136494515,199.64429799983918,3199.7239290003563,4515.0
1776356639,222,,Aggregated,160.800000,0.000000,1400,1500,1600,1600,1700,1800,2000,2100,3100,3200,3200,13962,0,1400.0,1386.7219108701534,199.64429799983918,3199.7239290003563,4515.0
1776356640,222,,Aggregated,150.800000,0.000000,1400,1500,1600,1600,1700,1800,2000,2100,2900,3200,3200,14142,0,1400.0,1381.8672839595592,199.64429799983918,3199.7239290003563,4515.0
1776356641,222,,Aggregated,152.400000,0.000000,1400,1500,1600,1600,1700,1800,2000,2100,2900,3200,3200,14314,0,1400.0,1376.7107345547076,199.64429799983918,3199.7239290003563,4515.0
1776356642,222,,Aggregated,158.000000,0.000000,1400,1500,1600,1600,1700,1800,2000,2100,2900,3200,3200,14475,0,1400.0,1372.458486625497,199.64429799983918,3199.7239290003563,4515.0
1776356643,222,,Aggregated,158.700000,0.000000,1400,1500,1600,1600,1700,1800,2000,2100,2900,3200,3200,14588,0,1400.0,1371.334445485747,199.64429799983918,3199.7239290003563,4515.0
1776356644,222,,Aggregated,164.100000,0.000000,1400,1500,1600,1600,1700,1800,2000,2100,2900,3200,3200,14729,0,1400.0,1372.1697947679465,199.64429799983918,3199.7239290003563,4515.0
1776356645,222,,Aggregated,164.000000,0.000000,1400,1500,1600,1600,1700,1800,2000,2100,2900,3200,3200,14879,0,1400.0,1371.101895523092,199.64429799983918,3199.7239290003563,4515.0
1776356646,222,,Aggregated,159.500000,0.000000,1400,1500,1600,1600,1700,1800,2000,2100,2900,3200,3200,15043,0,1400.0,1368.229348244041,199.64429799983918,3199.7239290003563,4515.0
1776356647,222,,Aggregated,158.000000,0.000000,1400,1500,1600,1600,1700,1800,2000,2100,2900,3200,3200,15236,0,1400.0,1363.187173812359,199.64429799983918,3199.7239290003563,4515.0
1776356648,222,,Aggregated,155.700000,0.000000,1400,1500,1600,1600,1700,1800,2000,2100,2900,3200,3200,15429,0,1400.0,1356.8285960295607,199.64429799983918,3199.7239290003563,4515.0
1776356649,222,,Aggregated,155.800000,0.000000,1400,1500,1500,1600,1700,1800,2000,2100,2900,3200,3200,15622,0,1400.0,1351.1272290531992,199.64429799983918,3199.7239290003563,4515.0
1776356650,222,,Aggregated,158.900000,0.000000,1400,1500,1500,1600,1700,1800,2000,2100,2900,3200,3200,15820,0,1400.0,1344.1900956251636,199.64429799983918,3199.7239290003563,4515.0
1776356651,222,,Aggregated,163.200000,0.000000,1400,1500,1500,1600,1700,1800,2000,2100,2900,3200,3200,16001,0,1400.0,1338.401488847764,199.64429799983918,3199.7239290003563,4515.0
1776356652,222,,Aggregated,166.500000,0.000000,1400,1500,1500,1600,1700,1800,2000,2100,2900,3200,3200,16178,0,1400.0,1334.2052359931424,199.64429799983918,3199.7239290003563,4515.0
1776356653,222,,Aggregated,167.700000,0.000000,1400,1500,1500,1600,1700,1800,2000,2100,2900,3200,3200,16340,0,1400.0,1331.0827470514735,199.64429799983918,3199.7239290003563,4515.0
1776356654,222,,Aggregated,167.900000,0.000000,1400,1500,1500,1600,1700,1800,2000,2100,2900,3200,3200,16494,0,1400.0,1328.8431988784466,199.64429799983918,3199.7239290003563,4515.0
1776356655,182,,Aggregated,172.500000,0.000000,1400,1500,1500,1600,1700,1800,2000,2100,2900,3200,3200,16630,0,1400.0,1326.5585918408951,199.64429799983918,3199.7239290003563,4515.0
1776356656,142,,Aggregated,177.000000,0.000000,1400,1500,1500,1600,1700,1800,2000,2100,2900,3200,3200,16763,0,1400.0,1323.7667813639612,199.64429799983918,3199.7239290003563,4515.0
1776356657,126,,Aggregated,175.700000,0.000000,1400,1500,1500,1600,1700,1800,2000,2100,2900,3200,3200,16932,0,1400.0,1316.4026177893386,199.64429799983918,3199.7239290003563,4515.0
1776356656,126,,Aggregated,177.000000,0.000000,1300,1500,1500,1600,1700,1800,2000,2100,2900,3200,3200,17111,0,1300.0,1306.7145612392658,199.64429799983918,3199.7239290003563,4515.0
1776356657,126,,Aggregated,175.700000,0.000000,1300,1500,1500,1600,1700,1800,2000,2100,2900,3200,3200,17313,0,1300.0,1295.7434712287345,199.64429799983918,3199.7239290003563,4515.0
1776356658,126,,Aggregated,181.500000,0.000000,1300,1500,1500,1600,1700,1800,2000,2100,2900,3200,3200,17480,0,1300.0,1287.364020364078,199.64429799983918,3199.7239290003563,4515.0
1776356659,126,,Aggregated,198.500000,0.000000,1300,1500,1500,1600,1700,1800,2000,2100,2900,3200,3200,17620,0,1300.0,1281.3092842141928,199.64429799983918,3199.7239290003563,4515.0
1776356660,126,,Aggregated,210.100000,0.000000,1300,1400,1500,1600,1700,1800,2000,2100,2900,3200,3200,17770,0,1300.0,1275.272951617561,199.64429799983918,3199.7239290003563,4515.0
1776356661,126,,Aggregated,206.000000,0.000000,1300,1400,1500,1600,1700,1800,2000,2100,2900,3200,3200,17949,0,1300.0,1267.1250133486012,199.64429799983918,3199.7239290003563,4515.0
1776356662,126,,Aggregated,200.100000,0.000000,1300,1400,1500,1600,1700,1800,2000,2100,2900,3200,3200,18100,0,1300.0,1260.885399898786,199.64429799983918,3199.7239290003563,4515.0
1776356663,126,,Aggregated,202.100000,0.000000,1300,1400,1500,1600,1700,1800,2000,2100,2900,3200,3200,18271,0,1300.0,1253.3308389833624,199.64429799983918,3199.7239290003563,4515.0
1776356664,126,,Aggregated,201.200000,0.000000,1300,1400,1500,1600,1700,1800,2000,2100,2900,3200,3200,18458,0,1300.0,1244.7290943153641,199.64429799983918,3199.7239290003563,4515.0
1776356665,126,,Aggregated,200.000000,0.000000,1300,1400,1500,1600,1700,1800,2000,2100,2900,3200,3200,18661,0,1300.0,1235.2144706053248,199.64429799983918,3199.7239290003563,4515.0
1776356666,126,,Aggregated,201.700000,0.000000,1300,1400,1500,1600,1700,1800,2000,2100,2900,3200,3200,18850,0,1300.0,1226.3797825433417,199.64429799983918,3199.7239290003563,4515.0
1776356667,126,,Aggregated,205.900000,0.000000,1300,1400,1500,1600,1700,1800,2000,2100,2900,3200,3200,19012,0,1300.0,1219.3333257430033,199.64429799983918,3199.7239290003563,4515.0
1776356668,126,,Aggregated,204.900000,0.000000,1300,1400,1500,1600,1700,1800,2000,2100,2900,3200,3200,19211,0,1300.0,1210.780156161156,199.64429799983918,3199.7239290003563,4515.0
1776356669,126,,Aggregated,188.800000,0.000000,1300,1400,1500,1600,1700,1800,2000,2100,2900,3200,3200,19404,0,1300.0,1202.3895035146866,199.64429799983918,3199.7239290003563,4515.0
1776356670,126,,Aggregated,176.500000,0.000000,1300,1400,1500,1500,1700,1800,1900,2100,2900,3200,3200,19595,0,1300.0,1194.0288890223517,199.64429799983918,3199.7239290003563,4515.0
1776356671,126,,Aggregated,180.300000,0.000000,1300,1400,1500,1500,1700,1800,1900,2100,2900,3200,3200,19777,0,1300.0,1186.8293205664136,199.64429799983918,3199.7239290003563,4515.0
1776356672,126,,Aggregated,185.800000,0.000000,1300,1400,1500,1500,1700,1800,1900,2100,2900,3200,3200,19956,0,1300.0,1179.9233264975917,199.64429799983918,3199.7239290003563,4515.0
1776356673,126,,Aggregated,182.200000,0.000000,1300,1400,1500,1500,1700,1800,1900,2100,2900,3200,3200,20135,0,1300.0,1172.8290378634692,199.64429799983918,3199.7239290003563,4515.0
1776356674,126,,Aggregated,183.800000,0.000000,1300,1400,1500,1500,1700,1800,1900,2100,2900,3200,3200,20320,0,1300.0,1165.6380434901562,199.64429799983918,3199.7239290003563,4515.0
1776356675,126,,Aggregated,184.900000,0.000000,1300,1400,1500,1500,1700,1800,1900,2100,2900,3200,3200,20503,0,1300.0,1158.7563049516632,199.64429799983918,3199.7239290003563,4515.0
1776356676,126,,Aggregated,185.400000,0.000000,1300,1400,1500,1500,1700,1800,1900,2100,2900,3200,3200,20700,0,1300.0,1151.1590884015918,199.64429799983918,3199.7239290003563,4515.0
1776356677,126,,Aggregated,185.200000,0.000000,1300,1400,1500,1500,1700,1800,1900,2100,2900,3200,3200,20885,0,1300.0,1144.0999359754799,199.64429799983918,3199.7239290003563,4515.0
1776356678,86,,Aggregated,183.400000,0.000000,1300,1400,1500,1500,1700,1800,1900,2100,2800,3200,3200,21020,0,1300.0,1139.1231081877686,199.64429799983918,3199.7239290003563,4515.0
1776356679,46,,Aggregated,185.300000,0.000000,1300,1400,1500,1500,1700,1800,1900,2100,2800,3200,3200,21112,0,1300.0,1135.1776308868364,199.64429799983918,3199.7239290003563,4515.0
1776356680,31,,Aggregated,181.400000,0.000000,1300,1400,1500,1500,1700,1800,1900,2100,2800,3200,3200,21164,0,1300.0,1132.943700924584,199.64429799983918,3199.7239290003563,4515.0
1776356681,31,,Aggregated,173.900000,0.000000,1300,1400,1500,1500,1700,1800,1900,2100,2800,3200,3200,21227,0,1300.0,1130.2598928990396,199.64429799983918,3199.7239290003563,4515.0
1776356682,31,,Aggregated,160.400000,0.000000,1300,1400,1500,1500,1700,1800,1900,2100,2800,3200,3200,21289,0,1300.0,1127.6268213323283,199.64429799983918,3199.7239290003563,4515.0
1776356683,31,,Aggregated,148.400000,0.000000,1300,1400,1500,1500,1700,1800,1900,2100,2800,3200,3200,21346,0,1300.0,1125.2301154637842,199.64429799983918,3199.7239290003563,4515.0
1776356684,31,,Aggregated,136.700000,0.000000,1300,1400,1500,1500,1700,1800,1900,2100,2800,3200,3200,21406,0,1300.0,1122.7162390673604,199.64429799983918,3199.7239290003563,4515.0
1776356685,31,,Aggregated,125.000000,0.000000,1300,1400,1500,1500,1700,1800,1900,2100,2800,3200,3200,21463,0,1300.0,1120.3463618743838,199.64429799983918,3199.7239290003563,4515.0
1776356686,31,,Aggregated,112.200000,0.000000,1300,1400,1500,1500,1700,1800,1900,2100,2800,3200,3200,21525,0,1300.0,1117.7690557680326,199.64429799983918,3199.7239290003563,4515.0
1776356687,31,,Aggregated,99.100000,0.000000,1300,1400,1500,1500,1700,1800,1900,2100,2800,3200,3200,21586,0,1300.0,1115.2759469515374,199.64429799983918,3199.7239290003563,4515.0
1776356685,31,,Aggregated,125.000000,0.000000,1300,1400,1500,1500,1700,1800,1900,2100,2800,3200,3200,21646,0,1300.0,1112.8218154213198,199.64429799983918,3199.7239290003563,4515.0
1776356686,31,,Aggregated,112.200000,0.000000,1200,1400,1500,1500,1700,1800,1900,2100,2800,3200,3200,21708,0,1200.0,1110.3090540102212,199.64429799983918,3199.7239290003563,4515.0
1776356687,31,,Aggregated,99.100000,0.000000,1200,1400,1500,1500,1700,1800,1900,2100,2800,3200,3200,21767,0,1200.0,1107.9295663168498,199.64429799983918,3199.7239290003563,4515.0
1776356688,31,,Aggregated,90.200000,0.000000,1200,1400,1500,1500,1700,1800,1900,2100,2800,3200,3200,21822,0,1200.0,1105.7280081684482,199.64429799983918,3199.7239290003563,4515.0
1776356689,31,,Aggregated,83.100000,0.000000,1200,1400,1500,1500,1700,1800,1900,2100,2800,3200,3200,21880,0,1200.0,1103.4213304636144,199.64429799983918,3199.7239290003563,4515.0
1776356690,31,,Aggregated,79.200000,0.000000,1200,1400,1500,1500,1700,1800,1900,2100,2800,3200,3200,21940,0,1200.0,1101.023000445802,199.64429799983918,3199.7239290003563,4515.0
1776356691,31,,Aggregated,73.600000,0.000000,1200,1400,1500,1500,1700,1800,1900,2100,2800,3200,3200,21999,0,1200.0,1098.6858059926763,199.64429799983918,3199.7239290003563,4515.0
1776356692,31,,Aggregated,72.500000,0.000000,1200,1400,1500,1500,1700,1800,1900,2100,2800,3200,3200,22057,0,1200.0,1096.3938788883293,199.64429799983918,3199.7239290003563,4515.0
1776356693,31,,Aggregated,73.800000,0.000000,1200,1400,1500,1500,1700,1800,1900,2100,2800,3200,3200,22117,0,1200.0,1094.0434933121978,199.64429799983918,3199.7239290003563,4515.0
1776356694,31,,Aggregated,73.700000,0.000000,1200,1400,1500,1500,1700,1800,1900,2100,2800,3200,3200,22175,0,1200.0,1091.7831886517652,199.64429799983918,3199.7239290003563,4515.0
1776356695,31,,Aggregated,73.900000,0.000000,1200,1400,1500,1500,1700,1800,1900,2100,2800,3200,3200,22233,0,1200.0,1089.5392450008944,199.64429799983918,3199.7239290003563,4515.0
1776356696,31,,Aggregated,73.700000,0.000000,1200,1400,1500,1500,1700,1800,1900,2100,2800,3200,3200,22288,0,1200.0,1087.4365220835825,199.64429799983918,3199.7239290003563,4515.0
1776356697,31,,Aggregated,74.300000,0.000000,1200,1400,1500,1500,1600,1800,1900,2000,2800,3200,3200,22349,0,1200.0,1085.0978315678506,199.64429799983918,3199.7239290003563,4515.0
1776356698,31,,Aggregated,70.300000,0.000000,1200,1400,1500,1500,1600,1800,1900,2000,2800,3200,3200,22408,0,1200.0,1082.8484433725853,199.64429799983918,3199.7239290003563,4515.0
1776356699,31,,Aggregated,63.800000,0.000000,1200,1400,1500,1500,1600,1800,1900,2000,2800,3200,3200,22467,0,1200.0,1080.6010907432178,199.64429799983918,3199.7239290003563,4515.0
1776356700,20,,Aggregated,59.500000,0.000000,1200,1400,1500,1500,1600,1800,1900,2000,2800,3200,3200,22507,0,1200.0,1079.0866621504808,199.64429799983918,3199.7239290003563,4515.0
1776356701,20,,Aggregated,59.500000,0.000000,1200,1400,1500,1500,1600,1800,1900,2000,2800,3200,3200,22545,0,1200.0,1077.6614477555054,199.64429799983918,3199.7239290003563,4515.0
1776356702,20,,Aggregated,59.700000,0.000000,1200,1400,1500,1500,1600,1800,1900,2000,2800,3200,3200,22582,0,1200.0,1076.2754722320815,199.64429799983918,3199.7239290003563,4515.0
1776356703,20,,Aggregated,56.400000,0.000000,1200,1400,1500,1500,1600,1800,1900,2000,2800,3200,3200,22620,0,1200.0,1074.865824914892,199.64429799983918,3199.7239290003563,4515.0
1776356704,20,,Aggregated,54.100000,0.000000,1200,1400,1500,1500,1600,1800,1900,2000,2800,3200,3200,22657,0,1200.0,1073.5008338145324,199.64429799983918,3199.7239290003563,4515.0
1776356705,20,,Aggregated,51.800000,0.000000,1200,1400,1500,1500,1600,1800,1900,2000,2800,3200,3200,22693,0,1200.0,1072.1798647787807,199.64429799983918,3199.7239290003563,4515.0
1776356706,20,,Aggregated,49.800000,0.000000,1200,1400,1500,1500,1600,1800,1900,2000,2800,3200,3200,22732,0,1200.0,1070.7419218456307,199.64429799983918,3199.7239290003563,4515.0
1776356707,20,,Aggregated,47.800000,0.000000,1200,1400,1500,1500,1600,1800,1900,2000,2800,3200,3200,22768,0,1200.0,1069.4328150920976,199.64429799983918,3199.7239290003563,4515.0
1776356708,20,,Aggregated,45.700000,0.000000,1200,1400,1500,1500,1600,1800,1900,2000,2800,3200,3200,22804,0,1200.0,1068.1161123321292,199.64429799983918,3199.7239290003563,4515.0
1776356709,20,,Aggregated,44.000000,0.000000,1200,1400,1500,1500,1600,1800,1900,2000,2800,3200,3200,22844,0,1200.0,1066.6558072840514,199.64429799983918,3199.7239290003563,4515.0
1776356710,20,,Aggregated,41.300000,0.000000,1200,1400,1500,1500,1600,1800,1900,2000,2800,3200,3200,22881,0,1200.0,1065.3021436736533,199.64429799983918,3199.7239290003563,4515.0
1776356711,20,,Aggregated,39.300000,0.000000,1200,1400,1500,1500,1600,1800,1900,2000,2800,3200,3200,22915,0,1200.0,1064.058662786553,199.64429799983918,3199.7239290003563,4515.0
1776356712,20,,Aggregated,37.400000,0.000000,1200,1400,1500,1500,1600,1800,1900,2000,2800,3200,3200,22957,0,1200.0,1062.5601364428655,199.64429799983918,3199.7239290003563,4515.0
1776356713,20,,Aggregated,37.100000,0.000000,1200,1400,1500,1500,1600,1800,1900,2000,2800,3200,3200,22995,0,1200.0,1061.1789835922095,199.64429799983918,3199.7239290003563,4515.0
1776356714,20,,Aggregated,37.100000,0.000000,1200,1400,1500,1500,1600,1800,1900,2000,2800,3200,3200,23031,0,1200.0,1059.8729433488713,199.64429799983918,3199.7239290003563,4515.0
1776356715,20,,Aggregated,37.300000,0.000000,1200,1400,1500,1500,1600,1800,1900,2000,2800,3200,3200,23068,0,1200.0,1058.5354444165441,199.64429799983918,3199.7239290003563,4515.0
1776356716,20,,Aggregated,37.500000,0.000000,1200,1400,1500,1500,1600,1800,1900,2000,2800,3200,3200,23107,0,1200.0,1057.1303385733686,199.64429799983918,3199.7239290003563,4515.0
1776356720,20,,Aggregated,36.700000,0.000000,1200,1400,1500,1500,1600,1800,1900,2000,2800,3200,3200,23146,0,1200.0,1055.7367932492805,199.64429799983918,3199.7239290003563,4515.0
1776356716,20,,Aggregated,37.500000,0.000000,1200,1400,1500,1500,1600,1800,1900,2000,2800,3200,3200,23179,0,1200.0,1054.5621938332908,199.64429799983918,3199.7239290003563,4515.0
1776356717,20,,Aggregated,37.200000,0.000000,1200,1400,1500,1500,1600,1800,1900,2000,2800,3200,3200,23217,0,1200.0,1053.2105580490534,199.64429799983918,3199.7239290003563,4515.0
1776356718,20,,Aggregated,38.800000,0.000000,1200,1400,1500,1500,1600,1800,1900,2000,2800,3200,3200,23256,0,1200.0,1051.8254585898633,199.64429799983918,3199.7239290003563,4515.0
1776356719,20,,Aggregated,42.600000,0.000000,1200,1400,1500,1500,1600,1800,1900,2000,2800,3200,3200,23293,0,1200.0,1050.5129628991049,199.64429799983918,3199.7239290003563,4515.0
1776356720,20,,Aggregated,45.900000,0.000000,1200,1400,1500,1500,1600,1800,1900,2000,2800,3200,3200,23332,0,1200.0,1049.1375685919702,199.64429799983918,3199.7239290003563,4515.0
1776356721,20,,Aggregated,45.800000,0.000000,1200,1400,1500,1500,1600,1800,1900,2000,2800,3200,3200,23369,0,1200.0,1047.8404844137892,199.64429799983918,3199.7239290003563,4515.0
1776356722,20,,Aggregated,45.600000,0.000000,1200,1400,1500,1500,1600,1800,1900,2000,2800,3200,3200,23405,0,1200.0,1046.5802274591263,199.64429799983918,3199.7239290003563,4515.0
1776356723,32,,Aggregated,46.700000,0.000000,1200,1400,1500,1500,1600,1800,1900,2000,2800,3200,3200,23463,0,1200.0,1044.6805104833502,198.82961400071508,3199.7239290003563,4515.0
1776356724,32,,Aggregated,46.900000,0.000000,1200,1400,1500,1500,1600,1800,1900,2000,2800,3200,3200,23523,0,1200.0,1042.6028692630548,198.82961400071508,3199.7239290003563,4515.0
1776356725,32,,Aggregated,47.700000,0.000000,1200,1400,1500,1500,1600,1800,1900,2000,2800,3200,3200,23582,0,1200.0,1040.5762702104082,198.82961400071508,3199.7239290003563,4515.0
1776356726,32,,Aggregated,49.700000,0.000000,1200,1400,1500,1500,1600,1800,1900,2000,2800,3200,3200,23642,0,1200.0,1038.5182303428155,198.82961400071508,3199.7239290003563,4515.0
1776356727,32,,Aggregated,52.000000,0.000000,1200,1400,1500,1500,1600,1800,1900,2000,2800,3200,3200,23705,0,1200.0,1036.426795071666,198.82961400071508,3199.7239290003563,4515.0
1776356728,32,,Aggregated,52.300000,0.000000,1200,1400,1500,1500,1600,1800,1900,2000,2800,3200,3200,23764,0,1200.0,1034.428031517289,198.82961400071508,3199.7239290003563,4515.0
1776356729,32,,Aggregated,51.000000,0.000000,1200,1400,1500,1500,1600,1800,1900,2000,2800,3200,3200,23825,0,1200.0,1032.3663863223446,198.82961400071508,3199.7239290003563,4515.0
1776356730,32,,Aggregated,50.500000,0.000000,1200,1400,1500,1500,1600,1800,1900,2000,2800,3200,3200,23891,0,1200.0,1030.1536341404235,198.82961400071508,3199.7239290003563,4515.0
1776356731,32,,Aggregated,53.100000,0.000000,1200,1400,1500,1500,1600,1800,1900,2000,2800,3200,3200,23951,0,1200.0,1028.155617744723,198.82961400071508,3199.7239290003563,4515.0
1776356732,32,,Aggregated,55.400000,0.000000,1200,1400,1400,1500,1600,1800,1900,2000,2800,3200,3200,24007,0,1200.0,1026.303004418205,198.82961400071508,3199.7239290003563,4515.0
1776356733,32,,Aggregated,57.100000,0.000000,1200,1400,1400,1500,1600,1800,1900,2000,2800,3200,3200,24068,0,1200.0,1024.3008006356097,198.82961400071508,3199.7239290003563,4515.0
1776356734,32,,Aggregated,59.100000,0.000000,1200,1400,1400,1500,1600,1800,1900,2000,2800,3200,3200,24126,0,1200.0,1022.3949284721822,198.82961400071508,3199.7239290003563,4515.0
1776356735,32,,Aggregated,60.000000,0.000000,1200,1400,1400,1500,1600,1800,1900,2000,2800,3200,3200,24187,0,1200.0,1020.4000269412438,198.82961400071508,3199.7239290003563,4515.0
1776356736,32,,Aggregated,60.100000,0.000000,1200,1400,1400,1500,1600,1800,1900,2000,2800,3200,3200,24251,0,1200.0,1018.319772525911,198.82961400071508,3199.7239290003563,4515.0
1776356737,32,,Aggregated,60.100000,0.000000,1200,1400,1400,1500,1600,1800,1900,2000,2800,3200,3200,24312,0,1200.0,1016.3326111514427,198.82961400071508,3199.7239290003563,4515.0
1776356738,32,,Aggregated,60.600000,0.000000,1200,1400,1400,1500,1600,1800,1900,2000,2800,3200,3200,24371,0,1200.0,1014.4192073565658,198.82961400071508,3199.7239290003563,4515.0
1776356739,32,,Aggregated,60.700000,0.000000,1200,1400,1400,1500,1600,1700,1900,2000,2800,3200,3200,24431,0,1200.0,1012.4805177343073,198.82961400071508,3199.7239290003563,4515.0
1776356740,32,,Aggregated,60.300000,0.000000,1200,1400,1400,1500,1600,1700,1900,2000,2800,3200,3200,24493,0,1200.0,1010.4969580778935,198.82961400071508,3199.7239290003563,4515.0
1776356741,32,,Aggregated,60.100000,0.000000,1200,1400,1400,1500,1600,1700,1900,2000,2800,3200,3200,24554,0,1200.0,1008.5621869557644,198.82961400071508,3199.7239290003563,4515.0
1776356742,32,,Aggregated,60.400000,0.000000,1200,1400,1400,1500,1600,1700,1900,2000,2800,3200,3200,24617,0,1200.0,1006.5673807798609,198.82961400071508,3199.7239290003563,4515.0
1776356743,32,,Aggregated,60.100000,0.000000,1200,1400,1400,1500,1600,1700,1900,2000,2800,3200,3200,24677,0,1200.0,1004.676830098587,198.82961400071508,3199.7239290003563,4515.0
1776356744,32,,Aggregated,60.500000,0.000000,1200,1400,1400,1500,1600,1700,1900,2000,2800,3200,3200,24735,0,1200.0,1002.8577227112531,198.82961400071508,3199.7239290003563,4515.0
1776356745,32,,Aggregated,60.700000,0.000000,1100,1400,1400,1500,1600,1700,1900,2000,2800,3200,3200,24794,0,1100.0,1001.0209500919517,198.82961400071508,3199.7239290003563,4515.0
1776356746,32,,Aggregated,60.700000,0.000000,1100,1400,1400,1500,1600,1700,1900,2000,2800,3200,3200,24852,0,1100.0,999.2172330317417,198.82961400071508,3199.7239290003563,4515.0
1776356747,32,,Aggregated,60.700000,0.000000,1100,1400,1400,1500,1600,1700,1900,2000,2800,3200,3200,24915,0,1100.0,997.2767591554823,198.82961400071508,3199.7239290003563,4515.0
1776356746,68,,Aggregated,60.700000,0.000000,1100,1300,1400,1500,1600,1700,1900,2000,2800,3200,3200,25040,40,1100.0,993.6098618003134,198.82961400071508,3199.7239290003563,4507.787539936102
1776356747,68,,Aggregated,60.700000,0.000000,1100,1300,1400,1500,1600,1700,1900,2000,2800,3200,3200,25161,41,1100.0,990.054903907509,196.58099800017226,3199.7239290003563,4507.642780493621
1776356748,68,,Aggregated,66.900000,1.200000,1100,1300,1400,1500,1600,1700,1900,2000,2800,3200,3200,25303,41,1100.0,985.7800243552074,196.58099800017226,3199.7239290003563,4507.6840690827175
1776356749,68,,Aggregated,78.200000,1.400000,1100,1300,1400,1500,1600,1700,1900,2000,2800,3200,3200,25427,41,1100.0,982.087187560105,196.58099800017226,3199.7239290003563,4507.719746725921
1776356750,68,,Aggregated,90.600000,1.400000,1100,1300,1400,1500,1600,1700,1900,2000,2800,3200,3200,25551,41,1100.0,978.4736609263742,196.58099800017226,3199.7239290003563,4507.755078079136
1776356751,68,,Aggregated,97.100000,1.400000,1100,1300,1400,1500,1600,1700,1900,2000,2800,3200,3200,25677,41,1100.0,974.8027372754922,196.58099800017226,3199.7239290003563,4507.790629746466
1776356752,68,,Aggregated,104.000000,1.400000,1100,1300,1400,1500,1600,1700,1900,2000,2800,3200,3200,25806,41,1100.0,971.1055384200112,196.58099800017226,3199.7239290003563,4507.826668216694
1776356753,68,,Aggregated,113.600000,4.100000,1100,1300,1400,1500,1600,1700,1900,2000,2800,3200,3200,25933,41,1100.0,967.4756012074874,196.58099800017226,3199.7239290003563,4507.861797709482
1776356754,68,,Aggregated,120.900000,4.100000,1100,1300,1400,1500,1600,1700,1900,2000,2800,3200,3200,26063,41,1100.0,963.7960961650921,196.58099800017226,3199.7239290003563,4507.897402447915
1776356755,68,,Aggregated,127.200000,4.100000,1100,1300,1400,1500,1600,1700,1900,2000,2800,3200,3200,26195,41,1100.0,960.0803062111775,196.58099800017226,3199.7239290003563,4507.933193357511
1776356756,68,,Aggregated,134.800000,4.100000,1100,1300,1400,1500,1600,1700,1900,2000,2800,3200,3200,26331,41,1100.0,956.3074288627396,196.58099800017226,3199.7239290003563,4507.969693517147
1776356757,68,,Aggregated,141.700000,4.100000,1100,1300,1400,1500,1600,1700,1900,2000,2800,3200,3200,26462,41,1100.0,952.7287198660638,196.58099800017226,3199.7239290003563,4508.004497014587
1776356758,68,,Aggregated,142.800000,2.900000,1100,1300,1400,1500,1600,1700,1900,2000,2800,3200,3200,26584,41,1100.0,949.405370227233,196.58099800017226,3199.7239290003563,4508.036600962985
1776356759,68,,Aggregated,138.200000,2.700000,1100,1300,1400,1500,1600,1700,1900,2000,2800,3200,3200,26718,41,1100.0,945.7950313223208,196.58099800017226,3199.7239290003563,4508.071524814732
1776356760,68,,Aggregated,133.100000,2.700000,1100,1300,1400,1500,1600,1700,1900,2000,2800,3200,3200,26840,41,1100.0,942.5439816317346,196.58099800017226,3199.7239290003563,4508.1030178837555
1776356761,68,,Aggregated,132.600000,2.700000,1100,1300,1400,1500,1600,1700,1900,2000,2800,3200,3200,26971,41,1100.0,939.0864422502224,196.58099800017226,3199.7239290003563,4508.136516999741
1776356762,68,,Aggregated,132.300000,2.700000,1000,1300,1400,1500,1600,1700,1900,2000,2800,3200,3200,27094,41,1000.0,935.9460739836028,196.58099800017226,3199.7239290003563,4508.167675500111
1776356763,68,,Aggregated,129.400000,0.000000,1000,1300,1400,1500,1600,1700,1900,2000,2800,3200,3200,27221,41,1000.0,932.6859059748263,196.58099800017226,3199.7239290003563,4508.199551816612
1776356764,68,,Aggregated,127.800000,0.000000,1000,1300,1400,1500,1600,1700,1900,2000,2800,3200,3200,27350,41,1000.0,929.4524753971392,196.58099800017226,3199.7239290003563,4508.231627056673
1776356765,68,,Aggregated,128.800000,0.000000,1000,1300,1400,1500,1600,1700,1900,2000,2800,3200,3200,27474,41,1000.0,926.349177634627,196.58099800017226,3199.7239290003563,4508.262175147412
1776356766,68,,Aggregated,127.800000,0.000000,1000,1300,1400,1500,1600,1700,1900,2000,2800,3200,3200,27600,41,1000.0,923.2211286615485,196.58099800017226,3199.7239290003563,4508.292934782608
1776356767,68,,Aggregated,127.100000,0.000000,1000,1300,1400,1500,1600,1700,1900,2000,2800,3200,3200,27727,41,1000.0,920.1229586788234,196.58099800017226,3199.7239290003563,4508.3236556425145
1776356768,68,,Aggregated,127.300000,0.000000,1000,1300,1400,1500,1600,1700,1900,2000,2800,3200,3200,27854,41,1000.0,917.0107687609226,196.58099800017226,3199.7239290003563,4508.35409635959
1776356769,68,,Aggregated,126.500000,0.000000,990,1300,1400,1500,1600,1700,1900,2000,2800,3200,3200,27986,41,990.0,913.7783068463777,196.58099800017226,3199.7239290003563,4508.385442721361
1776356770,68,,Aggregated,125.300000,0.000000,980,1300,1400,1500,1600,1700,1900,2000,2700,3200,3200,28107,41,980.0,910.8332213695068,196.58099800017226,3199.7239290003563,4508.413918241007
1776356771,90,,Aggregated,126.600000,0.000000,970,1300,1400,1500,1600,1700,1900,2000,2700,3200,3200,28277,41,970.0,906.9226465466182,196.58099800017226,3199.7239290003563,4508.453513456166
1776356772,90,,Aggregated,126.000000,0.000000,960,1300,1400,1500,1600,1700,1900,2000,2700,3200,3200,28438,41,960.0,903.1262509967556,196.58099800017226,3199.7239290003563,4508.490575989873
1776356773,90,,Aggregated,128.000000,0.000000,960,1300,1400,1500,1600,1700,1900,2000,2700,3200,3200,28607,41,960.0,899.1544746234044,196.58099800017226,3199.7239290003563,4508.529031355962
1776356774,90,,Aggregated,133.400000,0.000000,950,1300,1400,1500,1600,1700,1900,2000,2700,3200,3200,28777,41,950.0,895.226259124778,196.58099800017226,3199.7239290003563,4508.567258574556
1776356775,90,,Aggregated,137.000000,0.000000,940,1300,1400,1500,1600,1700,1900,2000,2700,3200,3200,28951,41,940.0,891.2536318138143,196.58099800017226,3199.7239290003563,4508.605920348175
1776356776,90,,Aggregated,142.100000,0.000000,930,1300,1400,1500,1600,1700,1900,2000,2700,3200,3200,29123,41,930.0,887.3372114271448,196.58099800017226,3199.7239290003563,4508.643683686433
1776356777,90,,Aggregated,145.900000,0.000000,920,1300,1400,1500,1600,1700,1900,2000,2700,3200,3200,29287,41,920.0,883.6497100574561,196.58099800017226,3199.7239290003563,4508.679277495135
1776356775,90,,Aggregated,137.000000,0.000000,910,1300,1400,1500,1600,1700,1900,2000,2700,3200,3200,29459,41,910.0,879.8544899477148,196.58099800017226,3199.7239290003563,4508.71618181201
1776356776,90,,Aggregated,142.100000,0.000000,900,1300,1400,1500,1600,1700,1900,2000,2700,3200,3200,29632,41,900.0,876.0676241538456,196.58099800017226,3199.7239290003563,4508.752868520518
1776356777,90,,Aggregated,145.900000,0.000000,900,1300,1400,1500,1600,1700,1900,2000,2700,3200,3200,29798,41,900.0,872.4930156559756,196.58099800017226,3199.7239290003563,4508.787670313443
1776356778,90,,Aggregated,158.500000,0.000000,880,1300,1400,1500,1600,1700,1900,2000,2700,3200,3200,29969,41,880.0,868.8742422094076,196.58099800017226,3199.7239290003563,4508.823117221128
1776356779,90,,Aggregated,179.500000,0.000000,870,1300,1400,1400,1600,1700,1900,2000,2700,3200,3200,30143,41,870.0,865.1910911814272,196.58099800017226,3199.7239290003563,4508.858773181169
1776356780,90,,Aggregated,197.500000,0.000000,860,1300,1400,1400,1600,1700,1900,2000,2700,3200,3200,30310,41,860.0,861.6829352845182,196.58099800017226,3199.7239290003563,4508.892609699769
1776356781,90,,Aggregated,200.100000,0.000000,860,1300,1400,1400,1600,1700,1900,2000,2700,3200,3200,30478,41,860.0,858.2054322856407,196.58099800017226,3199.7239290003563,4508.92627468994
1776356782,90,,Aggregated,205.200000,0.000000,850,1300,1400,1400,1600,1700,1900,2000,2700,3200,3200,30646,41,850.0,854.7458316751536,196.58099800017226,3199.7239290003563,4508.959570580174
1776356783,90,,Aggregated,212.500000,0.000000,840,1300,1400,1400,1600,1700,1900,2000,2700,3200,3200,30821,41,840.0,851.2079299341932,196.58099800017226,3199.7239290003563,4508.993867817398
1776356784,90,,Aggregated,212.100000,0.000000,830,1300,1400,1400,1600,1700,1900,2000,2700,3200,3200,30986,41,830.0,847.894551755431,196.58099800017226,3199.7239290003563,4509.025850384044
1776356785,90,,Aggregated,212.100000,0.000000,820,1300,1400,1400,1600,1700,1900,2000,2700,3200,3200,31159,41,820.0,844.4668382204753,196.58099800017226,3199.7239290003563,4509.059019865849
1776356786,90,,Aggregated,211.200000,0.000000,810,1300,1400,1400,1600,1700,1900,2000,2700,3200,3200,31333,41,810.0,841.0970534966898,196.58099800017226,3199.7239290003563,4509.092011617145
1776356787,90,,Aggregated,211.800000,0.000000,800,1300,1400,1400,1600,1700,1900,2000,2700,3200,3200,31507,41,800.0,837.7256842316564,196.58099800017226,3199.7239290003563,4509.124638969118
1776356788,90,,Aggregated,203.200000,0.000000,790,1300,1400,1400,1600,1700,1900,2000,2700,3200,3200,31680,41,790.0,834.3913893681749,196.58099800017226,3199.7239290003563,4509.156723484848
1776356789,90,,Aggregated,186.400000,0.000000,770,1300,1400,1400,1600,1700,1900,2000,2700,3200,3200,31849,41,770.0,831.1826842201887,196.58099800017226,3199.7239290003563,4509.187729599045
1776356790,90,,Aggregated,174.400000,0.000000,750,1200,1400,1400,1600,1700,1900,2000,2700,3200,3200,32018,41,750.0,828.0399022231493,196.58099800017226,3199.7239290003563,4509.218408395278
1776356791,90,,Aggregated,175.500000,0.000000,740,1200,1400,1400,1600,1700,1900,2000,2700,3200,3200,32184,41,740.0,824.9821719060338,196.58099800017226,3199.7239290003563,4509.248228933631
1776356792,90,,Aggregated,174.600000,0.000000,720,1200,1400,1400,1600,1700,1900,2000,2700,3200,3200,32352,41,720.0,821.9153032880131,196.58099800017226,3199.7239290003563,4509.278097181009
1776356793,125,,Aggregated,169.500000,0.000000,680,1200,1400,1400,1600,1700,1900,2000,2700,3200,3200,32583,50,680.0,817.8913013284783,196.58099800017226,3199.7239290003563,4508.071540373815
1776356794,125,,Aggregated,168.700000,0.000000,630,1200,1400,1400,1600,1700,1900,2000,2700,3200,3200,32812,50,630.0,813.8283193163421,196.58099800017226,3199.7239290003563,4508.119895160307
1776356795,125,,Aggregated,169.500000,0.000000,590,1200,1400,1400,1600,1700,1900,2000,2700,3200,3200,33042,50,590.0,809.7589801498339,196.58099800017226,3199.7239290003563,4508.167786453604
1776356796,125,,Aggregated,176.700000,0.900000,560,1200,1400,1400,1600,1700,1900,2000,2700,3200,3200,33294,50,560.0,805.4163893489158,196.58099800017226,3199.7239290003563,4508.21949900883
1776356797,125,,Aggregated,183.300000,0.900000,540,1200,1400,1400,1600,1700,1900,2000,2700,3200,3200,33520,50,540.0,801.5500460907756,196.58099800017226,3199.7239290003563,4508.265214797136
1776356798,125,,Aggregated,189.400000,0.900000,530,1200,1400,1400,1600,1700,1800,2000,2700,3200,3200,33758,50,530.0,797.5471506098937,196.58099800017226,3199.7239290003563,4508.312696249778
1776356799,125,,Aggregated,196.200000,0.900000,520,1200,1300,1400,1600,1700,1800,2000,2700,3200,3200,33990,50,520.0,793.6805124325033,196.58099800017226,3199.7239290003563,4508.358340688438
1776356800,125,,Aggregated,201.300000,0.900000,510,1200,1300,1400,1600,1700,1800,2000,2700,3200,3200,34230,50,510.0,789.7473506866137,196.58099800017226,3199.7239290003563,4508.40490797546
1776356801,125,,Aggregated,207.600000,0.900000,500,1200,1300,1400,1600,1700,1800,2000,2700,3200,3200,34457,50,500.0,786.0885188828621,196.58099800017226,3199.7239290003563,4508.448355921873
1776356802,125,,Aggregated,214.800000,0.900000,490,1200,1300,1400,1600,1700,1800,2000,2700,3200,3200,34693,50,490.0,782.3380337212058,196.58099800017226,3199.7239290003563,4508.49292364454
1776356803,125,,Aggregated,220.400000,0.900000,480,1200,1300,1400,1600,1700,1800,2000,2700,3200,3200,34918,50,480.0,778.7682575875705,196.58099800017226,3199.7239290003563,4508.534853084369
1776356804,125,,Aggregated,228.000000,0.900000,480,1200,1300,1400,1600,1700,1800,2000,2700,3200,3200,35163,50,480.0,774.9833626573612,196.58099800017226,3199.7239290003563,4508.579899325996
1776356805,125,,Aggregated,234.400000,0.900000,470,1200,1300,1400,1600,1700,1800,2000,2700,3200,3200,35402,50,470.0,771.3062074582729,196.58099800017226,3199.7239290003563,4508.623241624767
1776356806,125,,Aggregated,233.500000,0.000000,460,1200,1300,1400,1600,1700,1800,2000,2700,3200,3200,35630,50,460.0,767.8548245055212,196.58099800017226,3199.7239290003563,4508.664047151277
1776356810,125,,Aggregated,228.500000,0.000000,450,1200,1300,1400,1600,1700,1800,2000,2700,3200,3200,35871,50,450.0,764.2306673687585,196.58099800017226,3199.7239290003563,4508.706615371749
1776356806,125,,Aggregated,233.500000,0.000000,450,1200,1300,1400,1600,1700,1800,2000,2600,3200,3200,36107,50,450.0,760.7206150931601,196.58099800017226,3199.7239290003563,4508.747749743817
1776356807,125,,Aggregated,233.800000,0.000000,440,1200,1300,1400,1600,1700,1800,2000,2600,3200,3200,36342,50,440.0,757.3068545317471,196.58099800017226,3199.7239290003563,4508.788178966485
1776356808,125,,Aggregated,243.800000,0.000000,430,1100,1300,1400,1600,1700,1800,2000,2600,3200,3200,36571,50,430.0,754.0207310801667,196.58099800017226,3199.7239290003563,4508.827076098548
1776356809,125,,Aggregated,267.500000,0.000000,430,1100,1300,1400,1600,1700,1800,2000,2600,3200,3200,36803,50,430.0,750.7615418638092,196.58099800017226,3199.7239290003563,4508.865989185664
1776356810,125,,Aggregated,287.100000,0.000000,420,1100,1300,1400,1600,1700,1800,2000,2600,3200,3200,37038,50,420.0,747.4758218960736,196.58099800017226,3199.7239290003563,4508.90490847238
1776356811,125,,Aggregated,285.800000,0.000000,420,1100,1300,1400,1600,1700,1800,2000,2600,3200,3200,37269,50,420.0,744.3062786927951,196.58099800017226,3199.7239290003563,4508.942686951622
1776356812,125,,Aggregated,285.700000,0.000000,410,1100,1300,1400,1600,1700,1800,2000,2600,3200,3200,37501,50,410.0,741.1321527832531,196.58099800017226,3199.7239290003563,4508.980160529052
1776356813,125,,Aggregated,292.300000,0.000000,410,1100,1300,1400,1600,1700,1800,2000,2600,3200,3200,37731,50,410.0,738.0367688423248,196.58099800017226,3199.7239290003563,4509.0168561660175
1776356814,125,,Aggregated,291.500000,0.000000,400,1100,1300,1400,1600,1700,1800,2000,2600,3200,3200,37955,50,400.0,735.0827065473,196.58099800017226,3199.7239290003563,4509.052167039916
1776356815,165,,Aggregated,290.600000,0.000000,390,1100,1300,1400,1600,1700,1800,2000,2600,3200,3200,38246,50,390.0,731.5914912817224,196.58099800017226,3199.7239290003563,4509.097421952622
1776356816,167,,Aggregated,290.700000,0.000000,380,1100,1300,1400,1600,1700,1800,2000,2600,3200,3200,38547,50,380.0,727.8169901937831,196.58099800017226,3199.7239290003563,4509.143513113861
1776356817,167,,Aggregated,292.500000,0.000000,380,1100,1300,1400,1600,1700,1800,2000,2600,3200,3200,38852,50,380.0,724.0227344079517,196.58099800017226,3199.7239290003563,4509.18948831463
1776356818,167,,Aggregated,288.700000,0.000000,360,1100,1300,1400,1500,1700,1800,1900,2600,3200,3200,39160,50,360.0,720.1837680232054,196.58099800017226,3199.7239290003563,4509.235188968335
1776356819,167,,Aggregated,272.100000,0.000000,350,1100,1300,1400,1500,1700,1800,1900,2600,3200,3200,39483,50,350.0,716.2378020729612,196.58099800017226,3199.7239290003563,4509.28234936555
1776356820,167,,Aggregated,259.700000,0.000000,340,1000,1300,1400,1500,1700,1800,1900,2600,3200,3200,39794,50,340.0,712.4420407987574,196.58099800017226,3199.7239290003563,4509.327034226265
1776356821,167,,Aggregated,269.000000,0.000000,330,1000,1300,1400,1500,1700,1800,1900,2600,3200,3200,40106,50,330.0,708.8192964532931,196.58099800017226,3199.7239290003563,4509.371166409016
1776356822,167,,Aggregated,276.400000,0.000000,330,1000,1300,1400,1500,1700,1800,1900,2600,3200,3200,40428,50,330.0,705.0459078016903,196.58099800017226,3199.7239290003563,4509.415998812704
1776356823,167,,Aggregated,278.200000,0.000000,320,1000,1300,1400,1500,1700,1800,1900,2600,3200,3200,40722,50,320.0,701.6893843595293,196.58099800017226,3199.7239290003563,4509.456313540592
1776356824,167,,Aggregated,286.400000,0.000000,310,1000,1300,1400,1500,1700,1800,1900,2600,3200,3200,41026,50,310.0,698.4563743998615,196.58099800017226,3199.7239290003563,4509.497391897821
1776356825,167,,Aggregated,294.400000,0.000000,310,980,1300,1400,1500,1700,1800,1900,2600,3200,3200,41321,50,310.0,695.3099242224218,196.58099800017226,3199.7239290003563,4509.536676266305
1776356826,167,,Aggregated,299.800000,0.000000,300,970,1300,1400,1500,1700,1800,1900,2600,3200,3200,41643,50,300.0,691.7808938257975,196.58099800017226,3199.7239290003563,4509.57892082703
1776356827,167,,Aggregated,304.800000,0.000000,300,960,1300,1400,1500,1700,1800,1900,2600,3200,3200,41955,50,300.0,688.3654144269263,196.58099800017226,3199.7239290003563,4509.61923489453
1776356828,167,,Aggregated,305.600000,0.000000,290,950,1300,1400,1500,1700,1800,1900,2600,3200,3200,42268,50,290.0,684.9989114625895,196.58099800017226,3199.7239290003563,4509.6590801552
1776356829,167,,Aggregated,308.100000,0.000000,290,940,1300,1300,1500,1700,1800,1900,2600,3200,3200,42586,50,290.0,681.6145084477939,196.58099800017226,3199.7239290003563,4509.69896210022
1776356830,167,,Aggregated,307.900000,0.000000,280,930,1300,1300,1500,1700,1800,1900,2600,3200,3200,42905,50,280.0,678.2729949383454,196.58099800017226,3199.7239290003563,4509.738375480713
1776356831,167,,Aggregated,308.200000,0.000000,280,920,1300,1300,1500,1700,1800,1900,2600,3200,3200,43220,50,280.0,675.0409682943479,196.58099800017226,3199.7239290003563,4509.77672373901
1776356832,167,,Aggregated,308.700000,0.000000,270,900,1200,1300,1500,1700,1800,1900,2600,3200,3200,43537,50,270.0,671.8173576533233,196.58099800017226,3199.7239290003563,4509.814755265636
1776356833,167,,Aggregated,309.200000,0.000000,270,890,1200,1300,1500,1700,1800,1900,2600,3200,3200,43855,50,270.0,668.6322074277216,196.58099800017226,3199.7239290003563,4509.852354349561
1776356834,167,,Aggregated,310.300000,0.000000,260,880,1200,1300,1500,1700,1800,1900,2600,3200,3200,44163,50,260.0,665.651632160943,196.58099800017226,3199.7239290003563,4509.888254873989
1776356835,167,,Aggregated,309.600000,0.000000,260,870,1200,1300,1500,1700,1800,1900,2600,3200,3200,44478,50,260.0,662.5655307775471,196.58099800017226,3199.7239290003563,4509.924457034938
1776356836,167,,Aggregated,312.600000,0.000000,260,860,1200,1300,1500,1600,1800,1900,2600,3200,3200,44791,50,260.0,659.5257288841224,196.58099800017226,3199.7239290003563,4509.95992498493
1776356837,167,,Aggregated,313.600000,0.000000,260,850,1200,1300,1500,1600,1800,1900,2400,3200,3200,45110,50,260.0,656.4922224033633,196.58099800017226,3199.7239290003563,4509.995566393261
1776356836,167,,Aggregated,312.600000,0.000000,250,840,1200,1300,1500,1600,1800,1900,2400,3200,3200,45427,50,250.0,653.4898718534077,196.58099800017226,3199.7239290003563,4510.030488476016
1776356837,167,,Aggregated,313.600000,0.000000,250,830,1200,1300,1500,1600,1800,1900,2400,3200,3200,45746,50,250.0,650.5167389772379,196.58099800017226,3199.7239290003563,4510.065142307524
1776356838,207,,Aggregated,330.300000,0.000000,250,810,1200,1300,1500,1600,1800,1900,2400,3200,3200,46111,50,250.0,647.3901300543853,196.58099800017226,3199.7239290003563,4510.104205070374
1776356839,247,,Aggregated,361.100000,0.000000,250,790,1200,1300,1500,1600,1800,1900,2400,3200,3200,46564,50,250.0,643.5539397674751,196.58099800017226,3199.7239290003563,4510.151834034877
1776356840,287,,Aggregated,397.900000,0.000000,250,760,1200,1300,1500,1600,1800,1900,2400,3200,3200,47088,50,250.0,639.2906346016118,196.58099800017226,3199.7239290003563,4510.205784913353
1776356841,287,,Aggregated,410.000000,0.000000,250,710,1200,1300,1500,1600,1800,1900,2400,3200,3200,47601,50,250.0,635.0135195752969,196.58099800017226,3199.7239290003563,4510.257452574526
1776356842,287,,Aggregated,430.300000,0.000000,250,660,1200,1300,1500,1600,1800,1900,2400,3200,3200,48122,50,250.0,630.6887328693048,196.58099800017226,3199.7239290003563,4510.308798470554
1776356843,287,,Aggregated,450.900000,0.000000,250,580,1200,1300,1500,1600,1800,1900,2400,3200,3200,48654,50,250.0,626.4019860522604,196.58099800017226,3199.7239290003563,4510.360093723024
1776356844,287,,Aggregated,471.000000,0.000000,250,550,1200,1300,1500,1600,1800,1900,2400,3200,3200,49160,50,250.0,622.7070192778409,196.58099800017226,3199.7239290003563,4510.407851912124
1776356845,287,,Aggregated,492.300000,0.000000,250,530,1100,1300,1500,1600,1800,1900,2400,3200,3200,49680,50,250.0,618.9488764478199,196.58099800017226,3199.7239290003563,4510.455917874396
1776356846,287,,Aggregated,512.900000,0.000000,250,520,1100,1300,1500,1600,1800,1900,2400,3100,3200,50167,50,250.0,615.4951664296784,196.58099800017226,3199.7239290003563,4510.500029900134
1776356847,287,,Aggregated,532.100000,0.000000,250,500,1100,1300,1500,1600,1800,1900,2400,3100,3200,50672,50,250.0,612.1523667759449,196.58099800017226,3199.7239290003563,4510.544876855068
1776356848,287,,Aggregated,534.700000,0.000000,250,490,1100,1300,1500,1600,1800,1900,2300,3100,3200,51195,50,250.0,608.4302925348309,196.58099800017226,3199.7239290003563,4510.590389686493
1776356849,287,,Aggregated,519.400000,0.000000,250,480,1100,1300,1500,1600,1800,1900,2300,3100,3200,51727,50,250.0,604.6120651445217,196.58099800017226,3199.7239290003563,4510.635741488971
1776356850,287,,Aggregated,505.500000,0.000000,250,470,1100,1300,1500,1600,1800,1900,2300,3100,3200,52250,50,250.0,600.9871728283965,196.58099800017226,3199.7239290003563,4510.67942583732
1776356851,287,,Aggregated,514.300000,0.000000,250,460,1100,1300,1500,1600,1800,1900,2300,3100,3200,52798,50,250.0,597.2822893017484,196.58099800017226,3199.7239290003563,4510.724269858707
1776356852,287,,Aggregated,515.000000,0.000000,240,450,1100,1300,1500,1600,1800,1900,2300,3100,3200,53324,50,240.0,593.7984689312452,196.58099800017226,3199.7239290003563,4510.76644662816
1776356853,287,,Aggregated,517.200000,0.000000,240,440,1100,1300,1500,1600,1800,1900,2300,3100,3200,53856,50,240.0,590.3501949526833,196.58099800017226,3199.7239290003563,4510.808266488413
1776356854,287,,Aggregated,517.000000,0.000000,240,430,1000,1200,1500,1600,1800,1900,2300,3100,3200,54406,50,240.0,586.8145105801323,196.58099800017226,3199.7239290003563,4510.8506414733665
1776356855,287,,Aggregated,519.100000,0.000000,240,430,1000,1200,1500,1600,1800,1900,2300,3100,3200,54918,50,240.0,583.7216784351701,196.58099800017226,3199.7239290003563,4510.889325904075
1776356856,287,,Aggregated,520.800000,0.000000,240,420,1000,1200,1500,1600,1800,1900,2300,3100,3200,55462,50,240.0,580.3486835785883,196.58099800017226,3199.7239290003563,4510.929645523061
1776356857,287,,Aggregated,520.700000,0.000000,240,410,990,1200,1500,1600,1800,1900,2300,3100,3200,55998,50,240.0,577.0377135802129,196.58099800017226,3199.7239290003563,4510.968606021644
1776356858,287,,Aggregated,526.100000,0.000000,240,410,980,1200,1500,1600,1800,1900,2300,3100,3200,56509,50,240.0,574.0671734338745,196.58099800017226,3199.7239290003563,4511.005061140703
1776356859,287,,Aggregated,530.500000,0.000000,240,400,960,1200,1500,1600,1800,1900,2300,3100,3200,57037,50,240.0,571.0790113854308,196.58099800017226,3199.7239290003563,4511.042042884444
1776356860,287,,Aggregated,529.700000,0.000000,240,390,950,1200,1500,1600,1800,1900,2300,3100,3200,57574,50,240.0,567.9528075807805,196.58099800017226,3199.7239290003563,4511.078959252441
1776356861,287,,Aggregated,530.100000,0.000000,240,380,930,1200,1500,1600,1800,1900,2300,3100,3200,58111,50,240.0,564.9795928741518,196.58099800017226,3199.7239290003563,4511.11519333689
1776356862,287,,Aggregated,529.800000,0.000000,240,370,920,1200,1500,1600,1800,1900,2300,3100,3200,58634,50,240.0,562.1463333261219,196.58099800017226,3199.7239290003563,4511.149844799946
1776356863,327,,Aggregated,528.600000,0.000000,240,360,900,1200,1500,1600,1800,1900,2300,3100,3200,59221,50,240.0,559.2695827502207,196.58099800017226,3199.7239290003563,4511.188007632428
1776356864,367,,Aggregated,529.700000,0.000000,240,360,890,1200,1500,1600,1800,1900,2300,3100,3200,59859,50,240.0,556.172776955894,196.58099800017226,3199.7239290003563,4511.22863729765
1776356865,407,,Aggregated,530.400000,0.000000,240,350,870,1200,1400,1600,1800,1900,2300,3100,3200,60590,50,240.0,552.5237629752565,196.58099800017226,3199.7239290003563,4511.274137646476
1776356866,432,,Aggregated,542.400000,0.000000,240,340,850,1200,1400,1600,1700,1900,2300,3100,3200,61289,50,240.0,549.7737127560056,196.58099800017226,3199.7239290003563,4511.316631043091
1776356867,432,,Aggregated,561.900000,0.000000,240,330,830,1100,1400,1600,1700,1900,2300,3100,3200,62081,50,240.0,546.2158208963252,196.58099800017226,3199.7239290003563,4511.363621720011
1776356865,432,,Aggregated,530.400000,0.000000,240,330,810,1100,1400,1600,1700,1900,2300,3100,3200,62778,50,240.0,543.6018140061615,196.58099800017226,3199.7239290003563,4511.403995030106
1776356866,432,,Aggregated,542.400000,0.000000,240,330,780,1100,1400,1600,1700,1900,2300,3100,3200,63542,50,240.0,540.2669075970189,196.58099800017226,3199.7239290003563,4511.447231752227
1776356867,432,,Aggregated,561.900000,0.000000,240,320,740,1100,1400,1600,1700,1900,2300,3100,3200,64326,50,240.0,536.6640140209993,196.58099800017226,3199.7239290003563,4511.4905325995705
1776356868,432,,Aggregated,614.500000,0.000000,240,320,700,1100,1400,1600,1700,1900,2300,3100,3200,65114,50,240.0,533.220037752184,196.58099800017226,3199.7239290003563,4511.533003655128
1776356869,432,,Aggregated,714.600000,0.000000,240,310,620,1100,1400,1600,1700,1900,2300,3100,3200,65884,50,240.0,530.0458781534326,196.58099800017226,3199.7239290003563,4511.573523161921
1776356870,432,,Aggregated,790.800000,0.000000,240,310,570,1100,1400,1600,1700,1900,2300,3100,3200,66668,50,240.0,526.6840548939327,196.58099800017226,3199.7239290003563,4511.613817723645
1776356871,432,,Aggregated,814.400000,0.000000,240,300,540,1100,1400,1600,1700,1900,2300,3100,3200,67464,50,240.0,523.3642818872395,196.58099800017226,3199.7239290003563,4511.653770900036
1776356872,432,,Aggregated,839.900000,0.000000,240,300,530,1000,1400,1600,1700,1800,2200,3100,3200,68254,50,240.0,520.1121688282873,196.58099800017226,3199.7239290003563,4511.692501538371
1776356873,432,,Aggregated,886.200000,0.000000,240,300,510,1000,1400,1600,1700,1800,2200,3100,3200,69034,50,240.0,516.9293307410971,196.58099800017226,3199.7239290003563,4511.729872236869
1776356874,432,,Aggregated,911.600000,0.000000,240,290,500,1000,1400,1600,1700,1800,2200,3100,3200,69801,50,240.0,514.1654993865421,196.58099800017226,3199.7239290003563,4511.765805647484
1776356875,432,,Aggregated,935.900000,0.000000,240,300,490,980,1400,1600,1700,1800,2200,3100,3200,70432,50,240.0,512.9275395480745,196.58099800017226,3199.7239290003563,4511.794780781463
1776356876,432,,Aggregated,949.500000,0.000000,240,300,480,960,1400,1600,1700,1800,2200,3100,3200,71192,50,240.0,510.08742532881416,196.58099800017226,3199.7239290003563,4511.828997640184
1776356877,432,,Aggregated,949.500000,0.000000,240,290,470,950,1400,1600,1700,1800,2200,3100,3200,71948,50,240.0,507.5057739307976,196.58099800017226,3199.7239290003563,4511.86231722911
1776356878,432,,Aggregated,905.200000,0.000000,240,290,460,930,1400,1600,1700,1800,2200,3100,3200,72742,50,240.0,504.77575220901235,196.58099800017226,3199.7239290003563,4511.896565945396
1776356879,432,,Aggregated,831.700000,0.000000,240,290,460,920,1400,1600,1700,1800,2200,3100,3200,73520,50,240.0,502.1795803136838,196.58099800017226,3199.7239290003563,4511.929406964091
1776356880,432,,Aggregated,780.100000,0.000000,240,290,450,900,1400,1600,1700,1800,2200,3100,3200,74258,50,240.0,499.8549140133052,196.58099800017226,3199.7239290003563,4511.959923509925
1776356881,432,,Aggregated,779.600000,0.000000,240,290,440,880,1400,1600,1700,1800,2200,3100,3200,74996,50,240.0,497.6867625666584,196.58099800017226,3199.7239290003563,4511.989839458104
1776356882,432,,Aggregated,779.800000,0.000000,240,290,440,870,1400,1600,1700,1800,2200,3100,3200,75730,50,240.0,495.6242106392333,196.58099800017226,3199.7239290003563,4512.019014921431
1776356883,432,,Aggregated,755.900000,0.000000,240,290,430,850,1400,1600,1700,1800,2200,3100,3200,76477,50,240.0,493.63018439205416,196.58099800017226,3199.7239290003563,4512.048132118153
1776356884,432,,Aggregated,749.300000,0.000000,240,290,430,840,1400,1600,1700,1800,2200,3100,3200,77158,50,240.0,492.08764317162456,196.58099800017226,3199.7239290003563,4512.074185437673
1776356885,472,,Aggregated,743.700000,0.000000,240,290,430,820,1400,1500,1700,1800,2200,3100,3200,77915,50,240.0,490.526079437223,196.58099800017226,3199.7239290003563,4512.102611820574
1776356886,486,,Aggregated,737.000000,0.000000,240,290,420,800,1400,1500,1700,1800,2200,3100,3200,78761,50,240.0,488.38725575732013,196.58099800017226,3199.7239290003563,4512.13373370069
1776356887,486,,Aggregated,736.800000,0.000000,250,290,420,780,1400,1500,1700,1800,2200,3100,3200,79534,50,250.0,486.5200035440495,196.58099800017226,3199.7239290003563,4512.161591269143
1776356888,486,,Aggregated,749.100000,0.000000,250,290,420,750,1400,1500,1700,1800,2200,3100,3200,80278,50,250.0,485.28836319996043,196.58099800017226,3199.7239290003563,4512.1878970577245
1776356889,486,,Aggregated,751.900000,0.000000,250,290,420,720,1400,1500,1700,1800,2200,3100,3200,81136,50,250.0,483.3672239792501,196.58099800017226,3199.7239290003563,4512.217634588838
1776356890,486,,Aggregated,751.100000,0.000000,250,290,410,680,1400,1500,1700,1800,2200,3100,3200,81931,50,250.0,481.29291037834724,196.58099800017226,3199.7239290003563,4512.244632678718
1776356891,486,,Aggregated,749.300000,0.000000,250,290,410,620,1400,1500,1700,1800,2200,3100,3200,82819,50,250.0,479.14517791707675,196.58099800017226,3199.7239290003563,4512.274176215603
1776356892,486,,Aggregated,758.000000,0.000000,250,290,400,580,1400,1500,1700,1800,2200,3100,3200,83671,50,250.0,477.02676958615757,196.58099800017226,3199.7239290003563,4512.301932569229
1776356893,486,,Aggregated,764.300000,0.000000,250,290,390,560,1400,1500,1700,1800,2200,3100,3200,84533,50,250.0,474.8828103578997,196.58099800017226,3199.7239290003563,4512.329445305384
1776356894,486,,Aggregated,777.300000,0.000000,250,290,390,540,1300,1500,1700,1800,2200,3100,3200,85386,50,250.0,472.70766508661035,196.58099800017226,3199.7239290003563,4512.356123954747
1776356895,486,,Aggregated,789.700000,0.000000,250,290,390,530,1300,1500,1700,1800,2200,3100,3200,86232,50,250.0,470.883707786985,196.58099800017226,3199.7239290003563,4512.382062343446
1776356896,486,,Aggregated,804.300000,0.000000,250,290,380,520,1300,1500,1700,1800,2200,3100,3200,87005,50,250.0,469.6038572160142,196.58099800017226,3199.7239290003563,4512.405321533245
1776356897,486,,Aggregated,818.900000,0.000000,250,290,380,510,1300,1500,1700,1800,2200,3100,3200,87797,50,250.0,468.11918858920353,196.58099800017226,3199.7239290003563,4512.428727633062
1776356896,486,,Aggregated,804.300000,0.000000,250,290,380,500,1300,1500,1700,1800,2200,3100,3200,88615,50,250.0,466.38766753175423,196.58099800017226,3199.7239290003563,4512.452462901315
1776356897,486,,Aggregated,818.900000,0.000000,250,290,370,490,1300,1500,1700,1800,2200,3100,3200,89506,50,250.0,464.3904814917919,196.58099800017226,3199.7239290003563,4512.477822715796
1776356898,486,,Aggregated,870.600000,0.000000,250,290,370,490,1300,1500,1700,1800,2200,3100,3200,90357,50,250.0,462.4585272546707,196.58099800017226,3199.7239290003563,4512.501577077593
1776356899,486,,Aggregated,940.800000,0.000000,250,290,370,480,1300,1500,1700,1800,2200,3100,3200,91174,50,250.0,460.89480956585544,196.58099800017226,3199.7239290003563,4512.523965165507
1776356900,486,,Aggregated,1030.400000,0.000000,250,290,360,470,1300,1500,1700,1800,2200,3100,3200,92007,50,250.0,459.19678920717206,196.58099800017226,3199.7239290003563,4512.546382340474
1776356901,486,,Aggregated,1039.700000,0.000000,250,290,360,470,1300,1500,1700,1800,2200,3100,3200,92865,50,250.0,457.4675522159613,196.58099800017226,3199.7239290003563,4512.569051849458
1776356902,486,,Aggregated,1036.100000,0.000000,250,290,360,460,1300,1500,1700,1800,2200,3100,3200,93685,50,250.0,455.88457186164453,196.58099800017226,3199.7239290003563,4512.590329294978
1776356903,486,,Aggregated,1038.700000,0.000000,250,290,360,460,1300,1500,1700,1800,2200,3100,3200,94516,50,250.0,454.3870828243276,196.58099800017226,3199.7239290003563,4512.611515510602
1776356904,486,,Aggregated,1037.200000,0.000000,250,290,360,450,1300,1500,1700,1800,2200,3100,3200,95309,50,250.0,453.19703954336023,196.58099800017226,3199.7239290003563,4512.631388431313
1776356905,486,,Aggregated,1031.900000,0.000000,250,290,350,450,1300,1500,1700,1800,2200,3100,3200,96137,50,250.0,451.6206505488632,196.58099800017226,3199.7239290003563,4512.651788593362
1776356906,486,,Aggregated,1017.300000,0.000000,250,290,350,440,1300,1500,1700,1800,2200,3100,3200,97003,50,250.0,450.02735904268,196.58099800017226,3199.7239290003563,4512.672752389101
1776356907,486,,Aggregated,1021.200000,0.000000,250,290,350,440,1300,1500,1700,1800,2200,3100,3200,97803,50,250.0,448.7208176163833,196.58099800017226,3199.7239290003563,4512.691788595442
1776356908,480,,Aggregated,977.700000,0.000000,250,290,350,440,1300,1500,1700,1800,2200,3100,3200,98658,50,250.0,447.2491198033024,196.58099800017226,3199.7239290003563,4512.711792252022
1776356909,480,,Aggregated,910.800000,0.000000,250,290,350,440,1300,1500,1700,1800,2200,3100,3200,99466,50,250.0,445.94301484706466,196.58099800017226,3199.7239290003563,4512.7303802304305
1776356910,480,,Aggregated,824.300000,0.000000,250,290,350,430,1300,1500,1700,1800,2200,3100,3200,100294,50,250.0,444.6239813641517,196.58099800017226,3199.7239290003563,4512.749117594273
1776356911,480,,Aggregated,824.800000,0.000000,250,290,350,430,1300,1500,1700,1800,2200,3100,3200,101168,50,250.0,443.0375769789981,196.58099800017226,3199.7239290003563,4512.768563182034
1776356912,480,,Aggregated,818.400000,0.000000,250,290,340,430,1300,1500,1700,1800,2200,3100,3200,102024,50,250.0,441.43729937350395,196.58099800017226,3199.7239290003563,4512.787285344625
1776356913,480,,Aggregated,821.500000,0.000000,250,290,340,420,1300,1500,1700,1800,2200,3100,3200,102873,50,250.0,439.9699147419082,196.58099800017226,3199.7239290003563,4512.805546644892
1776356914,480,,Aggregated,826.300000,0.000000,250,290,340,420,1300,1500,1700,1800,2200,3100,3200,103711,50,250.0,438.45579394746346,196.58099800017226,3199.7239290003563,4512.82327814793
1776356915,480,,Aggregated,830.400000,0.000000,250,290,340,420,1300,1500,1700,1800,2200,3100,3200,104509,50,250.0,437.2912266922301,196.58099800017226,3199.7239290003563,4512.839898956071
1776356916,480,,Aggregated,843.300000,0.000000,250,290,340,410,1300,1500,1700,1800,2200,3100,3200,105376,50,250.0,436.0078123891907,196.58099800017226,3199.7239290003563,4512.85767157607
1776356917,480,,Aggregated,837.100000,0.000000,250,290,340,410,1300,1500,1700,1800,2200,3100,3200,106229,50,250.0,434.6741852212989,196.58099800017226,3199.7239290003563,4512.874874092762
1776356918,480,,Aggregated,832.100000,0.000000,250,290,340,410,1300,1500,1700,1800,2200,3100,3200,107074,50,250.0,433.3261089141003,196.58099800017226,3199.7239290003563,4512.89164503054
1776356919,480,,Aggregated,832.300000,0.000000,250,290,330,400,1300,1500,1700,1800,2200,3100,3200,107953,50,250.0,431.8458628501705,196.58099800017226,3199.7239290003563,4512.908812168258
1776356920,480,,Aggregated,838.800000,0.000000,250,290,330,400,1200,1500,1700,1800,2200,3100,3200,108790,50,250.0,430.6595164850123,196.58099800017226,3199.7239290003563,4512.924901185771
1776356921,480,,Aggregated,841.600000,0.000000,250,290,330,400,1200,1500,1700,1800,2200,3100,3200,109611,50,250.0,429.5324245551952,196.58099800017226,3199.7239290003563,4512.940443933547
1776356922,480,,Aggregated,848.600000,0.000000,250,290,330,400,1200,1500,1700,1800,2200,3100,3200,110464,50,250.0,428.2299687542589,196.58099800017226,3199.7239290003563,4512.956347769409
1776356923,480,,Aggregated,844.400000,0.000000,250,290,330,390,1200,1500,1700,1800,2200,3100,3200,111361,50,250.0,426.73008486976045,196.58099800017226,3199.7239290003563,4512.9728091522165
1776356924,480,,Aggregated,836.400000,0.000000,250,280,330,390,1200,1500,1600,1800,2200,3100,3200,112205,50,250.0,425.47081494185943,196.58099800017226,3199.7239290003563,4512.988057573192
1776356925,480,,Aggregated,840.500000,0.000000,250,280,330,390,1200,1500,1600,1800,2200,3100,3200,113059,50,250.0,424.1604948413694,196.58099800017226,3199.7239290003563,4513.003254937687
1776356926,480,,Aggregated,841.600000,0.000000,250,280,330,380,1200,1500,1600,1800,2200,3100,3200,113893,50,250.0,423.12504964242123,196.58099800017226,3199.7239290003563,4513.017876427875
1776356927,480,,Aggregated,846.800000,0.000000,250,280,330,380,1200,1500,1600,1800,2200,3100,3200,114783,50,250.0,421.76500172103266,196.58099800017226,3199.7239290003563,4513.033245341209
1776356926,480,,Aggregated,841.600000,0.000000,250,280,320,380,1200,1500,1600,1800,2200,3100,3200,115665,50,250.0,420.45038374977935,196.58099800017226,3199.7239290003563,4513.048242770069
1776356927,480,,Aggregated,846.800000,0.000000,250,280,320,380,1200,1500,1600,1800,2200,3100,3200,116479,50,250.0,419.4399300276383,196.58099800017226,3199.7239290003563,4513.061882399403
1776356928,480,,Aggregated,894.600000,0.000000,250,280,320,380,1200,1500,1600,1800,2200,3100,3200,117332,50,250.0,418.2373811044682,196.58099800017226,3199.7239290003563,4513.075972454232
1776356929,480,,Aggregated,978.600000,0.000000,250,280,320,370,1200,1500,1600,1800,2200,3100,3200,118198,50,250.0,417.09038987466374,196.58099800017226,3199.7239290003563,4513.090069205909
1776356930,480,,Aggregated,1045.000000,0.000000,250,280,320,370,1200,1500,1600,1800,2200,3100,3200,119011,50,250.0,416.0770594587518,196.58099800017226,3199.7239290003563,4513.103116518641
1776356931,520,,Aggregated,1042.000000,0.000000,250,280,320,370,1200,1500,1600,1800,2200,3100,3200,119813,50,250.0,415.5214279715189,196.58099800017226,3199.7239290003563,4513.1158138098535
1776356932,555,,Aggregated,1040.600000,0.000000,250,280,320,370,1200,1400,1600,1800,2200,3100,3200,120683,50,250.0,414.8753731609891,196.58099800017226,3199.7239290003563,4513.1293968495975
1776356933,555,,Aggregated,1058.300000,0.000000,250,280,320,370,1200,1400,1600,1800,2200,3100,3200,121628,50,250.0,414.0074800589232,196.58099800017226,3199.7239290003563,4513.1439306738575
1776356934,555,,Aggregated,1063.000000,0.000000,250,280,320,370,1200,1400,1600,1700,2200,3100,3200,122499,50,250.0,413.0663567733011,196.58099800017226,3199.7239290003563,4513.157127813288
1776356935,555,,Aggregated,1063.900000,0.000000,250,280,320,370,1200,1400,1600,1700,2100,3100,3200,123444,50,250.0,412.3030934515943,196.58099800017226,3199.7239290003563,4513.171235540002
1776356936,555,,Aggregated,1069.300000,0.000000,250,280,320,370,1100,1400,1600,1700,2100,3100,3200,124421,50,250.0,411.43170316987926,196.58099800017226,3199.7239290003563,4513.185595679186
1776356937,555,,Aggregated,1075.600000,0.000000,250,290,320,370,1100,1400,1600,1700,2100,3100,3200,125340,50,250.0,410.63426014749143,196.58099800017226,3199.7239290003563,4513.198898994734
1776356938,555,,Aggregated,1036.600000,0.000000,250,290,320,370,1100,1400,1600,1700,2100,3100,3200,126300,50,250.0,409.6309411416835,196.58099800017226,3199.7239290003563,4513.212589073634
1776356939,555,,Aggregated,959.700000,0.000000,250,280,320,370,1100,1400,1600,1700,2100,3100,3200,127261,50,250.0,408.5633785255229,196.58099800017226,3199.7239290003563,4513.226086546546
1776356940,555,,Aggregated,906.000000,0.000000,250,280,320,370,1100,1400,1600,1700,2100,3100,3200,128229,50,250.0,407.5112494681593,196.58099800017226,3199.7239290003563,4513.239477809232
1776356941,555,,Aggregated,912.000000,0.000000,250,280,320,360,1100,1400,1600,1700,2100,3100,3200,129200,50,250.0,406.5298467430924,196.58099800017226,3199.7239290003563,4513.252708978328
1776356942,555,,Aggregated,931.700000,0.000000,250,290,320,360,1100,1400,1600,1700,2100,3100,3200,130104,50,250.0,405.84049475818233,196.58099800017226,3199.7239290003563,4513.264849658734
1776356943,555,,Aggregated,927.900000,0.000000,250,290,320,360,1100,1400,1600,1700,2100,3100,3200,131005,50,250.0,405.0667371723178,196.58099800017226,3199.7239290003563,4513.276783328881
1776356944,555,,Aggregated,931.400000,0.000000,250,290,320,360,1100,1400,1600,1700,2100,3100,3200,131843,50,250.0,404.6937291796345,196.58099800017226,3199.7239290003563,4513.287736171052
1776356945,555,,Aggregated,934.000000,0.000000,250,290,320,370,1100,1400,1600,1700,2100,3100,3200,132686,50,250.0,404.51860534846634,196.58099800017226,3199.7239290003563,4513.2986147747315
1776356946,555,,Aggregated,930.700000,0.000000,250,290,320,370,1100,1400,1600,1700,2100,3100,3200,133591,50,250.0,404.0526034149801,196.58099800017226,3199.7239290003563,4513.310140653188
1776356947,555,,Aggregated,916.900000,0.000000,250,290,330,370,1100,1400,1600,1700,2100,3100,3200,134440,50,250.0,403.56138941229244,196.58099800017226,3199.7239290003563,4513.320812258256
1776356948,555,,Aggregated,914.900000,0.000000,250,290,330,370,1000,1400,1600,1700,2100,3100,3200,135309,50,250.0,403.0072283312909,196.58099800017226,3199.7239290003563,4513.331596567856
1776356949,555,,Aggregated,907.200000,0.000000,250,290,330,370,1000,1400,1600,1700,2100,3100,3200,136225,50,250.0,402.5278538089745,196.58099800017226,3199.7239290003563,4513.342815195449
1776356950,555,,Aggregated,901.400000,0.000000,250,290,330,370,1000,1400,1600,1700,2100,3100,3200,137149,50,250.0,401.858075727308,196.58099800017226,3199.7239290003563,4513.35397997798
1776356951,555,,Aggregated,897.800000,0.000000,250,290,330,370,1000,1400,1600,1700,2100,3100,3200,138081,50,250.0,401.0756901144448,196.58099800017226,3199.7239290003563,4513.365090055837
1776356952,555,,Aggregated,886.100000,0.000000,260,290,330,360,1000,1400,1600,1700,2100,3100,3200,139047,50,260.0,400.2996677377052,196.58099800017226,3199.7239290003563,4513.376448251311
1776356953,555,,Aggregated,882.700000,0.000000,260,290,330,360,990,1400,1600,1700,2100,2900,3200,140005,50,260.0,399.5317655165726,196.58099800017226,3199.7239290003563,4513.387557587229
1776356954,555,,Aggregated,889.100000,0.000000,260,290,330,360,980,1400,1600,1700,2100,2900,3200,140901,50,260.0,398.98005001454703,196.58099800017226,3199.7239290003563,4513.397811229161
1776356955,579,,Aggregated,890.800000,0.000000,260,290,330,360,970,1400,1600,1700,2100,2900,3200,141881,50,260.0,398.2700212163125,196.58099800017226,3199.7239290003563,4513.408877862434
1776356956,579,,Aggregated,887.600000,0.000000,260,290,330,360,960,1400,1600,1700,2100,2900,3200,142811,50,260.0,397.5763440753764,196.58099800017226,3199.7239290003563,4513.419239414331
1776356957,579,,Aggregated,906.100000,0.000000,260,290,330,360,950,1400,1600,1700,2100,2900,3200,143882,50,260.0,396.59624860447065,196.58099800017226,3199.7239290003563,4513.43100596322
1776356955,579,,Aggregated,890.800000,0.000000,260,290,330,360,940,1400,1600,1700,2100,2900,3200,144767,50,260.0,395.93494829806167,196.58099800017226,3199.7239290003563,4513.440597650017
1776356956,579,,Aggregated,887.600000,0.000000,260,290,330,360,930,1400,1600,1700,2100,2900,3200,145803,50,260.0,395.2636041742931,196.58099800017226,3199.7239290003563,4513.451677949013
1776356957,579,,Aggregated,906.100000,0.000000,260,290,320,360,920,1400,1600,1700,2100,2900,3200,146752,50,260.0,394.57632872594945,196.58099800017226,3199.7239290003563,4513.461690470998
1776356958,579,,Aggregated,962.900000,0.000000,260,290,330,360,910,1400,1600,1700,2100,2900,3200,147713,50,260.0,394.12323153962507,196.58099800017226,3199.7239290003563,4513.471698496409
1776356959,579,,Aggregated,1075.900000,0.000000,260,290,320,360,900,1400,1600,1700,2100,2900,3200,148708,50,260.0,393.377448982386,196.58099800017226,3199.7239290003563,4513.48192430804
1776356960,579,,Aggregated,1173.000000,0.000000,260,290,330,360,890,1400,1600,1700,2100,2900,3200,149545,50,260.0,393.25760863851417,196.58099800017226,3199.7239290003563,4513.490420943529
1776356961,579,,Aggregated,1184.000000,0.000000,260,290,330,360,880,1400,1600,1700,2100,2900,3200,150565,50,260.0,392.5006153046366,196.58099800017226,3199.7239290003563,4513.500647560854
1776356962,579,,Aggregated,1184.500000,0.000000,260,290,330,360,870,1400,1600,1700,2100,2900,3200,151469,50,260.0,392.0082449299891,196.58099800017226,3199.7239290003563,4513.509596022948
1776356963,579,,Aggregated,1181.000000,0.000000,260,290,330,360,860,1400,1600,1700,2100,2900,3200,152431,50,260.0,391.32836632056797,196.58099800017226,3199.7239290003563,4513.519002040267
1776356964,579,,Aggregated,1187.500000,0.000000,260,290,330,360,850,1400,1600,1700,2100,2900,3200,153383,50,260.0,390.80824833642225,196.58099800017226,3199.7239290003563,4513.528194128424
1776356965,579,,Aggregated,1185.000000,0.000000,260,290,330,360,840,1400,1600,1700,2100,2900,3200,154290,50,260.0,390.435473639481,196.58099800017226,3199.7239290003563,4513.536846198716
1776356966,579,,Aggregated,1194.700000,0.000000,260,290,330,360,830,1400,1600,1700,2100,2900,3200,155215,50,260.0,389.99465303061965,196.58099800017226,3199.7239290003563,4513.545565828045
1776356967,579,,Aggregated,1190.800000,0.000000,260,290,330,360,820,1400,1600,1700,2100,2900,3200,156163,50,260.0,389.5581778792008,196.58099800017226,3199.7239290003563,4513.554395087184
1776356968,579,,Aggregated,1135.400000,0.000000,260,290,330,360,810,1400,1600,1700,2100,2900,3200,157128,50,260.0,389.03200568079325,196.58099800017226,3199.7239290003563,4513.563273254926
1776356969,579,,Aggregated,1029.100000,0.000000,260,290,330,360,800,1400,1600,1700,2100,2900,3200,158057,50,260.0,388.6350962257269,196.58099800017226,3199.7239290003563,4513.57171779801
1776356970,579,,Aggregated,934.300000,0.000000,260,290,330,360,790,1400,1600,1700,2100,2900,3200,159021,50,260.0,388.1008010441056,196.58099800017226,3199.7239290003563,4513.580376176731
1776356971,579,,Aggregated,932.900000,0.000000,260,290,330,360,770,1400,1600,1700,2100,2900,3200,159966,50,260.0,387.7248073718528,196.58099800017226,3199.7239290003563,4513.588762612055
1776356972,579,,Aggregated,936.300000,0.000000,260,290,330,360,760,1400,1600,1700,2100,2900,3200,160894,50,260.0,387.32098666048887,196.58099800017226,3199.7239290003563,4513.596902308352
1776356974,579,,Aggregated,933.000000,0.000000,260,290,330,360,740,1400,1600,1700,2100,2900,3200,161799,50,260.0,387.0724207903802,196.58099800017226,3199.7239290003563,4513.6047503383825
1776356975,579,,Aggregated,935.100000,0.000000,260,290,330,360,720,1400,1600,1700,2100,2900,3200,162761,50,260.0,386.72754145764526,196.58099800017226,3199.7239290003563,4513.612996971019
1776356976,579,,Aggregated,928.000000,0.000000,260,290,330,360,700,1400,1600,1700,2100,2900,3200,163739,50,260.0,386.1739299813172,196.58099800017226,3199.7239290003563,4513.621281429592
1776356977,579,,Aggregated,929.000000,0.000000,260,300,330,360,680,1400,1600,1700,2100,2900,3200,164692,50,260.0,385.73620718757974,196.58099800017226,3199.7239290003563,4513.629259466155
1776356978,600,,Aggregated,939.600000,0.000000,260,300,330,360,660,1400,1600,1700,2100,2900,3200,165651,50,260.0,385.3203796199294,196.58099800017226,3199.7239290003563,4513.637195066736
1776356979,600,,Aggregated,941.400000,0.000000,260,300,330,360,650,1400,1600,1700,2100,2900,3200,166604,50,260.0,384.90288451533553,196.58099800017226,3199.7239290003563,4513.6449905164345
1776356980,600,,Aggregated,942.600000,0.000000,260,300,330,360,630,1400,1600,1700,2100,2900,3200,167596,50,260.0,384.46124434024057,196.58099800017226,3199.7239290003563,4513.653010811714
1776356981,600,,Aggregated,940.600000,0.000000,260,300,330,360,620,1400,1600,1700,2100,2900,3200,168611,50,260.0,383.9312252137167,196.58099800017226,3199.7239290003563,4513.661119381298
1776356982,600,,Aggregated,948.500000,0.000000,260,300,330,360,610,1400,1600,1700,2100,2900,3200,169533,50,260.0,383.6610978080082,196.58099800017226,3199.7239290003563,4513.6684008423135
1776356983,600,,Aggregated,950.200000,0.000000,260,300,330,360,600,1300,1600,1700,2100,2900,3200,170524,50,260.0,383.2378412760898,196.58099800017226,3199.7239290003563,4513.676139429054
1776356984,600,,Aggregated,951.100000,0.000000,260,300,330,360,590,1300,1600,1700,2100,2900,3200,171530,50,260.0,382.78323012522003,196.58099800017226,3199.7239290003563,4513.683903690317
1776356985,600,,Aggregated,954.900000,0.000000,260,300,330,360,580,1300,1600,1700,2100,2900,3200,172450,50,260.0,382.5778356547987,196.58099800017226,3199.7239290003563,4513.69092490577
1776356986,600,,Aggregated,967.700000,0.000000,260,300,330,360,580,1300,1600,1700,2100,2900,3200,173356,50,260.0,382.3571468129112,196.58099800017226,3199.7239290003563,4513.697766445926
1776356987,600,,Aggregated,964.100000,0.000000,260,300,330,360,570,1300,1600,1700,2100,2900,3200,174409,50,260.0,381.81432020255846,196.58099800017226,3199.7239290003563,4513.705628723288
1776356985,600,,Aggregated,954.900000,0.000000,260,300,330,360,570,1300,1600,1700,2100,2900,3200,175341,50,260.0,381.37203274983074,196.58099800017226,3199.7239290003563,4513.712508768628
1776356986,600,,Aggregated,967.700000,0.000000,260,300,330,360,560,1300,1600,1700,2100,2900,3200,176371,50,260.0,380.94995086459886,196.58099800017226,3199.7239290003563,4513.720027668948
1776356987,600,,Aggregated,964.100000,0.000000,260,300,330,360,560,1300,1600,1700,2100,2900,3200,177332,50,260.0,380.70884250801555,196.58099800017226,3199.7239290003563,4513.726964112512
1776356988,600,,Aggregated,1004.200000,0.000000,260,300,330,360,550,1300,1600,1700,2100,2900,3200,178345,50,260.0,380.1645589232858,196.58099800017226,3199.7239290003563,4513.734194959208
1776356989,600,,Aggregated,1109.800000,0.000000,260,300,330,360,550,1300,1600,1700,2100,2900,3200,179345,50,260.0,379.6270072121801,196.58099800017226,3199.7239290003563,4513.74125289247
1776356990,600,,Aggregated,1182.800000,0.000000,260,300,330,360,550,1300,1600,1700,2100,2900,3200,180322,50,260.0,379.27543041398934,196.58099800017226,3199.7239290003563,4513.748072891827
1776356991,600,,Aggregated,1191.000000,0.000000,260,300,330,360,540,1300,1600,1700,2100,2900,3200,181329,50,260.0,378.8787191180798,196.58099800017226,3199.7239290003563,4513.755025395827
1776356992,600,,Aggregated,1186.400000,0.000000,260,300,330,360,540,1300,1600,1700,2100,2900,3200,182292,50,260.0,378.65582727656295,196.58099800017226,3199.7239290003563,4513.761602264499
1776356993,600,,Aggregated,1216.300000,0.000000,260,300,330,360,540,1300,1600,1700,2100,2900,3200,183269,50,260.0,378.2047330814993,196.58099800017226,3199.7239290003563,4513.768204115262
1776356994,600,,Aggregated,1220.300000,0.000000,260,300,330,360,540,1300,1600,1700,2100,2900,3200,184174,50,260.0,378.1524258781339,196.58099800017226,3199.7239290003563,4513.7742569526645
1776356995,600,,Aggregated,1216.700000,0.000000,260,300,330,360,530,1300,1600,1700,2100,2900,3200,185210,50,260.0,377.67262884682066,196.58099800017226,3199.7239290003563,4513.781113330813
1776356996,600,,Aggregated,1209.800000,0.000000,260,300,330,360,530,1300,1600,1700,2100,2900,3200,186105,50,260.0,377.46488149691635,196.58099800017226,3199.7239290003563,4513.786975094705
1776356997,600,,Aggregated,1214.300000,0.000000,260,300,330,360,530,1300,1600,1700,2100,2900,3200,186987,50,260.0,377.49565155293936,196.58099800017226,3199.7239290003563,4513.792696818496
1776356998,600,,Aggregated,1169.500000,0.000000,270,300,330,360,530,1300,1600,1700,2100,2900,3200,187901,50,270.0,377.2899599286828,196.58099800017226,3199.7239290003563,4513.798569459449
1776356999,600,,Aggregated,1063.100000,0.000000,270,300,330,360,530,1300,1600,1700,2100,2900,3200,188887,50,270.0,377.04422018526185,196.58099800017226,3199.7239290003563,4513.804840989586
1776357000,587,,Aggregated,985.700000,0.000000,270,300,330,360,530,1300,1600,1700,2100,2900,3200,189878,50,270.0,376.63610479650436,196.58099800017226,3199.7239290003563,4513.8110786926345
1776357001,587,,Aggregated,969.600000,0.000000,270,300,330,360,530,1300,1600,1700,2100,2900,3200,190781,50,270.0,376.44650221912826,196.58099800017226,3199.7239290003563,4513.816706066118
1776357002,587,,Aggregated,975.200000,0.000000,270,300,330,360,530,1300,1600,1700,2100,2900,3200,191725,50,270.0,376.1541493508747,196.58099800017226,3199.7239290003563,4513.822532272787
1776357003,587,,Aggregated,936.100000,0.000000,270,300,330,360,530,1300,1600,1700,2100,2900,3200,192417,50,270.0,376.32233569998226,196.58099800017226,3199.7239290003563,4513.826766865714
1776357004,587,,Aggregated,934.500000,0.000000,270,300,330,360,530,1300,1600,1700,2100,2900,3200,193029,50,270.0,377.0306051320653,196.58099800017226,3199.7239290003563,4513.83048661082
1776357005,587,,Aggregated,929.100000,0.000000,270,300,340,370,540,1300,1600,1700,2100,2900,3200,193747,50,270.0,378.00988818898026,196.58099800017226,3199.7239290003563,4513.834820668191
1776357006,587,,Aggregated,900.900000,0.000000,270,300,340,370,550,1300,1600,1700,2100,2900,3200,194449,50,270.0,378.43351842915814,196.58099800017226,3199.7239290003563,4513.839027199934
1776357007,587,,Aggregated,866.900000,0.000000,270,300,340,370,560,1300,1500,1700,2100,2900,3200,195188,50,270.0,378.9636242330896,196.58099800017226,3199.7239290003563,4513.843422751399
1776357008,587,,Aggregated,848.000000,0.000000,270,300,340,370,560,1300,1500,1700,2100,2900,3200,195991,50,270.0,379.2806056962482,196.58099800017226,3199.7239290003563,4513.848161395166
1776357009,587,,Aggregated,820.400000,0.000000,270,300,340,370,560,1300,1500,1700,2100,2900,3200,196835,50,270.0,379.4802942203886,196.58099800017226,3199.7239290003563,4513.853100312444
1776357010,587,,Aggregated,806.400000,0.000000,270,300,340,370,560,1300,1500,1700,2100,2900,3200,197654,50,270.0,379.4767051201663,196.58099800017226,3199.7239290003563,4513.857852611129
1776357011,587,,Aggregated,802.600000,0.000000,270,300,340,370,560,1300,1500,1700,2100,2900,3200,198535,50,270.0,379.63150715687595,196.58099800017226,3199.7239290003563,4513.86292089556
1776357012,587,,Aggregated,782.000000,0.000000,270,300,340,370,560,1300,1500,1700,2100,2900,3200,199424,50,270.0,379.5464672131707,196.58099800017226,3199.7239290003563,4513.867989810655
1776357013,587,,Aggregated,776.200000,0.000000,270,300,340,370,560,1300,1500,1700,2100,2900,3200,200367,50,270.0,379.27328241184136,196.58099800017226,3199.7239290003563,4513.873317462457
1776357014,587,,Aggregated,766.900000,0.000000,270,300,340,370,560,1300,1500,1700,2100,2900,3200,201301,50,270.0,379.0608592917444,196.58099800017226,3199.7239290003563,4513.878545064356
1776357015,587,,Aggregated,770.600000,0.000000,270,300,340,370,560,1300,1500,1700,2100,2900,3200,202211,50,270.0,378.9443817933372,196.58099800017226,3199.7239290003563,4513.883591891638
1776357016,587,,Aggregated,798.200000,0.000000,270,310,340,370,560,1300,1500,1700,2100,2900,3200,203114,50,270.0,378.7432437363818,196.58099800017226,3199.7239290003563,4513.888555195605
1776357017,587,,Aggregated,826.300000,0.000000,270,310,340,370,560,1300,1500,1700,2100,2900,3200,204012,50,270.0,378.5493946271565,196.58099800017226,3199.7239290003563,4513.893447444268
1776357016,587,,Aggregated,798.200000,0.000000,270,310,340,370,560,1300,1500,1700,2100,2900,3200,204933,50,270.0,378.31818604453923,196.58099800017226,3199.7239290003563,4513.89842045937
1776357017,587,,Aggregated,826.300000,0.000000,270,310,340,370,560,1300,1500,1700,2100,2900,3200,205899,50,270.0,378.1199169232174,196.58099800017226,3199.7239290003563,4513.903588652689
1776357018,587,,Aggregated,892.700000,0.000000,270,310,340,370,560,1300,1500,1700,2100,2900,3200,206888,50,270.0,377.80722402316485,196.58099800017226,3199.7239290003563,4513.908829898302
1776357019,587,,Aggregated,1009.800000,0.000000,270,310,340,370,550,1300,1500,1700,2100,2900,3200,207856,50,270.0,377.40699600839787,196.58099800017226,3199.7239290003563,4513.913911554153
1776357020,587,,Aggregated,1114.900000,0.000000,270,310,340,370,550,1300,1500,1700,2100,2900,3200,208755,50,270.0,377.23559420480757,196.58099800017226,3199.7239290003563,4513.918588776317
1776357021,587,,Aggregated,1131.400000,0.000000,270,310,340,370,550,1300,1500,1700,2100,2900,3200,209665,50,270.0,376.9876175060581,196.58099800017226,3199.7239290003563,4513.9232823790335
1776357022,587,,Aggregated,1137.200000,0.000000,270,310,340,370,550,1300,1500,1700,2100,2800,3200,210638,50,270.0,376.69182661158806,196.58099800017226,3199.7239290003563,4513.9282560601605
1776357023,593,,Aggregated,1150.700000,0.000000,270,310,340,370,550,1300,1500,1700,2100,2800,3200,211610,50,270.0,376.5073979014633,196.58099800017226,3199.7239290003563,4513.933178961297
1776357024,593,,Aggregated,1159.800000,0.000000,270,310,340,370,540,1300,1500,1700,2100,2800,3200,212493,50,270.0,376.41648493501725,196.58099800017226,3199.7239290003563,4513.937612062515
1776357025,593,,Aggregated,1159.500000,0.000000,270,310,340,370,540,1300,1500,1700,2100,2800,3200,213444,50,270.0,376.17414023240065,196.58099800017226,3199.7239290003563,4513.942345533254
1776357026,593,,Aggregated,1155.900000,0.000000,270,310,340,370,540,1300,1500,1700,2100,2800,3200,214412,50,270.0,375.9262590087937,196.58099800017226,3199.7239290003563,4513.947120496987
1776357027,593,,Aggregated,1157.900000,0.000000,270,310,340,370,540,1300,1500,1700,2100,2800,3200,215310,50,270.0,375.82551930657826,196.58099800017226,3199.7239290003563,4513.951511773722
1776357028,593,,Aggregated,1112.400000,0.000000,270,310,340,370,540,1300,1500,1700,2100,2800,3200,216315,50,270.0,375.4947232848082,196.58099800017226,3199.7239290003563,4513.956383052493
1776357029,593,,Aggregated,1020.800000,0.000000,270,310,340,370,530,1300,1500,1700,2100,2800,3200,217267,50,270.0,375.29577691390455,196.58099800017226,3199.7239290003563,4513.960955874569
1776357030,593,,Aggregated,938.500000,0.000000,270,310,340,370,530,1300,1500,1700,2100,2800,3200,218280,50,270.0,374.9014446947329,196.58099800017226,3199.7239290003563,4513.965777899945
1776357031,593,,Aggregated,932.100000,0.000000,270,310,340,370,530,1200,1500,1700,2100,2800,3200,219126,50,270.0,374.70292443958,196.58099800017226,3199.7239290003563,4513.9697708167905
1776357032,593,,Aggregated,943.500000,0.000000,270,310,340,370,530,1200,1500,1700,2100,2800,3200,220096,50,270.0,374.56828175034775,196.58099800017226,3199.7239290003563,4513.974311209654
1776357033,593,,Aggregated,939.100000,0.000000,270,310,340,370,530,1200,1500,1700,2100,2800,3200,221049,50,270.0,374.3710624992727,196.58099800017226,3199.7239290003563,4513.978733222046
1776357034,593,,Aggregated,937.200000,0.000000,270,310,340,370,530,1200,1500,1700,2100,2800,3200,222011,50,270.0,374.1436991184743,196.58099800017226,3199.7239290003563,4513.983158492147
1776357035,593,,Aggregated,940.600000,0.000000,270,310,340,370,530,1200,1500,1700,2100,2800,3200,222963,50,270.0,373.931571052837,196.58099800017226,3199.7239290003563,4513.987500168189
1776357036,593,,Aggregated,941.500000,0.000000,270,310,340,370,530,1200,1500,1600,2000,2800,3200,223927,50,270.0,373.71226026515757,196.58099800017226,3199.7239290003563,4513.991858954034
1776357037,593,,Aggregated,942.100000,0.000000,270,310,340,370,520,1200,1500,1600,2000,2800,3200,224836,50,270.0,373.543962419162,196.58099800017226,3199.7239290003563,4513.9959348147095
1776357038,593,,Aggregated,941.500000,0.000000,270,310,340,370,520,1200,1500,1600,2000,2800,3200,225723,50,270.0,373.49600647031934,196.58099800017226,3199.7239290003563,4513.999880384365
1776357039,593,,Aggregated,943.100000,0.000000,270,310,340,370,520,1200,1500,1600,2000,2800,3200,226750,50,270.0,373.2117878951586,196.58099800017226,3199.7239290003563,4514.00441014333
1776357040,593,,Aggregated,932.000000,0.000000,270,310,340,370,520,1200,1500,1600,2000,2800,3200,227749,50,270.0,372.9384802667104,196.58099800017226,3199.7239290003563,4514.008777206486
1776357041,593,,Aggregated,934.300000,0.000000,270,310,340,370,520,1200,1500,1600,2000,2800,3200,228756,50,270.0,372.50125547888945,196.58099800017226,3199.7239290003563,4514.013140638934
1776357042,593,,Aggregated,928.900000,0.000000,270,310,340,370,520,1200,1500,1600,2000,2800,3200,229745,50,270.0,372.16601492266267,196.58099800017226,3199.7239290003563,4514.017388844153
1776357043,593,,Aggregated,940.700000,0.000000,270,310,340,370,520,1200,1500,1600,2000,2800,3200,230775,50,270.0,371.8188306150595,196.58099800017226,3199.7239290003563,4514.0217744556385
1776357044,593,,Aggregated,950.000000,0.000000,270,310,340,370,520,1200,1500,1600,2000,2800,3200,231806,50,270.0,371.371320801252,196.58099800017226,3199.7239290003563,4514.026125294427
1776357045,593,,Aggregated,955.400000,0.000000,270,310,340,370,520,1200,1500,1600,2000,2800,3200,232771,50,270.0,371.03339024112995,196.58099800017226,3199.7239290003563,4514.030162692088
1776357046,593,,Aggregated,964.500000,0.000000,270,310,340,370,510,1200,1500,1600,2000,2800,3200,233849,50,270.0,370.6251133446201,196.58099800017226,3199.7239290003563,4514.034633460054
1776357047,593,,Aggregated,972.200000,0.000000,270,310,340,370,510,1200,1500,1600,2000,2800,3200,234903,50,270.0,370.1852497102008,196.58099800017226,3199.7239290003563,4514.038965019604
1776357046,574,,Aggregated,964.500000,0.000000,270,310,340,370,510,1200,1500,1600,2000,2800,3200,235917,50,270.0,369.7591890826154,196.58099800017226,3199.7239290003563,4514.043095665001
1776357047,574,,Aggregated,972.200000,0.000000,270,310,340,370,510,1200,1500,1600,2000,2800,3200,236882,50,270.0,369.41989181129924,196.58099800017226,3199.7239290003563,4514.046993861923
1776357048,574,,Aggregated,1031.300000,0.000000,270,310,340,370,510,1200,1500,1600,2000,2800,3200,237801,50,270.0,369.0774726759228,196.58099800017226,3199.7239290003563,4514.050676826422
1776357049,574,,Aggregated,1135.200000,0.000000,270,310,340,370,510,1200,1500,1600,2000,2800,3200,238784,50,270.0,368.8390385244206,196.58099800017226,3199.7239290003563,4514.05458489681
1776357050,574,,Aggregated,1218.400000,0.000000,270,310,340,370,510,1200,1500,1600,2000,2800,3200,239747,50,270.0,368.50167010912423,196.58099800017226,3199.7239290003563,4514.05838237809
1776357051,574,,Aggregated,1218.000000,0.000000,270,310,340,370,510,1200,1500,1600,2000,2800,3200,240691,50,270.0,368.36732132036974,196.58099800017226,3199.7239290003563,4514.062075441126
1776357052,574,,Aggregated,1219.800000,0.000000,270,310,340,370,500,1200,1500,1600,2000,2800,3200,241651,50,270.0,368.0228698079338,196.58099800017226,3199.7239290003563,4514.065801507132
1776357053,574,,Aggregated,1227.700000,0.000000,270,310,340,370,500,1200,1500,1600,2000,2800,3200,242570,50,270.0,367.7888383884946,196.58099800017226,3199.7239290003563,4514.069340808839
1776357054,574,,Aggregated,1224.700000,0.000000,270,310,340,370,500,1200,1500,1600,2000,2800,3200,243559,50,270.0,367.5297583759707,196.58099800017226,3199.7239290003563,4514.073119860075
1776357055,574,,Aggregated,1220.300000,0.000000,270,310,340,370,500,1200,1500,1600,2000,2800,3200,244515,50,270.0,367.2476842767442,196.58099800017226,3199.7239290003563,4514.076743758052
1776357056,574,,Aggregated,1208.900000,0.000000,270,310,340,370,500,1200,1500,1600,2000,2800,3200,245461,50,270.0,366.9683658615225,196.58099800017226,3199.7239290003563,4514.08030196243
1776357057,574,,Aggregated,1206.700000,0.000000,270,310,340,370,500,1200,1500,1600,2000,2800,3200,246441,50,270.0,366.58871291418694,196.58099800017226,3199.7239290003563,4514.083959243795
1776357058,574,,Aggregated,1144.800000,0.000000,270,310,340,370,500,1200,1500,1600,2000,2800,3200,247426,50,270.0,366.31696126192105,196.58099800017226,3199.7239290003563,4514.087605991286
1776357059,574,,Aggregated,1048.700000,0.000000,270,310,340,370,500,1200,1500,1600,2000,2800,3200,248407,50,270.0,365.9685558794844,196.58099800017226,3199.7239290003563,4514.091209184926
1776357060,574,,Aggregated,972.800000,0.000000,270,310,340,370,500,1200,1500,1600,2000,2800,3200,249337,50,270.0,365.85917286184167,196.58099800017226,3199.7239290003563,4514.09459887622
1776357061,574,,Aggregated,973.500000,0.000000,270,310,340,370,490,1200,1500,1600,2000,2800,3200,250258,50,270.0,365.6246874465983,196.58099800017226,3199.7239290003563,4514.097930935275
1776357062,574,,Aggregated,964.400000,0.000000,270,310,340,370,490,1200,1500,1600,2000,2800,3200,251163,50,270.0,365.4303642592375,196.58099800017226,3199.7239290003563,4514.101181304572
1776357063,574,,Aggregated,947.900000,0.000000,270,310,340,370,490,1100,1500,1600,2000,2800,3200,252160,50,270.0,365.1793918262529,196.58099800017226,3199.7239290003563,4514.104735088832
1776357064,574,,Aggregated,944.100000,0.000000,270,310,340,370,490,1100,1500,1600,2000,2800,3200,253093,50,270.0,364.92795512238945,196.58099800017226,3199.7239290003563,4514.108035386202
1776357065,574,,Aggregated,940.600000,0.000000,270,310,340,370,490,1100,1500,1600,2000,2800,3200,253889,50,270.0,365.07690996831275,196.58099800017226,3199.7239290003563,4514.110831898979
1776357066,574,,Aggregated,947.400000,0.000000,270,310,340,370,490,1100,1500,1600,2000,2800,3200,254888,50,270.0,364.93157784817214,196.58099800017226,3199.7239290003563,4514.114316876432
1776357067,574,,Aggregated,931.400000,0.000000,270,310,340,370,490,1100,1500,1600,2000,2800,3200,255799,50,270.0,364.7594882542147,196.58099800017226,3199.7239290003563,4514.11747113945
1776357068,574,,Aggregated,929.800000,0.000000,270,310,340,370,490,1100,1500,1600,2000,2800,3200,256739,50,270.0,364.5344431670954,196.58099800017226,3199.7239290003563,4514.12070234752
1776357069,574,,Aggregated,924.500000,0.000000,270,310,340,370,490,1100,1500,1600,2000,2800,3200,257725,50,270.0,364.274756753873,196.58099800017226,3199.7239290003563,4514.124066349791
1776357070,534,,Aggregated,920.700000,0.000000,270,310,340,370,490,1100,1500,1600,2000,2800,3200,258643,50,270.0,364.00372030108264,196.58099800017226,3199.7239290003563,4514.127175295678
1776357071,494,,Aggregated,920.200000,0.000000,270,310,340,370,490,1100,1500,1600,2000,2800,3200,259518,50,270.0,363.656835651764,196.58099800017226,3199.7239290003563,4514.130118142094
1776357072,492,,Aggregated,927.300000,0.000000,270,310,340,370,490,1100,1500,1600,2000,2800,3200,260361,50,270.0,363.4102535790408,196.58099800017226,3199.7239290003563,4514.132934656112
1776357073,492,,Aggregated,922.300000,0.000000,270,310,340,370,490,1100,1500,1600,2000,2800,3200,261232,50,270.0,363.10489144984433,196.58099800017226,3199.7239290003563,4514.135825626263
1776357074,492,,Aggregated,911.500000,0.000000,270,310,340,370,490,1100,1500,1600,2000,2800,3200,262104,50,270.0,362.751162555122,196.58099800017226,3199.7239290003563,4514.138700668437
1776357075,492,,Aggregated,903.900000,0.000000,270,310,340,360,490,1100,1500,1600,2000,2800,3200,262951,50,270.0,362.47863942019524,196.58099800017226,3199.7239290003563,4514.141475027667
1776357076,492,,Aggregated,897.800000,0.000000,270,310,340,360,490,1100,1500,1600,2000,2800,3200,263832,50,270.0,362.16099978749236,196.58099800017226,3199.7239290003563,4514.1443418539075
1776357077,492,,Aggregated,899.200000,0.000000,270,310,340,360,490,1100,1500,1600,2000,2800,3200,264608,50,270.0,361.92455328937433,196.58099800017226,3199.7239290003563,4514.146851191196
1776357076,492,,Aggregated,897.800000,0.000000,270,310,340,370,490,1100,1500,1600,2000,2800,3200,265416,50,270.0,361.9014140114778,196.58099800017226,3199.7239290003563,4514.149448413057
1776357077,492,,Aggregated,899.200000,0.000000,270,310,340,360,490,1100,1500,1600,2000,2800,3200,266269,50,270.0,361.6735198006697,196.58099800017226,3199.7239290003563,4514.152173178252
1776357078,492,,Aggregated,935.400000,0.000000,270,310,340,360,490,1100,1500,1600,2000,2800,3200,267137,50,270.0,361.34961909462777,196.58099800017226,3199.7239290003563,4514.154927995747
1776357079,492,,Aggregated,1014.100000,0.000000,270,310,340,360,480,1100,1500,1600,2000,2800,3200,268019,50,270.0,361.0371213628639,196.58099800017226,3199.7239290003563,4514.157708968394
1776357080,492,,Aggregated,1075.500000,0.000000,270,310,340,360,480,1100,1500,1600,2000,2800,3200,268884,50,270.0,360.735526823877,196.58099800017226,3199.7239290003563,4514.160418619182
1776357081,492,,Aggregated,1069.700000,0.000000,270,310,340,360,480,1100,1500,1600,2000,2800,3200,269704,50,270.0,360.4890336941739,196.58099800017226,3199.7239290003563,4514.162971257379
1776357082,492,,Aggregated,1061.700000,0.000000,270,310,340,360,480,1100,1500,1600,2000,2800,3200,270584,50,270.0,360.1924012541329,196.58099800017226,3199.7239290003563,4514.165693463028
1776357083,492,,Aggregated,1052.000000,0.000000,270,310,340,360,480,1100,1500,1600,2000,2800,3200,271451,50,270.0,359.9112209039835,196.58099800017226,3199.7239290003563,4514.1683581935595
1776357084,492,,Aggregated,1055.300000,0.000000,270,310,340,360,480,1100,1500,1600,2000,2800,3200,272244,50,270.0,359.7278334681469,196.58099800017226,3199.7239290003563,4514.170780623264
1776357085,492,,Aggregated,1055.000000,0.000000,270,310,340,360,480,1100,1500,1600,2000,2800,3200,273002,50,270.0,359.66645219829627,196.58099800017226,3199.7239290003563,4514.173082981077
1776357086,492,,Aggregated,1044.900000,0.000000,270,310,340,360,480,1100,1500,1600,2000,2800,3200,273784,50,270.0,359.52388087589884,196.58099800017226,3199.7239290003563,4514.175444876253
1776357087,492,,Aggregated,1035.700000,0.000000,270,310,340,360,480,1100,1500,1600,2000,2800,3200,274618,50,270.0,359.3893597460579,196.58099800017226,3199.7239290003563,4514.177949005528
1776357088,492,,Aggregated,988.500000,0.000000,270,310,340,360,480,1100,1500,1600,2000,2800,3200,275470,50,270.0,359.190590498598,196.58099800017226,3199.7239290003563,4514.180491523578
1776357089,492,,Aggregated,897.800000,0.000000,270,310,340,360,480,1100,1500,1600,2000,2800,3200,276262,50,270.0,359.0364409815996,196.58099800017226,3199.7239290003563,4514.182840926367
1776357090,492,,Aggregated,827.500000,0.000000,270,310,340,360,480,1000,1500,1600,2000,2800,3200,277169,50,270.0,358.760820330584,196.58099800017226,3199.7239290003563,4514.185514974618
1776357091,492,,Aggregated,820.100000,0.000000,270,310,340,360,480,1000,1500,1600,2000,2800,3200,278032,50,270.0,358.4809685307176,196.58099800017226,3199.7239290003563,4514.188043102952
1776357092,492,,Aggregated,820.700000,0.000000,270,310,340,360,480,1000,1500,1600,2000,2800,3200,278855,50,270.0,358.3286286258253,196.58099800017226,3199.7239290003563,4514.190439475713
1776357093,452,,Aggregated,827.000000,0.000000,270,310,340,360,480,1000,1500,1600,2000,2800,3200,279664,50,270.0,358.064322140091,196.58099800017226,3199.7239290003563,4514.192781337605
1776357094,450,,Aggregated,818.600000,0.000000,270,310,340,360,480,1000,1500,1600,2000,2700,3200,280390,50,270.0,357.9003322516974,196.58099800017226,3199.7239290003563,4514.194871429081
1776357095,450,,Aggregated,814.700000,0.000000,270,310,340,360,480,1000,1500,1600,2000,2700,3200,281147,50,270.0,357.74929463668684,196.58099800017226,3199.7239290003563,4514.197039271271
1776357096,450,,Aggregated,808.900000,0.000000,270,310,340,360,480,1000,1500,1600,2000,2700,3200,281967,50,270.0,357.4798935562904,196.58099800017226,3199.7239290003563,4514.199374394876
1776357097,450,,Aggregated,811.500000,0.000000,270,310,340,360,480,1000,1500,1600,2000,2700,3200,282764,50,270.0,357.19467561744295,196.58099800017226,3199.7239290003563,4514.201631042141
1776357098,450,,Aggregated,811.300000,0.000000,270,310,340,360,470,1000,1500,1600,2000,2700,3200,283547,50,270.0,356.9377125591831,196.58099800017226,3199.7239290003563,4514.203835695669
1776357099,450,,Aggregated,803.100000,0.000000,270,310,340,360,470,1000,1500,1600,2000,2700,3200,284360,50,270.0,356.6713194893188,196.58099800017226,3199.7239290003563,4514.206111970741
1776357100,450,,Aggregated,803.400000,0.000000,270,310,340,360,470,1000,1500,1600,2000,2700,3200,285119,50,270.0,356.4136761243465,196.58099800017226,3199.7239290003563,4514.208225337491
1776357101,450,,Aggregated,801.900000,0.000000,270,310,340,360,470,1000,1500,1600,2000,2700,3200,285976,50,270.0,356.1071688491878,196.58099800017226,3199.7239290003563,4514.210598092148
1776357102,450,,Aggregated,795.200000,0.000000,270,300,330,360,470,1000,1500,1600,2000,2700,3200,286741,50,270.0,355.8795992456972,196.58099800017226,3199.7239290003563,4514.212704147645
1776357103,450,,Aggregated,788.200000,0.000000,270,300,330,360,470,1000,1500,1600,2000,2700,3200,287498,50,270.0,355.7206067973843,196.58099800017226,3199.7239290003563,4514.214777146276
1776357104,450,,Aggregated,786.100000,0.000000,270,300,330,360,470,990,1500,1600,2000,2700,3200,288281,50,270.0,355.541505335781,196.58099800017226,3199.7239290003563,4514.216909890003
1776357105,450,,Aggregated,781.300000,0.000000,270,300,330,360,470,990,1500,1600,2000,2700,3200,289064,50,270.0,355.2850877589614,196.58099800017226,3199.7239290003563,4514.219031079622
1776357106,450,,Aggregated,783.400000,0.000000,270,300,330,360,470,990,1500,1600,2000,2700,3200,289805,50,270.0,355.15057392279135,196.58099800017226,3199.7239290003563,4514.221027932575
1776357107,450,,Aggregated,786.600000,0.000000,270,300,330,360,470,980,1500,1600,2000,2700,3200,290626,50,270.0,354.9071141057114,196.58099800017226,3199.7239290003563,4514.2232284792135
1776357105,450,,Aggregated,781.300000,0.000000,270,300,330,360,470,980,1500,1600,2000,2700,3200,291436,50,270.0,354.62609422023553,196.58099800017226,3199.7239290003563,4514.225387392086
1776357106,450,,Aggregated,783.400000,0.000000,270,300,330,360,470,970,1500,1600,2000,2700,3200,292214,50,270.0,354.43160898445825,196.58099800017226,3199.7239290003563,4514.227449745735
1776357107,450,,Aggregated,786.600000,0.000000,270,300,330,360,470,970,1500,1600,2000,2700,3200,293003,50,270.0,354.1359546156644,196.58099800017226,3199.7239290003563,4514.229530073071
1776357108,450,,Aggregated,825.800000,0.000000,270,300,330,360,470,970,1500,1600,2000,2700,3200,293815,50,270.0,353.8529443432755,196.58099800017226,3199.7239290003563,4514.231659377499
1776357109,450,,Aggregated,907.500000,0.000000,270,300,330,360,470,960,1500,1600,2000,2700,3200,294603,50,270.0,353.5809890435212,196.58099800017226,3199.7239290003563,4514.233714524292
1776357110,450,,Aggregated,961.900000,0.000000,270,300,330,360,470,960,1500,1600,2000,2700,3200,295439,50,270.0,353.325333528196,196.58099800017226,3199.7239290003563,4514.235882872606
1776357111,450,,Aggregated,962.300000,0.000000,270,300,330,360,470,960,1500,1600,2000,2700,3200,296247,50,270.0,353.0293816158726,196.58099800017226,3199.7239290003563,4514.237966966754
1776357112,450,,Aggregated,961.100000,0.000000,270,300,330,360,470,950,1500,1600,2000,2700,3200,297040,50,270.0,352.7510841573404,196.58099800017226,3199.7239290003563,4514.24000134662
1776357113,450,,Aggregated,980.300000,0.000000,270,300,330,360,470,950,1500,1600,2000,2700,3200,297854,50,270.0,352.47644034926,196.58099800017226,3199.7239290003563,4514.24207833368
1776357114,450,,Aggregated,986.000000,0.000000,270,300,330,360,460,950,1500,1600,2000,2700,3200,298674,50,270.0,352.21517215227414,196.58099800017226,3199.7239290003563,4514.244159183591
1776357116,450,,Aggregated,995.300000,0.000000,270,300,330,360,460,950,1500,1600,2000,2700,3200,298675,50,270.0,352.2210665882626,196.58099800017226,3199.7239290003563,4514.244161714238
1776357117,0,,Aggregated,995.300000,0.000000,270,300,330,360,470,960,1500,1600,2100,2700,3200,298846,50,270.0,353.27151739730306,196.58099800017226,3199.7239290003563,4514.244594205711
1776357118,0,,Aggregated,995.300000,0.000000,270,300,330,360,470,960,1500,1600,2100,2700,3200,298846,50,270.0,353.27151739730306,196.58099800017226,3199.7239290003563,4514.244594205711
1776357119,0,,Aggregated,995.300000,0.000000,270,300,330,360,470,960,1500,1600,2100,2700,3200,298846,50,270.0,353.27151739730306,196.58099800017226,3199.7239290003563,4514.244594205711
1776357120,0,,Aggregated,995.300000,0.000000,270,300,330,360,470,960,1500,1600,2100,2700,3200,298846,50,270.0,353.27151739730306,196.58099800017226,3199.7239290003563,4514.244594205711
1776357121,0,,Aggregated,995.300000,0.000000,270,300,330,360,470,960,1500,1600,2100,2700,3200,298846,50,270.0,353.27151739730306,196.58099800017226,3199.7239290003563,4514.244594205711
1776357122,0,,Aggregated,995.300000,0.000000,270,300,330,360,470,960,1500,1600,2100,2700,3200,298846,50,270.0,353.27151739730306,196.58099800017226,3199.7239290003563,4514.244594205711
1776357123,0,,Aggregated,995.300000,0.000000,270,300,330,360,470,960,1500,1600,2100,2700,3200,298846,50,270.0,353.27151739730306,196.58099800017226,3199.7239290003563,4514.244594205711
1776357124,0,,Aggregated,995.300000,0.000000,270,300,330,360,470,960,1500,1600,2100,2700,3200,298846,50,270.0,353.27151739730306,196.58099800017226,3199.7239290003563,4514.244594205711
1776357125,0,,Aggregated,995.300000,0.000000,270,300,330,360,470,960,1500,1600,2100,2700,3200,298846,50,270.0,353.27151739730306,196.58099800017226,3199.7239290003563,4514.244594205711
1776357126,0,,Aggregated,995.300000,0.000000,270,300,330,360,470,960,1500,1600,2100,2700,3200,298846,50,270.0,353.27151739730306,196.58099800017226,3199.7239290003563,4514.244594205711
1776357127,0,,Aggregated,995.300000,0.000000,270,300,330,360,470,960,1500,1600,2100,2700,3200,298846,50,270.0,353.27151739730306,196.58099800017226,3199.7239290003563,4514.244594205711
1776357128,0,,Aggregated,995.300000,0.000000,270,300,330,360,470,960,1500,1600,2100,2700,3200,298846,50,270.0,353.27151739730306,196.58099800017226,3199.7239290003563,4514.244594205711
1776357129,0,,Aggregated,995.300000,0.000000,270,300,330,360,470,960,1500,1600,2100,2700,3200,298846,50,270.0,353.27151739730306,196.58099800017226,3199.7239290003563,4514.244594205711
1776357130,0,,Aggregated,995.300000,0.000000,270,300,330,360,470,960,1500,1600,2100,2700,3200,298846,50,270.0,353.27151739730306,196.58099800017226,3199.7239290003563,4514.244594205711
1776357131,0,,Aggregated,995.300000,0.000000,270,300,330,360,470,960,1500,1600,2100,2700,3200,298846,50,270.0,353.27151739730306,196.58099800017226,3199.7239290003563,4514.244594205711
1776357132,0,,Aggregated,995.300000,0.000000,270,300,330,360,470,960,1500,1600,2100,2700,3200,298846,50,270.0,353.27151739730306,196.58099800017226,3199.7239290003563,4514.244594205711
1776357133,0,,Aggregated,995.300000,0.000000,270,300,330,360,470,960,1500,1600,2100,2700,3200,298846,50,270.0,353.27151739730306,196.58099800017226,3199.7239290003563,4514.244594205711
1776357134,0,,Aggregated,995.300000,0.000000,270,300,330,360,470,960,1500,1600,2100,2700,3200,298846,50,270.0,353.27151739730306,196.58099800017226,3199.7239290003563,4514.244594205711
1776357135,0,,Aggregated,995.300000,0.000000,270,300,330,360,470,960,1500,1600,2100,2700,3200,298846,50,270.0,353.27151739730306,196.58099800017226,3199.7239290003563,4514.244594205711
1776357136,0,,Aggregated,995.300000,0.000000,270,300,330,360,470,960,1500,1600,2100,2700,3200,298846,50,270.0,353.27151739730306,196.58099800017226,3199.7239290003563,4514.244594205711
1776357137,0,,Aggregated,995.300000,0.000000,270,300,330,360,470,960,1500,1600,2100,2700,3200,298846,50,270.0,353.27151739730306,196.58099800017226,3199.7239290003563,4514.244594205711
1776357136,0,,Aggregated,995.300000,0.000000,270,300,330,360,470,960,1500,1600,2100,2700,3200,298846,50,270.0,353.27151739730306,196.58099800017226,3199.7239290003563,4514.244594205711
1776357137,0,,Aggregated,995.300000,0.000000,270,300,330,360,470,960,1500,1600,2100,2700,3200,298846,50,270.0,353.27151739730306,196.58099800017226,3199.7239290003563,4514.244594205711
1776357138,0,,Aggregated,995.300000,0.000000,270,300,330,360,470,960,1500,1600,2100,2700,3200,298846,50,270.0,353.27151739730306,196.58099800017226,3199.7239290003563,4514.244594205711
1776357139,0,,Aggregated,995.300000,0.000000,270,300,330,360,470,960,1500,1600,2100,2700,3200,298846,50,270.0,353.27151739730306,196.58099800017226,3199.7239290003563,4514.244594205711
1776357140,0,,Aggregated,995.300000,0.000000,270,300,330,360,470,960,1500,1600,2100,2700,3200,298846,50,270.0,353.27151739730306,196.58099800017226,3199.7239290003563,4514.244594205711
1776357141,0,,Aggregated,995.300000,0.000000,270,300,330,360,470,960,1500,1600,2100,2700,3200,298846,50,270.0,353.27151739730306,196.58099800017226,3199.7239290003563,4514.244594205711
1776357142,0,,Aggregated,995.300000,0.000000,270,300,330,360,470,960,1500,1600,2100,2700,3200,298846,50,270.0,353.27151739730306,196.58099800017226,3199.7239290003563,4514.244594205711
1776357143,0,,Aggregated,995.300000,0.000000,270,300,330,360,470,960,1500,1600,2100,2700,3200,298846,50,270.0,353.27151739730306,196.58099800017226,3199.7239290003563,4514.244594205711
1776357144,0,,Aggregated,995.300000,0.000000,270,300,330,360,470,960,1500,1600,2100,2700,3200,298846,50,270.0,353.27151739730306,196.58099800017226,3199.7239290003563,4514.244594205711
1776357145,0,,Aggregated,995.300000,0.000000,270,300,330,360,470,960,1500,1600,2100,2700,3200,298846,50,270.0,353.27151739730306,196.58099800017226,3199.7239290003563,4514.244594205711
1776357146,0,,Aggregated,995.300000,0.000000,270,300,330,360,470,960,1500,1600,2100,2700,3200,298846,50,270.0,353.27151739730306,196.58099800017226,3199.7239290003563,4514.244594205711
1776357147,0,,Aggregated,995.300000,0.000000,270,300,330,360,470,960,1500,1600,2100,2700,3200,298846,50,270.0,353.27151739730306,196.58099800017226,3199.7239290003563,4514.244594205711
1776357148,0,,Aggregated,995.300000,0.000000,270,300,330,360,470,960,1500,1600,2100,2700,3200,298846,50,270.0,353.27151739730306,196.58099800017226,3199.7239290003563,4514.244594205711
1776357149,0,,Aggregated,995.300000,0.000000,270,300,330,360,470,960,1500,1600,2100,2700,3200,298846,50,270.0,353.27151739730306,196.58099800017226,3199.7239290003563,4514.244594205711
1776357150,0,,Aggregated,995.300000,0.000000,270,300,330,360,470,960,1500,1600,2100,2700,3200,298846,50,270.0,353.27151739730306,196.58099800017226,3199.7239290003563,4514.244594205711
1776357151,0,,Aggregated,995.300000,0.000000,270,300,330,360,470,960,1500,1600,2100,2700,3200,298846,50,270.0,353.27151739730306,196.58099800017226,3199.7239290003563,4514.244594205711
1776357152,0,,Aggregated,995.300000,0.000000,270,300,330,360,470,960,1500,1600,2100,2700,3200,298846,50,270.0,353.27151739730306,196.58099800017226,3199.7239290003563,4514.244594205711
1776357153,0,,Aggregated,995.300000,0.000000,270,300,330,360,470,960,1500,1600,2100,2700,3200,298846,50,270.0,353.27151739730306,196.58099800017226,3199.7239290003563,4514.244594205711
1776357154,0,,Aggregated,995.300000,0.000000,270,300,330,360,470,960,1500,1600,2100,2700,3200,298846,50,270.0,353.27151739730306,196.58099800017226,3199.7239290003563,4514.244594205711
