Timestamp,User Count,Type,Name,Requests/s,Failures/s,50%,66%,75%,80%,90%,95%,98%,99%,99.9%,99.99%,100%,Total Request Count,Total Failure Count,Total Median Response Time,Total Average Response Time,Total Min Response Time,Total Max Response Time,Total Average Content Size
1776354212,0,,Aggregated,0.000000,0.000000,N/A,N/A,N/A,N/A,N/A,N/A,N/A,N/A,N/A,N/A,N/A,0,0,0,0.0,0,0,0
1776354213,40,,Aggregated,0.000000,0.000000,510,530,550,550,610,630,640,640,640,640,640,53,0,510.0,442.24553492452134,201.99279999997088,639.04679100051,4515.0
1776354214,80,,Aggregated,0.000000,0.000000,380,460,530,540,610,640,740,750,760,760,760,173,0,380.0,389.03308186127106,201.99279999997088,762.3840730002485,4515.0
1776354215,120,,Aggregated,40.000000,0.000000,340,420,500,530,620,710,740,750,810,810,810,345,0,340.0,377.7824527855258,201.35264300006384,811.2336200001664,4515.0
1776354216,160,,Aggregated,68.500000,0.000000,370,440,470,490,550,640,730,750,810,810,810,499,0,370.0,387.5576838577261,201.35264300006384,811.2336200001664,4515.0
1776354217,200,,Aggregated,98.666667,0.000000,440,530,620,670,740,1000,1200,1200,1300,1300,1300,671,0,440.0,487.7814781549883,201.35264300006384,1307.8496110001652,4515.0
1776354218,240,,Aggregated,115.500000,0.000000,510,660,720,770,970,1300,1400,1500,1600,1600,1600,851,0,510.0,581.9522844935356,201.35264300006384,1602.5021599998581,4515.0
1776354219,280,,Aggregated,125.800000,0.000000,620,730,830,860,970,1400,1600,1900,1900,2000,2000,1033,0,620.0,645.4253020242109,201.35264300006384,1955.3828799998882,4515.0
1776354220,308,,Aggregated,132.833333,0.000000,690,830,880,930,1200,1600,1900,2200,2300,2300,2300,1226,0,690.0,728.2335906370395,201.35264300006384,2328.461383999638,4515.0
1776354221,308,,Aggregated,139.571429,0.000000,750,900,980,1100,1300,1800,2200,2300,2300,2300,2300,1421,0,750.0,796.911659634772,201.35264300006384,2328.461383999638,4515.0
1776354222,308,,Aggregated,146.625000,0.000000,820,970,1100,1200,1300,1900,2300,2600,3000,3000,3000,1602,0,820.0,866.5267791198615,201.35264300006384,2973.1527909998476,4515.0
1776354223,308,,Aggregated,152.222222,0.000000,860,1000,1200,1300,1600,1900,2300,2600,3000,3000,3000,1763,0,860.0,920.5213204827088,201.35264300006384,3032.7303889998802,4515.0
1776354224,308,,Aggregated,155.800000,0.000000,920,1200,1300,1400,1700,1800,2300,2500,3000,3000,3000,1943,0,920.0,980.833155045295,201.35264300006384,3032.7303889998802,4515.0
1776354225,308,,Aggregated,167.600000,0.000000,980,1300,1400,1400,1600,1800,2300,2500,3000,3000,3000,2132,0,980.0,1022.9660111744912,201.35264300006384,3032.7303889998802,4515.0
1776354226,308,,Aggregated,174.800000,0.000000,1100,1300,1400,1400,1600,1800,2200,2500,3000,3000,3000,2344,0,1100.0,1045.522519924498,201.35264300006384,3032.7303889998802,4515.0
1776354227,308,,Aggregated,177.400000,0.000000,1100,1300,1400,1400,1600,1800,2200,2500,3000,3000,3000,2536,0,1100.0,1059.602830255139,201.35264300006384,3032.7303889998802,4515.0
1776354228,308,,Aggregated,180.400000,0.000000,1200,1300,1300,1400,1600,1800,2200,2500,3000,3000,3000,2750,0,1200.0,1073.3771821461937,201.35264300006384,3032.7303889998802,4515.0
1776354229,308,,Aggregated,183.600000,0.000000,1200,1300,1300,1400,1600,1800,2200,2300,3000,3000,3000,2918,0,1200.0,1082.3807212464133,201.35264300006384,3032.7303889998802,4515.0
1776354230,308,,Aggregated,188.600000,0.000000,1200,1300,1300,1400,1500,1700,2200,2300,3000,3000,3000,3127,0,1200.0,1098.7059401215295,201.35264300006384,3032.7303889998802,4515.0
1776354231,308,,Aggregated,189.900000,0.000000,1200,1300,1400,1400,1500,1700,2100,2300,3000,3000,3000,3283,0,1200.0,1110.342761136164,201.35264300006384,3032.7303889998802,4515.0
1776354232,308,,Aggregated,189.000000,0.000000,1200,1300,1400,1400,1600,1700,2000,2300,3000,3000,3000,3491,0,1200.0,1127.8535737356094,201.35264300006384,3032.7303889998802,4515.0
1776354233,308,,Aggregated,186.700000,0.000000,1200,1300,1400,1400,1600,1700,1900,2300,3000,3000,3000,3696,0,1200.0,1136.6398016342,201.35264300006384,3032.7303889998802,4515.0
1776354234,308,,Aggregated,186.200000,0.000000,1200,1300,1400,1400,1500,1700,1900,2300,3000,3000,3000,3859,0,1200.0,1143.4998309409161,201.35264300006384,3032.7303889998802,4515.0
1776354235,308,,Aggregated,190.600000,0.000000,1200,1300,1400,1400,1500,1700,1900,2300,3000,3000,3000,4051,0,1200.0,1156.3219813149808,201.35264300006384,3032.7303889998802,4515.0
1776354236,308,,Aggregated,192.400000,0.000000,1200,1300,1400,1400,1500,1700,1900,2300,3000,3000,3000,4226,0,1200.0,1166.6207202243245,201.35264300006384,3032.7303889998802,4515.0
1776354237,308,,Aggregated,191.200000,0.000000,1200,1300,1400,1400,1600,1600,1900,2200,3000,3000,3000,4424,0,1200.0,1175.1124653117074,201.35264300006384,3032.7303889998802,4515.0
1776354238,307,,Aggregated,189.100000,0.000000,1200,1300,1400,1500,1600,1600,1900,2200,3000,3000,3000,4607,0,1200.0,1180.3350359670046,201.35264300006384,3032.7303889998802,4515.0
1776354239,307,,Aggregated,188.600000,0.000000,1300,1300,1400,1500,1500,1600,1800,2200,3000,3000,3000,4798,0,1300.0,1188.75289051563,201.35264300006384,3032.7303889998802,4515.0
1776354240,307,,Aggregated,186.900000,0.000000,1300,1400,1400,1400,1500,1600,1800,2200,3000,3000,3000,4971,0,1300.0,1194.905298845502,201.35264300006384,3032.7303889998802,4515.0
1776354241,307,,Aggregated,185.700000,0.000000,1300,1400,1400,1400,1500,1600,1800,2200,3000,3000,3000,5168,0,1300.0,1202.4932310895874,201.35264300006384,3032.7303889998802,4515.0
1776354242,307,,Aggregated,184.400000,0.000000,1300,1400,1400,1400,1500,1600,1800,2200,3000,3000,3000,5338,0,1300.0,1207.724071575867,201.35264300006384,3032.7303889998802,4515.0
1776354240,307,,Aggregated,186.900000,0.000000,1300,1400,1400,1500,1500,1600,1800,2200,3000,3000,3000,5507,0,1300.0,1214.6466480726308,201.35264300006384,3032.7303889998802,4515.0
1776354241,307,,Aggregated,185.700000,0.000000,1300,1400,1400,1500,1500,1600,1800,2200,3000,3000,3000,5672,0,1300.0,1223.2863059134277,201.35264300006384,3032.7303889998802,4515.0
1776354242,307,,Aggregated,187.400000,0.000000,1300,1400,1400,1500,1600,1700,1900,2200,3000,3000,3000,5809,0,1300.0,1232.7405369941403,201.35264300006384,3032.7303889998802,4515.0
1776354243,307,,Aggregated,204.200000,0.000000,1300,1400,1500,1500,1600,1700,1900,2200,3000,3000,3000,5979,0,1300.0,1247.0662120464895,201.35264300006384,3032.7303889998802,4515.0
1776354244,307,,Aggregated,219.600000,0.000000,1300,1400,1500,1500,1600,1800,1900,2200,2900,3000,3000,6140,0,1300.0,1257.8910802273558,201.35264300006384,3032.7303889998802,4515.0
1776354245,307,,Aggregated,221.300000,0.000000,1300,1400,1500,1500,1600,1800,1900,2200,2900,3000,3000,6317,0,1300.0,1266.3199144525838,201.35264300006384,3032.7303889998802,4515.0
1776354246,307,,Aggregated,218.800000,0.000000,1300,1400,1500,1500,1600,1800,1900,2100,2900,3000,3000,6501,0,1300.0,1270.306651371321,201.35264300006384,3032.7303889998802,4515.0
1776354247,307,,Aggregated,217.900000,0.000000,1300,1400,1500,1500,1600,1800,1900,2100,2900,3000,3000,6670,0,1300.0,1274.2078414289276,201.35264300006384,3032.7303889998802,4515.0
1776354248,307,,Aggregated,217.900000,0.000000,1300,1400,1500,1500,1600,1800,1900,2000,2900,3000,3000,6826,0,1300.0,1279.9869298600859,201.35264300006384,3032.7303889998802,4515.0
1776354249,307,,Aggregated,217.600000,0.000000,1300,1400,1500,1500,1600,1800,1900,2000,2900,3000,3000,7022,0,1300.0,1286.8413982126103,201.35264300006384,3032.7303889998802,4515.0
1776354250,307,,Aggregated,213.600000,0.000000,1300,1400,1500,1500,1600,1800,1900,2000,2900,3000,3000,7218,0,1300.0,1289.2644688362366,201.35264300006384,3032.7303889998802,4515.0
1776354251,307,,Aggregated,211.500000,0.000000,1300,1400,1500,1500,1600,1800,1900,2000,2900,3000,3000,7413,0,1300.0,1288.9238921772508,201.35264300006384,3032.7303889998802,4515.0
1776354252,307,,Aggregated,209.800000,0.000000,1300,1400,1500,1500,1600,1800,1900,2000,2900,3000,3000,7583,0,1300.0,1288.542536182903,201.35264300006384,3032.7303889998802,4515.0
1776354253,307,,Aggregated,195.300000,0.000000,1300,1400,1500,1500,1600,1700,1900,2000,2900,3000,3000,7758,0,1300.0,1291.6527207642362,201.35264300006384,3032.7303889998802,4515.0
1776354254,307,,Aggregated,181.400000,0.000000,1300,1400,1500,1500,1600,1700,1900,2000,2900,3000,3000,7898,0,1300.0,1297.2738567410668,201.35264300006384,3032.7303889998802,4515.0
1776354255,307,,Aggregated,176.900000,0.000000,1300,1400,1500,1500,1600,1700,1900,2000,2900,3000,3000,8091,0,1300.0,1304.2917684461677,201.35264300006384,3032.7303889998802,4515.0
1776354256,307,,Aggregated,176.900000,0.000000,1400,1400,1500,1500,1600,1700,1900,2000,2900,3000,3000,8253,0,1400.0,1306.9351785557924,201.35264300006384,3032.7303889998802,4515.0
1776354257,307,,Aggregated,176.000000,0.000000,1400,1400,1500,1500,1600,1700,1900,2000,2900,3000,3000,8441,0,1400.0,1310.3694696596322,201.35264300006384,3032.7303889998802,4515.0
1776354258,307,,Aggregated,177.400000,0.000000,1400,1400,1500,1500,1600,1700,1900,2000,2900,3000,3000,8599,0,1400.0,1313.8491552297903,201.35264300006384,3032.7303889998802,4515.0
1776354259,307,,Aggregated,174.500000,0.000000,1400,1500,1500,1500,1600,1700,1900,2000,2900,3000,3000,8765,0,1400.0,1318.0306804991403,201.35264300006384,3032.7303889998802,4515.0
1776354260,283,,Aggregated,176.000000,0.000000,1400,1500,1500,1500,1600,1700,1900,2000,2900,3000,3000,8901,0,1400.0,1322.3615155927378,201.35264300006384,3032.7303889998802,4515.0
1776354261,283,,Aggregated,176.200000,0.000000,1400,1500,1500,1500,1700,1800,1900,2000,2900,3000,3000,9042,0,1400.0,1328.1601696219825,201.35264300006384,3032.7303889998802,4515.0
1776354262,283,,Aggregated,174.600000,0.000000,1400,1500,1500,1500,1700,1800,1900,2000,2900,3000,3000,9193,0,1400.0,1335.2654291999327,201.35264300006384,3032.7303889998802,4515.0
1776354263,283,,Aggregated,168.200000,0.000000,1400,1500,1500,1600,1700,1800,1900,2000,2900,3000,3000,9321,0,1400.0,1339.9050324103607,201.35264300006384,3032.7303889998802,4515.0
1776354264,283,,Aggregated,161.700000,0.000000,1400,1500,1500,1600,1700,1800,1900,2000,2900,3000,3000,9467,0,1400.0,1345.9844917680339,201.35264300006384,3032.7303889998802,4515.0
1776354265,283,,Aggregated,159.300000,0.000000,1400,1500,1500,1600,1700,1800,1900,2000,2900,3000,3000,9632,0,1400.0,1351.2045352960934,201.35264300006384,3032.7303889998802,4515.0
1776354266,283,,Aggregated,156.400000,0.000000,1400,1500,1500,1600,1700,1800,1900,2000,2900,3000,3000,9792,0,1400.0,1354.108251272771,201.35264300006384,3032.7303889998802,4515.0
1776354267,283,,Aggregated,155.900000,0.000000,1400,1500,1500,1600,1700,1800,1900,2000,2900,3000,3000,9954,0,1400.0,1354.875789771246,201.35264300006384,3032.7303889998802,4515.0
1776354268,283,,Aggregated,152.400000,0.000000,1400,1500,1500,1600,1700,1800,1900,2000,2900,3000,3000,10146,0,1400.0,1354.374298989551,201.35264300006384,3032.7303889998802,4515.0
1776354269,283,,Aggregated,152.500000,0.000000,1400,1500,1500,1600,1700,1800,1900,2000,2900,3000,3000,10312,0,1400.0,1353.4719275213333,201.35264300006384,3032.7303889998802,4515.0
1776354270,283,,Aggregated,152.100000,0.000000,1400,1500,1500,1600,1700,1800,1900,2000,2900,3000,3000,10462,0,1400.0,1354.2941797663925,201.35264300006384,3032.7303889998802,4515.0
1776354271,283,,Aggregated,154.300000,0.000000,1400,1500,1500,1600,1700,1800,1900,2000,2900,3000,3000,10625,0,1400.0,1356.0283548640941,201.35264300006384,3032.7303889998802,4515.0
1776354270,283,,Aggregated,152.100000,0.000000,1400,1500,1500,1600,1700,1800,1900,2000,2900,3000,3000,10747,0,1400.0,1358.3188282180156,201.35264300006384,3032.7303889998802,4515.0
1776354271,283,,Aggregated,154.300000,0.000000,1400,1500,1500,1600,1700,1800,1900,2000,2900,3000,3000,10894,0,1400.0,1364.6257660496608,201.35264300006384,3032.7303889998802,4515.0
1776354272,283,,Aggregated,156.300000,0.000000,1400,1500,1500,1600,1700,1800,1900,2000,2900,3000,3000,11043,0,1400.0,1369.744339598388,201.35264300006384,3032.7303889998802,4515.0
1776354273,283,,Aggregated,168.900000,0.000000,1400,1500,1500,1600,1700,1800,1900,2000,2900,3000,3000,11204,0,1400.0,1372.2880910008926,201.35264300006384,3032.7303889998802,4515.0
1776354274,283,,Aggregated,188.600000,0.000000,1400,1500,1500,1600,1700,1800,1900,2000,2900,3000,3000,11385,0,1400.0,1372.5296903424683,201.35264300006384,3032.7303889998802,4515.0
1776354275,283,,Aggregated,188.700000,0.000000,1400,1500,1500,1600,1700,1800,1900,2000,2900,3000,3000,11553,0,1400.0,1371.9978826745435,201.35264300006384,3032.7303889998802,4515.0
1776354276,283,,Aggregated,193.300000,0.000000,1400,1500,1500,1600,1700,1800,1900,2000,2900,3000,3000,11704,0,1400.0,1372.6192945603211,201.35264300006384,3032.7303889998802,4515.0
1776354277,283,,Aggregated,197.800000,0.000000,1400,1500,1500,1600,1700,1800,1900,2000,2900,3000,3000,11859,0,1400.0,1374.6548202112326,201.35264300006384,3032.7303889998802,4515.0
1776354278,283,,Aggregated,200.000000,0.000000,1400,1500,1500,1600,1700,1800,1900,2000,2900,3000,3000,12006,0,1400.0,1377.0374030117457,201.35264300006384,3032.7303889998802,4515.0
1776354279,283,,Aggregated,198.800000,0.000000,1400,1500,1500,1600,1700,1800,1900,2000,2900,3000,3000,12193,0,1400.0,1378.4250408965001,201.35264300006384,3032.7303889998802,4515.0
1776354280,283,,Aggregated,196.300000,0.000000,1400,1500,1500,1600,1700,1800,1900,2000,2900,3000,3000,12340,0,1400.0,1378.9260158224492,201.35264300006384,3032.7303889998802,4515.0
1776354281,283,,Aggregated,194.400000,0.000000,1400,1500,1500,1600,1700,1800,1900,2000,2900,3000,3000,12493,0,1400.0,1380.955724101979,201.35264300006384,3032.7303889998802,4515.0
1776354282,283,,Aggregated,192.500000,0.000000,1400,1500,1500,1600,1700,1800,1900,2000,2900,3000,3000,12638,0,1400.0,1384.0497678741108,201.35264300006384,3032.7303889998802,4515.0
1776354283,243,,Aggregated,180.200000,0.000000,1400,1500,1500,1600,1700,1800,1900,2000,2900,3000,3000,12752,0,1400.0,1386.6712363931945,201.35264300006384,3032.7303889998802,4515.0
1776354284,222,,Aggregated,161.600000,0.000000,1400,1500,1600,1600,1700,1800,1900,2000,2900,3000,3000,12885,0,1400.0,1389.359545689561,201.35264300006384,3032.7303889998802,4515.0
1776354285,222,,Aggregated,160.100000,0.000000,1400,1500,1600,1600,1700,1800,1900,2000,2600,3000,3000,13033,0,1400.0,1388.903606902171,201.35264300006384,3032.7303889998802,4515.0
1776354286,222,,Aggregated,154.200000,0.000000,1400,1500,1500,1600,1700,1800,1900,2000,2600,3000,3000,13215,0,1400.0,1384.3112783701092,201.35264300006384,3032.7303889998802,4515.0
1776354287,222,,Aggregated,149.300000,0.000000,1400,1500,1500,1600,1700,1800,1900,2000,2600,3000,3000,13386,0,1400.0,1378.3772147079037,201.35264300006384,3032.7303889998802,4515.0
1776354288,222,,Aggregated,148.700000,0.000000,1400,1500,1500,1600,1700,1800,1900,2000,2600,3000,3000,13562,0,1400.0,1373.0652039490487,201.35264300006384,3032.7303889998802,4515.0
1776354289,222,,Aggregated,151.500000,0.000000,1400,1500,1500,1600,1700,1800,1900,2000,2600,3000,3000,13713,0,1400.0,1369.8329061556192,201.35264300006384,3032.7303889998802,4515.0
1776354290,222,,Aggregated,154.400000,0.000000,1400,1500,1500,1600,1700,1800,1900,2000,2600,3000,3000,13872,0,1400.0,1367.7003753628176,201.35264300006384,3032.7303889998802,4515.0
1776354291,222,,Aggregated,152.900000,0.000000,1400,1500,1500,1600,1700,1800,1900,2000,2600,3000,3000,14035,0,1400.0,1363.6483683204858,201.35264300006384,3032.7303889998802,4515.0
1776354292,222,,Aggregated,150.200000,0.000000,1400,1500,1500,1600,1700,1800,1900,2000,2600,3000,3000,14208,0,1400.0,1359.866868321653,201.35264300006384,3032.7303889998802,4515.0
1776354293,222,,Aggregated,154.500000,0.000000,1400,1500,1500,1600,1700,1800,1900,2000,2600,3000,3000,14358,0,1400.0,1356.9729978414857,201.35264300006384,3032.7303889998802,4515.0
1776354294,222,,Aggregated,156.300000,0.000000,1400,1500,1500,1600,1700,1800,1900,2000,2600,3000,3000,14510,0,1400.0,1354.7089856747798,201.35264300006384,3032.7303889998802,4515.0
1776354295,222,,Aggregated,158.200000,0.000000,1400,1500,1500,1600,1700,1800,1900,2000,2600,3000,3000,14676,0,1400.0,1352.0486628265908,201.35264300006384,3032.7303889998802,4515.0
1776354296,222,,Aggregated,162.600000,0.000000,1400,1500,1500,1600,1700,1800,1900,2000,2600,3000,3000,14861,0,1400.0,1347.5080668902535,201.35264300006384,3032.7303889998802,4515.0
1776354297,222,,Aggregated,162.900000,0.000000,1400,1500,1500,1600,1700,1800,1900,2000,2600,3000,3000,15045,0,1400.0,1342.4693455300808,201.35264300006384,3032.7303889998802,4515.0
1776354298,222,,Aggregated,163.200000,0.000000,1400,1500,1500,1600,1700,1800,1900,2000,2600,3000,3000,15197,0,1400.0,1338.9661720111262,201.35264300006384,3032.7303889998802,4515.0
1776354299,222,,Aggregated,163.100000,0.000000,1400,1500,1500,1600,1700,1800,1900,2000,2600,3000,3000,15339,0,1400.0,1337.3260638171382,201.35264300006384,3032.7303889998802,4515.0
1776354300,222,,Aggregated,163.700000,0.000000,1400,1500,1500,1600,1700,1800,1900,1900,2600,3000,3000,15495,0,1400.0,1336.0001710019408,201.35264300006384,3032.7303889998802,4515.0
1776354301,222,,Aggregated,162.700000,0.000000,1400,1500,1500,1600,1700,1800,1900,1900,2600,3000,3000,15657,0,1400.0,1333.5004763361496,201.35264300006384,3032.7303889998802,4515.0
1776354300,222,,Aggregated,163.700000,0.000000,1400,1500,1500,1600,1700,1800,1900,1900,2600,3000,3000,15810,0,1400.0,1331.5094402997534,201.35264300006384,3032.7303889998802,4515.0
1776354301,222,,Aggregated,162.700000,0.000000,1400,1500,1500,1600,1700,1800,1900,1900,2600,3000,3000,15950,0,1400.0,1330.082357059378,201.35264300006384,3032.7303889998802,4515.0
1776354302,222,,Aggregated,165.200000,0.000000,1400,1500,1500,1600,1700,1800,1900,1900,2600,3000,3000,16073,0,1400.0,1329.8531058309636,201.35264300006384,3032.7303889998802,4515.0
1776354303,222,,Aggregated,176.700000,0.000000,1400,1500,1500,1600,1700,1800,1900,1900,2600,3000,3000,16157,0,1400.0,1331.211350866997,201.35264300006384,3032.7303889998802,4515.0
1776354304,222,,Aggregated,189.800000,0.000000,1400,1500,1500,1600,1700,1800,1900,2000,2600,3000,3000,16267,0,1400.0,1335.4704598174878,201.35264300006384,3032.7303889998802,4515.0
1776354305,222,,Aggregated,188.000000,0.000000,1400,1500,1500,1600,1700,1800,1900,2000,2600,3000,3000,16361,0,1400.0,1338.9206060487788,201.35264300006384,3032.7303889998802,4515.0
1776354306,182,,Aggregated,182.300000,0.000000,1400,1500,1500,1600,1700,1800,1900,2000,2600,3000,3000,16434,0,1400.0,1341.6133515586635,201.35264300006384,3032.7303889998802,4515.0
1776354307,142,,Aggregated,177.700000,0.000000,1400,1500,1500,1600,1700,1800,2000,2100,2600,3000,3000,16501,0,1400.0,1344.5973022739267,201.35264300006384,3032.7303889998802,4515.0
1776354308,126,,Aggregated,167.700000,0.000000,1400,1500,1500,1600,1700,1800,2000,2100,2600,3000,3000,16575,0,1400.0,1346.2226949289322,201.35264300006384,3032.7303889998802,4515.0
1776354309,126,,Aggregated,156.100000,0.000000,1400,1500,1500,1600,1700,1800,2000,2100,2600,3000,3000,16678,0,1400.0,1345.790956248235,201.35264300006384,3032.7303889998802,4515.0
1776354310,126,,Aggregated,145.800000,0.000000,1400,1500,1500,1600,1700,1800,2000,2100,2600,3000,3000,16805,0,1400.0,1341.809894561028,201.35264300006384,3032.7303889998802,4515.0
1776354311,126,,Aggregated,141.300000,0.000000,1400,1500,1500,1600,1700,1800,2000,2100,2600,3000,3000,16922,0,1400.0,1337.3374771969081,201.35264300006384,3032.7303889998802,4515.0
1776354312,126,,Aggregated,135.900000,0.000000,1400,1500,1500,1600,1700,1800,2000,2100,2600,3000,3000,17048,0,1400.0,1333.035611307196,201.35264300006384,3032.7303889998802,4515.0
1776354313,126,,Aggregated,119.100000,0.000000,1400,1500,1500,1600,1700,1800,2000,2100,2600,3000,3000,17207,0,1400.0,1325.51524419568,201.35264300006384,3032.7303889998802,4515.0
1776354314,126,,Aggregated,101.600000,0.000000,1400,1500,1500,1600,1700,1800,2000,2100,2600,3000,3000,17360,0,1400.0,1318.513273151155,201.35264300006384,3032.7303889998802,4515.0
1776354315,126,,Aggregated,104.300000,0.000000,1400,1500,1500,1600,1700,1800,2000,2100,2600,3000,3000,17517,0,1400.0,1311.4452071439198,201.35264300006384,3032.7303889998802,4515.0
1776354316,126,,Aggregated,108.000000,0.000000,1400,1500,1500,1600,1700,1800,2000,2100,2600,3000,3000,17670,0,1400.0,1304.594273720432,201.35264300006384,3032.7303889998802,4515.0
1776354317,126,,Aggregated,113.200000,0.000000,1300,1500,1500,1600,1700,1800,2000,2100,2600,3000,3000,17824,0,1300.0,1297.6646727424827,201.35264300006384,3032.7303889998802,4515.0
1776354318,126,,Aggregated,122.400000,0.000000,1300,1500,1500,1600,1700,1800,2000,2100,2500,3000,3000,18002,0,1300.0,1289.6176971083778,201.35264300006384,3032.7303889998802,4515.0
1776354319,126,,Aggregated,130.800000,0.000000,1300,1500,1500,1600,1700,1800,2000,2100,2500,3000,3000,18178,0,1300.0,1281.0514732898578,201.35264300006384,3032.7303889998802,4515.0
1776354320,126,,Aggregated,140.100000,0.000000,1300,1500,1500,1600,1700,1800,2000,2100,2500,3000,3000,18329,0,1300.0,1274.1480173116952,201.35264300006384,3032.7303889998802,4515.0
1776354321,126,,Aggregated,148.300000,0.000000,1300,1500,1500,1600,1700,1800,1900,2100,2500,3000,3000,18485,0,1300.0,1267.7559482663796,201.35264300006384,3032.7303889998802,4515.0
1776354322,126,,Aggregated,152.900000,0.000000,1300,1400,1500,1500,1700,1800,1900,2100,2500,3000,3000,18648,0,1300.0,1261.1154199500227,201.35264300006384,3032.7303889998802,4515.0
1776354323,126,,Aggregated,155.100000,0.000000,1300,1400,1500,1500,1700,1800,1900,2100,2500,3000,3000,18801,0,1300.0,1254.8801124747092,201.35264300006384,3032.7303889998802,4515.0
1776354324,126,,Aggregated,158.600000,0.000000,1300,1400,1500,1500,1700,1800,1900,2100,2500,3000,3000,18977,0,1300.0,1247.2181831148755,201.35264300006384,3032.7303889998802,4515.0
1776354325,126,,Aggregated,158.300000,0.000000,1300,1400,1500,1500,1700,1800,1900,2100,2500,3000,3000,19153,0,1300.0,1239.584094173601,201.35264300006384,3032.7303889998802,4515.0
1776354326,126,,Aggregated,161.600000,0.000000,1300,1400,1500,1500,1700,1800,1900,2100,2500,3000,3000,19319,0,1300.0,1232.9276394935557,201.35264300006384,3032.7303889998802,4515.0
1776354327,126,,Aggregated,163.300000,0.000000,1300,1400,1500,1500,1700,1800,1900,2100,2500,3000,3000,19472,0,1300.0,1226.9289122260686,201.35264300006384,3032.7303889998802,4515.0
1776354328,126,,Aggregated,163.800000,0.000000,1300,1400,1500,1500,1700,1800,1900,2100,2500,3000,3000,19623,0,1300.0,1221.6365532669836,201.35264300006384,3032.7303889998802,4515.0
1776354329,126,,Aggregated,164.100000,0.000000,1300,1400,1500,1500,1700,1800,1900,2100,2500,3000,3000,19784,0,1300.0,1216.0006458397195,201.35264300006384,3032.7303889998802,4515.0
1776354330,126,,Aggregated,162.700000,0.000000,1300,1400,1500,1500,1700,1800,1900,2000,2500,3000,3000,19964,0,1300.0,1208.8842933220308,201.35264300006384,3032.7303889998802,4515.0
1776354331,86,,Aggregated,159.500000,0.000000,1300,1400,1500,1500,1700,1800,1900,2000,2500,3000,3000,20106,0,1300.0,1202.607256841242,201.35264300006384,3032.7303889998802,4515.0
1776354329,46,,Aggregated,164.100000,0.000000,1300,1400,1500,1500,1700,1800,1900,2000,2500,3000,3000,20191,0,1300.0,1198.549204995296,201.35264300006384,3032.7303889998802,4515.0
1776354330,31,,Aggregated,162.700000,0.000000,1300,1400,1500,1500,1700,1800,1900,2000,2500,3000,3000,20250,0,1300.0,1195.7078974399508,201.35264300006384,3032.7303889998802,4515.0
1776354331,31,,Aggregated,159.500000,0.000000,1300,1400,1500,1500,1700,1800,1900,2000,2500,3000,3000,20307,0,1300.0,1192.99250771202,201.35264300006384,3032.7303889998802,4515.0
1776354332,31,,Aggregated,161.900000,0.000000,1300,1400,1500,1500,1700,1800,1900,2000,2500,3000,3000,20368,0,1300.0,1190.0871448138744,201.35264300006384,3032.7303889998802,4515.0
1776354333,31,,Aggregated,168.700000,0.000000,1300,1400,1500,1500,1700,1800,1900,2000,2500,3000,3000,20423,0,1300.0,1187.4939903968566,201.35264300006384,3032.7303889998802,4515.0
1776354334,31,,Aggregated,168.600000,0.000000,1300,1400,1500,1500,1700,1800,1900,2000,2500,3000,3000,20479,0,1300.0,1184.879021758191,201.35264300006384,3032.7303889998802,4515.0
1776354335,31,,Aggregated,159.400000,0.000000,1300,1400,1500,1500,1700,1800,1900,2000,2500,3000,3000,20540,0,1300.0,1182.031597639679,201.35264300006384,3032.7303889998802,4515.0
1776354336,31,,Aggregated,147.700000,0.000000,1300,1400,1500,1500,1700,1800,1900,2000,2500,3000,3000,20597,0,1300.0,1179.3972367574406,201.35264300006384,3032.7303889998802,4515.0
1776354337,31,,Aggregated,136.700000,0.000000,1300,1400,1500,1500,1700,1800,1900,2000,2500,3000,3000,20655,0,1300.0,1176.726363610555,201.35264300006384,3032.7303889998802,4515.0
1776354338,31,,Aggregated,126.100000,0.000000,1300,1400,1500,1500,1700,1800,1900,2000,2500,3000,3000,20712,0,1300.0,1174.1218805742087,201.35264300006384,3032.7303889998802,4515.0
1776354339,31,,Aggregated,117.400000,0.000000,1300,1400,1500,1500,1700,1800,1900,2000,2500,3000,3000,20769,0,1300.0,1171.5161193621263,201.35264300006384,3032.7303889998802,4515.0
1776354340,31,,Aggregated,107.000000,0.000000,1300,1400,1500,1500,1700,1800,1900,2000,2500,3000,3000,20828,0,1300.0,1168.8463676893605,201.35264300006384,3032.7303889998802,4515.0
1776354341,31,,Aggregated,98.900000,0.000000,1300,1400,1500,1500,1700,1800,1900,2000,2500,3000,3000,20889,0,1300.0,1166.1132296520175,201.35264300006384,3032.7303889998802,4515.0
1776354342,31,,Aggregated,85.700000,0.000000,1300,1400,1500,1500,1700,1800,1900,2000,2500,3000,3000,20949,0,1300.0,1163.4147013076993,201.35264300006384,3032.7303889998802,4515.0
1776354343,31,,Aggregated,70.100000,0.000000,1300,1400,1500,1500,1700,1800,1900,2000,2500,3000,3000,21005,0,1300.0,1160.9082351714344,201.35264300006384,3032.7303889998802,4515.0
1776354344,31,,Aggregated,60.400000,0.000000,1300,1400,1500,1500,1700,1800,1900,2000,2500,3000,3000,21063,0,1300.0,1158.3336106282102,201.35264300006384,3032.7303889998802,4515.0
1776354345,31,,Aggregated,60.100000,0.000000,1300,1400,1500,1500,1700,1800,1900,2000,2500,3000,3000,21124,0,1300.0,1155.6399885180358,201.35264300006384,3032.7303889998802,4515.0
1776354346,31,,Aggregated,59.500000,0.000000,1300,1400,1500,1500,1700,1800,1900,2000,2500,3000,3000,21180,0,1300.0,1153.178846402597,201.35264300006384,3032.7303889998802,4515.0
1776354347,31,,Aggregated,59.400000,0.000000,1300,1400,1500,1500,1700,1800,1900,2000,2500,3000,3000,21243,0,1300.0,1150.4330821514393,201.35264300006384,3032.7303889998802,4515.0
1776354348,31,,Aggregated,58.400000,0.000000,1300,1400,1500,1500,1700,1800,1900,2000,2500,3000,3000,21305,0,1300.0,1147.7514293886425,201.35264300006384,3032.7303889998802,4515.0
1776354349,31,,Aggregated,58.000000,0.000000,1300,1400,1500,1500,1700,1800,1900,2000,2500,3000,3000,21365,0,1300.0,1145.16614444985,201.35264300006384,3032.7303889998802,4515.0
1776354350,31,,Aggregated,58.900000,0.000000,1300,1400,1500,1500,1700,1800,1900,2000,2500,3000,3000,21425,0,1300.0,1142.5962601337246,201.35264300006384,3032.7303889998802,4515.0
1776354351,31,,Aggregated,57.700000,0.000000,1300,1400,1500,1500,1700,1800,1900,2000,2500,3000,3000,21487,0,1300.0,1139.9651233134944,201.35264300006384,3032.7303889998802,4515.0
1776354352,31,,Aggregated,59.000000,0.000000,1300,1400,1500,1500,1700,1800,1900,2000,2500,3000,3000,21545,0,1300.0,1137.497407754099,201.35264300006384,3032.7303889998802,4515.0
1776354353,20,,Aggregated,59.200000,0.000000,1300,1400,1500,1500,1700,1800,1900,2000,2500,3000,3000,21585,0,1300.0,1135.8175595387102,201.35264300006384,3032.7303889998802,4515.0
1776354354,20,,Aggregated,59.900000,0.000000,1300,1400,1500,1500,1700,1800,1900,2000,2500,3000,3000,21624,0,1300.0,1134.186366791854,201.35264300006384,3032.7303889998802,4515.0
1776354355,20,,Aggregated,59.000000,0.000000,1300,1400,1500,1500,1700,1800,1900,2000,2500,3000,3000,21660,0,1300.0,1132.691532533474,201.35264300006384,3032.7303889998802,4515.0
1776354356,20,,Aggregated,57.300000,0.000000,1300,1400,1500,1500,1700,1800,1900,2000,2500,3000,3000,21700,0,1300.0,1131.020531533643,201.35264300006384,3032.7303889998802,4515.0
1776354357,20,,Aggregated,54.600000,0.000000,1300,1400,1500,1500,1700,1800,1900,2000,2500,3000,3000,21738,0,1300.0,1129.4374685565851,201.35264300006384,3032.7303889998802,4515.0
1776354358,20,,Aggregated,53.200000,0.000000,1300,1400,1500,1500,1700,1800,1900,2000,2500,3000,3000,21772,0,1300.0,1128.0306700117603,201.35264300006384,3032.7303889998802,4515.0
1776354359,20,,Aggregated,51.200000,0.000000,1300,1400,1500,1500,1700,1800,1900,2000,2500,3000,3000,21816,0,1300.0,1126.2071638848106,201.35264300006384,3032.7303889998802,4515.0
1776354360,20,,Aggregated,48.900000,0.000000,1300,1400,1500,1500,1700,1800,1900,2000,2500,3000,3000,21853,0,1300.0,1124.6795488371863,201.35264300006384,3032.7303889998802,4515.0
1776354361,20,,Aggregated,47.600000,0.000000,1300,1400,1500,1500,1700,1800,1900,2000,2500,3000,3000,21887,0,1300.0,1123.279971849501,201.35264300006384,3032.7303889998802,4515.0
1776354360,20,,Aggregated,48.900000,0.000000,1300,1400,1500,1500,1700,1800,1900,2000,2500,3000,3000,21923,0,1300.0,1121.804430269216,201.35264300006384,3032.7303889998802,4515.0
1776354361,20,,Aggregated,47.600000,0.000000,1300,1400,1500,1500,1700,1800,1900,2000,2500,3000,3000,21967,0,1300.0,1120.0076435446367,201.35264300006384,3032.7303889998802,4515.0
1776354362,20,,Aggregated,45.100000,0.000000,1300,1400,1500,1500,1700,1800,1900,2000,2500,3000,3000,21999,0,1300.0,1118.7162296432582,201.35264300006384,3032.7303889998802,4515.0
1776354363,20,,Aggregated,46.500000,0.000000,1300,1400,1500,1500,1700,1800,1900,2000,2500,3000,3000,22038,0,1300.0,1117.1610152044666,201.35264300006384,3032.7303889998802,4515.0
1776354364,20,,Aggregated,47.700000,0.000000,1300,1400,1500,1500,1700,1800,1900,2000,2500,3000,3000,22075,0,1300.0,1115.678297046842,201.35264300006384,3032.7303889998802,4515.0
1776354365,20,,Aggregated,46.600000,0.000000,1300,1400,1500,1500,1700,1800,1900,2000,2500,3000,3000,22111,0,1300.0,1114.2312306712515,201.35264300006384,3032.7303889998802,4515.0
1776354366,20,,Aggregated,46.800000,0.000000,1300,1400,1500,1500,1700,1800,1900,2000,2500,3000,3000,22149,0,1300.0,1112.7076010810433,201.35264300006384,3032.7303889998802,4515.0
1776354367,20,,Aggregated,47.000000,0.000000,1300,1400,1500,1500,1700,1800,1900,2000,2500,3000,3000,22188,0,1300.0,1111.1531388809726,201.35264300006384,3032.7303889998802,4515.0
1776354368,20,,Aggregated,46.700000,0.000000,1300,1400,1500,1500,1700,1800,1900,2000,2500,3000,3000,22225,0,1300.0,1109.6849361248155,201.35264300006384,3032.7303889998802,4515.0
1776354369,20,,Aggregated,46.500000,0.000000,1300,1400,1500,1500,1700,1800,1900,2000,2500,3000,3000,22261,0,1300.0,1108.2641380887662,201.35264300006384,3032.7303889998802,4515.0
1776354370,20,,Aggregated,46.400000,0.000000,1300,1400,1500,1500,1700,1800,1900,2000,2500,3000,3000,22301,0,1300.0,1106.687377385051,201.35264300006384,3032.7303889998802,4515.0
1776354371,20,,Aggregated,46.300000,0.000000,1300,1400,1500,1500,1700,1800,1900,2000,2500,3000,3000,22341,0,1300.0,1105.1094411389831,201.35264300006384,3032.7303889998802,4515.0
1776354372,20,,Aggregated,46.400000,0.000000,1300,1400,1500,1500,1700,1800,1900,2000,2500,3000,3000,22379,0,1300.0,1103.6137788382869,201.35264300006384,3032.7303889998802,4515.0
1776354373,20,,Aggregated,42.400000,0.000000,1300,1400,1500,1500,1700,1800,1900,2000,2500,3000,3000,22417,0,1300.0,1102.1250924621947,201.35264300006384,3032.7303889998802,4515.0
1776354374,20,,Aggregated,38.900000,0.000000,1300,1400,1500,1500,1700,1800,1900,2000,2500,3000,3000,22455,0,1300.0,1100.641569740192,201.35264300006384,3032.7303889998802,4515.0
1776354375,20,,Aggregated,37.900000,0.000000,1300,1400,1500,1500,1700,1800,1900,2000,2500,3000,3000,22494,0,1300.0,1099.1233136367034,201.35264300006384,3032.7303889998802,4515.0
1776354376,32,,Aggregated,37.600000,0.000000,1300,1400,1500,1500,1700,1800,1900,2000,2500,3000,3000,22551,0,1300.0,1097.03653531431,201.35264300006384,3032.7303889998802,4515.0
1776354377,32,,Aggregated,37.600000,0.000000,1300,1400,1500,1500,1700,1800,1900,2000,2500,3000,3000,22608,0,1300.0,1094.841552204397,201.35264300006384,3032.7303889998802,4515.0
1776354378,32,,Aggregated,39.400000,0.000000,1300,1400,1500,1500,1700,1800,1900,2000,2500,3000,3000,22675,0,1300.0,1092.2739440814992,201.35264300006384,3032.7303889998802,4515.0
1776354379,32,,Aggregated,41.700000,0.000000,1300,1400,1500,1500,1700,1800,1900,2000,2500,3000,3000,22731,0,1300.0,1090.1511691823498,201.35264300006384,3032.7303889998802,4515.0
1776354380,32,,Aggregated,43.700000,0.000000,1300,1400,1500,1500,1700,1800,1900,2000,2500,3000,3000,22788,0,1300.0,1087.9933683745821,201.35264300006384,3032.7303889998802,4515.0
1776354381,32,,Aggregated,45.900000,0.000000,1200,1400,1500,1500,1700,1800,1900,2000,2500,3000,3000,22850,0,1200.0,1085.6558822202187,201.35264300006384,3032.7303889998802,4515.0
1776354382,32,,Aggregated,47.200000,0.000000,1200,1400,1500,1500,1700,1800,1900,2000,2500,3000,3000,22912,0,1200.0,1083.3512287982282,201.35264300006384,3032.7303889998802,4515.0
1776354383,32,,Aggregated,49.800000,0.000000,1200,1400,1500,1500,1600,1800,1900,2000,2500,3000,3000,22974,0,1200.0,1081.045091505311,201.35264300006384,3032.7303889998802,4515.0
1776354384,32,,Aggregated,52.000000,0.000000,1200,1400,1500,1500,1600,1800,1900,2000,2500,3000,3000,23034,0,1200.0,1078.8325808269085,201.35264300006384,3032.7303889998802,4515.0
1776354385,32,,Aggregated,54.600000,0.000000,1200,1400,1500,1500,1600,1800,1900,2000,2500,3000,3000,23094,0,1200.0,1076.6144636479182,201.35264300006384,3032.7303889998802,4515.0
1776354386,32,,Aggregated,57.000000,0.000000,1200,1400,1500,1500,1600,1800,1900,2000,2500,3000,3000,23152,0,1200.0,1074.4947930536464,201.35264300006384,3032.7303889998802,4515.0
1776354387,32,,Aggregated,59.500000,0.000000,1200,1400,1500,1500,1600,1800,1900,2000,2500,3000,3000,23212,0,1200.0,1072.3108305688017,201.35264300006384,3032.7303889998802,4515.0
1776354388,32,,Aggregated,60.300000,0.000000,1200,1400,1500,1500,1600,1800,1900,2000,2500,3000,3000,23275,0,1200.0,1070.024550444899,201.35264300006384,3032.7303889998802,4515.0
1776354389,32,,Aggregated,60.300000,0.000000,1200,1400,1500,1500,1600,1800,1900,2000,2500,3000,3000,23337,0,1200.0,1067.7797404694704,201.35264300006384,3032.7303889998802,4515.0
1776354390,32,,Aggregated,59.900000,0.000000,1200,1400,1500,1500,1600,1800,1900,2000,2500,3000,3000,23394,0,1200.0,1065.7309910336853,201.35264300006384,3032.7303889998802,4515.0
1776354391,32,,Aggregated,60.300000,0.000000,1200,1400,1500,1500,1600,1800,1900,2000,2500,3000,3000,23455,0,1200.0,1063.5490660633568,201.35264300006384,3032.7303889998802,4515.0
1776354395,32,,Aggregated,55.500000,0.000000,1200,1400,1500,1500,1600,1800,1900,2000,2500,3000,3000,23518,0,1200.0,1061.3179834486361,201.35264300006384,3032.7303889998802,4515.0
1776354390,32,,Aggregated,59.900000,0.000000,1200,1400,1500,1500,1600,1800,1900,2000,2500,3000,3000,23576,0,1200.0,1059.291364232102,201.35264300006384,3032.7303889998802,4515.0
1776354391,32,,Aggregated,60.300000,0.000000,1200,1400,1500,1500,1600,1800,1900,2000,2500,3000,3000,23633,0,1200.0,1057.291016893583,201.35264300006384,3032.7303889998802,4515.0
1776354392,32,,Aggregated,61.600000,0.000000,1200,1400,1500,1500,1600,1800,1900,2000,2500,3000,3000,23695,0,1200.0,1055.134571874912,201.35264300006384,3032.7303889998802,4515.0
1776354393,32,,Aggregated,67.500000,0.000000,1200,1400,1500,1500,1600,1800,1900,2000,2500,3000,3000,23747,15,1200.0,1053.2770187998922,8.572605000153999,3032.7303889998802,4512.148060807681
1776354394,32,,Aggregated,73.000000,0.000000,1200,1400,1500,1500,1600,1800,1900,2000,2500,3000,3000,23801,15,1200.0,1051.7462384773344,8.572605000153999,3032.7303889998802,4512.154531322213
1776354395,32,,Aggregated,73.600000,0.000000,1200,1400,1500,1500,1600,1800,1900,2000,2500,3000,3000,23864,15,1200.0,1049.6716460698556,8.572605000153999,3032.7303889998802,4512.162043245055
1776354396,32,,Aggregated,73.000000,1.500000,1200,1400,1500,1500,1600,1800,1900,2000,2500,3000,3000,23920,15,1200.0,1047.769138438463,8.572605000153999,3032.7303889998802,4512.1686872909695
1776354397,32,,Aggregated,73.000000,1.500000,1200,1400,1500,1500,1600,1800,1900,2000,2500,3000,3000,23984,15,1200.0,1045.6303791367177,8.572605000153999,3032.7303889998802,4512.176242494997
1776354398,68,,Aggregated,73.600000,1.500000,1200,1400,1500,1500,1600,1800,1900,2000,2500,3000,3000,24047,15,1200.0,1044.0739671918755,8.572605000153999,3032.7303889998802,4512.18364037094
1776354399,68,,Aggregated,73.200000,1.500000,1200,1400,1500,1500,1600,1800,1900,2000,2500,3000,3000,24118,15,1200.0,1043.1520444401706,8.572605000153999,3032.7303889998802,4512.19193133759
1776354400,68,,Aggregated,74.000000,1.500000,1200,1400,1500,1500,1600,1800,1900,2000,2500,3000,3000,24174,15,1200.0,1042.426952139986,8.572605000153999,3032.7303889998802,4512.19843633656
1776354401,68,,Aggregated,73.600000,1.500000,1200,1400,1500,1500,1600,1800,1900,2000,2500,3000,3000,24235,15,1200.0,1041.9793442742318,8.572605000153999,3032.7303889998802,4512.205487930679
1776354402,68,,Aggregated,73.900000,1.500000,1200,1400,1500,1500,1600,1800,1900,2000,2500,3000,3000,24293,15,1200.0,1041.6408124821558,8.572605000153999,3032.7303889998802,4512.212159881447
1776354403,68,,Aggregated,67.300000,1.500000,1200,1400,1500,1500,1600,1800,1900,2000,2500,3000,3000,24349,15,1200.0,1041.2682654113107,8.572605000153999,3032.7303889998802,4512.218571604583
1776354404,68,,Aggregated,62.000000,1.500000,1200,1400,1500,1500,1600,1800,1900,2000,2500,3000,3000,24404,15,1200.0,1041.2630047323798,8.572605000153999,3032.7303889998802,4512.224840190132
1776354406,68,,Aggregated,60.800000,1.500000,1200,1400,1500,1500,1600,1800,1900,2000,2500,3000,3000,24459,15,1200.0,1040.9359589039207,8.572605000153999,3032.7303889998802,4512.231080583834
1776354407,68,,Aggregated,61.000000,0.000000,1200,1400,1500,1500,1600,1800,1900,2000,2500,3000,3000,24522,15,1200.0,1040.5021131568387,8.572605000153999,3032.7303889998802,4512.238194274529
1776354408,68,,Aggregated,59.000000,0.000000,1200,1400,1500,1500,1600,1800,1900,2000,2500,3000,3000,24579,15,1200.0,1039.947252615566,8.572605000153999,3032.7303889998802,4512.244599047968
1776354409,68,,Aggregated,59.000000,0.000000,1200,1400,1500,1500,1600,1800,1900,2000,2500,3000,3000,24626,15,1200.0,1039.848993211403,8.572605000153999,3032.7303889998802,4512.249857873792
1776354410,68,,Aggregated,59.100000,0.000000,1200,1400,1500,1500,1600,1800,1900,2000,2500,3000,3000,24692,15,1200.0,1039.4077298699988,8.572605000153999,3032.7303889998802,4512.257208812571
1776354411,68,,Aggregated,57.900000,0.000000,1200,1400,1500,1500,1600,1800,1900,2000,2500,3000,3000,24764,15,1200.0,1038.647369021968,8.572605000153999,3032.7303889998802,4512.265183330641
1776354412,68,,Aggregated,57.200000,0.000000,1200,1400,1500,1500,1600,1800,1900,2000,2500,3000,3000,24820,15,1200.0,1038.0454495708307,8.572605000153999,3032.7303889998802,4512.271353746978
1776354413,68,,Aggregated,57.200000,0.000000,1200,1400,1500,1500,1600,1800,1900,2000,2500,3000,3000,24876,15,1200.0,1037.646624582409,8.572605000153999,3032.7303889998802,4512.277496382055
1776354414,68,,Aggregated,58.100000,0.000000,1200,1400,1500,1500,1600,1800,1900,2000,2500,3000,3000,24911,15,1200.0,1037.6492528616677,8.572605000153999,3032.7303889998802,4512.281321504556
1776354415,68,,Aggregated,58.300000,0.000000,1200,1400,1500,1500,1600,1800,1900,2000,2500,3000,3000,24944,15,1200.0,1038.3110872615457,8.572605000153999,3032.7303889998802,4512.284918216806
1776354416,68,,Aggregated,58.300000,0.000000,1200,1400,1500,1500,1600,1800,1900,2000,2500,3000,3000,24991,15,1200.0,1039.3209247045734,8.572605000153999,3032.7303889998802,4512.290024408787
1776354417,68,,Aggregated,53.900000,0.000000,1200,1400,1500,1500,1600,1800,1900,2000,2500,3000,3000,25027,15,1200.0,1039.77758552759,8.572605000153999,3032.7303889998802,4512.293922563631
1776354418,68,,Aggregated,53.200000,0.000000,1200,1400,1500,1500,1600,1800,1900,2000,2500,3000,3000,25067,15,1200.0,1040.481531912036,8.572605000153999,3032.7303889998802,4512.298240714884
1776354419,68,,Aggregated,50.300000,0.000000,1200,1400,1500,1500,1600,1800,1900,2000,2500,3000,3000,25105,15,1200.0,1040.928848025732,8.572605000153999,3032.7303889998802,4512.302330213105
1776354420,68,,Aggregated,48.800000,0.000000,1200,1400,1500,1500,1600,1800,1900,2000,2500,3000,3000,25149,15,1200.0,1041.6507080760273,8.572605000153999,3032.7303889998802,4512.307049982107
1776354421,68,,Aggregated,47.600000,0.000000,1200,1400,1500,1500,1600,1800,1900,2000,2500,3000,3000,25196,15,1200.0,1042.0036375919592,8.572605000153999,3032.7303889998802,4512.312073344975
1776354422,68,,Aggregated,45.400000,0.000000,1200,1400,1500,1500,1600,1800,1900,2000,2500,3000,3000,25252,15,1200.0,1042.0215315837556,8.572605000153999,3032.7303889998802,4512.318034215112
1776354420,68,,Aggregated,48.800000,0.000000,1200,1400,1500,1500,1600,1800,1900,2000,2500,3000,3000,25311,15,1200.0,1041.7113482106595,8.572605000153999,3032.7303889998802,4512.324285883608
1776354421,90,,Aggregated,47.600000,0.000000,1200,1400,1500,1500,1600,1800,1900,2000,2500,3000,3000,25408,53,1200.0,1040.0611368851942,8.572605000153999,3032.7303889998802,4505.581903337532
1776354422,90,,Aggregated,46.300000,0.000000,1200,1400,1500,1500,1600,1800,1900,2000,2500,3000,3000,25492,83,1200.0,1038.6161164526527,8.572605000153999,3032.7303889998802,4500.299505727287
1776354423,90,,Aggregated,51.500000,2.000000,1200,1400,1500,1500,1600,1800,1900,2000,2500,3000,3000,25556,100,1200.0,1038.0628689765624,8.572605000153999,3032.7303889998802,4497.332915949288
1776354424,90,,Aggregated,60.800000,5.300000,1200,1400,1500,1500,1600,1800,1900,2000,2500,3000,3000,25647,107,1200.0,1038.1310522438894,8.572605000153999,3032.7303889998802,4496.163293952509
1776354425,90,,Aggregated,64.500000,7.600000,1200,1400,1500,1500,1600,1800,1900,2000,2500,3000,3000,25752,107,1200.0,1036.4427271484176,8.572605000153999,3032.7303889998802,4496.240097856477
1776354426,90,,Aggregated,67.700000,8.800000,1200,1400,1500,1500,1600,1800,1900,2000,2500,3000,3000,25864,107,1200.0,1034.321850235619,8.572605000153999,3032.7303889998802,4496.3213346736775
1776354427,90,,Aggregated,75.000000,9.200000,1200,1400,1400,1500,1600,1800,1900,2000,2500,3000,3000,25963,107,1200.0,1032.3856935173922,8.572605000153999,3032.7303889998802,4496.392558641143
1776354428,90,,Aggregated,81.000000,9.200000,1200,1400,1400,1500,1600,1800,1900,2000,2500,3000,3000,26056,107,1200.0,1031.061652766083,8.572605000153999,3032.7303889998802,4496.4589729812715
1776354429,90,,Aggregated,87.700000,9.200000,1200,1400,1400,1500,1600,1800,1900,2000,2500,3000,3000,26154,107,1200.0,1029.543616241724,8.572605000153999,3032.7303889998802,4496.528446891489
1776354430,90,,Aggregated,93.400000,9.200000,1200,1400,1400,1500,1600,1800,1900,2000,2500,3000,3000,26254,107,1200.0,1028.0238255439956,8.572605000153999,3032.7303889998802,4496.598803991773
1776354431,90,,Aggregated,99.600000,9.200000,1200,1400,1400,1500,1600,1800,1900,2000,2500,3000,3000,26371,107,1200.0,1025.7901657660327,8.572605000153999,3032.7303889998802,4496.680444427591
1776354432,90,,Aggregated,103.400000,9.200000,1200,1400,1400,1500,1600,1800,1900,2000,2500,3000,3000,26475,107,1200.0,1023.7755704911069,8.572605000153999,3032.7303889998802,4496.752407932011
1776354433,90,,Aggregated,102.200000,7.200000,1200,1400,1400,1500,1600,1800,1900,2000,2500,3000,3000,26584,107,1200.0,1021.8353106018304,8.572605000153999,3032.7303889998802,4496.8272269034005
1776354434,90,,Aggregated,98.300000,3.900000,1200,1400,1400,1500,1600,1800,1900,2000,2500,3000,3000,26689,107,1200.0,1020.0263287768769,8.572605000153999,3032.7303889998802,4496.898722320057
1776354435,90,,Aggregated,99.300000,1.600000,1200,1300,1400,1500,1600,1800,1900,2000,2500,3000,3000,26783,107,1200.0,1018.2233097551835,8.572605000153999,3032.7303889998802,4496.962252174887
1776354436,90,,Aggregated,102.700000,0.400000,1100,1300,1400,1500,1600,1800,1900,2000,2500,3000,3000,26871,107,1100.0,1017.017889940273,8.572605000153999,3032.7303889998802,4497.021324104053
1776354437,90,,Aggregated,103.700000,0.000000,1100,1300,1400,1500,1600,1800,1900,2000,2500,3000,3000,26970,107,1100.0,1015.942842580091,8.572605000153999,3032.7303889998802,4497.087319243604
1776354438,90,,Aggregated,101.400000,0.000000,1100,1300,1400,1500,1600,1800,1900,2000,2500,3000,3000,27069,107,1100.0,1014.5389631338081,8.572605000153999,3032.7303889998802,4497.152831652444
1776354439,90,,Aggregated,100.700000,0.000000,1100,1300,1400,1500,1600,1800,1900,2000,2500,3000,3000,27174,107,1100.0,1012.8490962516391,8.572605000153999,3032.7303889998802,4497.221792890263
1776354440,90,,Aggregated,100.800000,0.000000,1100,1300,1400,1500,1600,1800,1900,2000,2500,3000,3000,27254,109,1100.0,1011.7525084353509,8.572605000153999,3032.7303889998802,4496.9426506200925
1776354441,90,,Aggregated,101.300000,0.000000,1100,1300,1400,1500,1600,1800,1900,2000,2500,3000,3000,27315,109,1100.0,1011.2636021956087,8.572605000153999,3032.7303889998802,4496.982976386601
1776354442,90,,Aggregated,101.500000,0.200000,1100,1300,1400,1500,1600,1800,1900,2000,2500,3000,3000,27412,109,1100.0,1011.1977434775296,8.572605000153999,3032.7303889998802,4497.0467313585295
1776354443,90,,Aggregated,97.700000,0.200000,1100,1300,1400,1500,1600,1800,1900,2000,2500,3000,3000,27490,109,1100.0,1010.1766623455094,8.572605000153999,3032.7303889998802,4497.097671880684
1776354444,90,,Aggregated,94.100000,0.200000,1100,1300,1400,1500,1600,1800,1900,2000,2500,3000,3000,27576,109,1100.0,1009.6467137204831,8.572605000153999,3032.7303889998802,4497.153503046127
1776354445,90,,Aggregated,92.400000,0.200000,1100,1300,1400,1500,1600,1800,1900,2000,2500,3000,3000,27656,109,1100.0,1009.0234423312135,8.572605000153999,3032.7303889998802,4497.205127277986
1776354446,125,,Aggregated,90.500000,0.200000,1100,1300,1400,1500,1600,1800,1900,2000,2500,3000,3000,27801,109,1100.0,1007.0096578755457,8.572605000153999,3032.7303889998802,4497.29793892306
1776354447,125,,Aggregated,86.900000,0.200000,1100,1300,1400,1500,1600,1800,1900,2000,2500,3000,3000,27942,109,1100.0,1004.4367632626528,8.572605000153999,3032.7303889998802,4497.387266480567
1776354448,125,,Aggregated,87.000000,0.200000,1100,1300,1400,1500,1600,1800,1900,2000,2500,3000,3000,28082,109,1100.0,1002.380978197886,8.572605000153999,3032.7303889998802,4497.475073000499
1776354449,125,,Aggregated,94.200000,0.200000,1100,1300,1400,1500,1600,1800,1900,2000,2500,3000,3000,28224,109,1100.0,1000.4654746836386,8.572605000153999,3032.7303889998802,4497.563244047619
1776354450,125,,Aggregated,97.800000,0.200000,1100,1300,1400,1500,1600,1800,1900,2000,2500,3000,3000,28362,109,1100.0,998.4185521183284,8.572605000153999,3032.7303889998802,4497.64808546647
1776354451,125,,Aggregated,101.600000,0.200000,1100,1300,1400,1500,1600,1800,1900,2000,2500,3000,3000,28501,109,1100.0,996.3286743076745,8.572605000153999,3032.7303889998802,4497.732711132942
1776354450,125,,Aggregated,97.800000,0.200000,1100,1300,1400,1500,1600,1700,1900,2000,2500,3000,3000,28644,109,1100.0,994.5866373139933,8.572605000153999,3032.7303889998802,4497.818914956012
1776354451,125,,Aggregated,101.600000,0.200000,1100,1300,1400,1500,1600,1700,1900,2000,2500,3000,3000,28766,109,1100.0,992.7591865467234,8.572605000153999,3032.7303889998802,4497.8917819648195
1776354452,125,,Aggregated,108.800000,0.000000,1100,1300,1400,1500,1600,1700,1900,2000,2500,3000,3000,28901,109,1100.0,991.060838654096,8.572605000153999,3032.7303889998802,4497.9716964810905
1776354453,125,,Aggregated,129.100000,0.000000,1100,1300,1400,1500,1600,1700,1900,2000,2500,3000,3000,29039,109,1100.0,989.4593886347335,8.572605000153999,3032.7303889998802,4498.052618891835
1776354454,125,,Aggregated,148.700000,0.000000,1100,1300,1400,1500,1600,1700,1900,2000,2500,3000,3000,29168,109,1100.0,987.8453443523392,8.572605000153999,3032.7303889998802,4498.127571311025
1776354455,125,,Aggregated,154.900000,0.000000,1100,1300,1400,1500,1600,1700,1900,2000,2500,3000,3000,29301,109,1100.0,986.2522512675,8.572605000153999,3032.7303889998802,4498.204156854715
1776354456,125,,Aggregated,159.500000,0.000000,1100,1300,1400,1500,1600,1700,1900,2000,2500,3000,3000,29408,109,1100.0,984.8262591168059,8.572605000153999,3032.7303889998802,4498.265267954298
1776354457,125,,Aggregated,166.700000,0.000000,1100,1300,1400,1500,1600,1700,1900,2000,2500,3000,3000,29516,109,1100.0,983.7754311966746,8.572605000153999,3032.7303889998802,4498.3265008808785
1776354458,125,,Aggregated,170.400000,0.000000,1100,1300,1400,1500,1600,1800,1900,2000,2500,3000,3000,29641,109,1100.0,983.9070390706804,8.572605000153999,3032.7303889998802,4498.396815222159
1776354459,125,,Aggregated,163.900000,0.000000,1100,1300,1400,1500,1600,1800,1900,2000,2500,3000,3000,29765,109,1100.0,982.7849130589292,8.572605000153999,3032.7303889998802,4498.465983537712
1776354460,125,,Aggregated,162.500000,0.000000,1100,1300,1400,1500,1600,1800,1900,2000,2500,3000,3000,29876,109,1100.0,981.5330615539575,8.572605000153999,3032.7303889998802,4498.527413308341
1776354461,125,,Aggregated,161.300000,0.000000,1100,1300,1400,1500,1600,1800,1900,2000,2500,3000,3000,29986,109,1100.0,981.1163454781566,8.572605000153999,3032.7303889998802,4498.5878409924635
1776354462,125,,Aggregated,155.600000,0.000000,1100,1300,1400,1500,1600,1800,1900,2000,2500,3000,3000,30104,109,1100.0,980.6625276179243,8.572605000153999,3032.7303889998802,4498.652172468775
1776354463,125,,Aggregated,138.100000,0.000000,1100,1300,1400,1500,1600,1800,1900,2000,2500,3000,3000,30223,109,1100.0,979.3968760263705,8.572605000153999,3032.7303889998802,4498.716540383152
1776354464,125,,Aggregated,124.000000,0.000000,1100,1300,1400,1500,1600,1800,1900,2000,2500,3000,3000,30327,109,1100.0,978.4744736379791,8.572605000153999,3032.7303889998802,4498.772381046592
1776354465,125,,Aggregated,120.900000,0.000000,1100,1300,1400,1500,1600,1800,1900,2100,2500,3000,3000,30434,109,1100.0,978.2581125234277,8.572605000153999,3032.7303889998802,4498.829434185451
1776354466,125,,Aggregated,118.800000,0.000000,1100,1300,1400,1500,1600,1800,1900,2100,2500,3000,3000,30566,109,1100.0,977.7797269344036,8.572605000153999,3032.7303889998802,4498.899267159589
1776354467,125,,Aggregated,114.500000,0.000000,1100,1300,1400,1500,1600,1800,1900,2100,2500,3000,3000,30697,109,1100.0,976.6208627635589,8.572605000153999,3032.7303889998802,4498.967977326774
1776354468,165,,Aggregated,114.600000,0.000000,1100,1300,1400,1500,1600,1800,1900,2100,2500,3000,3000,30891,172,1100.0,973.7850312181854,8.572605000153999,3032.7303889998802,4489.860639021074
1776354469,167,,Aggregated,117.200000,0.000000,1100,1300,1400,1500,1600,1800,1900,2100,2500,3000,3000,31098,221,1100.0,970.8695147684077,8.572605000153999,3032.7303889998802,4482.913852980899
1776354470,167,,Aggregated,122.600000,4.700000,1100,1300,1400,1500,1600,1800,1900,2100,2500,3000,3000,31287,246,1100.0,968.2820923623849,8.572605000153999,3032.7303889998802,4479.499952056764
1776354471,167,,Aggregated,130.500000,9.900000,1100,1300,1400,1500,1600,1800,1900,2100,2500,3000,3000,31466,258,1100.0,965.9786830773835,8.572605000153999,3032.7303889998802,4477.980041950042
1776354472,167,,Aggregated,138.700000,13.300000,1100,1300,1400,1500,1600,1800,1900,2100,2500,3000,3300,31636,262,1100.0,963.701330048898,8.572605000153999,3255.7747679993554,4477.608104690858
1776354473,167,,Aggregated,146.500000,14.500000,1100,1300,1400,1500,1600,1800,1900,2100,2500,3300,3700,31827,263,1100.0,962.0226819749878,8.572605000153999,3733.3758920003675,4477.690640022623
1776354474,167,,Aggregated,151.600000,15.100000,1100,1300,1400,1500,1600,1800,1900,2100,2500,3300,3700,32009,263,1100.0,960.1809518192052,8.572605000153999,3733.3758920003675,4477.902777343872
1776354475,167,,Aggregated,157.900000,15.400000,1000,1300,1400,1500,1600,1800,1900,2100,2500,3300,3700,32206,263,1000.0,958.2630820758229,8.572605000153999,3733.3758920003675,4478.129696329876
1776354476,167,,Aggregated,165.700000,15.400000,1000,1300,1400,1500,1600,1800,1900,2100,2500,3300,3700,32402,263,1000.0,956.1566701396819,8.572605000153999,3733.3758920003675,4478.352725140423
1776354477,167,,Aggregated,174.000000,15.400000,1000,1300,1400,1500,1600,1800,1900,2100,2500,3300,3700,32618,263,1000.0,953.1595438475987,8.572605000153999,3733.3758920003675,4478.595407443743
1776354478,167,,Aggregated,181.200000,15.400000,1000,1300,1400,1500,1600,1800,1900,2100,2500,3300,3700,32830,263,1000.0,950.0259878050244,8.572605000153999,3733.3758920003675,4478.830490405117
1776354479,167,,Aggregated,189.900000,15.400000,1000,1300,1400,1500,1600,1800,1900,2100,2500,3300,3700,33051,263,1000.0,946.8373618888974,8.572605000153999,3733.3758920003675,4479.072342743034
1776354480,167,,Aggregated,192.900000,10.700000,1000,1300,1400,1500,1600,1800,1900,2100,2500,3300,3700,33284,263,1000.0,943.2971518340329,8.572605000153999,3733.3758920003675,4479.323849296959
1776354481,167,,Aggregated,194.100000,5.500000,1000,1300,1400,1500,1600,1800,1900,2100,2500,3300,3700,33503,263,1000.0,940.2228702947483,8.572605000153999,3733.3758920003675,4479.557054592126
1776354482,167,,Aggregated,198.600000,2.100000,990,1300,1400,1500,1600,1800,1900,2100,2500,3300,3700,33723,263,990.0,937.0285544630959,8.572605000153999,3733.3758920003675,4479.788275064496
1776354480,167,,Aggregated,192.900000,10.700000,990,1300,1400,1500,1600,1800,1900,2100,2500,3300,3700,33942,263,990.0,934.0414715273994,8.572605000153999,3733.3758920003675,4480.015467562313
1776354481,167,,Aggregated,194.100000,5.500000,980,1300,1400,1500,1600,1800,1900,2100,2500,3300,3700,34135,263,980.0,931.1648826139141,8.572605000153999,3733.3758920003675,4480.213270836385
1776354482,167,,Aggregated,200.800000,2.100000,980,1300,1400,1500,1600,1800,1900,2100,2500,3300,3700,34320,263,980.0,929.2661486969395,8.572605000153999,3733.3758920003675,4480.400786713287
1776354483,167,,Aggregated,226.500000,0.900000,970,1300,1400,1500,1600,1800,1900,2100,2500,3300,3700,34487,263,970.0,927.5863138722115,8.572605000153999,3733.3758920003675,4480.568330095398
1776354484,167,,Aggregated,248.500000,0.300000,970,1300,1400,1500,1600,1800,1900,2100,2500,3300,3700,34674,263,970.0,926.4050929538554,8.572605000153999,3733.3758920003675,4480.754023187403
1776354485,167,,Aggregated,257.100000,0.000000,970,1300,1400,1500,1600,1800,1900,2100,2500,3300,3700,34870,263,970.0,924.6471059767127,8.572605000153999,3733.3758920003675,4480.946515629481
1776354486,167,,Aggregated,256.200000,0.000000,970,1300,1400,1500,1600,1700,1900,2100,2500,3300,3700,35055,263,970.0,922.6396955013828,8.572605000153999,3733.3758920003675,4481.12623020967
1776354487,167,,Aggregated,255.300000,0.000000,960,1300,1400,1500,1600,1800,1900,2100,2500,3300,3700,35220,263,960.0,920.7572673056488,8.572605000153999,3733.3758920003675,4481.284923339012
1776354488,167,,Aggregated,255.100000,0.000000,960,1300,1400,1500,1600,1800,1900,2100,2500,3300,3700,35400,263,960.0,919.6390812276259,8.572605000153999,3733.3758920003675,4481.456355932203
1776354489,167,,Aggregated,251.800000,0.000000,960,1300,1400,1500,1600,1800,1900,2100,2500,3300,3700,35600,263,960.0,918.3823171264877,8.572605000153999,3733.3758920003675,4481.644803370787
1776354490,207,,Aggregated,248.100000,0.000000,960,1300,1400,1500,1600,1800,1900,2100,2500,3300,3700,35843,307,960.0,915.4191894068562,8.572605000153999,3733.3758920003675,4476.328432329883
1776354491,247,,Aggregated,244.900000,0.000000,950,1300,1400,1500,1600,1800,1900,2100,2500,3300,3700,36168,363,950.0,911.1629707389385,8.572605000153999,3733.3758920003675,4469.685218978102
1776354492,287,,Aggregated,238.700000,0.000000,940,1300,1400,1500,1600,1800,1900,2100,2500,3300,3700,36536,432,940.0,906.3665666906599,8.572605000153999,3733.3758920003675,4461.614845631706
1776354493,287,,Aggregated,220.600000,4.500000,930,1300,1400,1500,1600,1800,1900,2100,2500,3300,3700,36905,462,930.0,901.9444975285442,8.572605000153999,3733.3758920003675,4458.478390461997
1776354494,287,,Aggregated,213.300000,10.500000,920,1300,1400,1500,1600,1800,1900,2100,2600,3300,3700,37262,480,920.0,897.8907809616746,8.572605000153999,3733.3758920003675,4456.838870699372
1776354495,287,,Aggregated,224.200000,17.300000,920,1300,1400,1500,1600,1800,1900,2100,2600,3300,3700,37604,490,920.0,894.363854026351,8.572605000153999,3733.3758920003675,4456.167163067758
1776354496,287,,Aggregated,243.000000,20.100000,910,1300,1400,1400,1600,1800,1900,2100,2800,4200,4400,37893,497,910.0,890.9616071100704,8.572605000153999,4431.962255000144,4455.781806666138
1776354497,287,,Aggregated,259.900000,21.800000,900,1300,1400,1400,1600,1800,1900,2100,2800,4200,4400,38220,500,900.0,888.6558639423856,8.572605000153999,4431.962255000144,4455.934065934066
1776354498,287,,Aggregated,275.200000,22.900000,890,1300,1400,1400,1600,1800,1900,2100,2800,4200,4400,38576,502,890.0,886.8607039322858,8.572605000153999,4431.962255000144,4456.245074657818
1776354499,287,,Aggregated,285.200000,23.400000,880,1300,1400,1400,1600,1800,1900,2100,2900,4400,5100,38920,510,880.0,883.613793134967,8.572605000153999,5114.368139999897,4455.836330935252
1776354500,287,,Aggregated,301.500000,23.700000,880,1300,1400,1400,1600,1800,1900,2100,2800,4400,5100,39266,633,880.0,880.1320496924287,8.572605000153999,5114.368139999897,4442.214511282025
1776354501,287,,Aggregated,318.100000,23.900000,870,1300,1400,1400,1600,1800,2000,2100,2800,4400,5100,39530,684,870.0,878.194129072069,8.572605000153999,5114.368139999897,4436.875537566405
1776354502,287,,Aggregated,334.300000,25.900000,870,1300,1400,1400,1600,1800,2000,2100,2800,4400,5100,39825,688,870.0,877.4701135041017,8.572605000153999,5114.368139999897,4437.000753295669
1776354503,287,,Aggregated,341.100000,33.700000,860,1300,1400,1400,1600,1800,2000,2100,2800,4200,5100,40128,688,860.0,875.7322846900614,8.572605000153999,5114.368139999897,4437.589712918661
1776354504,287,,Aggregated,334.800000,31.900000,860,1300,1400,1400,1600,1800,2000,2200,3000,4200,5100,40418,688,860.0,875.0809993027297,8.572605000153999,5114.368139999897,4438.1451333564255
1776354505,287,,Aggregated,326.700000,25.200000,850,1300,1400,1400,1600,1800,2000,2200,3100,4200,5100,40712,688,850.0,873.4606992878428,8.572605000153999,5114.368139999897,4438.700137551582
1776354506,287,,Aggregated,321.100000,22.400000,850,1300,1400,1400,1600,1800,2000,2200,3000,4200,5100,41008,688,850.0,872.1509129057667,8.572605000153999,5114.368139999897,4439.250877877487
1776354507,287,,Aggregated,314.500000,20.700000,840,1300,1400,1400,1600,1800,2000,2200,3000,4200,5100,41272,688,840.0,871.193176099163,8.572605000153999,5114.368139999897,4439.735413839891
1776354508,287,,Aggregated,308.000000,19.600000,840,1200,1400,1400,1600,1800,2000,2200,3000,4200,5100,41577,688,840.0,869.9786507042044,8.572605000153999,5114.368139999897,4440.287538783462
1776354509,287,,Aggregated,310.200000,19.100000,830,1200,1400,1400,1600,1800,2000,2200,3000,4200,5100,41870,688,830.0,868.4635247558322,8.572605000153999,5114.368139999897,4440.810365416766
1776354510,287,,Aggregated,303.000000,18.800000,820,1200,1400,1400,1600,1800,2000,2200,3000,4200,5100,42177,688,820.0,867.2658172888227,8.572605000153999,5114.368139999897,4441.3503805391565
1776354511,287,,Aggregated,298.600000,18.600000,820,1200,1400,1400,1600,1800,2100,2200,3000,4200,5100,42468,688,820.0,865.3833556605366,8.572605000153999,5114.368139999897,4441.855043797683
1776354510,287,,Aggregated,303.000000,18.800000,810,1200,1400,1400,1600,1800,2100,2200,3000,4200,5100,42759,688,810.0,864.0985061242694,8.572605000153999,5114.368139999897,4442.3528379990175
1776354511,287,,Aggregated,298.600000,18.600000,800,1200,1400,1400,1600,1800,2100,2200,3000,4200,5100,43081,688,800.0,862.9598971053987,8.572605000153999,5114.368139999897,4442.895824145215
1776354512,287,,Aggregated,297.600000,16.600000,800,1200,1400,1400,1600,1800,2100,2200,3000,4200,5100,43403,688,800.0,861.3430653528723,8.572605000153999,5114.368139999897,4443.430753634541
1776354513,327,,Aggregated,326.300000,4.300000,790,1200,1400,1400,1600,1800,2100,2200,3000,4200,5100,43752,688,790.0,859.4725458204354,8.572605000153999,5114.368139999897,4444.001645639057
1776354514,367,,Aggregated,360.500000,0.100000,780,1200,1400,1400,1600,1800,2100,2200,3000,4200,5100,44177,688,780.0,856.3285554448165,8.572605000153999,5114.368139999897,4444.6846775471395
1776354515,407,,Aggregated,367.300000,0.000000,760,1200,1400,1400,1600,1800,2100,2200,3000,4200,5100,44663,688,760.0,852.3350047205445,8.572605000153999,5114.368139999897,4445.449813044354
1776354516,432,,Aggregated,377.700000,0.000000,740,1200,1400,1400,1600,1800,2100,2200,3000,4200,5100,45157,689,740.0,848.6705198585969,8.572605000153999,5114.368139999897,4446.110680514649
1776354517,432,,Aggregated,396.800000,0.000000,720,1200,1400,1400,1600,1800,2100,2200,3000,4200,5100,45684,689,720.0,845.2740863064244,8.572605000153999,5114.368139999897,4446.905371683741
1776354518,432,,Aggregated,421.000000,0.100000,700,1200,1400,1400,1600,1800,2100,2200,3200,4400,5100,46184,689,700.0,841.8967465402677,8.572605000153999,5114.368139999897,4447.642581846527
1776354519,432,,Aggregated,441.000000,0.100000,680,1200,1400,1400,1600,1800,2100,2200,3200,4400,5100,46708,689,680.0,838.9778061064419,8.572605000153999,5114.368139999897,4448.39824013017
1776354520,432,,Aggregated,467.000000,0.100000,670,1200,1400,1400,1600,1800,2100,2200,3200,4600,5100,47216,689,670.0,835.3069096193395,8.572605000153999,5114.368139999897,4449.11481277533
1776354521,432,,Aggregated,486.100000,0.100000,650,1200,1400,1400,1600,1800,2100,2200,3200,4600,5100,47738,689,650.0,832.5705241115418,8.572605000153999,5114.368139999897,4449.8352465541075
1776354522,432,,Aggregated,503.300000,0.100000,640,1200,1400,1400,1600,1800,2100,2200,3200,4600,5100,48260,689,640.0,829.8373738091118,8.572605000153999,5114.368139999897,4450.540095317033
1776354523,432,,Aggregated,493.000000,0.100000,620,1200,1400,1400,1600,1800,2100,2200,3200,4600,5100,48764,689,620.0,826.2880776136017,8.572605000153999,5114.368139999897,4451.20632023624
1776354524,432,,Aggregated,481.800000,0.100000,600,1200,1300,1400,1600,1800,2100,2200,3200,4600,5100,49293,689,600.0,822.8848966398604,8.572605000153999,5114.368139999897,4451.89093786136
1776354525,432,,Aggregated,499.000000,0.100000,590,1200,1300,1400,1600,1800,2100,2200,3200,4600,5100,49793,689,590.0,820.3923734565424,8.572605000153999,5114.368139999897,4452.5246520595265
1776354526,432,,Aggregated,510.000000,0.100000,580,1200,1300,1400,1600,1800,2100,2200,3200,4600,5100,50300,689,580.0,817.6188831747044,8.572605000153999,5114.368139999897,4453.154373757456
1776354527,432,,Aggregated,512.600000,0.100000,570,1200,1300,1400,1600,1800,2100,2200,3200,4600,5100,50805,689,570.0,814.8750876370965,8.572605000153999,5114.368139999897,4453.7691172128725
1776354528,432,,Aggregated,510.100000,0.000000,560,1200,1300,1400,1600,1800,2100,2200,3100,4600,5100,51292,689,560.0,812.3067026177522,8.572605000153999,5114.368139999897,4454.350483506199
1776354529,432,,Aggregated,510.600000,0.000000,550,1100,1300,1400,1600,1800,2100,2200,3100,4600,5100,51753,689,550.0,810.5724588579544,8.572605000153999,5114.368139999897,4454.890730972117
1776354530,432,,Aggregated,509.700000,0.000000,550,1100,1300,1400,1600,1800,2100,2200,3100,4600,5100,52249,689,550.0,808.8480359953996,8.572605000153999,5114.368139999897,4455.461348542556
1776354531,432,,Aggregated,506.100000,0.000000,540,1100,1300,1400,1600,1800,2100,2200,3100,4600,5100,52736,689,540.0,806.5571844717579,8.572605000153999,5114.368139999897,4456.01116884102
1776354532,432,,Aggregated,501.100000,0.000000,540,1100,1300,1400,1600,1900,2100,2200,3000,4600,5100,53223,689,540.0,804.4547958422022,8.572605000153999,5114.368139999897,4456.550927230708
1776354533,432,,Aggregated,500.800000,0.000000,540,1100,1300,1400,1600,1900,2100,2200,3000,4600,5100,53706,689,540.0,803.000236787705,8.572605000153999,5114.368139999897,4457.076583621942
1776354534,432,,Aggregated,499.300000,0.000000,530,1100,1300,1400,1600,1900,2100,2200,3000,4600,5100,54174,689,530.0,800.7414314883798,8.572605000153999,5114.368139999897,4457.576974194263
1776354535,432,,Aggregated,493.200000,0.000000,530,1100,1300,1400,1600,1900,2100,2300,3000,4600,5100,54665,689,530.0,797.9140651231775,8.572605000153999,5114.368139999897,4458.0927467300835
1776354536,432,,Aggregated,487.600000,0.000000,520,1100,1300,1400,1600,1900,2100,2300,3200,4600,5100,55158,689,520.0,796.0961590891901,8.572605000153999,5114.368139999897,4458.601381485913
1776354537,432,,Aggregated,487.300000,0.000000,520,1100,1300,1400,1600,1900,2100,2300,3300,4600,5100,55637,689,520.0,793.8486960274915,8.572605000153999,5114.368139999897,4459.086938548088
1776354538,472,,Aggregated,485.100000,0.000000,510,1100,1300,1400,1600,1900,2100,2300,3700,4600,5100,56157,706,510.0,791.9664376862463,8.572605000153999,5114.368139999897,4458.237886639244
1776354539,486,,Aggregated,483.900000,0.000000,510,1100,1300,1400,1600,1900,2200,2300,3800,4600,5100,56701,720,510.0,790.4556257673845,8.572605000153999,5114.368139999897,4457.667677818733
1776354540,486,,Aggregated,479.900000,1.200000,510,1100,1300,1400,1600,1900,2200,2300,3800,4600,5100,57192,721,510.0,790.0863928376953,8.572605000153999,5114.368139999897,4458.080937893412
1776354541,486,,Aggregated,488.600000,2.700000,510,1000,1300,1400,1600,1900,2200,2400,3800,4600,5100,57729,721,510.0,789.0352839459274,8.572605000153999,5114.368139999897,4458.610403783194
1776354540,486,,Aggregated,479.900000,1.200000,510,1000,1300,1400,1600,1900,2200,2500,3800,4600,5100,58234,721,510.0,787.3924488291624,8.572605000153999,5114.368139999897,4459.099409279802
1776354541,486,,Aggregated,488.600000,2.700000,500,1000,1300,1400,1600,1900,2200,2500,3800,4600,5100,58791,721,500.0,785.8687955183835,8.572605000153999,5114.368139999897,4459.629024850742
1776354542,486,,Aggregated,500.700000,3.200000,500,1000,1300,1400,1600,1900,2200,2600,3800,4600,5100,59337,721,500.0,783.5552313950186,8.572605000153999,5114.368139999897,4460.1385307649525
1776354543,486,,Aggregated,555.200000,3.200000,500,1000,1300,1400,1600,1900,2200,2600,3800,4700,7100,59794,721,500.0,783.323493454181,8.572605000153999,7053.957731000082,4460.557831889487
1776354544,486,,Aggregated,613.800000,3.200000,500,1000,1300,1400,1600,1900,2200,2600,3800,4700,7100,60250,721,500.0,783.4295470852655,8.572605000153999,7053.957731000082,4460.969875518672
1776354545,486,,Aggregated,630.900000,3.200000,500,1000,1300,1400,1600,1900,2200,2600,3800,4700,7100,60744,721,500.0,782.9659811467181,8.572605000153999,7053.957731000082,4461.409274990123
1776354546,486,,Aggregated,629.900000,3.200000,490,1000,1300,1400,1600,1900,2200,2600,3800,4700,7100,61273,721,490.0,781.647227263938,8.572605000153999,7053.957731000082,4461.871950124851
1776354547,486,,Aggregated,627.000000,3.200000,490,990,1300,1400,1600,1900,2200,2600,3800,4700,7100,61802,721,490.0,780.5447910572191,8.572605000153999,7053.957731000082,4462.32670463739
1776354548,486,,Aggregated,632.000000,3.200000,490,980,1300,1400,1600,1900,2300,2600,3800,4700,7100,62356,721,490.0,778.6654500907422,8.572605000153999,7053.957731000082,4462.794678940279
1776354549,486,,Aggregated,636.400000,3.200000,490,970,1300,1400,1600,1900,2300,2600,3800,4700,7100,62904,721,490.0,777.0371826766549,8.572605000153999,7053.957731000082,4463.249475391072
1776354550,486,,Aggregated,644.500000,2.000000,490,970,1300,1400,1600,1900,2300,2700,3800,4700,7100,63466,721,490.0,775.2436128333165,8.572605000153999,7053.957731000082,4463.707733274509
1776354551,486,,Aggregated,644.200000,0.500000,490,960,1300,1400,1600,1900,2300,2700,3800,4700,7100,64037,721,490.0,773.4998934567087,8.572605000153999,7053.957731000082,4464.165092056155
1776354552,486,,Aggregated,640.300000,0.000000,480,950,1300,1400,1600,1900,2300,2700,3800,4700,7100,64589,721,480.0,771.3580502300427,8.572605000153999,7053.957731000082,4464.599544814132
1776354553,486,,Aggregated,591.500000,0.000000,480,940,1300,1400,1600,1900,2400,2700,3800,4700,7100,65201,721,480.0,769.3641039397127,8.572605000153999,7053.957731000082,4465.072621585558
1776354554,486,,Aggregated,541.700000,0.000000,480,940,1300,1400,1600,1900,2400,2700,3800,4700,7100,65776,721,480.0,767.1654215504317,8.572605000153999,7053.957731000082,4465.509076258818
1776354555,486,,Aggregated,537.000000,0.000000,480,930,1300,1400,1600,1900,2400,2700,3800,4700,7100,66300,721,480.0,765.7163953827638,8.572605000153999,7053.957731000082,4465.900226244344
1776354556,486,,Aggregated,549.100000,0.000000,480,920,1300,1400,1600,1900,2400,2700,3800,4700,7100,66823,721,480.0,764.0928381515824,8.572605000153999,7053.957731000082,4466.284512817443
1776354557,486,,Aggregated,555.100000,0.000000,470,920,1300,1400,1600,2000,2400,2700,3800,4700,7100,67377,721,470.0,762.9478337792765,8.572605000153999,7053.957731000082,4466.685070573044
1776354558,486,,Aggregated,554.900000,0.000000,470,910,1300,1400,1600,2000,2500,2700,3800,4700,7100,67926,721,470.0,761.558364191595,8.572605000153999,7053.957731000082,4467.07556752937
1776354559,486,,Aggregated,554.600000,0.000000,470,900,1300,1400,1600,2000,2500,2800,3800,4700,7100,68466,721,470.0,760.4313749858655,8.572605000153999,7053.957731000082,4467.4535535886425
1776354560,486,,Aggregated,555.200000,0.000000,470,890,1300,1400,1600,2000,2500,2800,3800,4700,7100,69010,721,470.0,759.1510070772954,8.572605000153999,7053.957731000082,4467.828358208955
1776354561,480,,Aggregated,552.900000,0.000000,470,890,1200,1400,1600,2000,2500,2800,3800,4700,7100,69563,721,470.0,758.045701792809,8.572605000153999,7053.957731000082,4468.203355231948
1776354562,480,,Aggregated,551.600000,0.000000,470,880,1200,1400,1600,2000,2500,2800,3800,4600,7100,70091,721,470.0,757.0377711675276,8.572605000153999,7053.957731000082,4468.555877359433
1776354563,480,,Aggregated,548.500000,0.000000,460,880,1200,1400,1600,2000,2500,2800,3800,4600,7100,70663,721,460.0,755.2863354355908,8.572605000153999,7053.957731000082,4468.931831368609
1776354564,480,,Aggregated,549.200000,0.000000,460,870,1200,1400,1600,2000,2500,2800,3800,4600,7100,71227,721,460.0,753.8980291687436,8.572605000153999,7053.957731000082,4469.296615047664
1776354565,480,,Aggregated,544.900000,0.000000,460,870,1200,1400,1600,2000,2500,2800,3800,4600,7100,71788,721,460.0,752.370866733313,8.572605000153999,7053.957731000082,4469.653772218198
1776354566,480,,Aggregated,543.700000,0.000000,460,860,1200,1400,1600,2000,2500,2800,3800,4600,7100,72386,721,460.0,750.6576086554315,8.572605000153999,7053.957731000082,4470.028389467577
1776354567,480,,Aggregated,545.600000,0.000000,460,860,1200,1400,1600,2000,2500,2800,3800,4600,7100,72945,721,460.0,749.3392821498393,8.572605000153999,7053.957731000082,4470.373020769072
1776354568,480,,Aggregated,552.200000,0.000000,460,850,1200,1400,1600,2000,2500,2800,3800,4600,7100,73535,721,460.0,747.3786776463036,8.572605000153999,7053.957731000082,4470.731080437887
1776354569,480,,Aggregated,555.600000,0.000000,450,840,1200,1400,1600,2000,2500,2800,3800,4600,7100,74138,721,450.0,745.5133674776498,8.572605000153999,7053.957731000082,4471.09114084545
1776354570,480,,Aggregated,557.700000,0.000000,450,840,1200,1300,1600,2000,2500,2700,3800,4600,7100,74731,721,450.0,743.5322817608762,8.572605000153999,7053.957731000082,4471.4395632334645
1776354571,480,,Aggregated,563.900000,0.000000,450,830,1200,1300,1600,2000,2500,2700,3800,4600,7100,75310,721,450.0,741.8867098548806,8.572605000153999,7053.957731000082,4471.774465542425
1776354569,480,,Aggregated,555.600000,0.000000,450,830,1200,1300,1600,2000,2500,2700,3800,4600,7100,75898,721,450.0,739.9251891727843,8.572605000153999,7053.957731000082,4472.10934411974
1776354570,480,,Aggregated,557.700000,0.000000,450,820,1200,1300,1600,2000,2500,2700,3800,4600,7100,76478,721,450.0,738.2321698725259,8.572605000153999,7053.957731000082,4472.43462172128
1776354571,480,,Aggregated,563.900000,0.000000,450,820,1200,1300,1600,2000,2500,2700,3800,4600,7100,77036,721,450.0,737.1917601493453,8.572605000153999,7053.957731000082,4472.742938366478
1776354572,480,,Aggregated,579.700000,0.000000,450,810,1200,1300,1600,2000,2500,2700,3800,4600,7100,77641,721,450.0,735.6633249149296,8.572605000153999,7053.957731000082,4473.07221699875
1776354573,480,,Aggregated,640.200000,0.000000,440,800,1200,1300,1600,2000,2500,2700,3800,4600,7100,78214,721,440.0,734.0338206706983,8.572605000153999,7053.957731000082,4473.379382207789
1776354574,480,,Aggregated,698.100000,0.000000,440,800,1200,1300,1600,2000,2400,2700,3800,4600,7100,78756,721,440.0,732.564695416006,8.572605000153999,7053.957731000082,4473.665815937833
1776354575,480,,Aggregated,708.900000,0.000000,440,790,1200,1300,1600,2000,2400,2700,3800,4600,7100,79356,721,440.0,731.1090978824401,8.572605000153999,7053.957731000082,4473.978338121881
1776354576,480,,Aggregated,709.500000,0.000000,440,780,1200,1300,1600,2000,2400,2700,3800,4600,7100,79944,721,440.0,729.7382153325568,8.572605000153999,7053.957731000082,4474.280058540979
1776354577,480,,Aggregated,718.200000,0.000000,440,770,1200,1300,1600,2000,2400,2700,3800,4600,7100,80520,721,440.0,728.3394061036751,8.572605000153999,7053.957731000082,4474.571348733234
1776354578,480,,Aggregated,723.100000,0.000000,440,770,1200,1300,1600,2000,2400,2700,3800,4600,7100,81111,721,440.0,726.4680097207527,8.572605000153999,7053.957731000082,4474.865924473869
1776354579,480,,Aggregated,723.100000,0.000000,430,760,1200,1300,1600,2000,2400,2700,3800,4600,7100,81719,721,430.0,724.695037448158,8.572605000153999,7053.957731000082,4475.164527221332
1776354580,480,,Aggregated,723.500000,0.000000,430,750,1200,1300,1600,2000,2400,2700,3800,4600,7100,82282,721,430.0,723.1072929675031,8.572605000153999,7053.957731000082,4475.4370943827325
1776354581,480,,Aggregated,725.600000,0.000000,430,740,1200,1300,1600,2000,2400,2700,3800,4600,7100,82928,721,430.0,721.5741162174786,8.572605000153999,7053.957731000082,4475.745285066564
1776354582,480,,Aggregated,716.300000,0.000000,430,740,1200,1300,1600,2000,2400,2700,3800,4600,7100,83521,721,430.0,720.1093016672464,8.572605000153999,7053.957731000082,4476.023993965589
1776354583,520,,Aggregated,659.000000,0.000000,430,730,1100,1300,1600,2000,2400,2700,3800,4600,7100,84173,721,430.0,718.128032919726,8.572605000153999,7053.957731000082,4476.32590022929
1776354584,555,,Aggregated,605.800000,0.000000,420,720,1100,1300,1600,2000,2400,2700,3800,4600,7100,84826,721,420.0,716.4648585613506,8.572605000153999,7053.957731000082,4476.623617758706
1776354585,555,,Aggregated,599.300000,0.000000,420,710,1100,1300,1600,2000,2400,2700,3700,4600,7100,85530,721,420.0,714.4037517390175,8.572605000153999,7053.957731000082,4476.939494914065
1776354586,555,,Aggregated,609.300000,0.000000,420,710,1100,1300,1600,2000,2400,2700,3700,4600,7100,86235,721,420.0,712.1553682927027,8.572605000153999,7053.957731000082,4477.250652287355
1776354587,555,,Aggregated,612.000000,0.000000,420,700,1100,1300,1600,2000,2400,2700,3700,4600,7100,86916,721,420.0,709.8763373157662,8.572605000153999,7053.957731000082,4477.546424133647
1776354588,555,,Aggregated,616.500000,0.000000,410,690,1100,1300,1600,2000,2400,2700,3800,4600,7100,87632,721,410.0,707.7024301409103,8.572605000153999,7053.957731000082,4477.852439748037
1776354589,555,,Aggregated,628.900000,0.000000,410,680,1100,1300,1600,2000,2500,2700,4000,4600,7100,88355,721,410.0,706.3913553552625,8.572605000153999,7053.957731000082,4478.156414464376
1776354590,555,,Aggregated,640.300000,0.000000,400,680,1100,1300,1600,2000,2500,2800,4100,4600,7100,89081,721,400.0,704.8684986967723,8.572605000153999,7053.957731000082,4478.456685488488
1776354591,555,,Aggregated,649.700000,0.000000,400,670,1100,1300,1600,2000,2500,2800,4100,4700,8300,89739,721,400.0,703.4297335142263,8.572605000153999,8328.178203000789,4478.724634774178
1776354592,555,,Aggregated,663.100000,0.000000,400,660,1100,1300,1600,2000,2500,2800,4100,4600,8300,90406,721,400.0,701.1881933038866,8.572605000153999,8328.178203000789,4478.992268212287
1776354593,555,,Aggregated,676.200000,0.000000,400,660,1100,1300,1600,2000,2500,2800,4200,4600,8300,91141,721,400.0,699.6125955805318,8.572605000153999,8328.178203000789,4479.282649959952
1776354594,555,,Aggregated,682.300000,0.000000,390,650,1000,1300,1600,2000,2500,2800,4200,4600,8300,91863,721,390.0,699.0346618528921,8.572605000153999,8328.178203000789,4479.563371542406
1776354595,555,,Aggregated,689.100000,0.000000,390,650,1000,1300,1600,2000,2500,2900,4200,4600,8300,92531,721,390.0,698.0777063564774,8.572605000153999,8328.178203000789,4479.819195728999
1776354596,555,,Aggregated,694.200000,0.000000,390,640,1000,1300,1600,2000,2500,2900,4200,4600,8300,93265,721,390.0,696.3896742018476,8.572605000153999,8328.178203000789,4480.096070337211
1776354597,555,,Aggregated,696.300000,0.000000,390,640,1000,1300,1600,2000,2500,2900,4200,4600,8300,93988,721,390.0,695.033234315885,8.572605000153999,8328.178203000789,4480.364567817168
1776354598,555,,Aggregated,699.900000,0.000000,380,630,1000,1300,1600,2000,2500,2800,4200,4600,8300,94691,721,380.0,693.4099030545925,8.572605000153999,8328.178203000789,4480.621706392371
1776354599,555,,Aggregated,702.900000,0.000000,380,630,1000,1300,1600,2000,2500,2800,4200,4600,8300,95384,721,380.0,691.8907282543968,8.572605000153999,8328.178203000789,4480.8714773966285
1776354600,555,,Aggregated,703.900000,0.000000,380,620,1000,1300,1600,2000,2500,2800,4200,4600,8300,96102,721,380.0,690.1998586264546,8.572605000153999,8328.178203000789,4481.126459386902
1776354601,555,,Aggregated,701.600000,0.000000,380,620,990,1300,1600,2000,2500,2800,4200,4600,8300,96813,721,380.0,688.828791097729,8.572605000153999,8328.178203000789,4481.3752285333585
1776354600,555,,Aggregated,703.900000,0.000000,380,620,980,1300,1600,2000,2500,2800,4200,4600,8300,97501,721,380.0,687.422173662511,8.572605000153999,8328.178203000789,4481.6124962820895
1776354601,555,,Aggregated,701.600000,0.000000,370,610,980,1300,1600,2000,2500,2800,4200,4600,8300,98146,721,370.0,686.3489918209949,8.572605000153999,8328.178203000789,4481.83191367962
1776354602,555,,Aggregated,710.900000,0.000000,370,610,970,1300,1600,2000,2500,2800,4200,4600,8300,98676,721,370.0,685.79354306239,8.572605000153999,8328.178203000789,4482.010063237261
1776354603,555,,Aggregated,778.600000,0.000000,380,610,970,1300,1600,2000,2500,2800,4200,4600,8300,99106,721,380.0,686.4977878393169,8.572605000153999,8328.178203000789,4482.153199604464
1776354604,555,,Aggregated,841.600000,0.000000,380,620,970,1300,1600,2000,2500,2900,4200,4600,8300,99553,721,380.0,687.4046071626191,8.572605000153999,8328.178203000789,4482.300684057738
1776354605,555,,Aggregated,839.600000,0.000000,380,620,970,1300,1600,2000,2500,2900,4200,4600,8300,100119,721,380.0,688.1742180465875,8.572605000153999,8328.178203000789,4482.485542204777
1776354606,579,,Aggregated,811.500000,0.000000,380,620,970,1300,1600,2000,2500,2900,4200,4600,8300,100706,721,380.0,688.9584555211529,8.572605000153999,8328.178203000789,4482.675064047822
1776354607,579,,Aggregated,796.700000,0.000000,380,620,970,1300,1600,2000,2500,2900,4200,4600,8300,101322,721,380.0,688.6504551162458,8.572605000153999,8328.178203000789,4482.871587611772
1776354608,579,,Aggregated,777.200000,0.000000,380,610,970,1200,1600,2000,2500,2900,4200,4600,8300,101998,721,380.0,688.4153300055036,8.572605000153999,8328.178203000789,4483.084521265123
1776354609,579,,Aggregated,770.700000,0.000000,380,610,960,1200,1600,2000,2500,2900,4200,4600,8300,102627,721,380.0,687.6252309282293,8.572605000153999,8328.178203000789,4483.280130959689
1776354610,579,,Aggregated,757.700000,0.000000,380,610,960,1200,1600,2000,2500,2900,4200,4600,8300,103335,721,380.0,686.8382315812498,8.572605000153999,8328.178203000789,4483.497459718392
1776354611,579,,Aggregated,753.700000,0.000000,380,610,960,1200,1600,2000,2500,2900,4200,4600,8300,104051,721,380.0,686.4029880662214,8.572605000153999,8328.178203000789,4483.714236287974
1776354612,579,,Aggregated,739.200000,0.000000,380,610,950,1200,1600,2000,2500,2900,4200,4600,8300,104790,721,380.0,685.0304982998412,8.572605000153999,8328.178203000789,4483.934869739479
1776354613,579,,Aggregated,675.000000,0.000000,370,610,950,1200,1600,2000,2500,2900,4200,4600,8300,105529,721,370.0,683.5290449305519,8.572605000153999,8328.178203000789,4484.152413080765
1776354614,579,,Aggregated,613.500000,0.000000,370,600,940,1200,1600,2000,2500,2900,4200,4600,8300,106209,721,370.0,682.2820552938462,8.572605000153999,8328.178203000789,4484.349913849109
1776354615,579,,Aggregated,622.400000,0.000000,370,600,930,1200,1600,2000,2500,2900,4200,4600,8300,106962,721,370.0,681.0733809299004,8.572605000153999,8328.178203000789,4484.565686879452
1776354616,579,,Aggregated,652.500000,0.000000,370,600,930,1200,1600,2000,2500,2900,4200,4600,8300,107700,721,370.0,679.5259845564992,8.572605000153999,8328.178203000789,4484.774233983287
1776354617,579,,Aggregated,668.000000,0.000000,370,600,920,1200,1600,2000,2500,2900,4200,4600,8300,108367,721,370.0,678.7699987193594,8.572605000153999,8328.178203000789,4484.960273884116
1776354618,579,,Aggregated,689.700000,0.000000,370,590,920,1200,1600,2000,2500,2900,4100,4600,8300,109072,721,370.0,678.1064694214828,8.572605000153999,8328.178203000789,4485.154439269473
1776354619,579,,Aggregated,694.400000,0.000000,370,590,920,1200,1600,2000,2500,2900,4100,4600,8300,109820,721,370.0,676.9927345901757,8.572605000153999,8328.178203000789,4485.357721726462
1776354620,579,,Aggregated,705.100000,0.000000,360,590,910,1200,1600,2000,2500,2900,4100,4600,8300,110552,721,360.0,675.6043784052686,8.572605000153999,8328.178203000789,4485.553992691222
1776354621,579,,Aggregated,712.300000,0.000000,360,590,900,1200,1600,2000,2500,2900,4100,4600,8300,111242,721,360.0,674.0646718140945,8.572605000153999,8328.178203000789,4485.73663724133
1776354622,579,,Aggregated,716.000000,0.000000,360,590,900,1200,1600,2000,2500,2900,4100,4600,8300,111873,721,360.0,673.5307527696169,8.572605000153999,8328.178203000789,4485.901692097289
1776354623,579,,Aggregated,715.200000,0.000000,360,590,890,1200,1600,2000,2500,2900,4100,4600,8300,112603,721,360.0,672.7922508456377,8.572605000153999,8328.178203000789,4486.090335071001
1776354624,579,,Aggregated,710.000000,0.000000,360,590,880,1200,1600,2000,2500,2900,4100,4600,8300,113291,721,360.0,671.8864026589328,8.572605000153999,8328.178203000789,4486.265899321217
1776354625,579,,Aggregated,704.300000,0.000000,360,590,880,1200,1600,2000,2500,2900,4100,4600,8300,113951,721,360.0,671.3083634720999,8.572605000153999,8328.178203000789,4486.432326175286
1776354626,579,,Aggregated,700.500000,0.000000,350,580,880,1200,1600,2000,2500,2900,4100,4600,8300,114661,721,350.0,670.5750949529331,8.572605000153999,8328.178203000789,4486.609221967365
1776354627,579,,Aggregated,697.200000,0.000000,350,580,870,1200,1600,2000,2500,2900,4100,4600,8300,115357,721,350.0,669.6617172911614,8.572605000153999,8328.178203000789,4486.780516136862
1776354628,579,,Aggregated,691.800000,0.000000,350,580,870,1200,1600,2000,2500,2900,4100,4600,8300,116022,721,350.0,669.0562286670244,8.572605000153999,8328.178203000789,4486.942260950509
1776354629,579,,Aggregated,692.700000,0.000000,350,580,870,1200,1600,2000,2500,2900,4100,4600,8300,116751,721,350.0,668.4988020533899,8.572605000153999,8328.178203000789,4487.117455096744
1776354630,579,,Aggregated,693.300000,0.000000,350,580,860,1200,1600,2000,2500,2900,4100,4600,8300,117455,721,350.0,667.4912484756994,8.572605000153999,8328.178203000789,4487.2845770720705
1776354631,600,,Aggregated,688.700000,0.000000,350,580,860,1200,1600,2000,2500,2900,4100,4600,8300,118188,721,350.0,666.6588704151714,8.572605000153999,8328.178203000789,4487.456467661692
1776354630,600,,Aggregated,693.300000,0.000000,350,580,860,1200,1600,2000,2500,2900,4100,4600,8300,118905,721,350.0,665.9808617017807,8.572605000153999,8328.178203000789,4487.622555821875
1776354631,600,,Aggregated,688.700000,0.000000,340,580,850,1200,1600,2000,2500,2900,4100,4600,8300,119625,721,340.0,665.0810584168457,8.572605000153999,8328.178203000789,4487.787335423198
1776354632,600,,Aggregated,700.300000,0.000000,340,570,850,1100,1600,2000,2500,2900,4100,4500,8300,120360,721,340.0,663.9606197795541,8.572605000153999,8328.178203000789,4487.95351445663
1776354633,600,,Aggregated,771.000000,0.000000,340,570,850,1100,1600,2000,2500,2900,4100,4500,8300,121055,721,340.0,663.3095965563435,8.572605000153999,8328.178203000789,4488.108793523605
1776354634,600,,Aggregated,854.300000,0.000000,340,570,850,1100,1600,2000,2500,2900,4100,4500,8300,121726,721,340.0,663.0746945780219,8.572605000153999,8328.178203000789,4488.257028079457
1776354635,600,,Aggregated,859.700000,0.000000,340,570,840,1100,1600,2000,2500,2900,4100,4500,8300,122439,721,340.0,662.4653959282434,8.572605000153999,8328.178203000789,4488.4127606399925
1776354636,600,,Aggregated,855.600000,0.000000,340,570,840,1100,1600,2000,2500,2900,4100,4500,8300,123163,721,340.0,661.7388873458431,8.572605000153999,8328.178203000789,4488.569050770117
1776354637,600,,Aggregated,868.900000,0.000000,340,570,840,1100,1600,2000,2500,2900,4100,4500,8300,123892,721,340.0,660.9069913671275,8.572605000153999,8328.178203000789,4488.724574629516
1776354638,600,,Aggregated,880.900000,0.000000,340,570,830,1100,1600,2000,2500,2900,4100,4500,8300,124585,721,340.0,660.1689204230787,8.572605000153999,8328.178203000789,4488.870730826344
1776354639,600,,Aggregated,885.000000,0.000000,340,570,830,1100,1600,2000,2500,2800,4100,4500,8300,125319,721,340.0,659.1934517497937,8.572605000153999,8328.178203000789,4489.023771335552
1776354640,600,,Aggregated,885.400000,0.000000,340,560,830,1100,1600,2100,2500,2900,4100,4500,8300,126028,721,340.0,658.452534870273,8.572605000153999,8328.178203000789,4489.1699066874025
1776354641,600,,Aggregated,890.500000,0.000000,330,560,830,1100,1600,2100,2500,2900,4100,4500,8300,126746,721,330.0,657.5621624540156,8.572605000153999,8328.178203000789,4489.3162308869705
1776354642,600,,Aggregated,875.900000,0.000000,330,560,830,1100,1600,2100,2500,2900,4100,4500,8300,127459,721,330.0,657.0996270530966,8.572605000153999,8328.178203000789,4489.459904753686
1776354643,600,,Aggregated,805.600000,0.000000,330,560,820,1100,1600,2100,2500,2900,4100,4500,8300,128194,721,330.0,656.5662814988898,8.572605000153999,8328.178203000789,4489.606338830211
1776354644,600,,Aggregated,729.900000,0.000000,330,560,820,1100,1600,2100,2500,2900,4100,4500,8300,128923,721,330.0,655.7440154138877,8.572605000153999,8328.178203000789,4489.749928251747
1776354645,600,,Aggregated,730.500000,0.000000,330,560,820,1100,1600,2100,2500,2900,4100,4500,8300,129643,721,330.0,655.5737753407412,8.572605000153999,8328.178203000789,4489.89015990065
1776354646,600,,Aggregated,737.700000,0.000000,330,560,820,1100,1600,2100,2500,2900,4100,4500,8300,130382,721,330.0,654.7409822502706,8.572605000153999,8328.178203000789,4490.032481477505
1776354647,600,,Aggregated,727.200000,0.000000,330,560,820,1100,1600,2100,2500,2900,4100,4500,8300,131077,721,330.0,654.1822568136956,8.572605000153999,8328.178203000789,4490.164864926723
1776354648,600,,Aggregated,721.000000,0.000000,330,550,820,1100,1600,2100,2500,2900,4100,4500,8300,131796,721,330.0,653.63573347782,8.572605000153999,8328.178203000789,4490.300350541746
1776354649,600,,Aggregated,715.200000,0.000000,330,550,820,1100,1600,2100,2500,2900,4100,4500,8300,132547,721,330.0,652.8680894471441,8.572605000153999,8328.178203000789,4490.44029664949
1776354650,600,,Aggregated,718.100000,0.000000,330,550,820,1100,1600,2000,2500,2900,4100,4500,8300,133264,721,330.0,652.1360357242291,8.572605000153999,8328.178203000789,4490.572435166287
1776354651,600,,Aggregated,719.100000,0.000000,320,550,820,1100,1600,2000,2500,2900,4100,4500,8300,133980,721,320.0,651.4372939045943,8.572605000153999,8328.178203000789,4490.702978056426
1776354652,600,,Aggregated,720.900000,0.000000,320,550,820,1100,1600,2000,2500,2900,4100,4500,8300,134731,721,320.0,650.9964218083775,8.572605000153999,8328.178203000789,4490.838411352992
1776354653,600,,Aggregated,719.300000,0.000000,320,550,820,1100,1600,2000,2500,2900,4100,4500,8300,135481,721,320.0,650.1971673370024,8.572605000153999,8328.178203000789,4490.9721658387525
1776354654,587,,Aggregated,721.600000,0.000000,320,550,820,1100,1600,2000,2500,2900,4100,4500,8300,136170,721,320.0,649.3797124163718,8.572605000153999,8328.178203000789,4491.093743115223
1776354655,587,,Aggregated,724.200000,0.000000,320,550,810,1100,1600,2000,2500,2900,4100,4500,8300,136872,721,320.0,648.5690148537062,8.572605000153999,8328.178203000789,4491.216355426968
1776354656,587,,Aggregated,721.100000,0.000000,320,550,810,1100,1600,2000,2500,2900,4100,4500,8300,137571,721,320.0,647.9600868900673,8.572605000153999,8328.178203000789,4491.337200427416
1776354657,587,,Aggregated,724.100000,0.000000,320,550,810,1100,1600,2000,2500,2900,4100,4500,8300,138255,721,320.0,647.768881095588,8.572605000153999,8328.178203000789,4491.454269285016
1776354658,587,,Aggregated,714.000000,0.000000,320,540,810,1000,1600,2000,2500,2900,4100,4500,8300,138959,721,320.0,647.2080691258396,8.572605000153999,8328.178203000789,4491.573557668089
1776354659,587,,Aggregated,711.200000,0.000000,320,540,810,1000,1600,2000,2500,2800,4100,4500,8300,139705,721,320.0,646.4913816171774,8.572605000153999,8328.178203000789,4491.69865072832
1776354660,587,,Aggregated,710.900000,0.000000,320,540,810,1000,1600,2000,2500,2800,4100,4500,8300,140402,721,320.0,645.7347575561877,8.572605000153999,8328.178203000789,4491.814326006752
1776354661,587,,Aggregated,712.200000,0.000000,320,540,800,1000,1600,2000,2500,2800,4100,4500,8300,141161,721,320.0,644.9324256246882,8.572605000153999,8328.178203000789,4491.938991647835
1776354662,587,,Aggregated,713.200000,0.000000,320,540,800,1000,1600,2000,2500,2800,4100,4500,8300,141873,721,320.0,644.1532112699095,8.572605000153999,8328.178203000789,4492.054725000528
1776354660,587,,Aggregated,710.900000,0.000000,320,540,800,1000,1600,2000,2500,2800,4100,4500,8300,142514,721,320.0,643.76851723253,8.572605000153999,8328.178203000789,4492.157928343882
1776354661,587,,Aggregated,712.200000,0.000000,320,540,800,1000,1600,2100,2500,2800,4100,4500,8300,143211,721,320.0,643.7341167819769,8.572605000153999,8328.178203000789,4492.269099440686
1776354662,587,,Aggregated,724.000000,0.000000,320,540,800,1000,1600,2100,2500,2800,4100,4500,8300,143828,721,320.0,643.2773461231238,8.572605000153999,8328.178203000789,4492.3666115081905
1776354663,587,,Aggregated,788.700000,0.000000,320,540,800,1000,1600,2100,2500,2800,4100,4500,8300,144374,721,320.0,643.2117114242086,8.572605000153999,8328.178203000789,4492.452207461177
1776354664,587,,Aggregated,853.600000,0.000000,320,540,800,1000,1600,2100,2500,2900,4100,4500,8300,145048,721,320.0,643.1567124288918,8.572605000153999,8328.178203000789,4492.556981137279
1776354665,587,,Aggregated,861.800000,0.000000,320,530,800,1000,1600,2100,2500,2900,4100,4500,8300,145692,721,320.0,642.8386279538133,8.572605000153999,8328.178203000789,4492.656185651923
1776354666,587,,Aggregated,848.300000,0.000000,320,530,800,1000,1600,2100,2500,2900,4100,4500,8300,146367,721,320.0,643.157047926043,8.572605000153999,8328.178203000789,4492.759228514624
1776354667,587,,Aggregated,845.000000,0.000000,320,530,800,1000,1600,2100,2500,2900,4100,4500,8300,146998,721,320.0,642.4368136880711,8.572605000153999,8328.178203000789,4492.854698703383
1776354668,587,,Aggregated,846.400000,0.000000,310,530,800,1000,1600,2100,2500,2900,4100,4500,8300,147728,721,310.0,642.2774412525998,8.572605000153999,8328.178203000789,4492.964130022745
1776354669,587,,Aggregated,842.100000,0.000000,310,530,790,1000,1600,2100,2500,2900,4100,4500,8300,148466,721,310.0,641.7867884370636,8.572605000153999,8328.178203000789,4493.073666698099
1776354670,587,,Aggregated,835.200000,0.000000,310,530,790,1000,1600,2100,2500,2900,4100,4500,8300,149173,721,310.0,641.1466908316866,8.572605000153999,8328.178203000789,4493.177585756135
1776354671,587,,Aggregated,835.700000,0.000000,310,530,790,1000,1600,2100,2600,2900,4100,4500,8300,149881,721,310.0,640.6074596313168,8.572605000153999,8328.178203000789,4493.280669331002
1776354672,587,,Aggregated,822.800000,0.000000,310,530,790,1000,1600,2100,2600,3000,4100,4500,8300,150608,721,310.0,640.1656197890718,8.572605000153999,8328.178203000789,4493.385510729841
1776354673,587,,Aggregated,760.600000,0.000000,310,530,780,1000,1600,2100,2600,3000,4100,4500,8300,151350,721,310.0,639.3938172528078,8.572605000153999,8328.178203000789,4493.491476709613
1776354674,587,,Aggregated,691.200000,0.000000,310,530,780,1000,1500,2100,2600,3000,4100,4500,8300,152065,721,310.0,638.7217348059128,8.572605000153999,8328.178203000789,4493.592608424029
1776354675,593,,Aggregated,678.900000,0.000000,310,530,780,990,1500,2100,2600,3000,4100,4500,8300,152799,721,310.0,638.4525419273951,8.572605000153999,8328.178203000789,4493.695443033004
1776354676,593,,Aggregated,695.900000,0.000000,310,520,780,990,1500,2100,2600,3000,4100,4500,8300,153533,721,310.0,637.8583362588041,8.572605000153999,8328.178203000789,4493.797294392736
1776354677,593,,Aggregated,697.200000,0.000000,310,520,770,990,1500,2100,2600,3000,4100,4500,8300,154247,721,310.0,637.4124259224345,8.572605000153999,8328.178203000789,4493.895440429959
1776354678,593,,Aggregated,705.200000,0.000000,310,520,770,980,1500,2100,2600,3000,4100,4500,8300,154978,721,310.0,636.7874481156601,8.572605000153999,8328.178203000789,4493.994986385164
1776354679,593,,Aggregated,716.500000,0.000000,310,520,770,980,1500,2100,2600,3000,4100,4500,8300,155727,721,310.0,635.9900702473603,8.572605000153999,8328.178203000789,4494.096014178659
1776354680,593,,Aggregated,724.000000,0.000000,310,520,760,980,1500,2100,2600,3000,4100,4500,8300,156495,721,310.0,635.3455864731689,8.572605000153999,8328.178203000789,4494.198600594268
1776354681,593,,Aggregated,721.300000,0.000000,310,520,760,970,1500,2100,2600,3000,4100,4500,8300,157238,721,310.0,634.5831759564128,8.572605000153999,8328.178203000789,4494.296893880614
1776354682,593,,Aggregated,725.000000,0.000000,310,520,760,970,1500,2100,2600,3000,4100,4500,8300,158021,721,310.0,633.8997385722944,8.572605000153999,8328.178203000789,4494.399478550319
1776354683,593,,Aggregated,730.800000,0.000000,310,520,760,970,1500,2100,2600,3000,4100,4500,8300,158803,721,310.0,633.1424444886338,8.572605000153999,8328.178203000789,4494.500922526652
1776354684,593,,Aggregated,733.700000,0.000000,310,520,750,960,1500,2100,2600,3000,4100,4500,8300,159588,721,310.0,632.2116303236234,8.572605000153999,8328.178203000789,4494.60175577111
1776354685,593,,Aggregated,739.900000,0.000000,310,510,750,960,1500,2100,2600,3000,4100,4500,8300,160361,721,310.0,631.3743089929432,8.572605000153999,8328.178203000789,4494.700082937871
1776354686,593,,Aggregated,742.700000,0.000000,300,510,750,960,1500,2100,2600,3000,4100,4500,8300,161129,721,300.0,630.7033443566484,8.572605000153999,8328.178203000789,4494.796839799167
1776354687,593,,Aggregated,751.100000,0.000000,300,510,740,950,1500,2100,2600,3000,4100,4500,8300,161889,721,300.0,630.1170749083607,8.572605000153999,8328.178203000789,4494.891685043455
1776354688,593,,Aggregated,755.200000,0.000000,300,510,740,950,1500,2100,2600,3000,4100,4500,8300,162626,721,300.0,629.6975700973682,8.572605000153999,8328.178203000789,4494.982813326283
1776354689,593,,Aggregated,757.400000,0.000000,300,510,740,950,1500,2100,2600,3000,4100,4500,8300,163326,721,300.0,629.071561875136,8.572605000153999,8328.178203000789,4495.068605121046
1776354690,593,,Aggregated,760.000000,0.000000,300,510,740,950,1500,2100,2600,3000,4100,4500,8300,164065,721,300.0,628.4496367207468,8.572605000153999,8328.178203000789,4495.15838234846
1776354691,593,,Aggregated,759.300000,0.000000,300,510,740,950,1500,2100,2600,3000,4100,4500,8300,164764,721,300.0,627.9282359221756,8.572605000153999,8328.178203000789,4495.2425590541625
1776354690,593,,Aggregated,760.000000,0.000000,300,510,740,950,1500,2100,2600,3000,4100,4500,8300,165502,721,300.0,627.4550518754838,8.572605000153999,8328.178203000789,4495.330660656668
1776354691,593,,Aggregated,759.300000,0.000000,300,510,740,940,1500,2100,2600,2900,4100,4500,8300,166232,721,300.0,626.9459284430993,8.572605000153999,8328.178203000789,4495.41703763415
1776354692,593,,Aggregated,769.300000,0.000000,300,510,740,940,1500,2100,2600,2900,4100,4500,8300,166951,721,300.0,626.3702194190822,8.572605000153999,8328.178203000789,4495.501374654838
1776354693,593,,Aggregated,837.100000,0.000000,300,510,740,940,1500,2100,2600,2900,4100,4500,8300,167635,721,300.0,626.0199978695748,8.572605000153999,8328.178203000789,4495.580934768992
1776354694,593,,Aggregated,906.700000,0.000000,300,510,740,940,1500,2100,2600,2900,4100,4500,8300,168357,721,300.0,625.8619311639267,8.572605000153999,8328.178203000789,4495.664213546214
1776354695,593,,Aggregated,906.800000,0.000000,300,500,740,940,1500,2100,2600,2900,4100,4500,8300,169125,721,300.0,625.4574041514627,8.572605000153999,8328.178203000789,4495.752017738359
1776354696,593,,Aggregated,901.600000,0.000000,300,500,730,930,1500,2100,2600,2900,4100,4500,8300,169884,721,300.0,624.7783308916017,8.572605000153999,8328.178203000789,4495.838012997104
1776354697,593,,Aggregated,904.200000,0.000000,300,500,730,930,1500,2100,2600,2900,4100,4400,8300,170610,721,300.0,624.1225560703582,8.572605000153999,8328.178203000789,4495.919553367329
1776354698,574,,Aggregated,908.200000,0.000000,300,500,730,930,1500,2100,2600,2900,4100,4400,8300,171385,721,300.0,623.4818438726596,8.572605000153999,8328.178203000789,4496.005834816349
1776354699,574,,Aggregated,908.300000,0.000000,300,500,730,930,1500,2100,2600,2900,4100,4400,8300,172146,721,300.0,622.8827525607561,8.572605000153999,8328.178203000789,4496.089801679969
1776354700,574,,Aggregated,907.200000,0.000000,300,500,730,920,1500,2100,2600,2900,4100,4400,8300,172917,721,300.0,622.0751029331465,8.572605000153999,8328.178203000789,4496.174118218567
1776354701,574,,Aggregated,914.700000,0.000000,300,500,720,920,1500,2100,2600,2900,4100,4400,8300,173687,721,300.0,621.2904013535319,8.572605000153999,8328.178203000789,4496.257578287379
1776354702,574,,Aggregated,904.200000,0.000000,300,500,720,920,1500,2100,2600,2900,4100,4400,8300,174396,721,300.0,620.7101385259684,8.572605000153999,8328.178203000789,4496.333774857221
1776354703,574,,Aggregated,834.700000,0.000000,300,500,720,920,1500,2100,2600,2900,4100,4400,8300,175144,721,300.0,620.1483097561251,8.572605000153999,8328.178203000789,4496.4134940391905
1776354704,574,,Aggregated,766.800000,0.000000,300,500,720,920,1500,2100,2600,2900,4100,4400,8300,175845,721,300.0,619.6616128682815,8.572605000153999,8328.178203000789,4496.487588501237
1776354705,574,,Aggregated,759.700000,0.000000,300,500,720,910,1500,2100,2600,2900,4100,4400,8300,176581,721,300.0,619.0841779714342,8.572605000153999,8328.178203000789,4496.564749321841
1776354706,574,,Aggregated,761.300000,0.000000,300,500,720,910,1500,2100,2600,2900,4100,4400,8300,177279,721,300.0,618.5506720810687,8.572605000153999,8328.178203000789,4496.637334371246
1776354707,574,,Aggregated,752.200000,0.000000,300,500,720,910,1500,2100,2600,2900,4100,4400,8300,178028,721,300.0,618.1890501135488,8.572605000153999,8328.178203000789,4496.7145898398
1776354708,574,,Aggregated,740.000000,0.000000,300,500,720,910,1500,2100,2600,2900,4100,4400,8300,178764,721,300.0,617.5912902560285,8.572605000153999,8328.178203000789,4496.789873800094
1776354709,574,,Aggregated,735.000000,0.000000,300,500,720,910,1500,2100,2600,2900,4100,4400,8300,179485,721,300.0,617.1231591412195,8.572605000153999,8328.178203000789,4496.863024765301
1776354710,574,,Aggregated,736.600000,0.000000,300,500,720,910,1500,2000,2500,2900,4100,4400,8300,180221,721,300.0,616.6067785113873,8.572605000153999,8328.178203000789,4496.937093901377
1776354711,574,,Aggregated,728.900000,0.000000,300,490,720,900,1500,2000,2500,2900,4100,4400,8300,180959,721,300.0,615.9906189442672,8.572605000153999,8328.178203000789,4497.010759343277
1776354712,574,,Aggregated,727.200000,0.000000,300,490,720,900,1500,2000,2500,2900,4100,4400,8300,181695,721,300.0,615.5143070236978,8.572605000153999,8328.178203000789,4497.083629158755
1776354713,574,,Aggregated,725.000000,0.000000,300,490,710,900,1500,2000,2500,2900,4100,4400,8300,182434,721,300.0,614.7766232474744,8.572605000153999,8328.178203000789,4497.156204435577
1776354714,574,,Aggregated,723.400000,0.000000,300,490,710,900,1500,2000,2500,2900,4100,4400,8300,183214,721,300.0,614.0283686923967,8.572605000153999,8328.178203000789,4497.232171122294
1776354715,574,,Aggregated,724.800000,0.000000,300,490,710,890,1500,2000,2500,2900,4100,4400,8300,183940,721,300.0,613.5805519877597,8.572605000153999,8328.178203000789,4497.302299662933
1776354716,574,,Aggregated,725.700000,0.000000,300,490,710,890,1500,2000,2500,2900,4100,4400,8300,184741,721,300.0,612.9210413686706,8.572605000153999,8328.178203000789,4497.379033349392
1776354717,574,,Aggregated,732.100000,0.000000,290,490,710,890,1500,2000,2500,2900,4100,4400,8300,185531,721,290.0,612.1888068349474,8.572605000153999,8328.178203000789,4497.454064280363
1776354718,574,,Aggregated,737.100000,0.000000,290,490,700,890,1500,2000,2500,2900,4100,4400,8300,186277,721,290.0,611.4158579636651,8.572605000153999,8328.178203000789,4497.52433204314
1776354719,574,,Aggregated,743.800000,0.000000,290,480,700,880,1500,2000,2500,2900,4100,4400,8300,187022,721,290.0,610.8779195721929,8.572605000153999,8328.178203000789,4497.593946166761
1776354720,574,,Aggregated,745.700000,0.000000,290,480,700,880,1500,2000,2500,2900,4100,4400,8300,187760,721,290.0,610.0989457930739,8.572605000153999,8328.178203000789,4497.662361525351
1776354721,574,,Aggregated,747.900000,0.000000,290,480,700,880,1500,2000,2500,2900,4100,4400,8300,188527,721,290.0,609.5985925556154,8.572605000153999,8328.178203000789,4497.732897675134
1776354720,574,,Aggregated,745.700000,0.000000,290,480,690,880,1500,2000,2500,2900,4100,4400,8300,189284,721,290.0,609.0950468214929,8.572605000153999,8328.178203000789,4497.801953678071
1776354721,534,,Aggregated,747.900000,0.000000,290,480,690,880,1500,2000,2500,2900,4100,4400,8300,189939,721,290.0,608.6566164694534,8.572605000153999,8328.178203000789,4497.861260720547
1776354722,494,,Aggregated,763.400000,0.000000,290,480,690,870,1500,2000,2500,2900,4100,4400,8300,190558,721,290.0,608.1260662419927,8.572605000153999,8328.178203000789,4497.916933427093
1776354723,492,,Aggregated,829.800000,0.000000,290,480,690,870,1500,2000,2500,2900,4100,4400,8300,191128,721,290.0,607.8266959363606,8.572605000153999,8328.178203000789,4497.967880164078
1776354724,492,,Aggregated,893.600000,0.000000,290,480,690,870,1500,2000,2500,2900,4100,4400,8300,191687,721,290.0,607.7127443069368,8.572605000153999,8328.178203000789,4498.017549442581
1776354725,492,,Aggregated,899.900000,0.000000,290,480,690,870,1500,2000,2500,2900,4100,4400,8300,192246,721,290.0,607.4565419518453,8.572605000153999,8328.178203000789,4498.066929871103
1776354726,492,,Aggregated,883.900000,0.000000,290,480,690,870,1500,2000,2500,2900,4100,4400,8300,192822,721,290.0,607.4295667143814,8.572605000153999,8328.178203000789,4498.1175125245045
1776354727,492,,Aggregated,861.900000,0.000000,290,480,690,870,1500,2000,2500,2900,4100,4400,8300,193462,721,290.0,607.305890119235,8.572605000153999,8328.178203000789,4498.173362210667
1776354728,492,,Aggregated,843.600000,0.000000,290,480,690,870,1500,2000,2500,2900,4100,4400,8300,194110,721,290.0,606.9102359256475,8.572605000153999,8328.178203000789,4498.229534799856
1776354729,492,,Aggregated,827.300000,0.000000,290,480,690,870,1500,2000,2500,2900,4100,4400,8300,194749,721,290.0,606.3457077629741,8.572605000153999,8328.178203000789,4498.284561153074
1776354730,492,,Aggregated,815.300000,0.000000,290,480,680,860,1500,2000,2600,2900,4100,4400,8300,195411,721,290.0,605.9655770289104,8.572605000153999,8328.178203000789,4498.34118857178
1776354731,492,,Aggregated,806.400000,0.000000,290,480,680,860,1500,2000,2600,2900,4100,4400,8300,196064,721,290.0,605.6026248698662,8.572605000153999,8328.178203000789,4498.396671495022
1776354732,492,,Aggregated,785.200000,0.000000,290,470,680,860,1500,2000,2600,2900,4100,4400,8300,196731,721,290.0,605.0466156904413,8.572605000153999,8328.178203000789,4498.452963691539
1776354733,492,,Aggregated,709.900000,0.000000,290,470,680,860,1500,2000,2600,2900,4100,4400,8300,197423,721,290.0,604.3541968692313,8.572605000153999,8328.178203000789,4498.510963768153
1776354734,492,,Aggregated,639.500000,0.000000,290,470,680,860,1500,2000,2500,2900,4100,4400,8300,198100,721,290.0,603.6685435030813,8.572605000153999,8328.178203000789,4498.567314487633
1776354735,492,,Aggregated,627.100000,0.000000,290,470,680,860,1500,2000,2500,2900,4100,4400,8300,198718,721,290.0,603.4508021855556,8.572605000153999,8328.178203000789,4498.618419066214
1776354736,492,,Aggregated,638.000000,0.000000,290,470,670,860,1500,2000,2500,2900,4100,4400,8300,199391,721,290.0,603.0273392173278,8.572605000153999,8328.178203000789,4498.67371145137
1776354737,492,,Aggregated,643.100000,0.000000,290,470,670,850,1500,2000,2500,2900,4100,4400,8300,200068,721,290.0,602.5034810441459,8.572605000153999,8328.178203000789,4498.728957154567
1776354738,492,,Aggregated,652.600000,0.000000,290,470,670,850,1500,2000,2500,2900,4100,4400,8300,200742,721,290.0,601.9211332401147,8.572605000153999,8328.178203000789,4498.783587888932
1776354739,492,,Aggregated,658.300000,0.000000,290,470,670,850,1500,2000,2500,2900,4100,4400,8300,201377,721,290.0,601.4823195356919,8.572605000153999,8328.178203000789,4498.834722932609
1776354740,492,,Aggregated,659.800000,0.000000,290,470,670,850,1500,2000,2500,2900,4100,4400,8300,202049,721,290.0,600.8468474813822,8.572605000153999,8328.178203000789,4498.888487446115
1776354741,492,,Aggregated,660.800000,0.000000,290,470,670,850,1500,2000,2500,2900,4100,4400,8300,202716,721,290.0,600.240605565731,8.572605000153999,8328.178203000789,4498.941499437637
1776354742,492,,Aggregated,660.200000,0.000000,290,470,670,850,1500,2000,2500,2900,4100,4400,8300,203339,721,290.0,599.7521354952263,8.572605000153999,8328.178203000789,4498.9907002591735
1776354743,492,,Aggregated,658.900000,0.000000,290,470,670,850,1500,2000,2500,2900,4100,4400,8300,203988,721,290.0,599.300233856789,8.572605000153999,8328.178203000789,4499.041634802047
1776354744,492,,Aggregated,657.100000,0.000000,290,470,670,850,1500,2000,2500,2900,4000,4400,8300,204617,721,290.0,598.7550609110373,8.572605000153999,8328.178203000789,4499.090691389279
1776354745,492,,Aggregated,655.800000,0.000000,290,470,670,840,1500,2000,2500,2900,4000,4400,8300,205268,721,290.0,598.4250241793736,8.572605000153999,8328.178203000789,4499.141147183194
1776354746,452,,Aggregated,648.700000,0.000000,290,470,660,840,1500,2000,2500,2900,4000,4400,8300,205863,721,290.0,598.1888853683836,8.572605000153999,8328.178203000789,4499.186983576456
1776354747,450,,Aggregated,651.200000,0.000000,290,470,660,840,1500,2000,2500,2900,4000,4400,8300,206472,721,290.0,597.5525897738715,8.572605000153999,8328.178203000789,4499.233624898291
1776354748,450,,Aggregated,647.000000,0.000000,290,470,660,840,1500,2000,2500,2900,4000,4400,8300,207088,721,290.0,597.1461721708979,8.572605000153999,8328.178203000789,4499.280523255814
1776354749,450,,Aggregated,640.300000,0.000000,290,460,660,840,1500,2000,2500,2900,4000,4400,8300,207732,721,290.0,596.6913527605916,8.572605000153999,8328.178203000789,4499.329255964416
1776354750,450,,Aggregated,632.600000,0.000000,290,460,660,840,1500,2000,2500,2900,4000,4400,8300,208340,721,290.0,596.1894734465837,8.572605000153999,8328.178203000789,4499.374988000384
1776354751,450,,Aggregated,631.700000,0.000000,290,460,660,840,1500,2000,2500,2900,4000,4400,8300,208969,721,290.0,595.72436966409,8.572605000153999,8328.178203000789,4499.422019533998
1776354749,450,,Aggregated,640.300000,0.000000,290,460,660,830,1500,2000,2500,2900,4000,4400,8300,209601,721,290.0,595.2077117144871,8.572605000153999,8328.178203000789,4499.4689910830575
1776354750,450,,Aggregated,632.600000,0.000000,290,460,660,830,1500,2000,2500,2900,4000,4400,8300,210212,721,290.0,594.7341056609382,8.572605000153999,8328.178203000789,4499.514133351093
1776354751,450,,Aggregated,631.700000,0.000000,290,460,650,830,1500,2000,2500,2900,4000,4400,8300,210824,721,290.0,594.2278194957554,8.572605000153999,8328.178203000789,4499.559087200698
1776354752,450,,Aggregated,638.000000,0.000000,290,460,650,830,1500,2000,2500,2900,4000,4400,8300,211466,721,290.0,593.7834417373438,8.572605000153999,8328.178203000789,4499.60596502511
1776354753,450,,Aggregated,701.600000,0.000000,290,460,650,830,1500,2000,2500,2900,4000,4400,8300,212077,721,290.0,593.1936793318434,8.572605000153999,8328.178203000789,4499.650315687227
1776354754,450,,Aggregated,755.800000,0.000000,290,460,650,830,1500,2000,2500,2900,4000,4400,8300,212703,721,290.0,592.7370741095067,8.572605000153999,8328.178203000789,4499.695490895756
1776354755,450,,Aggregated,760.600000,0.000000,290,460,650,830,1500,2000,2500,2900,4000,4400,8300,213306,721,290.0,592.2799459261029,8.572605000153999,8328.178203000789,4499.73875559056
1776354756,450,,Aggregated,760.400000,0.000000,290,460,650,830,1500,2000,2500,2900,4000,4400,8300,213941,721,290.0,591.7809588690726,8.572605000153999,8328.178203000789,4499.7840526126365
1776354757,450,,Aggregated,765.700000,0.000000,290,460,650,820,1500,2000,2500,2900,4000,4400,8300,214558,721,290.0,591.4307910761864,8.572605000153999,8328.178203000789,4499.827808797621
1776354758,450,,Aggregated,772.300000,0.000000,290,460,650,820,1500,2000,2500,2900,4000,4400,8300,215178,721,290.0,590.9335903693193,8.572605000153999,8328.178203000789,4499.871524970024
1776354759,450,,Aggregated,767.900000,0.000000,290,460,650,820,1500,2000,2500,2900,4000,4400,8300,215783,721,290.0,590.45897929838,8.572605000153999,8328.178203000789,4499.9139413206785
1776354760,450,,Aggregated,776.200000,0.000000,280,460,640,820,1500,2000,2500,2900,4000,4400,8300,216369,721,280.0,590.0663473191327,8.572605000153999,8328.178203000789,4499.954799439845
1776354761,450,,Aggregated,773.800000,0.000000,280,460,640,820,1500,2000,2500,2900,4000,4400,8300,217004,721,280.0,589.7807156219569,8.572605000153999,8328.178203000789,4499.998824906454
1776354762,450,,Aggregated,761.700000,0.000000,280,460,640,820,1500,2000,2500,2900,4000,4400,8300,217620,721,280.0,589.2595848857006,8.572605000153999,8328.178203000789,4500.041287565481
1776354763,450,,Aggregated,691.200000,0.000000,280,450,640,820,1500,2000,2500,2900,4000,4400,8300,218247,721,280.0,588.7898120944077,8.572605000153999,8328.178203000789,4500.08426232663
1776354764,450,,Aggregated,634.700000,0.000000,280,450,640,820,1500,2000,2500,2800,4000,4400,8300,218869,721,280.0,588.2913876470503,8.572605000153999,8328.178203000789,4500.1266511018
1776354765,450,,Aggregated,628.500000,0.000000,280,450,640,820,1500,2000,2500,2800,4000,4400,8300,219480,721,280.0,587.8395028434533,8.572605000153999,8328.178203000789,4500.168056314927
1776354766,450,,Aggregated,628.700000,0.000000,280,450,640,820,1500,2000,2500,2800,4000,4400,8300,220087,721,280.0,587.4033156184374,8.572605000153999,8328.178203000789,4500.208962819249
1776354767,450,,Aggregated,621.100000,0.000000,280,450,640,820,1500,2000,2500,2800,4000,4400,8300,220683,721,280.0,586.9464890103679,8.572605000153999,8328.178203000789,4500.248909068664
1776354769,450,,Aggregated,621.100000,0.000000,280,450,640,820,1500,2000,2500,2800,4000,4400,8300,220683,721,280.0,586.9464890103679,8.572605000153999,8328.178203000789,4500.248909068664
1776354770,0,,Aggregated,616.000000,0.000000,280,460,650,820,1500,2000,2500,2900,4000,4400,8300,220929,721,280.0,589.068500930186,8.572605000153999,8328.178203000789,4500.265334111864
1776354771,0,,Aggregated,616.000000,0.000000,280,460,650,820,1500,2000,2500,2900,4000,4400,8300,220929,721,280.0,589.068500930186,8.572605000153999,8328.178203000789,4500.265334111864
1776354772,0,,Aggregated,616.000000,0.000000,280,460,650,820,1500,2000,2500,2900,4000,4400,8300,220929,721,280.0,589.068500930186,8.572605000153999,8328.178203000789,4500.265334111864
1776354773,0,,Aggregated,616.000000,0.000000,280,460,650,820,1500,2000,2500,2900,4000,4400,8300,220929,721,280.0,589.068500930186,8.572605000153999,8328.178203000789,4500.265334111864
1776354774,0,,Aggregated,616.000000,0.000000,280,460,650,820,1500,2000,2500,2900,4000,4400,8300,220929,721,280.0,589.068500930186,8.572605000153999,8328.178203000789,4500.265334111864
1776354775,0,,Aggregated,616.000000,0.000000,280,460,650,820,1500,2000,2500,2900,4000,4400,8300,220929,721,280.0,589.068500930186,8.572605000153999,8328.178203000789,4500.265334111864
1776354776,0,,Aggregated,616.000000,0.000000,280,460,650,820,1500,2000,2500,2900,4000,4400,8300,220929,721,280.0,589.068500930186,8.572605000153999,8328.178203000789,4500.265334111864
1776354777,0,,Aggregated,616.000000,0.000000,280,460,650,820,1500,2000,2500,2900,4000,4400,8300,220929,721,280.0,589.068500930186,8.572605000153999,8328.178203000789,4500.265334111864
1776354778,0,,Aggregated,616.000000,0.000000,280,460,650,820,1500,2000,2500,2900,4000,4400,8300,220929,721,280.0,589.068500930186,8.572605000153999,8328.178203000789,4500.265334111864
1776354779,0,,Aggregated,616.000000,0.000000,280,460,650,820,1500,2000,2500,2900,4000,4400,8300,220929,721,280.0,589.068500930186,8.572605000153999,8328.178203000789,4500.265334111864
1776354780,0,,Aggregated,616.000000,0.000000,280,460,650,820,1500,2000,2500,2900,4000,4400,8300,220929,721,280.0,589.068500930186,8.572605000153999,8328.178203000789,4500.265334111864
1776354781,0,,Aggregated,616.000000,0.000000,280,460,650,820,1500,2000,2500,2900,4000,4400,8300,220929,721,280.0,589.068500930186,8.572605000153999,8328.178203000789,4500.265334111864
1776354780,0,,Aggregated,616.000000,0.000000,280,460,650,820,1500,2000,2500,2900,4000,4400,8300,220929,721,280.0,589.068500930186,8.572605000153999,8328.178203000789,4500.265334111864
1776354781,0,,Aggregated,616.000000,0.000000,280,460,650,820,1500,2000,2500,2900,4000,4400,8300,220929,721,280.0,589.068500930186,8.572605000153999,8328.178203000789,4500.265334111864
1776354782,0,,Aggregated,616.000000,0.000000,280,460,650,820,1500,2000,2500,2900,4000,4400,8300,220929,721,280.0,589.068500930186,8.572605000153999,8328.178203000789,4500.265334111864
1776354783,0,,Aggregated,616.000000,0.000000,280,460,650,820,1500,2000,2500,2900,4000,4400,8300,220929,721,280.0,589.068500930186,8.572605000153999,8328.178203000789,4500.265334111864
1776354784,0,,Aggregated,616.000000,0.000000,280,460,650,820,1500,2000,2500,2900,4000,4400,8300,220929,721,280.0,589.068500930186,8.572605000153999,8328.178203000789,4500.265334111864
1776354785,0,,Aggregated,616.000000,0.000000,280,460,650,820,1500,2000,2500,2900,4000,4400,8300,220929,721,280.0,589.068500930186,8.572605000153999,8328.178203000789,4500.265334111864
1776354786,0,,Aggregated,616.000000,0.000000,280,460,650,820,1500,2000,2500,2900,4000,4400,8300,220929,721,280.0,589.068500930186,8.572605000153999,8328.178203000789,4500.265334111864
1776354787,0,,Aggregated,616.000000,0.000000,280,460,650,820,1500,2000,2500,2900,4000,4400,8300,220929,721,280.0,589.068500930186,8.572605000153999,8328.178203000789,4500.265334111864
1776354788,0,,Aggregated,616.000000,0.000000,280,460,650,820,1500,2000,2500,2900,4000,4400,8300,220929,721,280.0,589.068500930186,8.572605000153999,8328.178203000789,4500.265334111864
1776354789,0,,Aggregated,616.000000,0.000000,280,460,650,820,1500,2000,2500,2900,4000,4400,8300,220929,721,280.0,589.068500930186,8.572605000153999,8328.178203000789,4500.265334111864
1776354790,0,,Aggregated,616.000000,0.000000,280,460,650,820,1500,2000,2500,2900,4000,4400,8300,220929,721,280.0,589.068500930186,8.572605000153999,8328.178203000789,4500.265334111864
1776354791,0,,Aggregated,616.000000,0.000000,280,460,650,820,1500,2000,2500,2900,4000,4400,8300,220929,721,280.0,589.068500930186,8.572605000153999,8328.178203000789,4500.265334111864
1776354792,0,,Aggregated,616.000000,0.000000,280,460,650,820,1500,2000,2500,2900,4000,4400,8300,220929,721,280.0,589.068500930186,8.572605000153999,8328.178203000789,4500.265334111864
1776354793,0,,Aggregated,616.000000,0.000000,280,460,650,820,1500,2000,2500,2900,4000,4400,8300,220929,721,280.0,589.068500930186,8.572605000153999,8328.178203000789,4500.265334111864
1776354794,0,,Aggregated,616.000000,0.000000,280,460,650,820,1500,2000,2500,2900,4000,4400,8300,220929,721,280.0,589.068500930186,8.572605000153999,8328.178203000789,4500.265334111864
1776354795,0,,Aggregated,616.000000,0.000000,280,460,650,820,1500,2000,2500,2900,4000,4400,8300,220929,721,280.0,589.068500930186,8.572605000153999,8328.178203000789,4500.265334111864
1776354796,0,,Aggregated,616.000000,0.000000,280,460,650,820,1500,2000,2500,2900,4000,4400,8300,220929,721,280.0,589.068500930186,8.572605000153999,8328.178203000789,4500.265334111864
1776354797,0,,Aggregated,616.000000,0.000000,280,460,650,820,1500,2000,2500,2900,4000,4400,8300,220929,721,280.0,589.068500930186,8.572605000153999,8328.178203000789,4500.265334111864
1776354798,0,,Aggregated,616.000000,0.000000,280,460,650,820,1500,2000,2500,2900,4000,4400,8300,220929,721,280.0,589.068500930186,8.572605000153999,8328.178203000789,4500.265334111864
1776354799,0,,Aggregated,616.000000,0.000000,280,460,650,820,1500,2000,2500,2900,4000,4400,8300,220929,721,280.0,589.068500930186,8.572605000153999,8328.178203000789,4500.265334111864
1776354800,0,,Aggregated,616.000000,0.000000,280,460,650,820,1500,2000,2500,2900,4000,4400,8300,220929,721,280.0,589.068500930186,8.572605000153999,8328.178203000789,4500.265334111864
1776354801,0,,Aggregated,616.000000,0.000000,280,460,650,820,1500,2000,2500,2900,4000,4400,8300,220929,721,280.0,589.068500930186,8.572605000153999,8328.178203000789,4500.265334111864
1776354802,0,,Aggregated,616.000000,0.000000,280,460,650,820,1500,2000,2500,2900,4000,4400,8300,220929,721,280.0,589.068500930186,8.572605000153999,8328.178203000789,4500.265334111864
1776354803,0,,Aggregated,616.000000,0.000000,280,460,650,820,1500,2000,2500,2900,4000,4400,8300,220929,721,280.0,589.068500930186,8.572605000153999,8328.178203000789,4500.265334111864
1776354804,0,,Aggregated,616.000000,0.000000,280,460,650,820,1500,2000,2500,2900,4000,4400,8300,220929,721,280.0,589.068500930186,8.572605000153999,8328.178203000789,4500.265334111864
1776354805,0,,Aggregated,616.000000,0.000000,280,460,650,820,1500,2000,2500,2900,4000,4400,8300,220929,721,280.0,589.068500930186,8.572605000153999,8328.178203000789,4500.265334111864
1776354806,0,,Aggregated,616.000000,0.000000,280,460,650,820,1500,2000,2500,2900,4000,4400,8300,220929,721,280.0,589.068500930186,8.572605000153999,8328.178203000789,4500.265334111864
1776354807,0,,Aggregated,616.000000,0.000000,280,460,650,820,1500,2000,2500,2900,4000,4400,8300,220929,721,280.0,589.068500930186,8.572605000153999,8328.178203000789,4500.265334111864
1776354808,0,,Aggregated,616.000000,0.000000,280,460,650,820,1500,2000,2500,2900,4000,4400,8300,220929,721,280.0,589.068500930186,8.572605000153999,8328.178203000789,4500.265334111864
1776354809,0,,Aggregated,616.000000,0.000000,280,460,650,820,1500,2000,2500,2900,4000,4400,8300,220929,721,280.0,589.068500930186,8.572605000153999,8328.178203000789,4500.265334111864
1776354810,0,,Aggregated,616.000000,0.000000,280,460,650,820,1500,2000,2500,2900,4000,4400,8300,220929,721,280.0,589.068500930186,8.572605000153999,8328.178203000789,4500.265334111864
1776354811,0,,Aggregated,616.000000,0.000000,280,460,650,820,1500,2000,2500,2900,4000,4400,8300,220929,721,280.0,589.068500930186,8.572605000153999,8328.178203000789,4500.265334111864
1776354810,0,,Aggregated,616.000000,0.000000,280,460,650,820,1500,2000,2500,2900,4000,4400,8300,220929,721,280.0,589.068500930186,8.572605000153999,8328.178203000789,4500.265334111864
1776354811,0,,Aggregated,616.000000,0.000000,280,460,650,820,1500,2000,2500,2900,4000,4400,8300,220929,721,280.0,589.068500930186,8.572605000153999,8328.178203000789,4500.265334111864
1776354812,0,,Aggregated,616.000000,0.000000,280,460,650,820,1500,2000,2500,2900,4000,4400,8300,220929,721,280.0,589.068500930186,8.572605000153999,8328.178203000789,4500.265334111864
1776354813,0,,Aggregated,616.000000,0.000000,280,460,650,820,1500,2000,2500,2900,4000,4400,8300,220929,721,280.0,589.068500930186,8.572605000153999,8328.178203000789,4500.265334111864
1776354814,0,,Aggregated,616.000000,0.000000,280,460,650,820,1500,2000,2500,2900,4000,4400,8300,220929,721,280.0,589.068500930186,8.572605000153999,8328.178203000789,4500.265334111864
1776354815,0,,Aggregated,616.000000,0.000000,280,460,650,820,1500,2000,2500,2900,4000,4400,8300,220929,721,280.0,589.068500930186,8.572605000153999,8328.178203000789,4500.265334111864
1776354816,0,,Aggregated,616.000000,0.000000,280,460,650,820,1500,2000,2500,2900,4000,4400,8300,220929,721,280.0,589.068500930186,8.572605000153999,8328.178203000789,4500.265334111864
1776354817,0,,Aggregated,616.000000,0.000000,280,460,650,820,1500,2000,2500,2900,4000,4400,8300,220929,721,280.0,589.068500930186,8.572605000153999,8328.178203000789,4500.265334111864
1776354818,0,,Aggregated,616.000000,0.000000,280,460,650,820,1500,2000,2500,2900,4000,4400,8300,220929,721,280.0,589.068500930186,8.572605000153999,8328.178203000789,4500.265334111864
1776354819,0,,Aggregated,616.000000,0.000000,280,460,650,820,1500,2000,2500,2900,4000,4400,8300,220929,721,280.0,589.068500930186,8.572605000153999,8328.178203000789,4500.265334111864
1776354820,0,,Aggregated,616.000000,0.000000,280,460,650,820,1500,2000,2500,2900,4000,4400,8300,220929,721,280.0,589.068500930186,8.572605000153999,8328.178203000789,4500.265334111864
1776354821,0,,Aggregated,616.000000,0.000000,280,460,650,820,1500,2000,2500,2900,4000,4400,8300,220929,721,280.0,589.068500930186,8.572605000153999,8328.178203000789,4500.265334111864
1776354822,0,,Aggregated,616.000000,0.000000,280,460,650,820,1500,2000,2500,2900,4000,4400,8300,220929,721,280.0,589.068500930186,8.572605000153999,8328.178203000789,4500.265334111864
1776354823,0,,Aggregated,616.000000,0.000000,280,460,650,820,1500,2000,2500,2900,4000,4400,8300,220929,721,280.0,589.068500930186,8.572605000153999,8328.178203000789,4500.265334111864
1776354824,0,,Aggregated,616.000000,0.000000,280,460,650,820,1500,2000,2500,2900,4000,4400,8300,220929,721,280.0,589.068500930186,8.572605000153999,8328.178203000789,4500.265334111864
1776354825,0,,Aggregated,616.000000,0.000000,280,460,650,820,1500,2000,2500,2900,4000,4400,8300,220929,721,280.0,589.068500930186,8.572605000153999,8328.178203000789,4500.265334111864
1776354826,0,,Aggregated,616.000000,0.000000,280,460,650,820,1500,2000,2500,2900,4000,4400,8300,220929,721,280.0,589.068500930186,8.572605000153999,8328.178203000789,4500.265334111864
1776354827,0,,Aggregated,616.000000,0.000000,280,460,650,820,1500,2000,2500,2900,4000,4400,8300,220929,721,280.0,589.068500930186,8.572605000153999,8328.178203000789,4500.265334111864
1776354828,0,,Aggregated,616.000000,0.000000,280,460,650,820,1500,2000,2500,2900,4000,4400,8300,220929,721,280.0,589.068500930186,8.572605000153999,8328.178203000789,4500.265334111864
1776354829,0,,Aggregated,616.000000,0.000000,280,460,650,820,1500,2000,2500,2900,4000,4400,8300,220929,721,280.0,589.068500930186,8.572605000153999,8328.178203000789,4500.265334111864
1776354830,0,,Aggregated,616.000000,0.000000,280,460,650,820,1500,2000,2500,2900,4000,4400,8300,220929,721,280.0,589.068500930186,8.572605000153999,8328.178203000789,4500.265334111864
1776354831,0,,Aggregated,616.000000,0.000000,280,460,650,820,1500,2000,2500,2900,4000,4400,8300,220929,721,280.0,589.068500930186,8.572605000153999,8328.178203000789,4500.265334111864
1776354832,0,,Aggregated,616.000000,0.000000,280,460,650,820,1500,2000,2500,2900,4000,4400,8300,220929,721,280.0,589.068500930186,8.572605000153999,8328.178203000789,4500.265334111864
1776354833,0,,Aggregated,616.000000,0.000000,280,460,650,820,1500,2000,2500,2900,4000,4400,8300,220929,721,280.0,589.068500930186,8.572605000153999,8328.178203000789,4500.265334111864
1776354834,0,,Aggregated,616.000000,0.000000,280,460,650,820,1500,2000,2500,2900,4000,4400,8300,220929,721,280.0,589.068500930186,8.572605000153999,8328.178203000789,4500.265334111864
1776354835,0,,Aggregated,616.000000,0.000000,280,460,650,820,1500,2000,2500,2900,4000,4400,8300,220929,721,280.0,589.068500930186,8.572605000153999,8328.178203000789,4500.265334111864
1776354836,0,,Aggregated,616.000000,0.000000,280,460,650,820,1500,2000,2500,2900,4000,4400,8300,220929,721,280.0,589.068500930186,8.572605000153999,8328.178203000789,4500.265334111864
1776354837,0,,Aggregated,616.000000,0.000000,280,460,650,820,1500,2000,2500,2900,4000,4400,8300,220929,721,280.0,589.068500930186,8.572605000153999,8328.178203000789,4500.265334111864
1776354838,0,,Aggregated,616.000000,0.000000,280,460,650,820,1500,2000,2500,2900,4000,4400,8300,220929,721,280.0,589.068500930186,8.572605000153999,8328.178203000789,4500.265334111864
1776354839,0,,Aggregated,616.000000,0.000000,280,460,650,820,1500,2000,2500,2900,4000,4400,8300,220929,721,280.0,589.068500930186,8.572605000153999,8328.178203000789,4500.265334111864
1776354840,0,,Aggregated,616.000000,0.000000,280,460,650,820,1500,2000,2500,2900,4000,4400,8300,220929,721,280.0,589.068500930186,8.572605000153999,8328.178203000789,4500.265334111864
1776354841,0,,Aggregated,616.000000,0.000000,280,460,650,820,1500,2000,2500,2900,4000,4400,8300,220929,721,280.0,589.068500930186,8.572605000153999,8328.178203000789,4500.265334111864
1776354842,0,,Aggregated,616.000000,0.000000,280,460,650,820,1500,2000,2500,2900,4000,4400,8300,220929,721,280.0,589.068500930186,8.572605000153999,8328.178203000789,4500.265334111864
1776354840,0,,Aggregated,616.000000,0.000000,280,460,650,820,1500,2000,2500,2900,4000,4400,8300,220929,721,280.0,589.068500930186,8.572605000153999,8328.178203000789,4500.265334111864
1776354841,0,,Aggregated,616.000000,0.000000,280,460,650,820,1500,2000,2500,2900,4000,4400,8300,220929,721,280.0,589.068500930186,8.572605000153999,8328.178203000789,4500.265334111864
1776354842,0,,Aggregated,616.000000,0.000000,280,460,650,820,1500,2000,2500,2900,4000,4400,8300,220929,721,280.0,589.068500930186,8.572605000153999,8328.178203000789,4500.265334111864
1776354843,0,,Aggregated,616.000000,0.000000,280,460,650,820,1500,2000,2500,2900,4000,4400,8300,220929,721,280.0,589.068500930186,8.572605000153999,8328.178203000789,4500.265334111864
1776354844,0,,Aggregated,616.000000,0.000000,280,460,650,820,1500,2000,2500,2900,4000,4400,8300,220929,721,280.0,589.068500930186,8.572605000153999,8328.178203000789,4500.265334111864
1776354845,0,,Aggregated,616.000000,0.000000,280,460,650,820,1500,2000,2500,2900,4000,4400,8300,220929,721,280.0,589.068500930186,8.572605000153999,8328.178203000789,4500.265334111864
1776354846,0,,Aggregated,616.000000,0.000000,280,460,650,820,1500,2000,2500,2900,4000,4400,8300,220929,721,280.0,589.068500930186,8.572605000153999,8328.178203000789,4500.265334111864
1776354847,0,,Aggregated,616.000000,0.000000,280,460,650,820,1500,2000,2500,2900,4000,4400,8300,220929,721,280.0,589.068500930186,8.572605000153999,8328.178203000789,4500.265334111864
1776354848,0,,Aggregated,616.000000,0.000000,280,460,650,820,1500,2000,2500,2900,4000,4400,8300,220929,721,280.0,589.068500930186,8.572605000153999,8328.178203000789,4500.265334111864
1776354849,0,,Aggregated,616.000000,0.000000,280,460,650,820,1500,2000,2500,2900,4000,4400,8300,220929,721,280.0,589.068500930186,8.572605000153999,8328.178203000789,4500.265334111864
1776354850,0,,Aggregated,616.000000,0.000000,280,460,650,820,1500,2000,2500,2900,4000,4400,8300,220929,721,280.0,589.068500930186,8.572605000153999,8328.178203000789,4500.265334111864
1776354851,0,,Aggregated,616.000000,0.000000,280,460,650,820,1500,2000,2500,2900,4000,4400,8300,220929,721,280.0,589.068500930186,8.572605000153999,8328.178203000789,4500.265334111864
1776354852,0,,Aggregated,616.000000,0.000000,280,460,650,820,1500,2000,2500,2900,4000,4400,8300,220929,721,280.0,589.068500930186,8.572605000153999,8328.178203000789,4500.265334111864
1776354853,0,,Aggregated,616.000000,0.000000,280,460,650,820,1500,2000,2500,2900,4000,4400,8300,220929,721,280.0,589.068500930186,8.572605000153999,8328.178203000789,4500.265334111864
1776354854,0,,Aggregated,616.000000,0.000000,280,460,650,820,1500,2000,2500,2900,4000,4400,8300,220929,721,280.0,589.068500930186,8.572605000153999,8328.178203000789,4500.265334111864
1776354855,0,,Aggregated,616.000000,0.000000,280,460,650,820,1500,2000,2500,2900,4000,4400,8300,220929,721,280.0,589.068500930186,8.572605000153999,8328.178203000789,4500.265334111864
1776354856,0,,Aggregated,616.000000,0.000000,280,460,650,820,1500,2000,2500,2900,4000,4400,8300,220929,721,280.0,589.068500930186,8.572605000153999,8328.178203000789,4500.265334111864
1776354857,0,,Aggregated,616.000000,0.000000,280,460,650,820,1500,2000,2500,2900,4000,4400,8300,220929,721,280.0,589.068500930186,8.572605000153999,8328.178203000789,4500.265334111864
1776354858,0,,Aggregated,616.000000,0.000000,280,460,650,820,1500,2000,2500,2900,4000,4400,8300,220929,721,280.0,589.068500930186,8.572605000153999,8328.178203000789,4500.265334111864
1776354859,0,,Aggregated,616.000000,0.000000,280,460,650,820,1500,2000,2500,2900,4000,4400,8300,220929,721,280.0,589.068500930186,8.572605000153999,8328.178203000789,4500.265334111864
1776354860,0,,Aggregated,616.000000,0.000000,280,460,650,820,1500,2000,2500,2900,4000,4400,8300,220929,721,280.0,589.068500930186,8.572605000153999,8328.178203000789,4500.265334111864
1776354861,0,,Aggregated,616.000000,0.000000,280,460,650,820,1500,2000,2500,2900,4000,4400,8300,220929,721,280.0,589.068500930186,8.572605000153999,8328.178203000789,4500.265334111864
1776354862,0,,Aggregated,616.000000,0.000000,280,460,650,820,1500,2000,2500,2900,4000,4400,8300,220929,721,280.0,589.068500930186,8.572605000153999,8328.178203000789,4500.265334111864
1776354863,0,,Aggregated,616.000000,0.000000,280,460,650,820,1500,2000,2500,2900,4000,4400,8300,220929,721,280.0,589.068500930186,8.572605000153999,8328.178203000789,4500.265334111864
1776354864,0,,Aggregated,616.000000,0.000000,280,460,650,820,1500,2000,2500,2900,4000,4400,8300,220929,721,280.0,589.068500930186,8.572605000153999,8328.178203000789,4500.265334111864
1776354865,0,,Aggregated,616.000000,0.000000,280,460,650,820,1500,2000,2500,2900,4000,4400,8300,220929,721,280.0,589.068500930186,8.572605000153999,8328.178203000789,4500.265334111864
1776354866,0,,Aggregated,616.000000,0.000000,280,460,650,820,1500,2000,2500,2900,4000,4400,8300,220929,721,280.0,589.068500930186,8.572605000153999,8328.178203000789,4500.265334111864
1776354867,0,,Aggregated,616.000000,0.000000,280,460,650,820,1500,2000,2500,2900,4000,4400,8300,220929,721,280.0,589.068500930186,8.572605000153999,8328.178203000789,4500.265334111864
1776354868,0,,Aggregated,616.000000,0.000000,280,460,650,820,1500,2000,2500,2900,4000,4400,8300,220929,721,280.0,589.068500930186,8.572605000153999,8328.178203000789,4500.265334111864
1776354869,0,,Aggregated,616.000000,0.000000,280,460,650,820,1500,2000,2500,2900,4000,4400,8300,220929,721,280.0,589.068500930186,8.572605000153999,8328.178203000789,4500.265334111864
1776354870,0,,Aggregated,616.000000,0.000000,280,460,650,820,1500,2000,2500,2900,4000,4400,8300,220929,721,280.0,589.068500930186,8.572605000153999,8328.178203000789,4500.265334111864
1776354871,0,,Aggregated,616.000000,0.000000,280,460,650,820,1500,2000,2500,2900,4000,4400,8300,220929,721,280.0,589.068500930186,8.572605000153999,8328.178203000789,4500.265334111864
1776354870,0,,Aggregated,616.000000,0.000000,280,460,650,820,1500,2000,2500,2900,4000,4400,8300,220929,721,280.0,589.068500930186,8.572605000153999,8328.178203000789,4500.265334111864
1776354871,0,,Aggregated,616.000000,0.000000,280,460,650,820,1500,2000,2500,2900,4000,4400,8300,220929,721,280.0,589.068500930186,8.572605000153999,8328.178203000789,4500.265334111864
1776354872,0,,Aggregated,616.000000,0.000000,280,460,650,820,1500,2000,2500,2900,4000,4400,8300,220929,721,280.0,589.068500930186,8.572605000153999,8328.178203000789,4500.265334111864
1776354873,0,,Aggregated,616.000000,0.000000,280,460,650,820,1500,2000,2500,2900,4000,4400,8300,220929,721,280.0,589.068500930186,8.572605000153999,8328.178203000789,4500.265334111864
1776354874,0,,Aggregated,616.000000,0.000000,280,460,650,820,1500,2000,2500,2900,4000,4400,8300,220929,721,280.0,589.068500930186,8.572605000153999,8328.178203000789,4500.265334111864
1776354875,0,,Aggregated,616.000000,0.000000,280,460,650,820,1500,2000,2500,2900,4000,4400,8300,220929,721,280.0,589.068500930186,8.572605000153999,8328.178203000789,4500.265334111864
1776354876,0,,Aggregated,616.000000,0.000000,280,460,650,820,1500,2000,2500,2900,4000,4400,8300,220929,721,280.0,589.068500930186,8.572605000153999,8328.178203000789,4500.265334111864
1776354877,0,,Aggregated,616.000000,0.000000,280,460,650,820,1500,2000,2500,2900,4000,4400,8300,220929,721,280.0,589.068500930186,8.572605000153999,8328.178203000789,4500.265334111864
1776354878,0,,Aggregated,616.000000,0.000000,280,460,650,820,1500,2000,2500,2900,4000,4400,8300,220929,721,280.0,589.068500930186,8.572605000153999,8328.178203000789,4500.265334111864
1776354879,0,,Aggregated,616.000000,0.000000,280,460,650,820,1500,2000,2500,2900,4000,4400,8300,220929,721,280.0,589.068500930186,8.572605000153999,8328.178203000789,4500.265334111864
1776354880,0,,Aggregated,616.000000,0.000000,280,460,650,820,1500,2000,2500,2900,4000,4400,8300,220929,721,280.0,589.068500930186,8.572605000153999,8328.178203000789,4500.265334111864
1776354881,0,,Aggregated,616.000000,0.000000,280,460,650,820,1500,2000,2500,2900,4000,4400,8300,220929,721,280.0,589.068500930186,8.572605000153999,8328.178203000789,4500.265334111864
1776354882,0,,Aggregated,616.000000,0.000000,280,460,650,820,1500,2000,2500,2900,4000,4400,8300,220929,721,280.0,589.068500930186,8.572605000153999,8328.178203000789,4500.265334111864
1776354883,0,,Aggregated,616.000000,0.000000,280,460,650,820,1500,2000,2500,2900,4000,4400,8300,220929,721,280.0,589.068500930186,8.572605000153999,8328.178203000789,4500.265334111864
1776354884,0,,Aggregated,616.000000,0.000000,280,460,650,820,1500,2000,2500,2900,4000,4400,8300,220929,721,280.0,589.068500930186,8.572605000153999,8328.178203000789,4500.265334111864
1776354885,0,,Aggregated,616.000000,0.000000,280,460,650,820,1500,2000,2500,2900,4000,4400,8300,220929,721,280.0,589.068500930186,8.572605000153999,8328.178203000789,4500.265334111864
1776354886,0,,Aggregated,616.000000,0.000000,280,460,650,820,1500,2000,2500,2900,4000,4400,8300,220929,721,280.0,589.068500930186,8.572605000153999,8328.178203000789,4500.265334111864
1776354887,0,,Aggregated,616.000000,0.000000,280,460,650,820,1500,2000,2500,2900,4000,4400,8300,220929,721,280.0,589.068500930186,8.572605000153999,8328.178203000789,4500.265334111864
1776354888,0,,Aggregated,616.000000,0.000000,280,460,650,820,1500,2000,2500,2900,4000,4400,8300,220929,721,280.0,589.068500930186,8.572605000153999,8328.178203000789,4500.265334111864
1776354889,0,,Aggregated,616.000000,0.000000,280,460,650,820,1500,2000,2500,2900,4000,4400,8300,220929,721,280.0,589.068500930186,8.572605000153999,8328.178203000789,4500.265334111864
1776354890,0,,Aggregated,616.000000,0.000000,280,460,650,820,1500,2000,2500,2900,4000,4400,8300,220929,721,280.0,589.068500930186,8.572605000153999,8328.178203000789,4500.265334111864
1776354891,0,,Aggregated,616.000000,0.000000,280,460,650,820,1500,2000,2500,2900,4000,4400,8300,220929,721,280.0,589.068500930186,8.572605000153999,8328.178203000789,4500.265334111864
1776354892,0,,Aggregated,616.000000,0.000000,280,460,650,820,1500,2000,2500,2900,4000,4400,8300,220929,721,280.0,589.068500930186,8.572605000153999,8328.178203000789,4500.265334111864
1776354893,0,,Aggregated,616.000000,0.000000,280,460,650,820,1500,2000,2500,2900,4000,4400,8300,220929,721,280.0,589.068500930186,8.572605000153999,8328.178203000789,4500.265334111864
1776354894,0,,Aggregated,616.000000,0.000000,280,460,650,820,1500,2000,2500,2900,4000,4400,8300,220929,721,280.0,589.068500930186,8.572605000153999,8328.178203000789,4500.265334111864
1776354895,0,,Aggregated,616.000000,0.000000,280,460,650,820,1500,2000,2500,2900,4000,4400,8300,220929,721,280.0,589.068500930186,8.572605000153999,8328.178203000789,4500.265334111864
1776354896,0,,Aggregated,616.000000,0.000000,280,460,650,820,1500,2000,2500,2900,4000,4400,8300,220929,721,280.0,589.068500930186,8.572605000153999,8328.178203000789,4500.265334111864
1776354897,0,,Aggregated,616.000000,0.000000,280,460,650,820,1500,2000,2500,2900,4000,4400,8300,220929,721,280.0,589.068500930186,8.572605000153999,8328.178203000789,4500.265334111864
