Timestamp,User Count,Type,Name,Requests/s,Failures/s,50%,66%,75%,80%,90%,95%,98%,99%,99.9%,99.99%,100%,Total Request Count,Total Failure Count,Total Median Response Time,Total Average Response Time,Total Min Response Time,Total Max Response Time,Total Average Content Size
1776009931,0,,Aggregated,0.000000,0.000000,N/A,N/A,N/A,N/A,N/A,N/A,N/A,N/A,N/A,N/A,N/A,0,0,0,0.0,0,0,0
1776009926,10,,Aggregated,0.000000,0.000000,410,430,440,440,480,480,480,480,480,480,480,20,0,220.0,327.21944749994236,196.70705999988058,484.6679199999926,4515.0
1776009927,20,,Aggregated,0.000000,0.000000,230,410,420,430,440,460,480,480,480,480,480,54,0,230.0,300.410928888882,196.70705999988058,484.6679199999926,4515.0
1776009928,30,,Aggregated,0.000000,0.000000,230,250,410,420,440,480,520,530,530,530,530,106,0,230.0,286.99839735847644,196.70705999988058,530.0468799996452,4515.0
1776009929,40,,Aggregated,0.000000,0.000000,230,250,400,420,440,530,610,680,730,730,730,175,0,230.0,292.5504798857013,196.70705999988058,730.2926400002434,4515.0
1776009930,50,,Aggregated,0.000000,0.000000,230,260,320,410,430,520,620,680,730,730,730,266,0,230.0,288.2955635338282,196.70705999988058,730.2926400002434,4515.0
1776009930,50,,Aggregated,0.000000,0.000000,230,260,300,330,430,460,610,620,730,730,730,358,0,230.0,279.6731954469234,196.70705999988058,730.2926400002434,4515.0
1776009931,50,,Aggregated,0.000000,0.000000,230,270,290,310,410,440,570,620,730,730,730,447,0,230.0,274.8570137807601,196.70705999988058,730.2926400002434,4515.0
1776009932,50,,Aggregated,0.000000,0.000000,230,270,290,310,410,430,560,620,730,730,730,534,0,230.0,273.29064634831815,196.70705999988058,730.2926400002434,4515.0
1776009933,50,,Aggregated,0.000000,0.000000,230,270,290,310,370,430,530,610,730,730,730,625,0,230.0,269.9619468480039,196.70705999988058,730.2926400002434,4515.0
1776009934,50,,Aggregated,86.000000,0.000000,230,260,280,300,350,430,520,610,730,730,730,723,0,230.0,265.64095702628424,196.70705999988058,730.2926400002434,4515.0
1776009935,50,,Aggregated,88.000000,0.000000,230,260,280,290,340,420,480,570,730,730,730,813,0,230.0,263.3265974538781,196.70705999988058,730.2926400002434,4515.0
1776009936,50,,Aggregated,90.000000,0.000000,230,260,280,290,340,410,450,560,730,730,730,902,0,230.0,262.4481243902493,196.70705999988058,730.2926400002434,4515.0
1776009937,50,,Aggregated,90.750000,0.000000,230,260,280,290,330,410,450,560,730,730,730,992,0,230.0,261.0515438104874,196.70705999988058,730.2926400002434,4515.0
1776009938,50,,Aggregated,94.800000,0.000000,230,260,280,290,320,410,450,560,680,730,730,1085,0,230.0,259.5075346082969,196.70705999988058,730.2926400002434,4515.0
1776009939,50,,Aggregated,94.800000,0.000000,230,260,280,290,330,390,440,560,680,730,730,1176,0,230.0,259.97172526360754,196.70705999988058,730.2926400002434,4515.0
1776009940,50,,Aggregated,97.000000,0.000000,230,260,280,290,340,410,480,530,680,730,730,1259,0,230.0,262.84616675139046,196.70705999988058,730.2926400002434,4515.0
1776009940,50,,Aggregated,97.000000,0.000000,230,260,280,290,340,410,470,530,680,730,730,1353,0,230.0,261.31863048780644,196.70705999988058,730.2926400002434,4515.0
1776009941,50,,Aggregated,97.250000,0.000000,230,260,280,290,340,410,470,520,680,730,730,1439,0,230.0,261.9118167199459,196.70705999988058,730.2926400002434,4515.0
1776009942,50,,Aggregated,95.333333,0.000000,230,260,280,290,340,410,460,520,680,730,730,1529,0,230.0,262.18416741007513,196.70705999988058,730.2926400002434,4515.0
1776009943,50,,Aggregated,96.400000,0.000000,230,260,280,300,350,400,450,510,680,730,730,1616,0,230.0,263.0933369802007,196.70705999988058,730.2926400002434,4515.0
1776009944,50,,Aggregated,99.000000,0.000000,230,260,280,300,350,400,440,510,680,730,730,1705,0,230.0,262.3415583870981,196.70705999988058,730.2926400002434,4515.0
1776009951,50,,Aggregated,61.900000,0.000000,230,260,280,300,340,390,440,510,680,730,730,1800,0,230.0,261.8561845777781,196.70705999988058,730.2926400002434,4515.0
1776009946,50,,Aggregated,98.900000,0.000000,230,260,280,290,340,390,440,500,680,730,730,1886,0,230.0,261.07578047189753,196.70705999988058,730.2926400002434,4515.0
1776009947,50,,Aggregated,98.400000,0.000000,230,260,280,300,350,390,450,510,680,730,730,1977,0,230.0,262.8298458168949,196.70705999988058,730.2926400002434,4515.0
1776009948,50,,Aggregated,97.700000,0.000000,230,260,280,290,350,390,440,500,680,730,730,2069,0,230.0,261.46421492508483,196.70705999988058,730.2926400002434,4515.0
1776009949,50,,Aggregated,96.900000,0.000000,230,250,280,290,340,390,440,500,680,730,730,2168,0,230.0,259.8733872924351,196.70705999988058,730.2926400002434,4515.0
1776009950,50,,Aggregated,97.500000,0.000000,230,250,280,290,340,380,440,500,680,730,730,2272,0,230.0,258.87508934859017,196.70705999988058,730.2926400002434,4515.0
1776009950,50,,Aggregated,97.500000,0.000000,230,250,270,290,330,380,440,500,680,730,730,2360,0,230.0,257.89107929237184,196.70705999988058,730.2926400002434,4515.0
1776009951,50,,Aggregated,97.700000,0.000000,230,250,270,280,330,380,430,490,680,730,730,2452,0,230.0,256.82593718596854,196.70705999988058,730.2926400002434,4515.0
1776009952,50,,Aggregated,99.700000,0.000000,230,240,270,280,330,380,430,490,680,730,730,2543,0,230.0,255.77570059378624,196.70705999988058,730.2926400002434,4515.0
1776009953,50,,Aggregated,100.100000,0.000000,230,240,270,280,330,370,430,480,680,730,730,2638,0,230.0,255.52860260803715,196.70705999988058,730.2926400002434,4515.0
1776009954,50,,Aggregated,101.400000,0.000000,230,240,270,280,320,370,430,480,680,730,730,2728,0,230.0,254.63094209677584,196.70705999988058,730.2926400002434,4515.0
1776009955,50,,Aggregated,101.800000,0.000000,230,240,270,280,320,370,430,480,680,730,730,2826,0,230.0,253.8530575902351,196.70705999988058,730.2926400002434,4515.0
1776009956,50,,Aggregated,101.800000,0.000000,230,240,270,280,320,360,430,480,680,730,730,2920,0,230.0,253.7168638595896,196.70705999988058,730.2926400002434,4515.0
1776009957,50,,Aggregated,102.200000,0.000000,230,240,260,280,320,360,430,480,670,730,730,3010,0,230.0,253.07387727907073,196.70705999988058,730.2926400002434,4515.0
1776009958,50,,Aggregated,102.900000,0.000000,230,240,260,280,320,360,430,480,670,730,730,3103,0,230.0,252.32835747663577,196.70705999988058,730.2926400002434,4515.0
1776009959,50,,Aggregated,103.600000,0.000000,230,240,260,280,320,360,430,480,670,730,730,3191,0,230.0,252.48070813224635,196.70705999988058,730.2926400002434,4515.0
1776009960,50,,Aggregated,104.000000,0.000000,230,240,260,280,320,360,420,480,670,730,730,3291,0,230.0,252.11172864175032,196.70705999988058,730.2926400002434,4515.0
1776009960,50,,Aggregated,104.000000,0.000000,230,240,260,280,320,360,420,480,670,730,730,3368,0,230.0,252.845889640737,196.70705999988058,730.2926400002434,4515.0
1776009961,50,,Aggregated,102.500000,0.000000,230,240,270,280,330,370,430,480,670,730,730,3457,0,230.0,254.41321301995947,196.70705999988058,730.2926400002434,4515.0
1776009962,50,,Aggregated,102.300000,0.000000,230,240,270,280,330,370,430,480,670,730,730,3539,0,230.0,254.52274759254007,196.70705999988058,730.2926400002434,4515.0
1776009963,50,,Aggregated,100.500000,0.000000,230,240,270,280,330,380,430,480,670,730,730,3632,0,230.0,255.28482220539593,196.70705999988058,730.2926400002434,4515.0
1776009964,50,,Aggregated,100.000000,0.000000,230,240,270,280,330,380,430,480,670,730,730,3726,0,230.0,255.0478596967254,196.70705999988058,730.2926400002434,4515.0
1776009965,50,,Aggregated,98.500000,0.000000,230,250,270,280,330,380,430,480,670,730,730,3813,0,230.0,255.37937823760754,196.70705999988058,730.2926400002434,4515.0
1776009966,50,,Aggregated,98.700000,0.000000,230,250,270,280,330,370,430,480,670,730,730,3902,0,230.0,255.42180110199808,196.70705999988058,730.2926400002434,4515.0
1776009967,50,,Aggregated,98.500000,0.000000,230,250,270,280,330,370,430,480,670,730,730,3993,0,230.0,255.50749173553655,196.70705999988058,730.2926400002434,4515.0
1776009968,50,,Aggregated,97.700000,0.000000,230,250,270,280,320,370,430,470,660,730,730,4084,0,230.0,255.1920216601362,196.70705999988058,730.2926400002434,4515.0
1776009969,50,,Aggregated,98.100000,0.000000,230,250,270,280,330,370,430,470,660,730,730,4181,0,230.0,255.31686246352447,196.70705999988058,730.2926400002434,4515.0
1776009970,50,,Aggregated,97.300000,0.000000,230,250,270,280,320,370,430,470,660,730,730,4272,0,230.0,254.7959599063658,196.70705999988058,730.2926400002434,4515.0
1776009970,50,,Aggregated,97.300000,0.000000,230,240,270,280,320,370,430,470,660,730,730,4363,0,230.0,254.35833118037945,196.70705999988058,730.2926400002434,4515.0
1776009971,50,,Aggregated,97.600000,0.000000,230,240,270,280,320,370,430,470,660,730,730,4449,0,230.0,254.1641413486164,196.70705999988058,730.2926400002434,4515.0
1776009972,50,,Aggregated,96.800000,0.000000,230,240,270,280,320,370,420,470,660,730,730,4542,0,230.0,254.0887384412143,196.70705999988058,730.2926400002434,4515.0
1776009973,50,,Aggregated,99.000000,0.000000,230,240,270,280,320,360,420,460,660,730,730,4635,0,230.0,253.77938548004238,196.70705999988058,730.2926400002434,4515.0
1776009974,50,,Aggregated,99.300000,0.000000,230,240,270,280,320,360,420,460,660,730,730,4726,0,230.0,253.87617509098536,196.70705999988058,730.2926400002434,4515.0
1776009975,50,,Aggregated,100.000000,0.000000,230,240,270,280,320,360,420,460,660,730,730,4815,0,230.0,253.60871066666616,196.70705999988058,730.2926400002434,4515.0
1776009976,50,,Aggregated,99.800000,0.000000,230,240,270,280,320,360,420,460,660,730,730,4907,0,230.0,253.38711853678367,196.70705999988058,730.2926400002434,4515.0
1776009977,50,,Aggregated,99.800000,0.000000,230,240,270,280,320,360,420,460,660,730,730,4997,0,230.0,253.45788544526647,196.70705999988058,730.2926400002434,4515.0
1776009978,50,,Aggregated,101.000000,0.000000,230,240,270,280,320,360,420,460,650,730,730,5091,0,230.0,253.31342573757505,196.70705999988058,730.2926400002434,4515.0
1776009979,50,,Aggregated,100.500000,0.000000,230,240,260,280,320,360,420,450,650,730,730,5184,0,230.0,253.00050297839348,196.70705999988058,730.2926400002434,4515.0
1776009980,50,,Aggregated,100.800000,0.000000,230,240,260,280,310,360,420,450,650,730,730,5274,0,230.0,252.64062393060158,196.70705999988058,730.2926400002434,4515.0
1776009980,80,,Aggregated,100.800000,0.000000,230,240,260,280,320,370,430,480,670,740,740,5399,0,230.0,253.99613308575448,196.70705999988058,742.4910899999304,4515.0
1776009981,140,,Aggregated,101.200000,0.000000,230,250,270,280,330,380,460,560,950,1900,1900,5583,0,230.0,259.20320529285203,196.70705999988058,1915.9772500001964,4515.0
1776009982,170,,Aggregated,101.100000,0.000000,230,250,270,290,350,420,520,620,1000,1900,1900,5810,0,230.0,264.70414176936197,196.70705999988058,1915.9772500001964,4515.0
1776009983,230,,Aggregated,105.400000,0.000000,230,250,280,300,370,450,630,710,1100,1900,1900,6031,0,230.0,272.9518042314701,196.70705999988058,1915.9772500001964,4515.0
1776009984,260,,Aggregated,115.700000,0.000000,230,260,290,310,410,550,740,1000,1700,1900,1900,6307,0,230.0,290.1362029078804,196.70705999988058,1915.9772500001964,4515.0
1776009985,290,,Aggregated,130.100000,0.000000,240,270,300,330,450,660,970,1000,1700,1900,1900,6583,0,240.0,304.19627982226996,196.70705999988058,1915.9772500001964,4515.0
1776009986,320,,Aggregated,143.300000,0.000000,240,280,320,350,510,730,1000,1300,2300,2500,2500,6817,0,240.0,323.586811868857,196.70705999988058,2479.180769999857,4515.0
1776009987,380,,Aggregated,162.800000,0.000000,240,290,340,390,570,820,1300,1500,2300,2500,2500,7139,0,240.0,343.4194901386756,196.70705999988058,2479.180769999857,4515.0
1776009988,405,,Aggregated,181.000000,0.000000,240,300,370,440,650,980,1400,1600,3300,4400,4400,7421,0,240.0,366.158063832369,196.70705999988058,4394.474700000046,4515.0
1776009989,417,,Aggregated,202.700000,0.000000,250,310,400,480,740,1000,1600,1700,3700,4400,4400,7673,0,250.0,397.4924341678622,196.70705999988058,4394.474700000046,4515.0
1776009990,428,,Aggregated,224.400000,0.000000,250,330,450,530,930,1200,1700,1900,3700,4400,4400,7967,0,250.0,428.65252851512537,196.70705999988058,4394.474700000046,4515.0
1776009990,439,,Aggregated,224.400000,0.000000,260,350,490,620,970,1400,1800,1900,3600,4400,4400,8240,0,260.0,452.35107700242736,196.70705999988058,4394.474700000046,4515.0
1776009991,450,,Aggregated,238.100000,0.000000,270,380,530,690,1000,1500,1800,2200,4300,4400,4400,8501,0,270.0,480.01330051170413,196.70705999988058,4394.474700000046,4515.0
1776009992,460,,Aggregated,257.700000,0.000000,270,410,600,770,1100,1600,2100,2300,4300,4400,4400,8740,2,270.0,505.51748547826105,196.70705999988058,4394.474700000046,4513.966819221968
1776009993,470,,Aggregated,276.400000,0.000000,280,440,670,810,1100,1600,2200,2500,4300,4400,4400,9007,8,280.0,528.853671200178,196.70705999988058,4412.750540000161,4510.989785722216
1776009994,479,,Aggregated,285.800000,0.200000,280,470,720,880,1100,1600,2200,2600,4300,4400,4400,9237,10,280.0,550.410022838584,196.70705999988058,4412.750540000161,4510.112049366678
1776009995,488,,Aggregated,289.700000,0.500000,290,510,750,900,1200,1700,2300,2900,4300,4400,4400,9513,17,290.0,574.3011554357197,196.70705999988058,4412.750540000161,4506.931567328918
1776009996,497,,Aggregated,290.600000,0.900000,300,530,770,920,1300,1800,2600,3400,4300,4400,4400,9713,29,300.0,593.0661550396372,196.70705999988058,4412.750540000161,4501.5196128899415
1776009997,504,,Aggregated,287.300000,1.300000,310,590,810,940,1400,1900,2700,3400,4400,7500,7500,9976,45,300.0,619.2414720388928,196.70705999988058,7490.785390000383,4494.633620689655
1776009998,512,,Aggregated,282.100000,2.500000,310,640,820,950,1500,2100,3300,3900,4400,7500,7500,10261,64,310.0,650.8137693528881,196.70705999988058,7490.785390000383,4486.839002046584
1776009999,518,,Aggregated,279.400000,3.700000,320,660,820,950,1600,2200,3400,4200,4400,7500,7500,10533,84,320.0,674.8654923402629,196.70705999988058,7490.785390000383,4478.9931643406435
1776010000,524,,Aggregated,276.600000,5.400000,330,680,860,960,1600,2500,3600,4200,5300,7500,7500,10787,106,330.0,698.5111071956973,195.7789899997806,7490.785390000383,4470.632706035042
1776010000,530,,Aggregated,276.600000,5.400000,350,710,890,980,1600,2600,3600,4200,6500,8400,9100,11091,129,350.0,726.5838878847712,195.7789899997806,9079.24753999987,4462.485799296727
1776010001,535,,Aggregated,280.700000,7.700000,350,720,920,1000,1700,2700,3600,4200,6500,8400,9100,11314,153,350.0,745.9654785787517,195.7789899997806,9079.24753999987,4453.943344528902
1776010002,539,,Aggregated,280.900000,9.700000,370,740,940,1000,1800,2800,3600,4200,7200,9100,9200,11584,176,370.0,771.5214294570092,195.7789899997806,9224.073540000063,4446.401933701657
1776010003,542,,Aggregated,277.400000,11.400000,390,760,960,1100,2000,2900,3600,4300,7400,9100,9200,11870,193,390.0,796.1239422021899,195.7789899997806,9224.073540000063,4441.588458298231
1776010004,545,,Aggregated,277.300000,14.000000,410,780,980,1100,2200,3000,3600,4300,7200,9100,9200,12126,208,410.0,815.8249025490671,195.7789899997806,9224.073540000063,4437.553191489362
1776010005,547,,Aggregated,277.000000,15.900000,430,810,1000,1100,2300,3000,3600,4200,7200,9100,9200,12385,212,430.0,836.7514384214769,195.7789899997806,9224.073540000063,4437.71457408155
1776010006,549,,Aggregated,282.200000,17.300000,440,840,1000,1200,2300,3000,3600,4300,7400,9100,9200,12639,214,440.0,858.1468875369885,195.7789899997806,9224.073540000063,4438.553287443627
1776010007,549,,Aggregated,283.100000,18.200000,460,880,1100,1300,2400,3000,3600,4200,7400,9100,9200,12933,214,460.0,878.9904824719689,195.7789899997806,9224.073540000063,4440.291115750406
1776010008,549,,Aggregated,289.300000,17.500000,480,910,1100,1300,2400,3000,3600,4300,7400,9100,9200,13217,214,480.0,899.7041046099698,195.7789899997806,9224.073540000063,4441.89642127563
1776010009,549,,Aggregated,296.200000,17.600000,510,940,1200,1400,2400,3000,3600,4200,7400,9100,9200,13522,214,510.0,914.1589001271975,195.7789899997806,9224.073540000063,4443.545333530543
1776010010,548,,Aggregated,296.400000,15.900000,530,960,1200,1400,2400,3000,3500,4200,7400,9100,9200,13815,214,530.0,926.2983637756042,195.7789899997806,9224.073540000063,4445.060803474485
1776010010,546,,Aggregated,296.400000,15.900000,580,980,1300,1400,2500,3000,3500,4200,7200,9100,9200,14118,214,580.0,941.0409031449196,195.7789899997806,9224.073540000063,4446.561835954101
1776010011,543,,Aggregated,302.000000,13.600000,620,1000,1300,1500,2500,3000,3500,4200,7200,9100,9200,14412,214,620.0,952.8468905578662,195.7789899997806,9224.073540000063,4447.9579517069105
1776010012,539,,Aggregated,304.300000,11.600000,650,1000,1300,1500,2400,3000,3500,4200,7200,9100,9200,14757,214,650.0,965.7526622972125,195.7789899997806,9224.073540000063,4449.525310022363
1776010013,535,,Aggregated,309.600000,9.900000,660,1100,1400,1500,2400,3000,3400,4100,7200,9100,9200,15028,214,660.0,975.2646458018347,195.7789899997806,9224.073540000063,4450.70601543785
1776010014,531,,Aggregated,314.200000,7.200000,680,1100,1400,1500,2400,3000,3400,4100,7200,9100,9200,15311,214,680.0,983.5209145849365,195.7789899997806,9224.073540000063,4451.894389654497
1776010015,526,,Aggregated,319.700000,5.000000,690,1100,1400,1500,2500,3000,3400,4000,7200,9100,9200,15608,214,690.0,992.311613394411,195.7789899997806,9224.073540000063,4453.095207585853
1776010016,520,,Aggregated,320.200000,3.200000,710,1100,1400,1500,2500,2900,3400,4000,7200,9100,9200,15892,214,710.0,1002.7212598508663,195.7789899997806,9224.073540000063,4454.201485023911
1776010017,513,,Aggregated,323.000000,1.900000,730,1200,1400,1500,2500,2900,3400,3900,7200,9100,9200,16244,214,730.0,1011.2448034917487,195.7789899997806,9224.073540000063,4455.518960847082
1776010018,506,,Aggregated,332.000000,1.400000,740,1200,1400,1500,2500,2900,3400,3900,7200,9100,9200,16546,214,740.0,1016.6257819605936,195.7789899997806,9224.073540000063,4456.604617430195
1776010019,498,,Aggregated,335.200000,0.100000,760,1200,1400,1500,2500,2900,3400,3900,7200,9100,9200,16853,214,760.0,1022.376689382897,195.7789899997806,9224.073540000063,4457.668367649677
1776010020,490,,Aggregated,335.100000,0.100000,780,1200,1400,1500,2500,2900,3400,3900,7100,9100,9200,17154,214,780.0,1027.7614613658607,195.7789899997806,9224.073540000063,4458.674361664918
1776010020,481,,Aggregated,335.100000,0.100000,800,1200,1400,1500,2500,2900,3400,3900,7100,9100,9200,17428,214,800.0,1032.543701201513,195.7789899997806,9224.073540000063,4459.559903603396
1776010021,472,,Aggregated,332.900000,0.100000,820,1200,1400,1500,2500,2900,3400,3900,7100,9100,9200,17681,214,820.0,1039.8996015372397,195.7789899997806,9224.073540000063,4460.353204004298
1776010022,462,,Aggregated,332.600000,0.100000,830,1200,1400,1500,2500,2900,3400,3900,7100,9100,9200,17859,214,830.0,1046.9610159365006,195.7789899997806,9224.073540000063,4460.897866621871
1776010023,452,,Aggregated,329.900000,0.100000,850,1200,1400,1600,2500,2900,3400,3900,6600,9100,9200,18073,214,850.0,1056.3188246561158,195.7789899997806,9224.073540000063,4461.538482819676
1776010024,441,,Aggregated,322.800000,0.000000,870,1200,1400,1600,2500,2900,3400,3800,6600,9100,9200,18324,214,870.0,1066.4590832782133,195.7789899997806,9224.073540000063,4462.270792403406
1776010025,430,,Aggregated,310.600000,0.000000,890,1300,1400,1600,2500,2900,3400,3800,6600,9100,9200,18593,214,890.0,1072.3951480390467,195.7789899997806,9224.073540000063,4463.033668584952
1776010026,419,,Aggregated,303.100000,0.000000,910,1300,1400,1600,2500,2900,3300,3800,6600,9100,9200,18858,214,910.0,1077.1428588376277,195.7789899997806,9224.073540000063,4463.763919821827
1776010027,407,,Aggregated,299.100000,0.000000,930,1300,1400,1600,2500,2900,3300,3800,6500,9100,9200,19099,214,930.0,1080.045997425519,195.7789899997806,9224.073540000063,4464.41044033719
1776010028,395,,Aggregated,288.600000,0.000000,940,1300,1400,1600,2500,2900,3300,3800,6500,9100,9200,19336,214,940.0,1083.695156349812,195.7789899997806,9224.073540000063,4465.030513032685
1776010029,383,,Aggregated,279.300000,0.000000,950,1300,1400,1600,2500,2800,3300,3800,6500,9100,9200,19628,214,950.0,1086.0097959624004,195.7789899997806,9224.073540000063,4465.773894436519
1776010036,371,,Aggregated,188.400000,0.000000,940,1300,1400,1600,2500,2800,3300,3800,6500,9100,9200,19913,214,940.0,1083.9800558594884,195.7789899997806,9224.073540000063,4466.478431175614
1776010030,358,,Aggregated,275.500000,0.000000,930,1300,1400,1600,2500,2800,3300,3800,6400,9000,9200,20216,214,930.0,1083.3119722704782,195.7789899997806,9224.073540000063,4467.20567867036
1776010031,345,,Aggregated,273.700000,0.000000,920,1200,1400,1600,2500,2800,3300,3800,6400,9000,9200,20510,214,920.0,1080.5155479897605,195.7789899997806,9224.073540000063,4467.890784982935
1776010032,332,,Aggregated,272.300000,0.000000,910,1200,1400,1600,2500,2800,3300,3800,6400,9000,9200,20784,214,910.0,1079.0175627959002,195.7789899997806,9224.073540000063,4468.511836027714
1776010033,319,,Aggregated,275.200000,0.000000,910,1200,1400,1600,2500,2800,3300,3800,6400,9000,9200,21060,214,910.0,1075.798796685659,195.7789899997806,9224.073540000063,4469.121082621083
1776010034,306,,Aggregated,282.800000,0.000000,900,1200,1400,1600,2500,2800,3300,3800,6400,9000,9200,21335,214,900.0,1072.6853237567368,195.7789899997806,9224.073540000063,4469.712444340286
1776010035,293,,Aggregated,289.100000,0.000000,900,1200,1400,1600,2500,2800,3300,3800,6400,9000,9200,21606,214,900.0,1068.9471196375991,195.7789899997806,9224.073540000063,4470.2804776450985
1776010036,280,,Aggregated,295.000000,0.000000,880,1200,1400,1600,2500,2800,3300,3800,6400,9000,9200,21888,214,880.0,1065.2404971408976,195.7789899997806,9224.073540000063,4470.856633771929
1776010037,267,,Aggregated,298.200000,0.000000,880,1200,1400,1600,2500,2800,3300,3800,6200,9000,9200,22202,214,880.0,1058.9637486537242,195.7789899997806,9224.073540000063,4471.480947662373
1776010038,254,,Aggregated,301.200000,0.000000,860,1200,1400,1500,2500,2800,3300,3800,6200,9000,9200,22486,214,860.0,1052.3360114431177,195.7789899997806,9224.073540000063,4472.030596815796
1776010039,241,,Aggregated,308.900000,0.000000,860,1200,1400,1500,2500,2800,3200,3700,6200,9000,9200,22768,214,860.0,1046.5556668301974,195.7789899997806,9224.073540000063,4472.562807449051
1776010046,228,,Aggregated,209.200000,0.000000,840,1200,1400,1500,2500,2700,3200,3700,6200,9000,9200,23094,214,840.0,1038.7956438265333,195.7789899997806,9224.073540000063,4473.161860223435
1776010040,216,,Aggregated,314.900000,0.000000,830,1200,1400,1500,2400,2700,3200,3700,6200,9000,9200,23385,214,830.0,1031.4056773012585,195.7789899997806,9224.073540000063,4473.682488774855
1776010041,203,,Aggregated,314.400000,0.000000,820,1200,1400,1500,2400,2700,3200,3700,6200,9000,9200,23640,214,820.0,1025.045688431046,195.7789899997806,9224.073540000063,4474.128172588832
1776010042,191,,Aggregated,313.300000,0.000000,800,1200,1400,1500,2400,2700,3200,3700,6200,9000,9200,23887,214,800.0,1019.6816966852239,195.7789899997806,9224.073540000063,4474.550801691296
1776010043,180,,Aggregated,315.900000,0.000000,790,1200,1400,1500,2400,2700,3200,3700,6100,9000,9200,24144,214,790.0,1013.2815737570377,195.7789899997806,9224.073540000063,4474.981361829025
1776010044,168,,Aggregated,312.300000,0.000000,780,1100,1400,1500,2400,2700,3200,3700,6100,9000,9200,24367,214,780.0,1007.9594498805724,195.7789899997806,9224.073540000063,4475.347601264005
1776010045,157,,Aggregated,310.800000,0.000000,760,1100,1400,1500,2400,2700,3200,3700,6100,9000,9200,24616,214,760.0,1001.2605051628977,195.7789899997806,9224.073540000063,4475.748700032499
1776010046,147,,Aggregated,308.600000,0.000000,750,1100,1400,1500,2400,2700,3200,3700,6100,9000,9200,24865,214,750.0,994.6583938974418,195.7789899997806,9224.073540000063,4476.141765533883
1776010047,136,,Aggregated,303.600000,0.000000,740,1100,1400,1500,2400,2700,3200,3700,6100,9000,9200,25098,214,740.0,988.0341972535615,195.7789899997806,9224.073540000063,4476.502510160172
1776010048,127,,Aggregated,297.200000,0.000000,730,1100,1300,1500,2400,2700,3200,3600,6100,9000,9200,25320,214,730.0,981.7433149063932,195.7789899997806,9224.073540000063,4476.840047393365
1776010049,117,,Aggregated,290.700000,0.000000,730,1100,1300,1500,2400,2700,3200,3600,6100,9000,9200,25525,214,730.0,975.9131100783491,195.7789899997806,9224.073540000063,4477.1465230166505
1776010056,109,,Aggregated,164.400000,0.000000,720,1100,1300,1500,2400,2700,3200,3600,6100,9000,9200,25718,214,720.0,970.3942583661204,195.7789899997806,9224.073540000063,4477.4305933587375
1776010051,101,,Aggregated,276.400000,0.000000,710,1100,1300,1500,2400,2700,3200,3600,6100,9000,9200,25890,233,710.0,965.7032711069867,8.055190000050061,9224.073540000063,4474.36674391657
1776010052,93,,Aggregated,268.400000,0.000000,710,1100,1300,1500,2400,2700,3200,3600,6100,9000,9200,26037,233,710.0,962.223338229823,8.055190000050061,9224.073540000063,4474.596151630372
1776010053,86,,Aggregated,250.100000,1.900000,700,1100,1300,1400,2400,2700,3200,3600,6100,9000,9200,26195,233,700.0,958.0139250776824,8.055190000050061,9224.073540000063,4474.839854934147
1776010054,79,,Aggregated,239.700000,1.900000,690,1100,1300,1400,2400,2700,3200,3600,6100,9000,9200,26344,233,690.0,953.9812079934666,8.055190000050061,9224.073540000063,4475.066998177953
1776010055,73,,Aggregated,231.200000,1.900000,690,1100,1300,1400,2400,2700,3100,3600,6100,9000,9200,26473,233,690.0,950.5589225592065,8.055190000050061,9224.073540000063,4475.261587277603
1776010055,68,,Aggregated,231.200000,1.900000,680,1100,1300,1400,2400,2700,3100,3600,6100,9000,9200,26605,233,680.0,947.0120548408145,8.055190000050061,9224.073540000063,4475.458748355572
1776010056,63,,Aggregated,221.200000,1.900000,670,1100,1300,1400,2400,2700,3100,3600,6100,9000,9200,26722,233,670.0,943.8658193739194,8.055190000050061,9224.073540000063,4475.6318763565605
1776010057,59,,Aggregated,211.100000,1.900000,670,1100,1300,1400,2400,2700,3100,3600,6100,9000,9200,26836,233,670.0,940.8200516321308,8.055190000050061,9224.073540000063,4475.799113131614
1776010058,56,,Aggregated,200.700000,1.900000,670,1100,1300,1400,2400,2700,3100,3600,6100,9000,9200,26939,233,670.0,938.0987827725556,8.055190000050061,9224.073540000063,4475.948995879579
1776010059,53,,Aggregated,185.600000,1.900000,660,1100,1300,1400,2400,2700,3100,3600,6100,9000,9200,27045,233,660.0,935.3306948282445,8.055190000050061,9224.073540000063,4476.10205213533
1776010066,51,,Aggregated,85.600000,0.000000,660,1100,1300,1400,2400,2700,3100,3600,6100,9000,9200,27139,233,660.0,932.8842002273428,8.055190000050061,9224.073540000063,4476.23678101625
1776010061,50,,Aggregated,163.000000,1.900000,650,1100,1300,1400,2300,2700,3100,3600,6100,9000,9200,27236,233,650.0,930.4427962479754,8.055190000050061,9224.073540000063,4476.3748347775
1776010062,50,,Aggregated,153.000000,1.900000,650,1000,1300,1400,2300,2700,3100,3500,6100,9000,9200,27328,233,650.0,928.1295658332058,8.055190000050061,9224.073540000063,4476.504866803279
1776010063,50,,Aggregated,142.200000,0.000000,650,1000,1300,1400,2300,2700,3100,3500,6100,9000,9200,27419,233,650.0,925.8357616204042,8.055190000050061,9224.073540000063,4476.632627010467
1776010064,50,,Aggregated,131.600000,0.000000,650,1000,1300,1400,2300,2700,3100,3500,6100,9000,9200,27509,233,650.0,923.5640735348388,8.055190000050061,9224.073540000063,4476.758151877567
1776010065,52,,Aggregated,125.000000,0.000000,640,1000,1300,1400,2300,2700,3100,3500,6100,9000,9200,27608,233,640.0,921.12125884562,8.055190000050061,9224.073540000063,4476.895283975659
1776010065,54,,Aggregated,125.000000,0.000000,630,1000,1300,1400,2300,2700,3100,3500,6100,9000,9200,27711,233,630.0,918.5555024210563,8.055190000050061,9224.073540000063,4477.036916747862
1776010066,57,,Aggregated,119.200000,0.000000,630,1000,1300,1400,2300,2700,3100,3500,6100,9000,9200,27812,246,630.0,916.2606685650043,8.055190000050061,9224.073540000063,4475.064360707608
1776010067,60,,Aggregated,114.800000,0.000000,620,1000,1300,1400,2300,2700,3100,3500,6100,9000,9200,27919,246,620.0,913.6887694501913,8.055190000050061,9224.073540000063,4475.217414663849
1776010068,65,,Aggregated,112.800000,1.300000,620,1000,1300,1400,2300,2700,3100,3500,5900,9000,9200,28035,246,620.0,910.921800977346,8.055190000050061,9224.073540000063,4475.38202247191
1776010069,69,,Aggregated,108.200000,1.300000,610,1000,1300,1400,2300,2700,3100,3500,5900,9000,9200,28166,246,610.0,907.7611550436654,8.055190000050061,9224.073540000063,4475.566285592558
1776010076,75,,Aggregated,81.700000,1.300000,610,1000,1300,1400,2300,2700,3100,3500,5900,9000,9200,28306,246,610.0,904.4403310202747,8.055190000050061,9224.073540000063,4475.761322687769
1776010071,81,,Aggregated,110.600000,1.300000,600,1000,1300,1400,2300,2700,3100,3500,5900,9000,9200,28453,246,600.0,900.9966846068919,8.055190000050061,9224.073540000063,4475.964045970548
1776010072,88,,Aggregated,113.700000,1.300000,590,1000,1300,1400,2300,2700,3100,3500,5900,9000,9200,28606,246,590.0,897.5861224844402,8.055190000050061,9224.073540000063,4476.1728308746415
1776010073,95,,Aggregated,121.000000,1.300000,580,1000,1300,1400,2300,2700,3100,3500,5900,9000,9200,28785,246,580.0,893.4851355990928,8.055190000050061,9224.073540000063,4476.414278269932
1776010074,103,,Aggregated,126.800000,1.300000,580,1000,1300,1400,2300,2700,3100,3500,5900,9000,9200,28962,246,580.0,889.675218285336,8.055190000050061,9224.073540000063,4476.650093225606
1776010075,111,,Aggregated,135.000000,1.300000,560,990,1200,1400,2300,2700,3100,3500,5800,9000,9200,29150,246,560.0,885.904231943393,8.055190000050061,9224.073540000063,4476.8974271012
1776010075,120,,Aggregated,135.000000,1.300000,550,990,1200,1400,2300,2700,3100,3500,5800,9000,9200,29358,246,550.0,881.7598712058013,8.055190000050061,9224.073540000063,4477.167381974249
1776010076,129,,Aggregated,143.300000,1.300000,540,980,1200,1400,2300,2700,3100,3500,5800,9000,9200,29551,246,540.0,878.3922372714935,8.055190000050061,9224.073540000063,4477.414469899496
1776010077,139,,Aggregated,152.600000,1.300000,530,980,1200,1400,2300,2700,3100,3500,5800,9000,9200,29758,246,530.0,874.5688935455975,8.055190000050061,9224.073540000063,4477.675919080583
1776010078,150,,Aggregated,162.400000,0.000000,530,980,1200,1400,2300,2700,3100,3400,5800,9000,9200,29900,246,530.0,872.710452421735,8.055190000050061,9224.073540000063,4477.853177257525
1776010079,160,,Aggregated,174.500000,0.000000,530,970,1200,1400,2300,2700,3100,3400,5800,8400,9200,30100,246,530.0,871.0594756468407,8.055190000050061,9224.073540000063,4478.1
1776010086,171,,Aggregated,137.600000,0.000000,530,970,1200,1400,2200,2700,3100,3400,5800,8400,9200,30298,246,530.0,868.9248403670173,8.055190000050061,9224.073540000063,4478.341144630009
1776010081,183,,Aggregated,185.000000,0.000000,540,960,1200,1400,2200,2700,3100,3400,5800,8400,9200,30448,246,540.0,867.770610989881,8.055190000050061,9224.073540000063,4478.5217419863375
1776010082,195,,Aggregated,191.600000,0.000000,540,960,1200,1400,2200,2700,3100,3400,5800,8400,9200,30585,246,540.0,868.078116197152,8.055190000050061,9224.073540000063,4478.685139774399
1776010083,207,,Aggregated,196.600000,0.000000,550,970,1200,1400,2200,2700,3100,3400,5800,8400,9200,30686,246,550.0,869.31168223978,8.055190000050061,9224.073540000063,4478.804666623216
1776010084,219,,Aggregated,196.900000,0.000000,550,970,1200,1400,2200,2700,3100,3400,5800,8400,9200,30796,246,550.0,872.1079007270395,8.055190000050061,9224.073540000063,4478.933952461359
1776010085,232,,Aggregated,189.900000,0.000000,560,980,1200,1400,2200,2700,3100,3400,5800,8400,9200,31000,246,560.0,874.4991635564478,8.055190000050061,9224.073540000063,4479.171290322581
1776010085,244,,Aggregated,189.900000,0.000000,570,980,1200,1400,2200,2700,3100,3400,5800,8400,9200,31152,246,570.0,875.1270530120024,8.055190000050061,9224.073540000063,4479.346109399075
1776010086,257,,Aggregated,182.500000,0.000000,580,980,1200,1400,2200,2700,3000,3400,5800,8400,9200,31318,256,580.0,876.3430750922757,8.055190000050061,9224.073540000063,4478.0934286991505
1776010087,270,,Aggregated,182.200000,0.000000,580,990,1200,1400,2200,2700,3000,3400,5800,8400,9200,31487,275,580.0,878.5017113418209,8.055190000050061,9224.073540000063,4475.567059421349
1776010088,283,,Aggregated,179.900000,0.600000,590,1000,1200,1400,2200,2700,3000,3400,5800,8400,9200,31669,309,590.0,880.2014791872155,8.055190000050061,9224.073540000063,4470.946351321481
1776010089,297,,Aggregated,175.400000,2.100000,590,1000,1200,1400,2200,2700,3000,3400,5800,8400,9200,31928,356,590.0,881.838554759457,8.055190000050061,9224.073540000063,4464.657354046605
1776010096,310,,Aggregated,140.800000,14.800000,600,1000,1200,1400,2200,2700,3000,3400,5700,8400,9200,32192,407,600.0,881.8566718044844,8.055190000050061,9224.073540000063,4457.917339711729
1776010091,323,,Aggregated,181.200000,8.300000,600,1000,1200,1400,2200,2600,3000,3400,5700,8400,9200,32417,465,600.0,881.3553135391908,8.055190000050061,9224.073540000063,4450.2353703303825
1776010092,336,,Aggregated,186.300000,13.000000,610,1000,1200,1400,2200,2600,3000,3400,5700,8400,9200,32643,542,610.0,882.221868140182,8.055190000050061,9224.073540000063,4440.033544710964
1776010093,349,,Aggregated,192.600000,19.200000,610,1000,1200,1400,2200,2600,3000,3400,5700,8400,9200,32919,636,610.0,884.3700362125198,8.055190000050061,9224.073540000063,4427.769525198214
1776010094,362,,Aggregated,198.600000,26.900000,610,1000,1200,1400,2200,2600,3000,3400,5600,8400,9200,33230,739,610.0,884.797814708695,8.055190000050061,9224.073540000063,4414.591182666265
1776010095,374,,Aggregated,214.600000,36.000000,620,1000,1200,1400,2100,2600,3000,3400,5600,8400,9200,33528,838,620.0,884.3125664566911,8.055190000050061,9224.073540000063,4402.151932712956
1776010095,387,,Aggregated,214.600000,36.000000,620,1000,1200,1400,2100,2600,3000,3400,5600,8400,9200,33811,935,620.0,884.4007046070784,8.055190000050061,9224.073540000063,4390.143444441158
1776010096,399,,Aggregated,234.500000,45.100000,620,1000,1200,1400,2100,2600,3000,3400,5500,8400,9200,34089,1000,620.0,885.8477444982233,8.055190000050061,9224.073540000063,4382.552582944645
1776010097,411,,Aggregated,248.800000,55.700000,620,1000,1300,1400,2100,2600,3000,3400,5500,8400,9200,34423,1047,620.0,887.981420423552,8.055190000050061,9224.073540000063,4377.673067425849
1776010098,423,,Aggregated,261.300000,67.000000,630,1100,1300,1400,2100,2600,3000,3400,5500,8400,9200,34810,1084,630.0,888.555064548403,8.055190000050061,9224.073540000063,4374.400746911807
1776010099,434,,Aggregated,277.200000,73.200000,630,1100,1300,1400,2000,2600,3000,3400,5500,8400,9200,35132,1105,630.0,888.09562775902,8.055190000050061,9224.073540000063,4372.990578390071
1776010107,445,,Aggregated,203.400000,31.400000,630,1100,1300,1400,2000,2600,3000,3400,5500,8400,9200,35504,1119,630.0,888.4972977529266,8.055190000050061,9224.073540000063,4372.698146687697
1776010101,455,,Aggregated,307.100000,74.300000,630,1100,1300,1400,2000,2600,3000,3400,5500,8400,9200,35930,1128,630.0,887.7490984800972,8.055190000050061,9224.073540000063,4373.254383523518
1776010102,465,,Aggregated,318.000000,71.500000,630,1100,1300,1400,1900,2600,3000,3400,5500,8400,9200,36316,1128,630.0,886.5046036994679,8.055190000050061,9224.073540000063,4374.760986892829
1776010103,475,,Aggregated,342.300000,66.700000,630,1100,1300,1400,1900,2600,3000,3400,5500,8400,9200,36746,1128,630.0,886.7660618385648,8.055190000050061,9224.073540000063,4376.4020573667885
1776010104,484,,Aggregated,361.100000,60.900000,630,1100,1300,1400,1900,2600,3000,3400,5500,8400,9200,37186,1128,630.0,885.4109943250118,8.055190000050061,9224.073540000063,4378.042005055666
1776010105,493,,Aggregated,377.300000,52.000000,620,1100,1300,1400,1900,2600,3000,3400,5500,8400,9200,37604,1128,620.0,883.9592543319825,8.055190000050061,9224.073540000063,4379.564408041698
1776010105,501,,Aggregated,377.300000,52.000000,620,1100,1300,1400,1800,2600,3000,3400,5300,8400,9200,38094,1128,620.0,884.1467984805975,8.055190000050061,9224.073540000063,4381.3065049614115
1776010106,508,,Aggregated,392.700000,42.900000,620,1100,1300,1400,1800,2600,3000,3300,5300,8400,9200,38643,1128,620.0,881.6056802021034,8.055190000050061,9224.073540000063,4383.205884636286
1776010107,515,,Aggregated,400.500000,32.300000,620,1100,1300,1400,1800,2600,3000,3300,5300,8400,9200,39190,1128,620.0,877.8694938823662,8.055190000050061,9224.073540000063,4385.045419749937
1776010108,522,,Aggregated,429.000000,20.400000,620,1100,1300,1400,1800,2600,3000,3300,5300,8400,9200,39690,1128,620.0,875.1805680267072,8.055190000050061,9224.073540000063,4386.68253968254
1776010109,527,,Aggregated,454.600000,12.900000,610,1100,1300,1400,1800,2500,3000,3300,5300,8100,9200,40176,1128,610.0,873.1391344140774,8.055190000050061,9224.073540000063,4388.234767025089
1776010110,532,,Aggregated,470.500000,8.700000,610,1100,1300,1400,1800,2500,3000,3300,5300,8100,9200,40742,1128,610.0,871.7660227168507,8.055190000050061,9224.073540000063,4389.995827401698
1776010111,537,,Aggregated,486.900000,5.600000,600,1100,1300,1400,1700,2500,2900,3300,5300,8100,9200,41270,1128,600.0,869.4814212609617,8.055190000050061,9224.073540000063,4391.59510540344
1776010112,541,,Aggregated,502.500000,3.700000,600,1100,1300,1400,1700,2500,2900,3300,5300,8100,9200,41839,1128,600.0,866.6549922390577,8.055190000050061,9224.073540000063,4393.273381294964
1776010113,544,,Aggregated,511.800000,2.300000,590,1100,1300,1400,1700,2500,2900,3300,5100,8100,9200,42339,1128,590.0,864.0519323590536,8.055190000050061,9224.073540000063,4394.71090483951
1776010114,546,,Aggregated,538.100000,0.400000,590,1100,1300,1400,1700,2500,2900,3300,5100,8100,9200,42881,1128,590.0,862.2516882346486,8.055190000050061,9224.073540000063,4396.231314568224
1776010115,548,,Aggregated,548.700000,0.200000,580,1100,1300,1400,1700,2500,2900,3300,4900,8100,9200,43437,1128,580.0,861.0115165658299,8.055190000050061,9224.073540000063,4397.751571241108
1776010115,549,,Aggregated,548.700000,0.200000,580,1100,1300,1400,1700,2500,2900,3300,4500,8100,9200,44019,1128,580.0,858.6337947309105,8.055190000050061,9224.073540000063,4399.301778777346
1776010116,549,,Aggregated,555.700000,0.200000,570,1100,1300,1400,1700,2500,2900,3300,4500,8100,9200,44611,1128,570.0,855.7493015076967,8.055190000050061,9224.073540000063,4400.837125372666
1776010117,549,,Aggregated,572.600000,0.200000,560,1100,1300,1400,1700,2500,2900,3300,4500,8100,9200,45144,1128,560.0,853.2626357212455,8.055190000050061,9224.073540000063,4402.185007974482
1776010118,548,,Aggregated,577.800000,0.200000,560,1100,1300,1400,1700,2500,2900,3300,4500,8100,9200,45727,1128,560.0,851.7832310680787,8.055190000050061,9224.073540000063,4403.623351630328
1776010119,547,,Aggregated,584.800000,0.000000,550,1100,1300,1400,1700,2500,2900,3300,4500,8100,9200,46337,1128,550.0,849.0760112247227,8.055190000050061,9224.073540000063,4405.089561257742
1776010127,544,,Aggregated,360.300000,0.000000,550,1100,1300,1400,1700,2500,2900,3200,4500,8100,9200,46899,1128,550.0,846.1438144968965,8.055190000050061,9224.073540000063,4406.406639800422
1776010121,541,,Aggregated,598.200000,0.000000,540,1100,1300,1400,1700,2500,2900,3200,4400,8100,9200,47412,1128,540.0,843.9018114354996,8.055190000050061,9224.073540000063,4407.581624905088
1776010122,537,,Aggregated,606.900000,0.000000,530,1100,1300,1400,1700,2500,2900,3200,4400,8100,9200,47908,1128,530.0,842.2388693364348,8.055190000050061,9224.073540000063,4408.693746347165
1776010123,533,,Aggregated,604.200000,0.000000,530,1100,1300,1400,1700,2500,2900,3200,4400,8100,9200,48392,1128,530.0,841.6432944782168,8.055190000050061,9224.073540000063,4409.756984625558
1776010124,528,,Aggregated,599.600000,0.000000,520,1100,1300,1400,1700,2400,2900,3200,4400,8100,9200,48916,1128,520.0,841.7223340324184,8.055190000050061,9224.073540000063,4410.884373211219
1776010125,522,,Aggregated,596.300000,0.000000,520,1100,1300,1400,1700,2400,2900,3200,4400,8100,9200,49405,1128,520.0,840.5920946732066,8.055190000050061,9224.073540000063,4411.914887157171
1776010125,516,,Aggregated,596.300000,0.000000,510,1100,1300,1400,1700,2400,2900,3200,4400,8100,9200,49922,1128,510.0,839.6936289295254,8.055190000050061,9224.073540000063,4412.982452626096
1776010126,509,,Aggregated,595.500000,0.000000,510,1100,1300,1400,1700,2400,2900,3200,4400,8000,9200,50373,1128,510.0,838.1000838989089,8.055190000050061,9224.073540000063,4413.895837055566
1776010127,502,,Aggregated,589.600000,0.000000,500,1100,1300,1400,1700,2400,2800,3200,4400,8000,9200,50839,1128,500.0,837.6060217710759,8.055190000050061,9224.073540000063,4414.822577155333
1776010128,494,,Aggregated,583.700000,0.000000,500,1100,1300,1400,1700,2400,2800,3200,4400,8000,9200,51345,1128,500.0,837.3093371619377,8.055190000050061,9224.073540000063,4415.80981595092
1776010129,485,,Aggregated,572.800000,0.000000,490,1100,1300,1400,1700,2400,2800,3200,4400,8000,9200,51818,1128,490.0,836.2615290885357,8.055190000050061,9224.073540000063,4416.7152340885405
1776010130,476,,Aggregated,571.600000,0.000000,480,1100,1300,1400,1700,2400,2800,3200,4400,8000,9200,52253,1128,480.0,835.4358729584847,8.055190000050061,9224.073540000063,4417.533443055901
1776010131,467,,Aggregated,560.300000,0.000000,480,1100,1300,1400,1700,2400,2800,3200,4400,8000,9200,52729,1128,480.0,835.2597498920841,8.055190000050061,9224.073540000063,4418.413301978038
1776010132,457,,Aggregated,545.500000,0.000000,480,1100,1300,1400,1700,2400,2800,3200,4400,8000,9200,53212,1128,480.0,833.7703933590104,8.055190000050061,9224.073540000063,4419.290009772232
1776010133,446,,Aggregated,540.400000,0.000000,470,1100,1300,1400,1700,2400,2800,3200,4400,8000,9200,53633,1128,470.0,832.3933257447774,8.055190000050061,9224.073540000063,4420.041299200119
1776010134,436,,Aggregated,535.900000,0.000000,470,1100,1300,1400,1700,2400,2800,3200,4400,8000,9200,54086,1128,470.0,831.5627579854238,8.055190000050061,9224.073540000063,4420.836630551345
1776010135,424,,Aggregated,533.600000,0.000000,460,1100,1300,1400,1700,2400,2800,3100,4400,8000,9200,54479,1128,460.0,830.3131999339131,8.055190000050061,9224.073540000063,4421.515905211182
1776010135,412,,Aggregated,533.600000,0.000000,460,1100,1300,1400,1700,2400,2800,3100,4400,8000,9200,54931,1128,460.0,830.353683423197,8.055190000050061,9224.073540000063,4422.285139538694
1776010136,400,,Aggregated,525.900000,0.000000,460,1100,1300,1400,1700,2400,2800,3100,4400,8000,9200,55380,1128,460.0,829.0702548968873,8.055190000050061,9224.073540000063,4423.036836403034
1776010137,388,,Aggregated,517.500000,0.000000,460,1100,1300,1400,1700,2400,2800,3100,4400,8000,9200,55831,1128,460.0,827.1139015906855,8.055190000050061,9224.073540000063,4423.7797101968445
1776010138,376,,Aggregated,502.300000,0.000000,460,1100,1300,1400,1700,2400,2800,3100,4400,8000,9200,56204,1128,460.0,825.3582302912529,8.055190000050061,9224.073540000063,4424.385097146111
1776010140,363,,Aggregated,492.800000,0.000000,460,1100,1300,1400,1700,2400,2800,3100,4400,8000,9200,56609,1128,460.0,824.5625318071267,8.055190000050061,9224.073540000063,4425.033386917275
1776010140,351,,Aggregated,492.800000,0.000000,460,1100,1300,1400,1700,2300,2800,3100,4400,8000,9200,56969,1128,460.0,822.9884977717637,8.055190000050061,9224.073540000063,4425.601906299918
1776010141,337,,Aggregated,480.900000,0.000000,460,1100,1300,1400,1700,2300,2800,3100,4400,8000,9200,57290,1128,460.0,822.0312722808446,8.055190000050061,9224.073540000063,4426.102810263571
1776010142,324,,Aggregated,475.900000,0.000000,460,1100,1300,1400,1700,2300,2800,3100,4400,8000,9200,57535,1134,460.0,821.7844005441829,8.055190000050061,9224.073540000063,4426.010515338489
1776010143,311,,Aggregated,467.100000,0.000000,460,1100,1300,1400,1700,2300,2800,3100,4400,8000,9200,57776,1134,460.0,822.4209717399876,8.055190000050061,9224.073540000063,4426.381715591249
1776010144,298,,Aggregated,439.500000,0.000000,460,1100,1300,1400,1700,2300,2800,3100,4400,8000,9200,57992,1134,460.0,823.1606256373212,8.055190000050061,9224.073540000063,4426.7117878328045
1776010145,285,,Aggregated,424.500000,0.600000,450,1100,1300,1400,1700,2300,2800,3100,4400,8000,9200,58211,1134,450.0,824.5082733460952,8.055190000050061,9224.073540000063,4427.043943584546
1776010146,272,,Aggregated,403.400000,0.600000,450,1100,1300,1400,1700,2300,2800,3100,4400,8000,9200,58426,1134,450.0,825.2879778499217,8.055190000050061,9224.073540000063,4427.367610310478
1776010147,259,,Aggregated,382.000000,0.600000,460,1100,1300,1400,1700,2300,2800,3100,4400,8000,9200,58673,1134,460.0,825.787841751394,8.055190000050061,9224.073540000063,4427.736522761747
1776010148,246,,Aggregated,360.100000,0.600000,460,1100,1300,1400,1700,2300,2800,3100,4400,8000,9200,58905,1134,460.0,825.7708258804777,8.055190000050061,9224.073540000063,4428.080213903743
1776010149,233,,Aggregated,333.700000,0.600000,460,1100,1300,1400,1700,2300,2800,3100,4400,8000,9200,59131,1134,460.0,825.3958664079677,8.055190000050061,9224.073540000063,4428.412423263601
1776010150,221,,Aggregated,312.000000,0.600000,460,1100,1300,1400,1700,2300,2800,3100,4400,8000,9200,59376,1134,460.0,825.0010920801263,8.055190000050061,9224.073540000063,4428.769704931286
1776010150,208,,Aggregated,312.000000,0.600000,460,1100,1300,1400,1700,2300,2800,3100,4400,8000,9200,59634,1134,460.0,823.8595654763984,8.055190000050061,9224.073540000063,4429.142770902506
1776010151,196,,Aggregated,297.500000,0.600000,460,1100,1300,1400,1700,2300,2800,3100,4400,8000,9200,59842,1134,460.0,822.91520343086,8.055190000050061,9224.073540000063,4429.441195147221
1776010152,184,,Aggregated,281.300000,0.600000,470,1100,1300,1400,1700,2300,2800,3100,4400,7900,9200,60058,1134,470.0,822.1761300346251,8.055190000050061,9224.073540000063,4429.748909387592
1776010153,173,,Aggregated,266.600000,0.600000,470,1100,1300,1400,1700,2300,2800,3100,4400,7900,9200,60324,1134,470.0,820.4635997155274,8.055190000050061,9224.073540000063,4430.124825939924
1776010154,162,,Aggregated,256.900000,0.600000,460,1100,1300,1400,1700,2300,2700,3100,4400,7900,9200,60576,1134,460.0,818.366529514651,8.055190000050061,9224.073540000063,4430.477912044374
1776010155,151,,Aggregated,254.100000,0.000000,460,1100,1300,1400,1700,2300,2700,3100,4400,7900,9200,60800,1134,460.0,816.8563504894657,8.055190000050061,9224.073540000063,4430.789309210526
1776010156,141,,Aggregated,257.300000,0.000000,450,1100,1300,1400,1700,2300,2700,3100,4400,7900,9200,61043,1134,450.0,814.7812778228382,8.055190000050061,9224.073540000063,4431.124535163737
1776010157,131,,Aggregated,259.000000,0.000000,450,1100,1300,1400,1700,2300,2700,3100,4400,7900,9200,61257,1134,450.0,813.027343256109,8.055190000050061,9224.073540000063,4431.4175522797395
1776010158,121,,Aggregated,260.800000,0.000000,440,1100,1300,1400,1700,2300,2700,3100,4400,7900,9200,61451,1143,440.0,811.372826569941,8.055190000050061,9224.073540000063,4431.020162405819
1776010159,112,,Aggregated,257.500000,0.000000,440,1100,1300,1400,1700,2300,2700,3100,4400,7900,9200,61663,1143,440.0,809.570703319648,8.055190000050061,9224.073540000063,4431.308888636621
1776010160,104,,Aggregated,254.200000,0.900000,440,1000,1300,1400,1700,2300,2700,3100,4400,7900,9200,61851,1143,440.0,807.8470080871687,8.055190000050061,9224.073540000063,4431.563273027114
1776010160,96,,Aggregated,254.200000,0.900000,430,1000,1300,1400,1700,2300,2700,3100,4400,7900,9200,62032,1143,430.0,806.221650083013,8.055190000050061,9224.073540000063,4431.806728785144
1776010161,88,,Aggregated,252.800000,0.900000,430,1000,1300,1400,1700,2300,2700,3100,4400,7900,9200,62199,1143,430.0,804.7391045892944,8.055190000050061,9224.073540000063,4432.030096946896
1776010162,82,,Aggregated,247.000000,0.900000,430,1000,1300,1400,1700,2300,2700,3100,4400,7900,9200,62352,1143,430.0,803.3547315890354,8.055190000050061,9224.073540000063,4432.233689376443
1776010163,76,,Aggregated,237.800000,0.900000,420,1000,1300,1400,1700,2300,2700,3100,4400,7900,9200,62491,1143,420.0,802.082797868326,8.055190000050061,9224.073540000063,4432.417788161495
1776010164,70,,Aggregated,234.100000,0.900000,420,1000,1300,1400,1700,2300,2700,3100,4400,7900,9200,62616,1143,420.0,800.951372801354,8.055190000050061,9224.073540000063,4432.582646607896
1776010171,65,,Aggregated,118.500000,0.000000,420,1000,1300,1400,1700,2300,2700,3100,4400,7900,9200,62743,1143,420.0,799.800222528244,8.055190000050061,9224.073540000063,4432.749470060405
1776010166,61,,Aggregated,211.000000,0.900000,420,1000,1300,1400,1700,2300,2700,3100,4400,7900,9200,62855,1143,420.0,798.7925609318207,8.055190000050061,9224.073540000063,4432.896030546496
1776010167,57,,Aggregated,201.200000,0.900000,420,1000,1300,1400,1700,2300,2700,3100,4400,7900,9200,62967,1143,420.0,797.7747931405272,8.055190000050061,9224.073540000063,4433.042069655534
1776010168,54,,Aggregated,189.200000,0.900000,410,1000,1300,1400,1700,2300,2700,3100,4400,7900,9200,63070,1143,410.0,796.8427496529189,8.055190000050061,9224.073540000063,4433.175915649279
1776010169,52,,Aggregated,177.500000,0.900000,410,1000,1300,1400,1700,2300,2700,3100,4400,7900,9200,63167,1143,410.0,795.9689868660789,8.055190000050061,9224.073540000063,4433.3015656909465
1776010170,51,,Aggregated,167.600000,0.000000,410,1000,1300,1400,1700,2300,2700,3100,4400,7900,9200,63263,1143,410.0,795.1084569094044,8.055190000050061,9224.073540000063,4433.425540995527
1776010170,50,,Aggregated,167.600000,0.000000,410,1000,1300,1400,1700,2300,2700,3100,4400,7900,9200,63358,1143,410.0,794.2664309337356,8.055190000050061,9224.073540000063,4433.547855045929
1776010171,50,,Aggregated,156.400000,0.000000,410,1000,1300,1400,1700,2300,2700,3100,4400,7900,9200,63457,1143,410.0,793.3854477170311,8.055190000050061,9224.073540000063,4433.6749294798055
1776010172,50,,Aggregated,147.000000,0.000000,410,1000,1300,1400,1700,2300,2700,3100,4400,7900,9200,63547,1159,410.0,792.5593068011015,8.055190000050061,9224.073540000063,4432.653311722032
1776010173,51,,Aggregated,137.000000,0.000000,400,1000,1300,1400,1700,2300,2700,3100,4400,7900,9200,63641,1159,400.0,791.813741090014,8.055190000050061,9224.073540000063,4432.774940682893
1776010174,53,,Aggregated,128.800000,0.000000,400,1000,1300,1400,1700,2300,2700,3100,4400,7900,9200,63738,1159,400.0,790.9593057877497,8.055190000050061,9224.073540000063,4432.900075308294
1776010181,56,,Aggregated,72.500000,1.600000,400,1000,1300,1400,1700,2300,2700,3100,4400,7900,9200,63849,1159,400.0,789.9873754702447,8.055190000050061,9224.073540000063,4433.042804115961
1776010176,59,,Aggregated,114.900000,1.600000,400,1000,1300,1400,1700,2300,2700,3100,4400,7900,9200,63957,1159,400.0,789.0477654291111,8.055190000050061,9224.073540000063,4433.181199868662
1776010177,63,,Aggregated,112.600000,1.600000,400,1000,1300,1400,1700,2200,2700,3100,4400,7900,9200,64082,1159,400.0,787.9607226865529,8.055190000050061,9224.073540000063,4433.340797727911
1776010178,67,,Aggregated,113.200000,1.600000,390,1000,1300,1400,1700,2200,2700,3100,4400,7900,9200,64205,1159,390.0,786.9011419401863,8.055190000050061,9224.073540000063,4433.497235417803
1776010179,73,,Aggregated,112.500000,1.600000,390,1000,1300,1400,1700,2200,2700,3100,4400,7900,9200,64342,1159,390.0,785.7296236472235,8.055190000050061,9224.073540000063,4433.670774921513
1776010180,78,,Aggregated,113.800000,1.600000,390,1000,1200,1400,1700,2200,2700,3100,4400,7900,9200,64488,1159,390.0,784.4965792673001,8.055190000050061,9224.073540000063,4433.854903237811
1776010180,85,,Aggregated,113.800000,1.600000,380,1000,1200,1400,1700,2200,2700,3000,4400,7900,9200,64640,1159,380.0,783.2513339249642,8.055190000050061,9224.073540000063,4434.045714727723
1776010181,92,,Aggregated,117.300000,1.600000,380,1000,1200,1400,1700,2200,2700,3000,4400,7900,9200,64801,1159,380.0,781.978424079099,8.055190000050061,9224.073540000063,4434.246848042469
1776010182,100,,Aggregated,122.500000,1.600000,380,1000,1200,1400,1700,2200,2700,3000,4400,7900,9200,64968,1159,380.0,780.686853128305,8.055190000050061,9224.073540000063,4434.454423716291
1776010183,108,,Aggregated,129.200000,1.600000,380,990,1200,1400,1700,2200,2700,3000,4400,7900,9200,65153,1159,380.0,779.2482390595948,8.055190000050061,9224.073540000063,4434.683130477491
1776010184,116,,Aggregated,134.800000,1.600000,370,990,1200,1400,1700,2200,2700,3000,4400,7900,9200,65345,1159,370.0,777.8612578116115,8.055190000050061,9224.073540000063,4434.919121585431
1776010191,126,,Aggregated,120.600000,0.000000,370,990,1200,1400,1700,2200,2700,3000,4400,7900,9200,65524,1159,370.0,776.7455884599498,8.055190000050061,9224.073540000063,4435.137888407301
1776010186,135,,Aggregated,153.500000,0.000000,370,990,1200,1400,1700,2200,2700,3000,4400,7900,9200,65692,1159,370.0,775.8969492464798,8.055190000050061,9224.073540000063,4435.342126895208
1776010187,145,,Aggregated,161.500000,0.000000,370,980,1200,1400,1700,2200,2700,3000,4400,7900,9200,65907,1159,370.0,774.7887616688629,8.055190000050061,9224.073540000063,4435.601984614685
1776010188,156,,Aggregated,167.400000,0.000000,380,980,1200,1400,1700,2200,2700,3000,4400,7900,9200,66086,1159,380.0,773.9559065372357,8.055190000050061,9224.073540000063,4435.817041430862
1776010189,167,,Aggregated,175.300000,0.000000,380,980,1200,1400,1700,2200,2700,3000,4400,7900,9200,66267,1159,380.0,773.4197531739744,8.055190000050061,9224.073540000063,4436.033319751913
1776010190,178,,Aggregated,182.600000,0.000000,380,970,1200,1400,1700,2200,2700,3000,4400,7900,9200,66470,1159,380.0,772.8908157362679,8.055190000050061,9224.073540000063,4436.274484729954
1776010190,190,,Aggregated,182.600000,0.000000,380,970,1200,1400,1700,2200,2700,3000,4400,7900,9200,66668,1176,380.0,772.3313743226098,8.055190000050061,9224.073540000063,4435.356992860143
1776010191,202,,Aggregated,188.000000,0.000000,390,970,1200,1400,1700,2200,2700,3000,4400,7900,9200,66885,1203,390.0,771.8886698229751,8.055190000050061,9224.073540000063,4433.792778649921
1776010192,214,,Aggregated,192.800000,0.000000,390,970,1200,1400,1600,2200,2700,3000,4400,7900,9200,67123,1240,390.0,771.3428108892574,8.055190000050061,9224.073540000063,4431.591928251121
1776010193,227,,Aggregated,196.500000,2.400000,390,960,1200,1300,1600,2200,2700,3000,4400,7900,9200,67366,1280,390.0,770.7301124709745,8.055190000050061,9224.073540000063,4429.211916990766
1776010194,239,,Aggregated,205.300000,4.600000,400,960,1200,1300,1600,2200,2700,3000,4400,7900,9200,67603,1309,400.0,770.31123551617,8.055190000050061,9224.073540000063,4427.575847225715
1776010202,252,,Aggregated,141.400000,16.700000,400,960,1200,1300,1600,2200,2700,3000,4400,7900,9200,67808,1328,400.0,770.401953362282,8.055190000050061,9224.073540000063,4426.575035394054
1776010196,265,,Aggregated,217.800000,12.200000,400,960,1200,1300,1600,2200,2700,3000,4400,7900,9200,68026,1338,400.0,770.7608581649603,8.055190000050061,9224.073540000063,4426.194690265486
1776010197,278,,Aggregated,221.100000,14.600000,410,960,1200,1300,1600,2200,2700,3000,4400,7900,9200,68252,1350,410.0,771.2173768286581,8.055190000050061,9224.073540000063,4425.694924690852
1776010198,291,,Aggregated,223.700000,16.500000,410,960,1200,1300,1600,2200,2700,3000,4400,7900,9200,68514,1350,410.0,771.3922980723587,8.055190000050061,9224.073540000063,4426.036430510552
1776010199,304,,Aggregated,227.900000,17.800000,410,960,1200,1300,1600,2200,2700,3000,4400,7900,9200,68774,1350,410.0,771.7618781523474,8.055190000050061,9224.073540000063,4426.372757146596
1776010200,318,,Aggregated,236.800000,18.300000,410,960,1200,1300,1600,2200,2700,3000,4400,7900,9200,69054,1350,410.0,771.9151671669924,8.055190000050061,9224.073540000063,4426.732122686593
1776010200,331,,Aggregated,236.800000,18.300000,410,960,1200,1300,1600,2200,2700,3000,4400,7900,9200,69307,1350,410.0,771.9932274289691,8.055190000050061,9224.073540000063,4427.054337945662
1776010201,344,,Aggregated,243.400000,18.300000,410,970,1200,1300,1600,2200,2700,3000,4400,7900,9200,69549,1350,410.0,772.3568333339032,8.055190000050061,9224.073540000063,4427.360350256654
1776010202,357,,Aggregated,252.300000,18.300000,410,970,1200,1300,1600,2200,2700,3000,4400,7900,9200,69779,1350,410.0,773.1276350712916,8.055190000050061,9224.073540000063,4427.649221112369
1776010203,369,,Aggregated,259.100000,15.900000,410,970,1200,1300,1600,2200,2700,3000,4400,7700,9200,70041,1350,410.0,774.0851962013627,8.055190000050061,9224.073540000063,4427.975971216859
1776010204,382,,Aggregated,261.200000,13.900000,410,970,1200,1300,1700,2200,2700,3000,4400,7700,9200,70294,1350,410.0,775.5909853387146,8.055190000050061,9224.073540000063,4428.289185421231
1776010212,394,,Aggregated,166.400000,0.800000,410,970,1200,1300,1700,2200,2700,3000,4400,7700,9200,70588,1350,410.0,776.9601607835548,8.055190000050061,9224.073540000063,4428.650337167791
1776010206,406,,Aggregated,263.400000,6.900000,410,970,1200,1400,1700,2200,2700,3000,4400,7700,9200,70874,1350,410.0,777.799254258396,8.055190000050061,9224.073540000063,4428.998786578999
1776010207,418,,Aggregated,268.700000,4.500000,410,970,1200,1400,1700,2300,2700,3000,4400,7700,9200,71115,1350,410.0,779.1766806171629,8.055190000050061,9224.073540000063,4429.290234127821
1776010208,429,,Aggregated,279.700000,2.600000,420,970,1200,1400,1700,2300,2700,3000,4400,7700,9200,71363,1350,420.0,781.0494815045552,8.055190000050061,9224.073540000063,4429.588091868335
1776010209,440,,Aggregated,281.800000,1.300000,420,970,1200,1400,1700,2300,2700,3000,4400,7700,9200,71639,1350,420.0,783.1148035067436,8.055190000050061,9224.073540000063,4429.917154064127
1776010210,451,,Aggregated,282.500000,0.800000,420,970,1200,1400,1700,2300,2700,3100,4400,7700,9200,71928,1360,420.0,785.3904575565791,8.055190000050061,9224.073540000063,4429.631297964631
1776010210,461,,Aggregated,282.500000,0.800000,420,970,1200,1400,1700,2300,2700,3100,4400,7700,9200,72226,1376,420.0,787.3088557645394,8.055190000050061,9224.073540000063,4428.983330102733
1776010211,471,,Aggregated,282.200000,0.800000,420,970,1200,1400,1700,2300,2700,3100,4400,7800,9200,72519,1392,420.0,789.3239619210091,8.055190000050061,9224.073540000063,4428.334712282299
1776010212,480,,Aggregated,282.400000,1.600000,420,970,1200,1400,1700,2300,2800,3100,4400,7800,9200,72852,1414,420.0,791.3651483400545,8.055190000050061,9224.073540000063,4427.367402404876
1776010213,489,,Aggregated,289.800000,3.100000,420,970,1200,1400,1700,2300,2800,3100,4400,7800,9200,73169,1439,420.0,793.32833513277,8.055190000050061,9224.073540000063,4426.204403504216
1776010214,498,,Aggregated,295.500000,4.500000,430,970,1200,1400,1700,2300,2800,3100,4400,7800,9200,73521,1460,430.0,795.0444798029079,8.055190000050061,9224.073540000063,4425.33990288489
1776010222,505,,Aggregated,210.700000,11.300000,430,970,1200,1400,1700,2300,2800,3100,4400,7800,9200,73871,1475,430.0,796.9769929034351,8.055190000050061,9224.073540000063,4424.847910546764
1776010216,512,,Aggregated,316.100000,8.700000,430,980,1200,1400,1700,2300,2800,3100,4400,7800,9200,74258,1492,430.0,798.4023092096427,8.055190000050061,9224.073540000063,4424.284117536157
1776010217,519,,Aggregated,324.400000,10.700000,430,980,1200,1400,1700,2400,2800,3100,4400,7800,9200,74638,1509,430.0,799.2166581562965,8.055190000050061,9224.073540000063,4423.717610332538
1776010218,525,,Aggregated,333.800000,13.000000,430,980,1200,1400,1700,2400,2800,3100,4400,7800,9200,75090,1527,430.0,800.6496132487625,8.055190000050061,9224.073540000063,4423.184778266081
1776010219,530,,Aggregated,348.900000,14.800000,430,980,1200,1400,1700,2400,2800,3100,4400,7800,9200,75507,1540,430.0,801.9697388228844,8.055190000050061,9224.073540000063,4422.914497993564
1776010220,535,,Aggregated,365.000000,16.700000,440,980,1200,1400,1700,2400,2800,3100,4500,7800,9200,75958,1551,440.0,802.9324788681844,8.055190000050061,9224.073540000063,4422.807406724769
1776010220,539,,Aggregated,365.000000,16.700000,440,980,1200,1400,1700,2400,2800,3100,4500,7800,9200,76358,1561,440.0,803.4791100535582,8.055190000050061,9224.073540000063,4422.699062311742
1776010221,543,,Aggregated,380.700000,18.200000,440,980,1200,1400,1700,2400,2800,3100,4500,7800,9200,76823,1566,440.0,804.4409846761984,8.055190000050061,9224.073540000063,4422.96389102222
1776010222,545,,Aggregated,398.400000,18.800000,440,980,1300,1400,1700,2400,2800,3100,4500,7800,9200,77296,1567,440.0,805.3601780548755,8.055190000050061,9224.073540000063,4423.46867884496
1776010223,547,,Aggregated,409.600000,18.400000,440,980,1300,1400,1700,2400,2800,3100,4500,7800,9200,77739,1570,440.0,805.3227554026892,8.055190000050061,9224.073540000063,4423.816038281943
1776010224,549,,Aggregated,423.500000,17.300000,440,980,1300,1400,1700,2300,2800,3100,4500,7800,9200,78204,1571,440.0,805.9237161032644,8.055190000050061,9224.073540000063,4424.300483351235
1776010232,549,,Aggregated,291.800000,2.500000,440,980,1300,1400,1700,2300,2800,3100,4500,7800,9200,78715,1571,440.0,805.9421887383564,8.055190000050061,9224.073540000063,4424.889284126279
1776010226,549,,Aggregated,449.800000,13.200000,440,980,1300,1400,1700,2300,2800,3100,4500,7800,9200,79234,1571,440.0,806.1089057368015,8.055190000050061,9224.073540000063,4425.47952899008
1776010227,549,,Aggregated,461.600000,11.300000,440,980,1300,1400,1700,2300,2800,3100,4500,7800,9200,79785,1571,440.0,805.877933104842,8.055190000050061,9224.073540000063,4426.097762737357
1776010228,547,,Aggregated,476.200000,9.000000,450,980,1300,1400,1700,2300,2800,3100,4400,7800,9200,80306,1571,450.0,805.1043961887003,8.055190000050061,9224.073540000063,4426.674532413518
1776010229,545,,Aggregated,490.000000,7.200000,450,980,1200,1400,1700,2300,2800,3100,4400,7800,9200,80818,1571,450.0,804.6900329441435,8.055190000050061,9224.073540000063,4427.234093889975
1776010230,542,,Aggregated,510.800000,5.400000,450,980,1200,1400,1700,2300,2800,3100,4400,7800,9200,81373,1571,450.0,804.4248831460044,8.055190000050061,9224.073540000063,4427.832696348912
1776010230,539,,Aggregated,510.800000,5.400000,450,980,1200,1400,1700,2300,2800,3100,4400,7800,9200,81880,1571,450.0,803.9933047879797,8.055190000050061,9224.073540000063,4428.372435271129
1776010231,535,,Aggregated,519.500000,3.900000,450,980,1200,1400,1700,2300,2800,3100,4400,7800,9200,82406,1571,450.0,803.3219832297368,8.055190000050061,9224.073540000063,4428.925381646967
1776010232,530,,Aggregated,525.600000,2.500000,440,980,1300,1400,1700,2300,2800,3100,4400,7800,9200,82957,1571,440.0,802.772101520785,8.055190000050061,9224.073540000063,4429.497088853262
1776010233,525,,Aggregated,539.000000,1.400000,440,980,1300,1400,1700,2300,2800,3100,4400,7800,9200,83519,1571,440.0,801.8511875516923,8.055190000050061,9224.073540000063,4430.072438606784
1776010234,519,,Aggregated,546.000000,0.900000,440,980,1200,1400,1700,2300,2700,3100,4400,7800,9200,84084,1571,440.0,800.6425015109857,8.055190000050061,9224.073540000063,4430.643106893107
1776010242,512,,Aggregated,354.900000,0.000000,440,970,1200,1400,1700,2300,2700,3100,4400,7800,9200,84648,1571,440.0,799.5491297500208,8.055190000050061,9224.073540000063,4431.205167280976
1776010236,505,,Aggregated,574.700000,0.200000,440,970,1200,1400,1700,2300,2700,3100,4400,7800,9200,85244,1571,440.0,798.1323422559921,8.055190000050061,9224.073540000063,4431.791035146169
1776010237,497,,Aggregated,582.300000,0.100000,440,970,1200,1400,1700,2300,2700,3100,4400,7800,9200,85783,1571,440.0,796.8144701621525,8.055190000050061,9224.073540000063,4432.313861720854
1776010238,489,,Aggregated,594.100000,0.100000,440,970,1200,1400,1700,2300,2700,3100,4400,7800,9200,86297,1571,440.0,795.6212371157741,8.055190000050061,9224.073540000063,4432.8063547979655
1776010239,480,,Aggregated,594.600000,0.100000,430,970,1200,1400,1700,2300,2700,3100,4400,7800,9200,86800,1571,430.0,794.7253392546087,8.055190000050061,9224.073540000063,4433.282661290323
1776010240,470,,Aggregated,594.200000,0.000000,430,970,1200,1400,1700,2300,2700,3100,4400,7800,9200,87352,1571,430.0,793.8935836237289,8.055190000050061,9224.073540000063,4433.799054400586
1776010241,461,,Aggregated,595.600000,0.000000,430,960,1200,1400,1700,2200,2700,3100,4400,7800,9200,87859,1571,430.0,792.4955867013049,8.055190000050061,9224.073540000063,4434.2676333671
1776010242,450,,Aggregated,596.000000,0.000000,430,960,1200,1400,1700,2200,2700,3100,4400,7800,9200,88332,1571,430.0,791.5964307541992,8.055190000050061,9224.073540000063,4434.699938867002
1776010243,440,,Aggregated,593.600000,0.000000,430,960,1200,1400,1700,2200,2700,3000,4400,7800,9200,88808,1571,430.0,791.0115439623657,8.055190000050061,9224.073540000063,4435.1303373569945
1776010244,429,,Aggregated,586.800000,0.000000,430,960,1200,1400,1700,2200,2700,3000,4400,7800,9200,89264,1571,430.0,790.2442621894568,8.055190000050061,9224.073540000063,4435.538346925972
1776010245,417,,Aggregated,577.300000,0.000000,430,960,1200,1400,1700,2200,2700,3000,4400,7800,9200,89726,1571,430.0,789.3174053803764,8.055190000050061,9224.073540000063,4435.947495709159
1776010252,405,,Aggregated,315.400000,0.000000,430,960,1200,1400,1700,2200,2700,3000,4400,7700,9200,90180,1571,430.0,788.3248671500319,8.055190000050061,9224.073540000063,4436.345475715236
1776010246,393,,Aggregated,565.800000,0.000000,430,960,1200,1400,1700,2200,2700,3000,4400,7700,9200,90590,1571,430.0,787.5688335004951,8.055190000050061,9224.073540000063,4436.701457114472
1776010247,381,,Aggregated,557.100000,0.000000,430,960,1200,1400,1700,2200,2700,3000,4400,7700,9200,90999,1571,430.0,787.0221473578806,8.055190000050061,9224.073540000063,4437.053374212904
1776010248,369,,Aggregated,540.100000,0.000000,430,960,1200,1400,1700,2200,2700,3000,4400,7700,9200,91439,1571,430.0,786.1742654554366,8.055190000050061,9224.073540000063,4437.428449567471
1776010249,356,,Aggregated,524.000000,0.000000,430,960,1200,1400,1700,2200,2700,3000,4400,7700,9200,91848,1571,430.0,785.0799974392436,8.055190000050061,9224.073540000063,4437.773876404494
1776010250,343,,Aggregated,516.300000,0.000000,430,960,1200,1400,1700,2200,2700,3000,4400,7700,9200,92240,1571,430.0,784.224822959016,8.055190000050061,9224.073540000063,4438.10207068517
1776010251,330,,Aggregated,509.300000,0.000000,430,960,1200,1400,1700,2200,2700,3000,4400,7700,9200,92635,1571,430.0,783.1754279023013,8.055190000050061,9224.073540000063,4438.42996707508
1776010252,317,,Aggregated,496.400000,0.000000,430,960,1200,1400,1700,2200,2700,3000,4400,7700,9200,92975,1571,430.0,782.5867199287936,8.055190000050061,9224.073540000063,4438.709975799946
1776010253,304,,Aggregated,486.600000,0.000000,430,950,1200,1400,1700,2200,2700,3000,4400,7700,9200,93357,1571,430.0,781.6113242559156,8.055190000050061,9224.073540000063,4439.022140814293
1776010254,291,,Aggregated,473.400000,0.000000,430,950,1200,1400,1700,2200,2700,3000,4400,7700,9200,93715,1571,430.0,780.7461143529799,8.055190000050061,9224.073540000063,4439.312383289762
1776010255,278,,Aggregated,464.400000,0.000000,430,950,1200,1300,1700,2200,2700,3000,4400,7700,9200,94052,1571,430.0,779.7483012797119,8.055190000050061,9224.073540000063,4439.583581423042
1776010262,264,,Aggregated,237.500000,0.000000,430,940,1200,1300,1700,2200,2700,3000,4400,7700,9200,94335,1571,430.0,779.1510702548309,8.055190000050061,9224.073540000063,4439.809826681508
1776010256,251,,Aggregated,454.200000,0.000000,430,940,1200,1300,1700,2200,2700,3000,4400,7700,9200,94642,1571,430.0,778.5132779170929,8.055190000050061,9224.073540000063,4440.053728788487
1776010257,239,,Aggregated,441.300000,0.000000,430,940,1200,1300,1700,2200,2700,3000,4400,7700,9200,94966,1571,430.0,777.4983269803857,8.055190000050061,9224.073540000063,4440.3094265316
1776010258,226,,Aggregated,421.500000,0.000000,430,940,1200,1300,1700,2200,2700,3000,4400,7700,9200,95216,1571,430.0,776.7949265029957,8.055190000050061,9224.073540000063,4440.50553478407
1776010259,214,,Aggregated,411.400000,0.000000,440,930,1200,1300,1700,2200,2700,3000,4400,7700,9200,95508,1571,440.0,776.0504751475193,8.055190000050061,9224.073540000063,4440.73328935796
1776010260,201,,Aggregated,392.700000,0.000000,440,930,1200,1300,1700,2200,2700,3000,4400,7700,9200,95799,1571,440.0,774.9652674577968,8.055190000050061,9224.073540000063,4440.95888266057
1776010261,189,,Aggregated,374.800000,0.000000,440,930,1200,1300,1700,2200,2700,3000,4400,7700,9200,96051,1571,440.0,774.0788462201282,8.055190000050061,9224.073540000063,4441.153137395759
1776010262,178,,Aggregated,363.800000,0.000000,440,920,1200,1300,1700,2200,2700,3000,4400,7700,9200,96291,1571,440.0,773.1833112515143,8.055190000050061,9224.073540000063,4441.337196622737
1776010263,166,,Aggregated,349.200000,0.000000,440,920,1200,1300,1700,2200,2700,3000,4400,7700,9200,96477,1571,440.0,772.6924669580275,8.055190000050061,9224.073540000063,4441.479212662085
1776010264,155,,Aggregated,340.500000,0.000000,440,920,1200,1300,1700,2200,2700,3000,4400,7700,9200,96685,1578,440.0,772.2086164159853,8.055190000050061,9224.073540000063,4441.310492837565
1776010265,145,,Aggregated,315.900000,0.000000,440,920,1200,1300,1700,2200,2700,3000,4400,7700,9200,96906,1578,440.0,771.350088534761,8.055190000050061,9224.073540000063,4441.478546220048
1776010265,135,,Aggregated,315.900000,0.000000,440,910,1200,1300,1700,2200,2700,3000,4400,7700,9200,97116,1578,440.0,770.4752567159844,8.055190000050061,9224.073540000063,4441.637526257259
1776010266,125,,Aggregated,301.500000,0.400000,430,910,1200,1300,1700,2200,2700,3000,4400,7700,9200,97324,1578,430.0,769.4279669335364,8.055190000050061,9224.073540000063,4441.794315893305
1776010267,116,,Aggregated,290.600000,0.700000,430,910,1200,1300,1700,2200,2700,3000,4400,7700,9200,97530,1578,430.0,768.3944166871681,8.055190000050061,9224.073540000063,4441.948938788065
1776010268,107,,Aggregated,281.700000,0.700000,430,910,1200,1300,1700,2200,2700,3000,4400,7700,9200,97726,1578,430.0,767.4542729670658,8.055190000050061,9224.073540000063,4442.095450545403
1776010269,99,,Aggregated,272.600000,0.700000,430,900,1200,1300,1700,2200,2700,3000,4400,7700,9200,97902,1578,430.0,766.5015908993636,8.055190000050061,9224.073540000063,4442.226512226513
1776010270,91,,Aggregated,256.800000,0.700000,430,900,1200,1300,1700,2200,2700,3000,4400,7700,9200,98072,1578,430.0,765.5954968351768,8.055190000050061,9224.073540000063,4442.352659270739
1776010271,84,,Aggregated,249.400000,0.700000,430,900,1200,1300,1700,2100,2700,3000,4400,7700,9200,98222,1578,430.0,764.8085115601336,8.055190000050061,9224.073540000063,4442.46360285883
1776010272,78,,Aggregated,238.200000,0.700000,420,900,1200,1300,1700,2100,2700,3000,4400,7700,9200,98369,1578,420.0,764.0239021652097,8.055190000050061,9224.073540000063,4442.571999308725
1776010273,72,,Aggregated,223.000000,0.700000,420,900,1200,1300,1700,2100,2700,3000,4400,7700,9200,98502,1578,420.0,763.3247890260053,8.055190000050061,9224.073540000063,4442.6697935067305
1776010274,67,,Aggregated,211.900000,0.700000,420,890,1200,1300,1700,2100,2700,3000,4400,7700,9200,98630,1578,420.0,762.6359269545732,8.055190000050061,9224.073540000063,4442.763662171753
1776010275,63,,Aggregated,203.900000,0.700000,420,890,1200,1300,1700,2100,2700,3000,4400,7700,9200,98754,1578,420.0,761.9697728054513,8.055190000050061,9224.073540000063,4442.8543653927945
1776010275,59,,Aggregated,203.900000,0.700000,420,890,1200,1300,1700,2100,2700,3000,4400,7700,9200,98864,1578,420.0,761.3770976311847,8.055190000050061,9224.073540000063,4442.934637481793
1776010276,55,,Aggregated,195.900000,0.300000,420,890,1200,1300,1700,2100,2700,3000,4400,7700,9200,98963,1578,420.0,760.8461587663012,8.055190000050061,9224.073540000063,4443.0067297879
1776010277,53,,Aggregated,186.200000,0.000000,420,890,1200,1300,1700,2100,2700,3000,4400,7700,9200,99063,1578,420.0,760.3114097531821,8.055190000050061,9224.073540000063,4443.079404015626
1776010278,51,,Aggregated,174.400000,0.000000,420,890,1200,1300,1700,2100,2700,3000,4400,7700,9200,99158,1578,420.0,759.8023827972471,8.055190000050061,9224.073540000063,4443.148308759757
1776010279,50,,Aggregated,163.300000,0.000000,420,890,1200,1300,1700,2100,2700,3000,4400,7700,9200,99249,1590,420.0,759.3195550960661,8.055190000050061,9224.073540000063,4442.668288849258
1776010280,50,,Aggregated,152.300000,0.000000,420,880,1200,1300,1700,2100,2700,3000,4400,7700,9200,99345,1590,420.0,758.840530834763,8.055190000050061,9224.073540000063,4442.7381851124865
1776010281,50,,Aggregated,142.800000,0.000000,420,880,1200,1300,1700,2100,2700,3000,4400,7700,9200,99440,1590,420.0,758.3313021371632,8.055190000050061,9224.073540000063,4442.807220434433
1776010282,51,,Aggregated,134.500000,1.200000,420,880,1200,1300,1700,2100,2700,3000,4400,7700,9200,99536,1590,420.0,757.8228437890766,8.055190000050061,9224.073540000063,4442.876848577399
1776010283,52,,Aggregated,127.300000,1.200000,410,880,1200,1300,1700,2100,2700,3000,4400,7700,9200,99635,1590,410.0,757.3010553501231,8.055190000050061,9224.073540000063,4442.948512069052
1776010284,55,,Aggregated,122.300000,1.200000,410,880,1200,1300,1700,2100,2700,3000,4400,7700,9200,99747,1590,410.0,756.7120536860202,8.055190000050061,9224.073540000063,4443.029414418479
1776010285,58,,Aggregated,115.100000,1.200000,410,880,1200,1300,1700,2100,2700,3000,4400,7700,9200,99852,1590,410.0,756.1661925189225,8.055190000050061,9224.073540000063,4443.105095541401
1776010285,61,,Aggregated,115.100000,1.200000,410,880,1200,1300,1700,2100,2700,3000,4400,7700,9200,99963,1590,410.0,755.5873850353571,8.055190000050061,9224.073540000063,4443.184928423517
1776010286,65,,Aggregated,112.300000,1.200000,410,880,1200,1300,1700,2100,2700,3000,4400,7500,9200,100086,1590,410.0,754.9476980686549,8.055190000050061,9224.073540000063,4443.273185060848
1776010287,70,,Aggregated,110.300000,1.200000,410,870,1200,1300,1700,2100,2700,3000,4400,7500,9200,100223,1590,410.0,754.233992222238,8.055190000050061,9224.073540000063,4443.371232152301
1776010288,76,,Aggregated,112.500000,1.200000,410,870,1200,1300,1700,2100,2700,3000,4400,7500,9200,100362,1590,410.0,753.5247012440893,8.055190000050061,9224.073540000063,4443.470437017995
1776010289,82,,Aggregated,114.400000,1.200000,410,870,1200,1300,1700,2100,2700,3000,4400,7500,9200,100517,1590,410.0,752.7578290118029,8.055190000050061,9224.073540000063,4443.580737586677
1776010290,89,,Aggregated,116.700000,1.200000,410,870,1200,1300,1700,2100,2700,3000,4400,7500,9200,100668,1590,410.0,752.0144741727205,8.055190000050061,9224.073540000063,4443.68786506139
1776010291,96,,Aggregated,121.600000,1.200000,400,870,1200,1300,1700,2100,2700,3000,4400,7500,9200,100842,1590,400.0,751.16376886148,8.055190000050061,9224.073540000063,4443.81091211995
1776010292,104,,Aggregated,127.900000,0.000000,400,870,1200,1300,1700,2100,2700,3000,4400,7500,9200,101014,1590,400.0,750.3830770670343,8.055190000050061,9224.073540000063,4443.932128219851
1776010293,113,,Aggregated,134.200000,0.000000,400,860,1200,1300,1700,2100,2700,3000,4400,7500,9200,101202,1590,400.0,749.5349277274103,8.055190000050061,9224.073540000063,4444.064148929863
1776010294,122,,Aggregated,142.100000,0.000000,400,860,1200,1300,1700,2100,2700,3000,4400,7500,9200,101426,1590,400.0,748.4883551187013,8.055190000050061,9224.073540000063,4444.220811231834
1776010295,131,,Aggregated,151.500000,0.000000,400,860,1200,1300,1600,2100,2700,3000,4400,7500,9200,101662,1590,400.0,747.3556903906024,8.055190000050061,9224.073540000063,4444.385119316952
1776010295,141,,Aggregated,151.500000,0.000000,400,860,1200,1300,1600,2100,2700,3000,4400,7500,9200,101878,1590,400.0,746.3992702565763,8.055190000050061,9224.073540000063,4444.534835783977
1776010296,152,,Aggregated,162.100000,0.000000,390,850,1200,1300,1600,2100,2700,3000,4400,7500,9200,102137,1602,390.0,745.3284251869502,8.055190000050061,9224.073540000063,4444.1830580494825
1776010297,162,,Aggregated,175.000000,0.000000,390,850,1100,1300,1600,2100,2700,3000,4400,7500,9200,102406,1616,390.0,744.2135550709867,8.055190000050061,9224.073540000063,4443.751830947405
1776010298,174,,Aggregated,185.500000,0.000000,390,850,1100,1300,1600,2100,2700,3000,4400,7500,9200,102676,1631,390.0,742.9793208421579,8.055190000050061,9224.073540000063,4443.279588219253
1776010299,185,,Aggregated,198.200000,1.200000,390,840,1100,1300,1600,2100,2700,3000,4400,7500,9200,102950,1645,390.0,742.0427074230147,8.055190000050061,9224.073540000063,4442.856483729966
1776010307,197,,Aggregated,214.300000,2.600000,390,840,1100,1300,1600,2100,2700,3000,4400,7500,9200,103158,1657,390.0,741.5453813712884,8.055190000050061,9224.073540000063,4442.476734717618
1776010301,209,,Aggregated,228.300000,4.200000,390,840,1100,1300,1600,2100,2700,3000,4400,7500,9200,103374,1675,390.0,741.2160875284818,8.055190000050061,9224.073540000063,4441.842097626096
1776010302,222,,Aggregated,239.800000,5.600000,390,840,1100,1300,1600,2100,2700,3000,4400,7500,9200,103596,1687,390.0,741.0766950973909,8.055190000050061,9224.073540000063,4441.475877447006
1776010303,234,,Aggregated,244.700000,7.000000,400,840,1100,1300,1600,2100,2700,3000,4400,7500,9200,103830,1693,400.0,741.149999979575,8.055190000050061,9224.073540000063,4441.380670326495
1776010304,247,,Aggregated,249.500000,8.600000,400,840,1100,1300,1600,2100,2700,3000,4400,7500,9200,104103,1693,400.0,740.7642900103674,8.055190000050061,9224.073540000063,4441.573729863692
1776010305,260,,Aggregated,254.000000,9.300000,400,840,1100,1300,1600,2100,2700,3000,4400,7500,9200,104369,1693,400.0,740.6193105250537,8.055190000050061,9224.073540000063,4441.7608676905975
1776010305,273,,Aggregated,254.000000,9.300000,400,840,1100,1300,1600,2100,2700,3000,4400,7500,9200,104601,1693,400.0,740.5123897816399,8.055190000050061,9224.073540000063,4441.9233085725755
1776010306,286,,Aggregated,262.000000,9.300000,400,840,1100,1300,1600,2100,2700,3000,4400,7500,9200,104905,1693,400.0,740.656318583949,8.055190000050061,9224.073540000063,4442.135074591297
1776010307,299,,Aggregated,263.500000,9.300000,400,840,1100,1300,1600,2100,2700,3000,4400,7500,9200,105153,1693,400.0,740.52914281256,8.055190000050061,9224.073540000063,4442.306924196171
1776010308,312,,Aggregated,267.500000,9.300000,410,840,1100,1300,1600,2100,2700,3000,4400,7500,9200,105500,1693,410.0,740.3779032438772,8.055190000050061,9224.073540000063,4442.546018957346
1776010309,325,,Aggregated,274.800000,8.100000,410,840,1100,1300,1600,2100,2700,3000,4400,7500,9200,105865,1693,410.0,739.8363222820478,8.055190000050061,9224.073540000063,4442.7958248712985
1776010317,338,,Aggregated,200.800000,1.000000,410,840,1100,1300,1600,2100,2700,3000,4400,7500,9200,106198,1693,410.0,739.5685101435896,8.055190000050061,9224.073540000063,4443.022232057101
1776010311,351,,Aggregated,286.200000,6.100000,410,840,1100,1300,1600,2100,2700,3000,4400,7500,9200,106579,1693,410.0,739.1736446640418,8.055190000050061,9224.073540000063,4443.279539121215
1776010312,364,,Aggregated,293.700000,4.700000,410,840,1100,1300,1600,2100,2700,3000,4400,7500,9200,106963,1693,410.0,738.8481468966748,8.055190000050061,9224.073540000063,4443.537017473332
1776010313,377,,Aggregated,308.200000,3.300000,410,840,1100,1300,1600,2100,2700,3000,4400,7500,9200,107322,1700,410.0,738.6828100874839,8.055190000050061,9224.073540000063,4443.481578800246
1776010314,389,,Aggregated,321.100000,1.700000,410,840,1100,1300,1600,2100,2700,3000,4400,7500,9200,107696,1708,410.0,738.6286791306917,8.055190000050061,9224.073540000063,4443.3945550438275
1776010315,401,,Aggregated,335.200000,1.500000,410,840,1100,1300,1600,2100,2700,3000,4400,7500,9200,108101,1721,410.0,738.4357132840486,8.055190000050061,9224.073540000063,4443.119860130803
1776010315,413,,Aggregated,335.200000,1.500000,410,840,1100,1300,1600,2100,2700,3000,4400,7500,9200,108508,1738,410.0,738.3829640038418,8.055190000050061,9224.073540000063,4442.682106388469
1776010316,425,,Aggregated,346.400000,2.300000,410,840,1100,1300,1600,2100,2700,3000,4400,7500,9200,108940,1764,410.0,738.1007514461969,8.055190000050061,9224.073540000063,4441.891316320911
1776010317,436,,Aggregated,358.400000,3.400000,410,840,1100,1300,1600,2100,2700,3000,4400,7500,9200,109351,1796,410.0,737.9999919414428,8.055190000050061,9224.073540000063,4440.844848240986
1776010318,447,,Aggregated,379.300000,5.300000,410,850,1100,1300,1600,2100,2700,3000,4400,7500,9200,109771,1823,410.0,737.9686124199352,8.055190000050061,9224.073540000063,4440.018037550902
1776010319,457,,Aggregated,388.700000,8.100000,410,850,1100,1300,1600,2000,2700,3000,4400,7500,9200,110237,1839,410.0,738.1449107846614,8.055190000050061,9224.073540000063,4439.6796901221915
1776010327,467,,Aggregated,289.300000,12.800000,410,850,1100,1300,1600,2000,2700,3000,4400,7500,9200,110678,1845,410.0,737.9228254673811,8.055190000050061,9224.073540000063,4439.735042194474
1776010321,477,,Aggregated,416.900000,12.900000,410,850,1100,1300,1600,2000,2700,3000,4300,7500,9200,111053,1845,410.0,737.8627852748583,8.055190000050061,9224.073540000063,4439.989194348645
1776010322,486,,Aggregated,428.400000,14.400000,410,850,1100,1300,1600,2000,2700,3000,4300,7500,9200,111379,1845,410.0,738.1387496868244,8.055190000050061,9224.073540000063,4440.208746711678
1776010323,494,,Aggregated,443.800000,15.000000,410,850,1100,1300,1600,2100,2700,3000,4300,7500,9200,111718,1845,410.0,739.0687905342817,8.055190000050061,9224.073540000063,4440.43569523264
1776010324,502,,Aggregated,443.500000,15.000000,420,850,1100,1300,1600,2100,2700,3000,4300,7500,9200,112064,1845,420.0,740.3422238431514,8.055190000050061,9224.073540000063,4440.665914120503
1776010325,510,,Aggregated,446.000000,14.700000,420,850,1100,1300,1600,2100,2700,3000,4400,7500,9200,112546,1845,420.0,742.3335881616326,8.055190000050061,9224.073540000063,4440.984264211967
1776010325,516,,Aggregated,446.000000,14.700000,420,850,1100,1300,1600,2100,2700,3000,4400,7500,9200,112951,1845,420.0,742.9361647541764,8.055190000050061,9224.073540000063,4441.249656930881
1776010326,523,,Aggregated,441.400000,13.900000,420,850,1100,1300,1600,2100,2700,3000,4400,7500,9200,113349,1845,420.0,743.3371055005249,8.055190000050061,9224.073540000063,4441.508614985575
1776010327,528,,Aggregated,445.300000,12.800000,420,850,1100,1300,1600,2100,2700,3000,4400,7500,9200,113722,1845,420.0,744.0930506315311,8.055190000050061,9224.073540000063,4441.749661455127
1776010328,533,,Aggregated,447.200000,10.900000,420,860,1100,1300,1600,2100,2700,3000,4400,7500,9200,114219,1845,420.0,745.7747277910776,8.055190000050061,9224.073540000063,4442.068394925538
1776010329,538,,Aggregated,445.500000,8.100000,420,860,1100,1300,1600,2100,2700,3000,4400,7500,9200,114651,1848,420.0,745.8628285151383,8.055190000050061,9224.073540000063,4442.225056911846
1776010337,541,,Aggregated,286.500000,0.500000,420,860,1100,1300,1600,2100,2700,3000,4300,7500,9200,115126,1850,420.0,746.382943989099,8.055190000050061,9224.073540000063,4442.446884283307
1776010331,544,,Aggregated,444.300000,2.300000,420,860,1100,1300,1600,2100,2700,2900,4300,7500,9200,115620,1850,420.0,746.798079120386,8.055190000050061,9224.073540000063,4442.756875973015
1776010332,547,,Aggregated,442.100000,1.100000,420,870,1100,1300,1600,2100,2700,2900,4300,7500,9200,116113,1854,420.0,747.0540366843421,8.055190000050061,9224.073540000063,4442.908072308872
1776010333,548,,Aggregated,439.600000,0.700000,420,870,1100,1300,1600,2100,2700,2900,4300,7500,9200,116665,1855,420.0,747.1603571524369,8.055190000050061,9224.073540000063,4443.210474435349
1776010334,549,,Aggregated,452.500000,1.000000,420,870,1100,1300,1600,2100,2700,2900,4300,7500,9200,117183,1855,420.0,746.9037126471326,8.055190000050061,9224.073540000063,4443.527815468114
1776010335,549,,Aggregated,475.800000,1.000000,420,870,1100,1300,1600,2100,2700,2900,4300,7500,9200,117722,1855,420.0,746.886299696311,8.055190000050061,9224.073540000063,4443.8550568288
1776010336,549,,Aggregated,493.300000,1.000000,420,870,1100,1300,1600,2100,2700,2900,4300,7500,9200,118263,1855,420.0,746.6909433318035,8.055190000050061,9224.073540000063,4444.180512924583
1776010337,548,,Aggregated,504.300000,1.000000,420,870,1100,1300,1600,2000,2700,2900,4300,7500,9200,118852,1855,420.0,746.6684256893375,8.055190000050061,9224.073540000063,4444.531476121563
1776010338,546,,Aggregated,514.400000,1.000000,420,870,1100,1300,1600,2000,2700,2900,4300,7500,9200,119393,1855,420.0,746.1905378066482,8.055190000050061,9224.073540000063,4444.850786897055
1776010339,544,,Aggregated,533.000000,1.000000,420,870,1100,1300,1600,2000,2600,2900,4300,7500,9200,120008,1855,420.0,745.7354960405066,8.055190000050061,9224.073540000063,4445.210277648157
1776010340,541,,Aggregated,557.300000,1.000000,420,870,1100,1300,1600,2000,2600,2900,4300,7500,9200,120570,1855,420.0,745.2495144663613,8.055190000050061,9224.073540000063,4445.535580990296
1776010347,537,,Aggregated,382.700000,0.000000,420,870,1100,1300,1600,2000,2600,2900,4300,7500,9200,121160,1855,420.0,744.8975132563498,8.055190000050061,9224.073540000063,4445.873844503137
1776010341,532,,Aggregated,567.000000,1.000000,430,870,1100,1300,1600,2000,2600,2900,4300,7500,9200,121765,1855,430.0,744.0191303137966,8.055190000050061,9224.073540000063,4446.2173038229375
1776010342,527,,Aggregated,578.400000,0.700000,430,870,1100,1300,1600,2000,2600,2900,4300,7500,9200,122265,1855,430.0,743.3672323058896,8.055190000050061,9224.073540000063,4446.4985891301685
1776010343,521,,Aggregated,600.700000,0.500000,430,870,1100,1300,1600,2000,2600,2900,4300,7500,9200,122765,1855,430.0,743.1971105727168,8.055190000050061,9224.073540000063,4446.7775831873905
1776010344,515,,Aggregated,607.800000,0.200000,430,870,1100,1300,1600,2000,2600,2900,4300,7500,9200,123299,1855,430.0,743.2237208011385,8.055190000050061,9224.073540000063,4447.073050065288
1776010345,508,,Aggregated,613.400000,0.000000,430,870,1100,1300,1600,2000,2600,2900,4300,7500,9200,123861,1855,430.0,743.0619955070563,8.055190000050061,9224.073540000063,4447.381258023107
1776010346,501,,Aggregated,610.000000,0.000000,430,870,1100,1300,1600,2000,2600,2900,4300,7500,9200,124365,1855,430.0,742.569782848385,8.055190000050061,9224.073540000063,4447.655288867447
1776010347,492,,Aggregated,611.400000,0.000000,430,870,1100,1300,1600,2000,2600,2900,4300,7500,9200,124946,1855,430.0,742.2035102833971,8.055190000050061,9224.073540000063,4447.968442367102
1776010348,484,,Aggregated,609.900000,0.000000,430,870,1100,1300,1600,2000,2600,2900,4300,7500,9200,125469,1855,430.0,741.5203466288034,8.055190000050061,9224.073540000063,4448.247854051599
1776010349,475,,Aggregated,609.700000,0.000000,430,870,1100,1300,1600,2000,2600,2900,4300,7500,9200,125993,1855,430.0,741.046341774856,8.055190000050061,9224.073540000063,4448.5254736374245
1776010350,465,,Aggregated,610.000000,0.000000,430,870,1100,1300,1600,2000,2600,2900,4300,7500,9200,126534,1855,430.0,740.561652885624,8.055190000050061,9224.073540000063,4448.8096875148185
1776010357,455,,Aggregated,357.500000,0.000000,430,870,1100,1300,1600,2000,2600,2900,4300,7500,9200,127024,1855,430.0,739.8450492183343,8.055190000050061,9224.073540000063,4449.065019208969
1776010351,444,,Aggregated,600.700000,0.000000,430,870,1100,1300,1600,2000,2600,2900,4300,7500,9200,127502,1855,430.0,739.3150435382173,8.055190000050061,9224.073540000063,4449.312206867343
1776010352,434,,Aggregated,599.300000,0.000000,430,870,1100,1300,1600,2000,2600,2900,4300,7500,9200,127942,1855,430.0,739.0594479698602,8.055190000050061,9224.073540000063,4449.538111019056
1776010353,422,,Aggregated,587.900000,0.000000,430,870,1100,1300,1600,2000,2600,2900,4300,7500,9200,128405,1855,430.0,738.8883796083479,8.055190000050061,9224.073540000063,4449.774152096881
1776010354,411,,Aggregated,575.100000,0.000000,420,870,1100,1300,1600,2000,2600,2900,4300,7500,9200,128855,1855,420.0,738.2965855214761,8.055190000050061,9224.073540000063,4450.001940165302
1776010355,399,,Aggregated,565.200000,0.000000,420,870,1100,1300,1600,2000,2600,2900,4300,7500,9200,129252,1855,420.0,737.8165780537229,8.055190000050061,9224.073540000063,4450.201582954229
1776010356,387,,Aggregated,562.000000,0.000000,420,870,1100,1300,1600,2000,2600,2900,4300,7500,9200,129683,1855,420.0,737.8068124398711,8.055190000050061,9224.073540000063,4450.416939768513
1776010357,374,,Aggregated,548.900000,0.000000,420,870,1100,1300,1600,2000,2600,2900,4300,7500,9200,130118,1855,420.0,737.5332701977421,8.055190000050061,9224.073540000063,4450.632848645076
1776010358,361,,Aggregated,539.100000,0.000000,420,870,1100,1300,1600,2000,2600,2900,4300,7500,9200,130644,1855,420.0,736.3706126015726,8.055190000050061,9224.073540000063,4450.892004225223
1776010359,349,,Aggregated,525.700000,0.000000,420,870,1100,1300,1600,2000,2600,2900,4300,7500,9200,131061,1855,420.0,735.4516531703555,8.055190000050061,9224.073540000063,4451.09597820862
1776010360,336,,Aggregated,520.700000,0.000000,420,870,1100,1300,1600,2000,2600,2900,4300,7500,9200,131489,1855,420.0,734.7775824586083,8.055190000050061,9224.073540000063,4451.30398740579
1776010367,323,,Aggregated,295.700000,0.000000,420,860,1100,1300,1600,2000,2600,2900,4300,7500,9200,131918,1855,420.0,733.9510639264533,8.055190000050061,9224.073540000063,4451.511128125047
1776010361,309,,Aggregated,511.300000,0.000000,420,860,1100,1300,1600,2000,2600,2900,4300,7500,9200,132306,1855,420.0,733.092902108294,8.055190000050061,9224.073540000063,4451.697315314498
1776010362,299,,Aggregated,498.100000,0.000000,420,860,1100,1300,1600,2000,2600,2900,4300,7500,9200,132619,1855,420.0,732.5711717130258,8.055190000050061,9224.073540000063,4451.8467187959495
1776010363,289,,Aggregated,485.800000,0.000000,420,860,1100,1300,1600,1900,2600,2900,4300,7500,9200,132961,1855,420.0,732.2041070829036,8.055190000050061,9224.073540000063,4452.009160580922
1776010364,279,,Aggregated,479.000000,0.000000,420,860,1100,1300,1600,1900,2600,2900,4300,7500,9200,133351,1855,420.0,731.5395634111479,8.055190000050061,9224.073540000063,4452.19338437657
1776010365,269,,Aggregated,460.600000,0.000000,420,860,1100,1300,1600,1900,2600,2900,4300,7500,9200,133762,1855,420.0,730.5161879157014,8.055190000050061,9224.073540000063,4452.3863653354465
1776010366,259,,Aggregated,452.900000,0.000000,420,850,1100,1200,1600,1900,2600,2900,4300,7500,9200,134099,1855,420.0,729.6436832801144,8.055190000050061,9224.073540000063,4452.543717701102
1776010367,249,,Aggregated,450.400000,0.000000,420,850,1100,1200,1600,1900,2600,2900,4300,7500,9200,134442,1855,420.0,729.0302313639359,8.055190000050061,9224.073540000063,4452.703061543268
1776010368,239,,Aggregated,443.400000,0.000000,420,850,1100,1200,1600,1900,2600,2900,4300,7500,9200,134771,1855,420.0,728.3138175454675,8.055190000050061,9224.073540000063,4452.855139458786
1776010369,229,,Aggregated,430.900000,0.000000,420,850,1100,1200,1600,1900,2600,2900,4300,7500,9200,135144,1855,420.0,727.3437902657915,8.055190000050061,9224.073540000063,4453.026660451074
1776010370,219,,Aggregated,414.000000,0.000000,420,850,1100,1200,1600,1900,2600,2900,4300,7500,9200,135527,1855,420.0,726.0264252048682,8.055190000050061,9224.073540000063,4453.201797427819
1776010377,209,,Aggregated,244.100000,0.000000,410,840,1100,1200,1600,1900,2600,2900,4300,7500,9200,135875,1855,410.0,724.9210075980153,8.055190000050061,9224.073540000063,4453.360073597056
1776010371,199,,Aggregated,406.400000,0.000000,410,840,1100,1200,1600,1900,2600,2900,4300,7500,9200,136202,1855,410.0,723.9001411912483,8.055190000050061,9224.073540000063,4453.508061555631
1776010372,189,,Aggregated,405.300000,0.000000,410,840,1100,1200,1600,1900,2600,2900,4300,7500,9200,136498,1855,410.0,723.1210574436284,8.055190000050061,9224.073540000063,4453.6414086653285
1776010373,179,,Aggregated,397.400000,0.000000,410,830,1100,1200,1600,1900,2600,2900,4300,7500,9200,136837,1855,410.0,721.9962718516215,8.055190000050061,9224.073540000063,4453.793418446765
1776010374,169,,Aggregated,391.600000,0.000000,410,830,1100,1200,1600,1900,2600,2900,4300,7500,9200,137136,1855,410.0,720.9714929857241,8.055190000050061,9224.073540000063,4453.926868218411
1776010375,159,,Aggregated,389.900000,0.000000,410,830,1100,1200,1600,1900,2600,2900,4300,7500,9200,137409,1855,410.0,720.047710340882,8.055190000050061,9224.073540000063,4454.048206449359
1776010376,149,,Aggregated,384.600000,0.000000,410,830,1100,1200,1600,1900,2600,2900,4300,7500,9200,137679,1855,410.0,719.1715383403439,8.055190000050061,9224.073540000063,4454.167737999259
1776010377,139,,Aggregated,375.300000,0.000000,400,830,1100,1200,1600,1900,2600,2900,4300,7500,9200,137929,1855,400.0,718.3443347898575,8.055190000050061,9224.073540000063,4454.277998100472
1776010378,129,,Aggregated,362.000000,0.000000,400,820,1100,1200,1600,1900,2600,2900,4300,7500,9200,138173,1855,400.0,717.499718525256,8.055190000050061,9224.073540000063,4454.385227215158
1776010379,119,,Aggregated,356.000000,0.000000,400,820,1100,1200,1600,1900,2600,2900,4300,7500,9200,138395,1855,400.0,716.7363892858858,8.055190000050061,9224.073540000063,4454.482459626432
1776010380,109,,Aggregated,340.000000,0.000000,400,820,1100,1200,1600,1900,2600,2900,4300,7500,9200,138589,1855,400.0,716.0983951519976,8.055190000050061,9224.073540000063,4454.567173440893
1776010387,99,,Aggregated,159.800000,0.000000,400,820,1100,1200,1600,1900,2600,2900,4300,7500,9200,138767,1855,400.0,715.5324662519204,8.055190000050061,9224.073540000063,4454.644692181859
1776010381,89,,Aggregated,327.300000,0.000000,400,820,1100,1200,1600,1900,2600,2900,4300,7500,9200,138932,1855,400.0,714.967879103736,8.055190000050061,9224.073540000063,4454.7163720381195
1776010382,79,,Aggregated,308.700000,0.000000,400,820,1100,1200,1600,1900,2600,2900,4300,7500,9200,139061,1855,400.0,714.5941656261666,8.055190000050061,9224.073540000063,4454.772294173061
1776010383,69,,Aggregated,288.300000,0.000000,400,820,1100,1200,1600,1900,2600,2900,4300,7500,9200,139173,1855,400.0,714.2746825852021,8.055190000050061,9224.073540000063,4454.820762647927
1776010384,59,,Aggregated,273.900000,0.000000,400,810,1100,1200,1600,1900,2600,2900,4300,7500,9200,139281,1855,400.0,713.928109799042,8.055190000050061,9224.073540000063,4454.8674262821205
1776010385,49,,Aggregated,253.700000,0.000000,400,810,1100,1200,1600,1900,2600,2900,4300,7500,9200,139374,1859,400.0,713.605373954758,8.055190000050061,9224.073540000063,4454.777971501141
1776010386,39,,Aggregated,230.800000,0.000000,400,810,1100,1200,1600,1900,2600,2900,4300,7500,9200,139451,1860,400.0,713.345623336085,8.055190000050061,9224.073540000063,4454.778847050218
1776010387,29,,Aggregated,213.200000,0.000000,400,810,1100,1200,1600,1900,2600,2900,4300,7500,9200,139501,1860,400.0,713.1707556343707,8.055190000050061,9224.073540000063,4454.800431538125
1776010388,19,,Aggregated,193.500000,0.500000,400,810,1100,1200,1600,1900,2600,2900,4300,7500,9200,139538,1860,400.0,713.042876810477,8.055190000050061,9224.073540000063,4454.816394100531
1776010389,10,,Aggregated,172.800000,0.500000,400,810,1100,1200,1600,1900,2600,2900,4300,7500,9200,139554,1860,400.0,712.989042487355,8.055190000050061,9224.073540000063,4454.823294208693
1776010390,10,,Aggregated,148.300000,0.500000,400,810,1100,1200,1600,1900,2600,2900,4300,7500,9200,139576,1860,400.0,712.9131762287238,8.055190000050061,9224.073540000063,4454.832779274374
1776010390,10,,Aggregated,33.800000,0.500000,400,810,1100,1200,1600,1900,2600,2900,4300,7500,9200,139593,1860,400.0,712.8537257996487,8.055190000050061,9224.073540000063,4454.840106595603
1776010391,10,,Aggregated,127.900000,0.500000,400,810,1100,1200,1600,1900,2600,2900,4300,7500,9200,139612,1860,400.0,712.7871511140902,8.055190000050061,9224.073540000063,4454.848293842936
1776010392,10,,Aggregated,109.000000,0.500000,400,810,1100,1200,1600,1900,2600,2900,4300,7500,9200,139632,1860,400.0,712.7173268590323,8.055190000050061,9224.073540000063,4454.856909590925
1776010393,10,,Aggregated,90.700000,0.500000,390,810,1100,1200,1600,1900,2600,2900,4300,7500,9200,139650,1860,390.0,712.65431171658,8.055190000050061,9224.073540000063,4454.8646616541355
1776010394,10,,Aggregated,77.500000,0.500000,390,810,1100,1200,1600,1900,2600,2900,4300,7500,9200,139672,1860,390.0,712.5776340336674,8.055190000050061,9224.073540000063,4454.874133684632
1776010395,10,,Aggregated,59.300000,0.500000,390,810,1100,1200,1600,1900,2600,2900,4300,7500,9200,139689,1860,390.0,712.5182110355174,8.055190000050061,9224.073540000063,4454.88145093744
1776010396,10,,Aggregated,50.900000,0.500000,390,810,1100,1200,1600,1900,2600,2900,4300,7500,9200,139708,1860,390.0,712.4522007082658,8.055190000050061,9224.073540000063,4454.889626936181
1776010397,10,,Aggregated,42.100000,0.500000,390,810,1100,1200,1600,1900,2600,2900,4300,7500,9200,139727,1860,390.0,712.3872946593742,8.055190000050061,9224.073540000063,4454.897800711387
1776010398,10,,Aggregated,33.400000,0.000000,390,810,1100,1200,1600,1900,2600,2900,4300,7500,9200,139746,1860,390.0,712.3210006683581,8.055190000050061,9224.073540000063,4454.905972263965
1776010399,10,,Aggregated,29.800000,0.000000,390,810,1100,1200,1600,1900,2600,2900,4300,7500,9200,139766,1860,390.0,712.2510695679233,8.055190000050061,9224.073540000063,4454.914571498075
1776010400,10,,Aggregated,22.900000,0.000000,390,810,1100,1200,1600,1900,2600,2900,4300,7500,9200,139784,1860,390.0,712.1880058511729,8.055190000050061,9224.073540000063,4454.922308704859
1776010400,10,,Aggregated,22.900000,0.000000,390,810,1100,1200,1600,1900,2600,2900,4300,7500,9200,139805,1860,390.0,712.1171957391391,8.055190000050061,9224.073540000063,4454.931332928007
1776010401,10,,Aggregated,22.200000,0.000000,390,810,1100,1200,1600,1900,2600,2900,4300,7500,9200,139825,1860,390.0,712.0476722314345,8.055190000050061,9224.073540000063,4454.939924906133
1776010402,10,,Aggregated,22.500000,0.000000,390,810,1100,1200,1600,1900,2600,2900,4300,7500,9200,139845,1860,390.0,711.9778491970421,8.055190000050061,9224.073540000063,4454.948514426686
1776010403,10,,Aggregated,22.800000,0.000000,390,810,1100,1200,1600,1900,2600,2900,4300,7500,9200,139861,1860,390.0,711.9219740438745,8.055190000050061,9224.073540000063,4454.955384274387
1776010404,10,,Aggregated,22.800000,0.000000,390,810,1100,1200,1600,1900,2600,2900,4300,7500,9200,139884,1860,390.0,711.8416411118521,8.055190000050061,9224.073540000063,4454.965256927168
1776010405,10,,Aggregated,21.600000,0.000000,390,810,1100,1200,1600,1900,2600,2900,4300,7500,9200,139902,1860,390.0,711.7788159207182,8.055190000050061,9224.073540000063,4454.972981086761
1776010406,10,,Aggregated,21.500000,0.000000,390,810,1100,1200,1600,1900,2600,2900,4300,7500,9200,139921,1860,390.0,711.712522020571,8.055190000050061,9224.073540000063,4454.981132210319
1776010407,10,,Aggregated,21.300000,0.000000,390,810,1100,1200,1600,1900,2600,2900,4300,7500,9200,139942,1860,390.0,711.6390995283784,8.055190000050061,9224.073540000063,4454.990138771777
1776010408,10,,Aggregated,21.300000,0.000000,390,810,1100,1200,1600,1900,2600,2900,4300,7500,9200,139962,1860,390.0,711.5692418489327,8.055190000050061,9224.073540000063,4454.99871393664
1776010409,10,,Aggregated,21.700000,0.000000,390,810,1100,1200,1600,1900,2600,2900,4300,7500,9200,139982,1860,390.0,711.4994456955204,8.055190000050061,9224.073540000063,4455.007286651141
1776010410,10,,Aggregated,21.100000,0.000000,390,810,1100,1200,1600,1900,2600,2900,4300,7400,9200,140001,1860,390.0,711.4331353163933,8.055190000050061,9224.073540000063,4455.015428461225
1776010410,10,,Aggregated,21.100000,0.000000,390,810,1100,1200,1600,1900,2600,2900,4300,7400,9200,140019,1860,390.0,711.3703644276875,8.055190000050061,9224.073540000063,4455.023139716753
1776010411,10,,Aggregated,21.600000,0.000000,390,810,1100,1200,1600,1900,2600,2900,4300,7400,9200,140040,1860,390.0,711.2971730782659,8.055190000050061,9224.073540000063,4455.032133676093
1776010412,10,,Aggregated,21.300000,0.000000,390,810,1100,1200,1600,1900,2600,2900,4300,7400,9200,140059,1860,390.0,711.2311990856022,8.055190000050061,9224.073540000063,4455.040268743886
1776010413,10,,Aggregated,21.100000,0.000000,390,810,1100,1200,1600,1900,2600,2900,4300,7400,9200,140076,1860,390.0,711.1721741949393,8.055190000050061,9224.073540000063,4455.047545618093
1776010414,10,,Aggregated,21.300000,0.000000,390,810,1100,1200,1600,1900,2600,2900,4300,7400,9200,140096,1860,390.0,711.1031641543677,8.055190000050061,9224.073540000063,4455.056104385564
1776010415,10,,Aggregated,21.000000,0.000000,390,810,1100,1200,1600,1900,2600,2900,4300,7400,9200,140114,1860,390.0,711.0406314617403,8.055190000050061,9224.073540000063,4455.063805187205
1776010416,10,,Aggregated,21.000000,0.000000,390,810,1100,1200,1600,1900,2600,2900,4300,7400,9200,140132,1860,390.0,710.9782387498237,8.055190000050061,9224.073540000063,4455.071504010504
1776010418,10,,Aggregated,21.000000,0.000000,390,810,1100,1200,1600,1900,2600,2900,4300,7400,9200,140132,1860,390.0,710.9782387498237,8.055190000050061,9224.073540000063,4455.071504010504
1776010419,0,,Aggregated,21.100000,0.000000,390,810,1100,1200,1600,1900,2600,2900,4300,7400,9200,140136,1860,390.0,711.0183578987576,8.055190000050061,9224.073540000063,4455.07321459154
1776010420,0,,Aggregated,21.100000,0.000000,390,810,1100,1200,1600,1900,2600,2900,4300,7400,9200,140136,1860,390.0,711.0183578987576,8.055190000050061,9224.073540000063,4455.07321459154
1776010420,0,,Aggregated,21.100000,0.000000,390,810,1100,1200,1600,1900,2600,2900,4300,7400,9200,140136,1860,390.0,711.0183578987576,8.055190000050061,9224.073540000063,4455.07321459154
1776010421,0,,Aggregated,21.100000,0.000000,390,810,1100,1200,1600,1900,2600,2900,4300,7400,9200,140136,1860,390.0,711.0183578987576,8.055190000050061,9224.073540000063,4455.07321459154
1776010422,0,,Aggregated,21.100000,0.000000,390,810,1100,1200,1600,1900,2600,2900,4300,7400,9200,140136,1860,390.0,711.0183578987576,8.055190000050061,9224.073540000063,4455.07321459154
1776010423,0,,Aggregated,21.100000,0.000000,390,810,1100,1200,1600,1900,2600,2900,4300,7400,9200,140136,1860,390.0,711.0183578987576,8.055190000050061,9224.073540000063,4455.07321459154
1776010424,0,,Aggregated,21.100000,0.000000,390,810,1100,1200,1600,1900,2600,2900,4300,7400,9200,140136,1860,390.0,711.0183578987576,8.055190000050061,9224.073540000063,4455.07321459154
1776010425,0,,Aggregated,21.100000,0.000000,390,810,1100,1200,1600,1900,2600,2900,4300,7400,9200,140136,1860,390.0,711.0183578987576,8.055190000050061,9224.073540000063,4455.07321459154
1776010426,0,,Aggregated,21.100000,0.000000,390,810,1100,1200,1600,1900,2600,2900,4300,7400,9200,140136,1860,390.0,711.0183578987576,8.055190000050061,9224.073540000063,4455.07321459154
1776010427,0,,Aggregated,21.100000,0.000000,390,810,1100,1200,1600,1900,2600,2900,4300,7400,9200,140136,1860,390.0,711.0183578987576,8.055190000050061,9224.073540000063,4455.07321459154
1776010428,0,,Aggregated,21.100000,0.000000,390,810,1100,1200,1600,1900,2600,2900,4300,7400,9200,140136,1860,390.0,711.0183578987576,8.055190000050061,9224.073540000063,4455.07321459154
1776010429,0,,Aggregated,21.100000,0.000000,390,810,1100,1200,1600,1900,2600,2900,4300,7400,9200,140136,1860,390.0,711.0183578987576,8.055190000050061,9224.073540000063,4455.07321459154
1776010430,0,,Aggregated,21.100000,0.000000,390,810,1100,1200,1600,1900,2600,2900,4300,7400,9200,140136,1860,390.0,711.0183578987576,8.055190000050061,9224.073540000063,4455.07321459154
1776010431,0,,Aggregated,21.100000,0.000000,390,810,1100,1200,1600,1900,2600,2900,4300,7400,9200,140136,1860,390.0,711.0183578987576,8.055190000050061,9224.073540000063,4455.07321459154
1776010432,0,,Aggregated,21.100000,0.000000,390,810,1100,1200,1600,1900,2600,2900,4300,7400,9200,140136,1860,390.0,711.0183578987576,8.055190000050061,9224.073540000063,4455.07321459154
1776010433,0,,Aggregated,21.100000,0.000000,390,810,1100,1200,1600,1900,2600,2900,4300,7400,9200,140136,1860,390.0,711.0183578987576,8.055190000050061,9224.073540000063,4455.07321459154
1776010434,0,,Aggregated,21.100000,0.000000,390,810,1100,1200,1600,1900,2600,2900,4300,7400,9200,140136,1860,390.0,711.0183578987576,8.055190000050061,9224.073540000063,4455.07321459154
1776010435,0,,Aggregated,21.100000,0.000000,390,810,1100,1200,1600,1900,2600,2900,4300,7400,9200,140136,1860,390.0,711.0183578987576,8.055190000050061,9224.073540000063,4455.07321459154
1776010442,0,,Aggregated,21.100000,0.000000,390,810,1100,1200,1600,1900,2600,2900,4300,7400,9200,140136,1860,390.0,711.0183578987576,8.055190000050061,9224.073540000063,4455.07321459154
1776010436,0,,Aggregated,21.100000,0.000000,390,810,1100,1200,1600,1900,2600,2900,4300,7400,9200,140136,1860,390.0,711.0183578987576,8.055190000050061,9224.073540000063,4455.07321459154
1776010437,0,,Aggregated,21.100000,0.000000,390,810,1100,1200,1600,1900,2600,2900,4300,7400,9200,140136,1860,390.0,711.0183578987576,8.055190000050061,9224.073540000063,4455.07321459154
1776010438,0,,Aggregated,21.100000,0.000000,390,810,1100,1200,1600,1900,2600,2900,4300,7400,9200,140136,1860,390.0,711.0183578987576,8.055190000050061,9224.073540000063,4455.07321459154
1776010439,0,,Aggregated,21.100000,0.000000,390,810,1100,1200,1600,1900,2600,2900,4300,7400,9200,140136,1860,390.0,711.0183578987576,8.055190000050061,9224.073540000063,4455.07321459154
1776010440,0,,Aggregated,21.100000,0.000000,390,810,1100,1200,1600,1900,2600,2900,4300,7400,9200,140136,1860,390.0,711.0183578987576,8.055190000050061,9224.073540000063,4455.07321459154
1776010441,0,,Aggregated,21.100000,0.000000,390,810,1100,1200,1600,1900,2600,2900,4300,7400,9200,140136,1860,390.0,711.0183578987576,8.055190000050061,9224.073540000063,4455.07321459154
1776010442,0,,Aggregated,21.100000,0.000000,390,810,1100,1200,1600,1900,2600,2900,4300,7400,9200,140136,1860,390.0,711.0183578987576,8.055190000050061,9224.073540000063,4455.07321459154
1776010443,0,,Aggregated,21.100000,0.000000,390,810,1100,1200,1600,1900,2600,2900,4300,7400,9200,140136,1860,390.0,711.0183578987576,8.055190000050061,9224.073540000063,4455.07321459154
1776010444,0,,Aggregated,21.100000,0.000000,390,810,1100,1200,1600,1900,2600,2900,4300,7400,9200,140136,1860,390.0,711.0183578987576,8.055190000050061,9224.073540000063,4455.07321459154
1776010445,0,,Aggregated,21.100000,0.000000,390,810,1100,1200,1600,1900,2600,2900,4300,7400,9200,140136,1860,390.0,711.0183578987576,8.055190000050061,9224.073540000063,4455.07321459154
1776010452,0,,Aggregated,21.100000,0.000000,390,810,1100,1200,1600,1900,2600,2900,4300,7400,9200,140136,1860,390.0,711.0183578987576,8.055190000050061,9224.073540000063,4455.07321459154
1776010446,0,,Aggregated,21.100000,0.000000,390,810,1100,1200,1600,1900,2600,2900,4300,7400,9200,140136,1860,390.0,711.0183578987576,8.055190000050061,9224.073540000063,4455.07321459154
1776010447,0,,Aggregated,21.100000,0.000000,390,810,1100,1200,1600,1900,2600,2900,4300,7400,9200,140136,1860,390.0,711.0183578987576,8.055190000050061,9224.073540000063,4455.07321459154
1776010448,0,,Aggregated,21.100000,0.000000,390,810,1100,1200,1600,1900,2600,2900,4300,7400,9200,140136,1860,390.0,711.0183578987576,8.055190000050061,9224.073540000063,4455.07321459154
1776010449,0,,Aggregated,21.100000,0.000000,390,810,1100,1200,1600,1900,2600,2900,4300,7400,9200,140136,1860,390.0,711.0183578987576,8.055190000050061,9224.073540000063,4455.07321459154
1776010450,0,,Aggregated,21.100000,0.000000,390,810,1100,1200,1600,1900,2600,2900,4300,7400,9200,140136,1860,390.0,711.0183578987576,8.055190000050061,9224.073540000063,4455.07321459154
1776010451,0,,Aggregated,21.100000,0.000000,390,810,1100,1200,1600,1900,2600,2900,4300,7400,9200,140136,1860,390.0,711.0183578987576,8.055190000050061,9224.073540000063,4455.07321459154
1776010452,0,,Aggregated,21.100000,0.000000,390,810,1100,1200,1600,1900,2600,2900,4300,7400,9200,140136,1860,390.0,711.0183578987576,8.055190000050061,9224.073540000063,4455.07321459154
1776010453,0,,Aggregated,21.100000,0.000000,390,810,1100,1200,1600,1900,2600,2900,4300,7400,9200,140136,1860,390.0,711.0183578987576,8.055190000050061,9224.073540000063,4455.07321459154
1776010454,0,,Aggregated,21.100000,0.000000,390,810,1100,1200,1600,1900,2600,2900,4300,7400,9200,140136,1860,390.0,711.0183578987576,8.055190000050061,9224.073540000063,4455.07321459154
1776010455,0,,Aggregated,21.100000,0.000000,390,810,1100,1200,1600,1900,2600,2900,4300,7400,9200,140136,1860,390.0,711.0183578987576,8.055190000050061,9224.073540000063,4455.07321459154
1776010462,0,,Aggregated,21.100000,0.000000,390,810,1100,1200,1600,1900,2600,2900,4300,7400,9200,140136,1860,390.0,711.0183578987576,8.055190000050061,9224.073540000063,4455.07321459154
1776010456,0,,Aggregated,21.100000,0.000000,390,810,1100,1200,1600,1900,2600,2900,4300,7400,9200,140136,1860,390.0,711.0183578987576,8.055190000050061,9224.073540000063,4455.07321459154
1776010457,0,,Aggregated,21.100000,0.000000,390,810,1100,1200,1600,1900,2600,2900,4300,7400,9200,140136,1860,390.0,711.0183578987576,8.055190000050061,9224.073540000063,4455.07321459154
1776010458,0,,Aggregated,21.100000,0.000000,390,810,1100,1200,1600,1900,2600,2900,4300,7400,9200,140136,1860,390.0,711.0183578987576,8.055190000050061,9224.073540000063,4455.07321459154
1776010459,0,,Aggregated,21.100000,0.000000,390,810,1100,1200,1600,1900,2600,2900,4300,7400,9200,140136,1860,390.0,711.0183578987576,8.055190000050061,9224.073540000063,4455.07321459154
1776010460,0,,Aggregated,21.100000,0.000000,390,810,1100,1200,1600,1900,2600,2900,4300,7400,9200,140136,1860,390.0,711.0183578987576,8.055190000050061,9224.073540000063,4455.07321459154
1776010461,0,,Aggregated,21.100000,0.000000,390,810,1100,1200,1600,1900,2600,2900,4300,7400,9200,140136,1860,390.0,711.0183578987576,8.055190000050061,9224.073540000063,4455.07321459154
1776010462,0,,Aggregated,21.100000,0.000000,390,810,1100,1200,1600,1900,2600,2900,4300,7400,9200,140136,1860,390.0,711.0183578987576,8.055190000050061,9224.073540000063,4455.07321459154
1776010463,0,,Aggregated,21.100000,0.000000,390,810,1100,1200,1600,1900,2600,2900,4300,7400,9200,140136,1860,390.0,711.0183578987576,8.055190000050061,9224.073540000063,4455.07321459154
1776010464,0,,Aggregated,21.100000,0.000000,390,810,1100,1200,1600,1900,2600,2900,4300,7400,9200,140136,1860,390.0,711.0183578987576,8.055190000050061,9224.073540000063,4455.07321459154
1776010465,0,,Aggregated,21.100000,0.000000,390,810,1100,1200,1600,1900,2600,2900,4300,7400,9200,140136,1860,390.0,711.0183578987576,8.055190000050061,9224.073540000063,4455.07321459154
1776010472,0,,Aggregated,21.100000,0.000000,390,810,1100,1200,1600,1900,2600,2900,4300,7400,9200,140136,1860,390.0,711.0183578987576,8.055190000050061,9224.073540000063,4455.07321459154
1776010466,0,,Aggregated,21.100000,0.000000,390,810,1100,1200,1600,1900,2600,2900,4300,7400,9200,140136,1860,390.0,711.0183578987576,8.055190000050061,9224.073540000063,4455.07321459154
1776010467,0,,Aggregated,21.100000,0.000000,390,810,1100,1200,1600,1900,2600,2900,4300,7400,9200,140136,1860,390.0,711.0183578987576,8.055190000050061,9224.073540000063,4455.07321459154
1776010468,0,,Aggregated,21.100000,0.000000,390,810,1100,1200,1600,1900,2600,2900,4300,7400,9200,140136,1860,390.0,711.0183578987576,8.055190000050061,9224.073540000063,4455.07321459154
1776010469,0,,Aggregated,21.100000,0.000000,390,810,1100,1200,1600,1900,2600,2900,4300,7400,9200,140136,1860,390.0,711.0183578987576,8.055190000050061,9224.073540000063,4455.07321459154
1776010470,0,,Aggregated,21.100000,0.000000,390,810,1100,1200,1600,1900,2600,2900,4300,7400,9200,140136,1860,390.0,711.0183578987576,8.055190000050061,9224.073540000063,4455.07321459154
1776010471,0,,Aggregated,21.100000,0.000000,390,810,1100,1200,1600,1900,2600,2900,4300,7400,9200,140136,1860,390.0,711.0183578987576,8.055190000050061,9224.073540000063,4455.07321459154
1776010472,0,,Aggregated,21.100000,0.000000,390,810,1100,1200,1600,1900,2600,2900,4300,7400,9200,140136,1860,390.0,711.0183578987576,8.055190000050061,9224.073540000063,4455.07321459154
1776010473,0,,Aggregated,21.100000,0.000000,390,810,1100,1200,1600,1900,2600,2900,4300,7400,9200,140136,1860,390.0,711.0183578987576,8.055190000050061,9224.073540000063,4455.07321459154
1776010474,0,,Aggregated,21.100000,0.000000,390,810,1100,1200,1600,1900,2600,2900,4300,7400,9200,140136,1860,390.0,711.0183578987576,8.055190000050061,9224.073540000063,4455.07321459154
1776010475,0,,Aggregated,21.100000,0.000000,390,810,1100,1200,1600,1900,2600,2900,4300,7400,9200,140136,1860,390.0,711.0183578987576,8.055190000050061,9224.073540000063,4455.07321459154
1776010482,0,,Aggregated,21.100000,0.000000,390,810,1100,1200,1600,1900,2600,2900,4300,7400,9200,140136,1860,390.0,711.0183578987576,8.055190000050061,9224.073540000063,4455.07321459154
1776010476,0,,Aggregated,21.100000,0.000000,390,810,1100,1200,1600,1900,2600,2900,4300,7400,9200,140136,1860,390.0,711.0183578987576,8.055190000050061,9224.073540000063,4455.07321459154
1776010477,0,,Aggregated,21.100000,0.000000,390,810,1100,1200,1600,1900,2600,2900,4300,7400,9200,140136,1860,390.0,711.0183578987576,8.055190000050061,9224.073540000063,4455.07321459154
1776010478,0,,Aggregated,21.100000,0.000000,390,810,1100,1200,1600,1900,2600,2900,4300,7400,9200,140136,1860,390.0,711.0183578987576,8.055190000050061,9224.073540000063,4455.07321459154
1776010479,0,,Aggregated,21.100000,0.000000,390,810,1100,1200,1600,1900,2600,2900,4300,7400,9200,140136,1860,390.0,711.0183578987576,8.055190000050061,9224.073540000063,4455.07321459154
1776010480,0,,Aggregated,21.100000,0.000000,390,810,1100,1200,1600,1900,2600,2900,4300,7400,9200,140136,1860,390.0,711.0183578987576,8.055190000050061,9224.073540000063,4455.07321459154
1776010481,0,,Aggregated,21.100000,0.000000,390,810,1100,1200,1600,1900,2600,2900,4300,7400,9200,140136,1860,390.0,711.0183578987576,8.055190000050061,9224.073540000063,4455.07321459154
1776010482,0,,Aggregated,21.100000,0.000000,390,810,1100,1200,1600,1900,2600,2900,4300,7400,9200,140136,1860,390.0,711.0183578987576,8.055190000050061,9224.073540000063,4455.07321459154
1776010483,0,,Aggregated,21.100000,0.000000,390,810,1100,1200,1600,1900,2600,2900,4300,7400,9200,140136,1860,390.0,711.0183578987576,8.055190000050061,9224.073540000063,4455.07321459154
1776010484,0,,Aggregated,21.100000,0.000000,390,810,1100,1200,1600,1900,2600,2900,4300,7400,9200,140136,1860,390.0,711.0183578987576,8.055190000050061,9224.073540000063,4455.07321459154
1776010485,0,,Aggregated,21.100000,0.000000,390,810,1100,1200,1600,1900,2600,2900,4300,7400,9200,140136,1860,390.0,711.0183578987576,8.055190000050061,9224.073540000063,4455.07321459154
1776010492,0,,Aggregated,21.100000,0.000000,390,810,1100,1200,1600,1900,2600,2900,4300,7400,9200,140136,1860,390.0,711.0183578987576,8.055190000050061,9224.073540000063,4455.07321459154
1776010486,0,,Aggregated,21.100000,0.000000,390,810,1100,1200,1600,1900,2600,2900,4300,7400,9200,140136,1860,390.0,711.0183578987576,8.055190000050061,9224.073540000063,4455.07321459154
1776010487,0,,Aggregated,21.100000,0.000000,390,810,1100,1200,1600,1900,2600,2900,4300,7400,9200,140136,1860,390.0,711.0183578987576,8.055190000050061,9224.073540000063,4455.07321459154
1776010488,0,,Aggregated,21.100000,0.000000,390,810,1100,1200,1600,1900,2600,2900,4300,7400,9200,140136,1860,390.0,711.0183578987576,8.055190000050061,9224.073540000063,4455.07321459154
1776010489,0,,Aggregated,21.100000,0.000000,390,810,1100,1200,1600,1900,2600,2900,4300,7400,9200,140136,1860,390.0,711.0183578987576,8.055190000050061,9224.073540000063,4455.07321459154
1776010490,0,,Aggregated,21.100000,0.000000,390,810,1100,1200,1600,1900,2600,2900,4300,7400,9200,140136,1860,390.0,711.0183578987576,8.055190000050061,9224.073540000063,4455.07321459154
1776010491,0,,Aggregated,21.100000,0.000000,390,810,1100,1200,1600,1900,2600,2900,4300,7400,9200,140136,1860,390.0,711.0183578987576,8.055190000050061,9224.073540000063,4455.07321459154
1776010492,0,,Aggregated,21.100000,0.000000,390,810,1100,1200,1600,1900,2600,2900,4300,7400,9200,140136,1860,390.0,711.0183578987576,8.055190000050061,9224.073540000063,4455.07321459154
1776010493,0,,Aggregated,21.100000,0.000000,390,810,1100,1200,1600,1900,2600,2900,4300,7400,9200,140136,1860,390.0,711.0183578987576,8.055190000050061,9224.073540000063,4455.07321459154
1776010494,0,,Aggregated,21.100000,0.000000,390,810,1100,1200,1600,1900,2600,2900,4300,7400,9200,140136,1860,390.0,711.0183578987576,8.055190000050061,9224.073540000063,4455.07321459154
1776010495,0,,Aggregated,21.100000,0.000000,390,810,1100,1200,1600,1900,2600,2900,4300,7400,9200,140136,1860,390.0,711.0183578987576,8.055190000050061,9224.073540000063,4455.07321459154
1776010495,0,,Aggregated,21.100000,0.000000,390,810,1100,1200,1600,1900,2600,2900,4300,7400,9200,140136,1860,390.0,711.0183578987576,8.055190000050061,9224.073540000063,4455.07321459154
1776010496,0,,Aggregated,21.100000,0.000000,390,810,1100,1200,1600,1900,2600,2900,4300,7400,9200,140136,1860,390.0,711.0183578987576,8.055190000050061,9224.073540000063,4455.07321459154
1776010497,0,,Aggregated,21.100000,0.000000,390,810,1100,1200,1600,1900,2600,2900,4300,7400,9200,140136,1860,390.0,711.0183578987576,8.055190000050061,9224.073540000063,4455.07321459154
1776010498,0,,Aggregated,21.100000,0.000000,390,810,1100,1200,1600,1900,2600,2900,4300,7400,9200,140136,1860,390.0,711.0183578987576,8.055190000050061,9224.073540000063,4455.07321459154
1776010499,0,,Aggregated,21.100000,0.000000,390,810,1100,1200,1600,1900,2600,2900,4300,7400,9200,140136,1860,390.0,711.0183578987576,8.055190000050061,9224.073540000063,4455.07321459154
1776010500,0,,Aggregated,21.100000,0.000000,390,810,1100,1200,1600,1900,2600,2900,4300,7400,9200,140136,1860,390.0,711.0183578987576,8.055190000050061,9224.073540000063,4455.07321459154
1776010501,0,,Aggregated,21.100000,0.000000,390,810,1100,1200,1600,1900,2600,2900,4300,7400,9200,140136,1860,390.0,711.0183578987576,8.055190000050061,9224.073540000063,4455.07321459154
1776010502,0,,Aggregated,21.100000,0.000000,390,810,1100,1200,1600,1900,2600,2900,4300,7400,9200,140136,1860,390.0,711.0183578987576,8.055190000050061,9224.073540000063,4455.07321459154
1776010503,0,,Aggregated,21.100000,0.000000,390,810,1100,1200,1600,1900,2600,2900,4300,7400,9200,140136,1860,390.0,711.0183578987576,8.055190000050061,9224.073540000063,4455.07321459154
1776010504,0,,Aggregated,21.100000,0.000000,390,810,1100,1200,1600,1900,2600,2900,4300,7400,9200,140136,1860,390.0,711.0183578987576,8.055190000050061,9224.073540000063,4455.07321459154
1776010505,0,,Aggregated,21.100000,0.000000,390,810,1100,1200,1600,1900,2600,2900,4300,7400,9200,140136,1860,390.0,711.0183578987576,8.055190000050061,9224.073540000063,4455.07321459154
1776010505,0,,Aggregated,21.100000,0.000000,390,810,1100,1200,1600,1900,2600,2900,4300,7400,9200,140136,1860,390.0,711.0183578987576,8.055190000050061,9224.073540000063,4455.07321459154
1776010507,0,,Aggregated,21.100000,0.000000,390,810,1100,1200,1600,1900,2600,2900,4300,7400,9200,140136,1860,390.0,711.0183578987576,8.055190000050061,9224.073540000063,4455.07321459154
1776010508,0,,Aggregated,21.100000,0.000000,390,810,1100,1200,1600,1900,2600,2900,4300,7400,9200,140136,1860,390.0,711.0183578987576,8.055190000050061,9224.073540000063,4455.07321459154
1776010509,0,,Aggregated,21.100000,0.000000,390,810,1100,1200,1600,1900,2600,2900,4300,7400,9200,140136,1860,390.0,711.0183578987576,8.055190000050061,9224.073540000063,4455.07321459154
1776010510,0,,Aggregated,21.100000,0.000000,390,810,1100,1200,1600,1900,2600,2900,4300,7400,9200,140136,1860,390.0,711.0183578987576,8.055190000050061,9224.073540000063,4455.07321459154
1776010511,0,,Aggregated,21.100000,0.000000,390,810,1100,1200,1600,1900,2600,2900,4300,7400,9200,140136,1860,390.0,711.0183578987576,8.055190000050061,9224.073540000063,4455.07321459154
1776010511,0,,Aggregated,21.100000,0.000000,390,810,1100,1200,1600,1900,2600,2900,4300,7400,9200,140136,1860,390.0,711.0183578987576,8.055190000050061,9224.073540000063,4455.07321459154
1776010512,0,,Aggregated,21.100000,0.000000,390,810,1100,1200,1600,1900,2600,2900,4300,7400,9200,140136,1860,390.0,711.0183578987576,8.055190000050061,9224.073540000063,4455.07321459154
1776010513,0,,Aggregated,21.100000,0.000000,390,810,1100,1200,1600,1900,2600,2900,4300,7400,9200,140136,1860,390.0,711.0183578987576,8.055190000050061,9224.073540000063,4455.07321459154
1776010514,0,,Aggregated,21.100000,0.000000,390,810,1100,1200,1600,1900,2600,2900,4300,7400,9200,140136,1860,390.0,711.0183578987576,8.055190000050061,9224.073540000063,4455.07321459154
1776010515,0,,Aggregated,21.100000,0.000000,390,810,1100,1200,1600,1900,2600,2900,4300,7400,9200,140136,1860,390.0,711.0183578987576,8.055190000050061,9224.073540000063,4455.07321459154
1776010516,0,,Aggregated,21.100000,0.000000,390,810,1100,1200,1600,1900,2600,2900,4300,7400,9200,140136,1860,390.0,711.0183578987576,8.055190000050061,9224.073540000063,4455.07321459154
1776010517,0,,Aggregated,21.100000,0.000000,390,810,1100,1200,1600,1900,2600,2900,4300,7400,9200,140136,1860,390.0,711.0183578987576,8.055190000050061,9224.073540000063,4455.07321459154
1776010518,0,,Aggregated,21.100000,0.000000,390,810,1100,1200,1600,1900,2600,2900,4300,7400,9200,140136,1860,390.0,711.0183578987576,8.055190000050061,9224.073540000063,4455.07321459154
1776010519,0,,Aggregated,21.100000,0.000000,390,810,1100,1200,1600,1900,2600,2900,4300,7400,9200,140136,1860,390.0,711.0183578987576,8.055190000050061,9224.073540000063,4455.07321459154
1776010520,0,,Aggregated,21.100000,0.000000,390,810,1100,1200,1600,1900,2600,2900,4300,7400,9200,140136,1860,390.0,711.0183578987576,8.055190000050061,9224.073540000063,4455.07321459154
1776010521,0,,Aggregated,21.100000,0.000000,390,810,1100,1200,1600,1900,2600,2900,4300,7400,9200,140136,1860,390.0,711.0183578987576,8.055190000050061,9224.073540000063,4455.07321459154
1776010521,0,,Aggregated,21.100000,0.000000,390,810,1100,1200,1600,1900,2600,2900,4300,7400,9200,140136,1860,390.0,711.0183578987576,8.055190000050061,9224.073540000063,4455.07321459154
1776010522,0,,Aggregated,21.100000,0.000000,390,810,1100,1200,1600,1900,2600,2900,4300,7400,9200,140136,1860,390.0,711.0183578987576,8.055190000050061,9224.073540000063,4455.07321459154
1776010523,0,,Aggregated,21.100000,0.000000,390,810,1100,1200,1600,1900,2600,2900,4300,7400,9200,140136,1860,390.0,711.0183578987576,8.055190000050061,9224.073540000063,4455.07321459154
1776010524,0,,Aggregated,21.100000,0.000000,390,810,1100,1200,1600,1900,2600,2900,4300,7400,9200,140136,1860,390.0,711.0183578987576,8.055190000050061,9224.073540000063,4455.07321459154
1776010525,0,,Aggregated,21.100000,0.000000,390,810,1100,1200,1600,1900,2600,2900,4300,7400,9200,140136,1860,390.0,711.0183578987576,8.055190000050061,9224.073540000063,4455.07321459154
1776010526,0,,Aggregated,21.100000,0.000000,390,810,1100,1200,1600,1900,2600,2900,4300,7400,9200,140136,1860,390.0,711.0183578987576,8.055190000050061,9224.073540000063,4455.07321459154
1776010527,0,,Aggregated,21.100000,0.000000,390,810,1100,1200,1600,1900,2600,2900,4300,7400,9200,140136,1860,390.0,711.0183578987576,8.055190000050061,9224.073540000063,4455.07321459154
1776010528,0,,Aggregated,21.100000,0.000000,390,810,1100,1200,1600,1900,2600,2900,4300,7400,9200,140136,1860,390.0,711.0183578987576,8.055190000050061,9224.073540000063,4455.07321459154
1776010529,0,,Aggregated,21.100000,0.000000,390,810,1100,1200,1600,1900,2600,2900,4300,7400,9200,140136,1860,390.0,711.0183578987576,8.055190000050061,9224.073540000063,4455.07321459154
1776010530,0,,Aggregated,21.100000,0.000000,390,810,1100,1200,1600,1900,2600,2900,4300,7400,9200,140136,1860,390.0,711.0183578987576,8.055190000050061,9224.073540000063,4455.07321459154
1776010531,0,,Aggregated,21.100000,0.000000,390,810,1100,1200,1600,1900,2600,2900,4300,7400,9200,140136,1860,390.0,711.0183578987576,8.055190000050061,9224.073540000063,4455.07321459154
1776010531,0,,Aggregated,21.100000,0.000000,390,810,1100,1200,1600,1900,2600,2900,4300,7400,9200,140136,1860,390.0,711.0183578987576,8.055190000050061,9224.073540000063,4455.07321459154
1776010532,0,,Aggregated,21.100000,0.000000,390,810,1100,1200,1600,1900,2600,2900,4300,7400,9200,140136,1860,390.0,711.0183578987576,8.055190000050061,9224.073540000063,4455.07321459154
1776010533,0,,Aggregated,21.100000,0.000000,390,810,1100,1200,1600,1900,2600,2900,4300,7400,9200,140136,1860,390.0,711.0183578987576,8.055190000050061,9224.073540000063,4455.07321459154
1776010534,0,,Aggregated,21.100000,0.000000,390,810,1100,1200,1600,1900,2600,2900,4300,7400,9200,140136,1860,390.0,711.0183578987576,8.055190000050061,9224.073540000063,4455.07321459154
1776010535,0,,Aggregated,21.100000,0.000000,390,810,1100,1200,1600,1900,2600,2900,4300,7400,9200,140136,1860,390.0,711.0183578987576,8.055190000050061,9224.073540000063,4455.07321459154
1776010536,0,,Aggregated,21.100000,0.000000,390,810,1100,1200,1600,1900,2600,2900,4300,7400,9200,140136,1860,390.0,711.0183578987576,8.055190000050061,9224.073540000063,4455.07321459154
1776010537,0,,Aggregated,21.100000,0.000000,390,810,1100,1200,1600,1900,2600,2900,4300,7400,9200,140136,1860,390.0,711.0183578987576,8.055190000050061,9224.073540000063,4455.07321459154
1776010538,0,,Aggregated,21.100000,0.000000,390,810,1100,1200,1600,1900,2600,2900,4300,7400,9200,140136,1860,390.0,711.0183578987576,8.055190000050061,9224.073540000063,4455.07321459154
1776010539,0,,Aggregated,21.100000,0.000000,390,810,1100,1200,1600,1900,2600,2900,4300,7400,9200,140136,1860,390.0,711.0183578987576,8.055190000050061,9224.073540000063,4455.07321459154
1776010540,0,,Aggregated,21.100000,0.000000,390,810,1100,1200,1600,1900,2600,2900,4300,7400,9200,140136,1860,390.0,711.0183578987576,8.055190000050061,9224.073540000063,4455.07321459154
1776010547,0,,Aggregated,21.100000,0.000000,390,810,1100,1200,1600,1900,2600,2900,4300,7400,9200,140136,1860,390.0,711.0183578987576,8.055190000050061,9224.073540000063,4455.07321459154
1776010541,0,,Aggregated,21.100000,0.000000,390,810,1100,1200,1600,1900,2600,2900,4300,7400,9200,140136,1860,390.0,711.0183578987576,8.055190000050061,9224.073540000063,4455.07321459154
1776010542,0,,Aggregated,21.100000,0.000000,390,810,1100,1200,1600,1900,2600,2900,4300,7400,9200,140136,1860,390.0,711.0183578987576,8.055190000050061,9224.073540000063,4455.07321459154
1776010543,0,,Aggregated,21.100000,0.000000,390,810,1100,1200,1600,1900,2600,2900,4300,7400,9200,140136,1860,390.0,711.0183578987576,8.055190000050061,9224.073540000063,4455.07321459154
1776010544,0,,Aggregated,21.100000,0.000000,390,810,1100,1200,1600,1900,2600,2900,4300,7400,9200,140136,1860,390.0,711.0183578987576,8.055190000050061,9224.073540000063,4455.07321459154
1776010545,0,,Aggregated,21.100000,0.000000,390,810,1100,1200,1600,1900,2600,2900,4300,7400,9200,140136,1860,390.0,711.0183578987576,8.055190000050061,9224.073540000063,4455.07321459154
1776010546,0,,Aggregated,21.100000,0.000000,390,810,1100,1200,1600,1900,2600,2900,4300,7400,9200,140136,1860,390.0,711.0183578987576,8.055190000050061,9224.073540000063,4455.07321459154
1776010547,0,,Aggregated,21.100000,0.000000,390,810,1100,1200,1600,1900,2600,2900,4300,7400,9200,140136,1860,390.0,711.0183578987576,8.055190000050061,9224.073540000063,4455.07321459154
1776010548,0,,Aggregated,21.100000,0.000000,390,810,1100,1200,1600,1900,2600,2900,4300,7400,9200,140136,1860,390.0,711.0183578987576,8.055190000050061,9224.073540000063,4455.07321459154
1776010549,0,,Aggregated,21.100000,0.000000,390,810,1100,1200,1600,1900,2600,2900,4300,7400,9200,140136,1860,390.0,711.0183578987576,8.055190000050061,9224.073540000063,4455.07321459154
1776010550,0,,Aggregated,21.100000,0.000000,390,810,1100,1200,1600,1900,2600,2900,4300,7400,9200,140136,1860,390.0,711.0183578987576,8.055190000050061,9224.073540000063,4455.07321459154
1776010557,0,,Aggregated,21.100000,0.000000,390,810,1100,1200,1600,1900,2600,2900,4300,7400,9200,140136,1860,390.0,711.0183578987576,8.055190000050061,9224.073540000063,4455.07321459154
