Timestamp,User Count,Type,Name,Requests/s,Failures/s,50%,66%,75%,80%,90%,95%,98%,99%,99.9%,99.99%,100%,Total Request Count,Total Failure Count,Total Median Response Time,Total Average Response Time,Total Min Response Time,Total Max Response Time,Total Average Content Size
1776357197,0,,Aggregated,0.000000,0.000000,N/A,N/A,N/A,N/A,N/A,N/A,N/A,N/A,N/A,N/A,N/A,0,0,0,0.0,0,0,0
1776357198,40,,Aggregated,0.000000,0.000000,510,520,530,540,620,630,630,640,640,640,640,56,0,500.0,433.25638194646996,197.4719499994535,642.2657700004493,4515.0
1776357199,80,,Aggregated,0.000000,0.000000,370,500,520,530,620,630,700,730,1100,1100,1100,178,0,370.0,392.20364638205257,197.4719499994535,1067.2405470004378,4515.0
1776357200,120,,Aggregated,0.000000,0.000000,360,500,530,600,680,720,790,880,1100,1100,1100,327,0,360.0,411.32121228746416,197.4719499994535,1067.2405470004378,4515.0
1776357201,160,,Aggregated,32.500000,0.000000,420,470,510,530,620,700,780,870,1100,1100,1100,482,0,420.0,418.128005904572,197.4719499994535,1067.2405470004378,4515.0
1776357202,200,,Aggregated,63.333333,0.000000,470,570,680,730,810,1200,1300,1400,1500,1500,1500,637,0,470.0,530.8721440894873,197.4719499994535,1513.536982000005,4515.0
1776357203,240,,Aggregated,89.250000,0.000000,550,700,760,780,880,1400,1600,1600,1700,1700,1700,824,0,550.0,613.812455695402,197.4719499994535,1699.998449999839,4515.0
1776357204,280,,Aggregated,101.200000,0.000000,640,750,810,850,1200,1600,1600,1900,2000,2000,2000,994,0,640.0,673.8136203179133,197.4719499994535,1993.0994160004047,4515.0
1776357205,308,,Aggregated,109.666667,0.000000,690,810,910,1100,1300,1600,1900,2000,2100,2100,2100,1129,0,690.0,749.3580050274644,197.4719499994535,2142.2056459996384,4515.0
1776357206,308,,Aggregated,121.571429,0.000000,750,910,1200,1300,1500,1700,2800,2800,3000,3000,3000,1291,0,750.0,869.4105838017134,197.4719499994535,2954.9350570005117,4515.0
1776357207,308,,Aggregated,126.250000,0.000000,800,1200,1400,1400,1600,2000,2800,2900,3000,3000,3000,1459,0,800.0,958.9542947669664,197.4719499994535,3022.0246550006777,4515.0
1776357208,308,,Aggregated,128.222222,0.000000,890,1300,1400,1400,1600,2000,2900,3000,3000,3000,3000,1658,0,880.0,1023.352942813633,197.4719499994535,3041.1238070000763,4515.0
1776357209,308,,Aggregated,131.300000,0.000000,1100,1400,1400,1400,1600,1900,2900,3000,3000,3000,3000,1829,0,1100.0,1055.8809476386034,197.4719499994535,3041.1238070000763,4515.0
1776357210,308,,Aggregated,148.700000,0.000000,1200,1400,1400,1500,1600,1700,2900,3000,3000,3000,3000,1985,0,1200.0,1090.6423216463513,197.4719499994535,3041.1238070000763,4515.0
1776357211,308,,Aggregated,160.700000,0.000000,1300,1400,1500,1500,1600,1700,2800,3000,3000,3000,3000,2136,0,1300.0,1129.5323802940125,197.4719499994535,3041.1238070000763,4515.0
1776357212,308,,Aggregated,165.900000,0.000000,1300,1400,1500,1600,1700,1700,2800,2900,3000,3000,3000,2312,0,1300.0,1170.5590302028536,197.4719499994535,3041.1238070000763,4515.0
1776357213,308,,Aggregated,163.800000,0.000000,1400,1500,1500,1600,1700,1700,2800,2900,3000,3000,3000,2507,0,1400.0,1195.9963397299525,197.4719499994535,3041.1238070000763,4515.0
1776357214,308,,Aggregated,164.900000,0.000000,1400,1500,1500,1600,1700,1700,2800,2900,3000,3000,3000,2689,0,1400.0,1207.210296104869,197.4719499994535,3041.1238070000763,4515.0
1776357215,308,,Aggregated,167.700000,0.000000,1400,1500,1500,1500,1600,1700,2800,2900,3000,3000,3000,2876,0,1400.0,1216.483216090397,197.4719499994535,3041.1238070000763,4515.0
1776357216,308,,Aggregated,166.600000,0.000000,1400,1400,1500,1500,1600,1700,2700,2900,3000,3000,3000,3089,0,1400.0,1225.974339139846,197.4719499994535,3041.1238070000763,4515.0
1776357217,308,,Aggregated,169.700000,0.000000,1300,1400,1500,1500,1600,1700,2700,2900,3000,3000,3000,3291,0,1300.0,1225.6011122157322,197.4719499994535,3041.1238070000763,4515.0
1776357218,308,,Aggregated,173.500000,0.000000,1300,1400,1500,1500,1600,1700,2100,2900,3000,3000,3000,3468,0,1300.0,1225.775732397339,197.4719499994535,3041.1238070000763,4515.0
1776357219,308,,Aggregated,178.400000,0.000000,1300,1400,1500,1500,1600,1700,2100,2900,3000,3000,3000,3613,0,1300.0,1235.4591656457153,197.4719499994535,3041.1238070000763,4515.0
1776357220,308,,Aggregated,181.200000,0.000000,1400,1400,1500,1600,1600,1700,2000,2900,3000,3000,3000,3806,0,1300.0,1254.6426386169119,197.4719499994535,3041.1238070000763,4515.0
1776357221,308,,Aggregated,180.800000,0.000000,1400,1500,1500,1600,1600,1700,2000,2900,3000,3000,3000,3958,0,1400.0,1261.500141144763,197.4719499994535,3041.1238070000763,4515.0
1776357222,308,,Aggregated,177.400000,0.000000,1400,1500,1500,1500,1600,1700,2000,2800,3000,3000,3000,4155,0,1400.0,1271.664160943196,197.4719499994535,3041.1238070000763,4515.0
1776357223,307,,Aggregated,181.400000,0.000000,1400,1500,1500,1500,1600,1700,1900,2800,3000,3000,3000,4360,0,1400.0,1273.4547041699486,197.4719499994535,3041.1238070000763,4515.0
1776357224,307,,Aggregated,180.900000,0.000000,1400,1400,1500,1500,1600,1700,1900,2800,3000,3000,3000,4545,0,1400.0,1272.997854523426,197.4719499994535,3041.1238070000763,4515.0
1776357225,307,,Aggregated,183.300000,0.000000,1300,1400,1500,1500,1600,1700,1800,2800,3000,3000,3000,4719,0,1300.0,1274.7198939069654,197.4719499994535,3041.1238070000763,4515.0
1776357226,307,,Aggregated,185.800000,0.000000,1400,1400,1500,1500,1600,1700,1800,2800,3000,3000,3000,4884,0,1400.0,1280.3761955405323,197.4719499994535,3041.1238070000763,4515.0
1776357230,307,,Aggregated,174.500000,0.000000,1400,1400,1500,1500,1600,1700,1900,2800,3000,3000,3000,5074,0,1400.0,1290.7655545025525,197.4719499994535,3041.1238070000763,4515.0
1776357226,307,,Aggregated,185.800000,0.000000,1400,1400,1500,1500,1600,1700,1800,2800,3000,3000,3000,5296,0,1400.0,1290.479358184848,197.4719499994535,3041.1238070000763,4515.0
1776357227,307,,Aggregated,183.800000,0.000000,1300,1400,1500,1500,1600,1700,1800,2800,3000,3000,3000,5486,0,1300.0,1285.3814410433777,197.4719499994535,3041.1238070000763,4515.0
1776357228,307,,Aggregated,195.300000,0.000000,1300,1400,1500,1500,1600,1700,1800,2800,3000,3000,3000,5642,0,1300.0,1286.752310124419,197.4719499994535,3041.1238070000763,4515.0
1776357229,307,,Aggregated,213.000000,0.000000,1400,1400,1500,1500,1600,1700,1800,2800,3000,3000,3000,5825,0,1400.0,1295.0120191244598,197.4719499994535,3041.1238070000763,4515.0
1776357230,307,,Aggregated,223.600000,0.000000,1400,1400,1500,1500,1600,1700,1800,2800,3000,3000,3000,6026,0,1400.0,1299.707090998172,197.4719499994535,3041.1238070000763,4515.0
1776357231,307,,Aggregated,220.800000,0.000000,1400,1400,1500,1500,1600,1700,1700,2700,3000,3000,3000,6226,0,1400.0,1296.9986419129427,197.4719499994535,3041.1238070000763,4515.0
1776357232,307,,Aggregated,224.500000,0.000000,1300,1400,1500,1500,1600,1700,1700,2700,3000,3000,3000,6397,0,1300.0,1295.288247050177,197.4719499994535,3041.1238070000763,4515.0
1776357233,307,,Aggregated,231.800000,0.000000,1300,1400,1500,1500,1600,1700,1700,2700,3000,3000,3000,6587,0,1300.0,1298.2585123377846,197.4719499994535,3041.1238070000763,4515.0
1776357234,307,,Aggregated,236.200000,0.000000,1400,1400,1500,1500,1600,1700,1700,2700,3000,3000,3000,6746,0,1400.0,1303.9299733762214,197.4719499994535,3041.1238070000763,4515.0
1776357235,307,,Aggregated,231.800000,0.000000,1400,1400,1500,1500,1600,1700,1700,2400,3000,3000,3000,6921,0,1400.0,1308.0141099815032,197.4719499994535,3041.1238070000763,4515.0
1776357236,307,,Aggregated,227.400000,0.000000,1400,1500,1500,1500,1600,1700,1700,2300,3000,3000,3000,7036,0,1400.0,1312.2538120321183,197.4719499994535,3041.1238070000763,4515.0
1776357237,307,,Aggregated,228.900000,0.000000,1400,1500,1500,1500,1600,1700,1900,2300,3000,3000,3000,7201,0,1400.0,1325.487142636994,197.4719499994535,3041.1238070000763,4515.0
1776357238,307,,Aggregated,214.600000,0.000000,1400,1500,1500,1600,1600,1800,1900,2300,3000,3000,3000,7371,0,1400.0,1335.5274277551212,197.4719499994535,3041.1238070000763,4515.0
1776357239,307,,Aggregated,188.600000,0.000000,1400,1500,1500,1600,1600,1800,1900,2200,3000,3000,3000,7512,0,1400.0,1340.2091458634168,197.4719499994535,3041.1238070000763,4515.0
1776357240,307,,Aggregated,173.600000,0.000000,1400,1500,1500,1600,1700,1800,1900,2200,3000,3000,3000,7704,0,1400.0,1345.8567915737253,197.4719499994535,3041.1238070000763,4515.0
1776357241,307,,Aggregated,175.300000,0.000000,1400,1500,1500,1600,1600,1700,1900,2100,3000,3000,3000,7855,0,1400.0,1348.8922039197935,197.4719499994535,3041.1238070000763,4515.0
1776357242,307,,Aggregated,173.600000,0.000000,1400,1500,1500,1600,1700,1800,1900,2100,3000,3000,3000,8007,0,1400.0,1354.8295105150466,197.4719499994535,3041.1238070000763,4515.0
1776357243,307,,Aggregated,165.500000,0.000000,1400,1500,1500,1600,1700,1800,1900,2100,3000,3000,3000,8150,0,1400.0,1361.3482999204878,197.4719499994535,3041.1238070000763,4515.0
1776357244,307,,Aggregated,159.100000,0.000000,1400,1500,1600,1600,1700,1800,2000,2300,3000,3000,3000,8245,0,1400.0,1367.7792528596704,197.4719499994535,3041.1238070000763,4515.0
1776357245,307,,Aggregated,159.400000,0.000000,1400,1500,1600,1600,1700,1900,2100,2500,3000,3000,3000,8332,0,1400.0,1378.4666714188645,197.4719499994535,3041.1238070000763,4515.0
1776357246,283,,Aggregated,155.100000,0.000000,1400,1500,1600,1600,1700,1900,2500,2900,3000,3000,3000,8418,0,1400.0,1393.1180030857668,197.4719499994535,3041.1238070000763,4515.0
1776357247,283,,Aggregated,145.600000,0.000000,1400,1500,1600,1600,1700,2000,2800,2900,3000,3000,3000,8550,0,1400.0,1414.6586109764899,197.4719499994535,3041.1238070000763,4515.0
1776357248,283,,Aggregated,138.300000,0.000000,1400,1500,1600,1600,1800,2200,2800,2900,3000,3000,3000,8674,0,1400.0,1427.1092586707393,197.4719499994535,3041.1238070000763,4515.0
1776357249,283,,Aggregated,136.500000,0.000000,1400,1500,1600,1600,1900,2200,2800,2900,3000,3000,3000,8807,0,1400.0,1434.5416881570336,197.4719499994535,3041.1238070000763,4515.0
1776357250,283,,Aggregated,132.900000,0.000000,1400,1500,1600,1600,1900,2200,2800,2900,3000,3000,3000,8931,0,1400.0,1441.2553854007388,197.4719499994535,3041.1238070000763,4515.0
1776357251,283,,Aggregated,129.600000,0.000000,1400,1500,1600,1700,1900,2200,2800,2900,3000,3000,3000,9057,0,1400.0,1447.574435049022,197.4719499994535,3041.1238070000763,4515.0
1776357252,283,,Aggregated,125.300000,0.000000,1400,1500,1600,1700,1900,2200,2800,2900,3000,3000,3000,9201,0,1400.0,1454.790784496032,197.4719499994535,3041.1238070000763,4515.0
1776357253,283,,Aggregated,121.000000,0.000000,1400,1600,1600,1700,1900,2200,2800,2900,3000,3000,3000,9353,0,1400.0,1459.5408831868901,197.4719499994535,3041.1238070000763,4515.0
1776357254,283,,Aggregated,120.100000,0.000000,1500,1600,1600,1700,1900,2200,2800,2900,3000,3000,3000,9484,0,1500.0,1462.2160457516852,197.4719499994535,3041.1238070000763,4515.0
1776357255,283,,Aggregated,118.700000,0.000000,1500,1600,1600,1700,1900,2200,2800,2900,3000,3000,3000,9646,0,1500.0,1465.0607651622415,197.4719499994535,3041.1238070000763,4515.0
1776357256,283,,Aggregated,121.600000,0.000000,1500,1600,1600,1700,1900,2200,2800,2900,3000,3000,3000,9754,0,1500.0,1467.375194937151,197.4719499994535,3041.1238070000763,4515.0
1776357257,283,,Aggregated,126.000000,0.000000,1500,1600,1600,1700,1900,2200,2800,2900,3000,3000,3000,9858,0,1500.0,1471.8035332332086,197.4719499994535,3041.1238070000763,4515.0
1776357256,283,,Aggregated,121.600000,0.000000,1500,1600,1700,1700,1900,2300,2800,2900,3000,3000,3000,9977,0,1500.0,1480.8558931382156,197.4719499994535,3041.1238070000763,4515.0
1776357257,283,,Aggregated,126.000000,0.000000,1500,1600,1700,1700,2000,2300,2800,2900,3000,3000,3000,10106,0,1500.0,1490.3966359027293,197.4719499994535,3041.1238070000763,4515.0
1776357258,283,,Aggregated,139.100000,0.000000,1500,1600,1700,1700,2000,2300,2800,2900,3000,3000,3000,10243,0,1500.0,1497.350949465292,197.4719499994535,3041.1238070000763,4515.0
1776357259,283,,Aggregated,152.300000,0.000000,1500,1600,1700,1700,2000,2300,2800,2900,3000,3000,3000,10403,0,1500.0,1501.7708330113417,197.4719499994535,3041.1238070000763,4515.0
1776357260,283,,Aggregated,162.500000,0.000000,1500,1600,1700,1700,2000,2300,2800,2900,3000,3000,3000,10537,0,1500.0,1503.4746942991367,197.4719499994535,3041.1238070000763,4515.0
1776357261,283,,Aggregated,164.700000,0.000000,1500,1600,1700,1700,2000,2300,2800,2900,3000,3000,3000,10717,0,1500.0,1503.8131056471045,197.4719499994535,3041.1238070000763,4515.0
1776357262,283,,Aggregated,165.900000,0.000000,1500,1600,1700,1700,2000,2300,2800,2900,3000,3000,3000,10849,0,1500.0,1503.7966017944525,197.4719499994535,3041.1238070000763,4515.0
1776357263,283,,Aggregated,170.600000,0.000000,1500,1600,1700,1700,2000,2300,2700,2900,3000,3000,3000,10985,0,1500.0,1506.5622379335484,197.4719499994535,3041.1238070000763,4515.0
1776357264,283,,Aggregated,171.600000,0.000000,1500,1600,1700,1700,2000,2300,2700,2900,3000,3000,3000,11159,0,1500.0,1508.6361097516833,197.4719499994535,3041.1238070000763,4515.0
1776357265,283,,Aggregated,170.400000,0.000000,1500,1600,1700,1700,2000,2300,2700,2900,3000,3000,3000,11319,0,1500.0,1506.9904083992444,197.4719499994535,3041.1238070000763,4515.0
1776357266,283,,Aggregated,171.300000,0.000000,1500,1600,1700,1700,2000,2300,2700,2900,3000,3000,3000,11472,0,1500.0,1506.7159469534554,197.4719499994535,3041.1238070000763,4515.0
1776357267,283,,Aggregated,175.000000,0.000000,1500,1600,1700,1700,2000,2300,2700,2900,3000,3000,3000,11641,0,1500.0,1506.7501752157925,197.4719499994535,3041.1238070000763,4515.0
1776357268,283,,Aggregated,168.200000,0.000000,1500,1600,1700,1700,2000,2300,2700,2900,3000,3000,3000,11838,0,1500.0,1503.151022194378,197.4719499994535,3041.1238070000763,4515.0
1776357269,243,,Aggregated,161.500000,0.000000,1500,1600,1700,1700,1900,2200,2700,2900,3000,3000,3000,11999,0,1500.0,1498.4834185994703,197.4719499994535,3041.1238070000763,4515.0
1776357270,222,,Aggregated,158.500000,0.000000,1500,1600,1700,1700,1900,2200,2700,2900,3000,3000,3000,12136,0,1500.0,1495.9852844382049,197.4719499994535,3041.1238070000763,4515.0
1776357271,222,,Aggregated,159.300000,0.000000,1500,1600,1700,1700,1900,2200,2600,2900,3000,3000,3000,12280,0,1500.0,1493.5323363200366,197.4719499994535,3041.1238070000763,4515.0
1776357272,222,,Aggregated,159.900000,0.000000,1500,1600,1700,1700,1900,2200,2600,2900,3000,3000,3000,12428,0,1500.0,1489.2462842208759,197.4719499994535,3041.1238070000763,4515.0
1776357273,222,,Aggregated,155.900000,0.000000,1500,1600,1700,1700,1900,2200,2700,2900,3000,3000,3000,12594,0,1500.0,1486.1491504915077,197.4719499994535,3041.1238070000763,4515.0
1776357274,222,,Aggregated,156.700000,0.000000,1500,1600,1700,1700,1900,2200,2600,2900,3000,3000,3000,12741,0,1500.0,1482.5297889247338,197.4719499994535,3041.1238070000763,4515.0
1776357275,222,,Aggregated,158.800000,0.000000,1500,1600,1600,1700,1900,2200,2600,2900,3000,3000,3000,12926,0,1500.0,1476.1531119493295,197.4719499994535,3041.1238070000763,4515.0
1776357276,222,,Aggregated,159.000000,0.000000,1500,1600,1600,1700,1900,2200,2600,2900,3000,3000,3000,13099,0,1500.0,1468.8570113948413,197.4719499994535,3041.1238070000763,4515.0
1776357277,222,,Aggregated,159.900000,0.000000,1500,1600,1600,1700,1900,2200,2600,2900,3000,3000,3000,13292,0,1500.0,1461.2142010730515,197.4719499994535,3041.1238070000763,4515.0
1776357278,222,,Aggregated,162.600000,0.000000,1400,1600,1600,1700,1900,2200,2600,2900,3000,3000,3000,13485,0,1400.0,1452.4565785710804,197.4719499994535,3041.1238070000763,4515.0
1776357279,222,,Aggregated,162.900000,0.000000,1400,1600,1600,1700,1900,2200,2600,2900,3000,3000,3000,13665,0,1400.0,1444.5229460499827,197.4719499994535,3041.1238070000763,4515.0
1776357280,222,,Aggregated,164.500000,0.000000,1400,1600,1600,1700,1900,2200,2600,2900,3000,3000,3000,13862,0,1400.0,1436.4768707246442,197.4719499994535,3041.1238070000763,4515.0
1776357281,222,,Aggregated,166.000000,0.000000,1400,1600,1600,1700,1900,2200,2600,2900,3000,3000,3000,14056,0,1400.0,1428.8329900684425,197.4719499994535,3041.1238070000763,4515.0
1776357282,222,,Aggregated,171.600000,0.000000,1400,1500,1600,1700,1900,2200,2600,2900,3000,3000,3000,14240,0,1400.0,1422.310263517839,197.4719499994535,3041.1238070000763,4515.0
1776357283,222,,Aggregated,175.400000,0.000000,1400,1500,1600,1700,1900,2200,2500,2900,3000,3000,3000,14422,0,1400.0,1415.5147509629041,197.4719499994535,3041.1238070000763,4515.0
1776357284,222,,Aggregated,178.900000,0.000000,1400,1500,1600,1700,1900,2200,2500,2900,3000,3000,3000,14601,0,1400.0,1408.8838896918016,197.4719499994535,3041.1238070000763,4515.0
1776357285,222,,Aggregated,183.000000,0.000000,1400,1500,1600,1700,1900,2200,2500,2900,3000,3000,3000,14779,0,1400.0,1403.5244260357936,197.4719499994535,3041.1238070000763,4515.0
1776357286,222,,Aggregated,185.500000,0.000000,1400,1500,1600,1700,1900,2200,2500,2900,3000,3000,3000,14928,0,1400.0,1399.9116669783625,197.4719499994535,3041.1238070000763,4515.0
1776357287,222,,Aggregated,184.400000,0.000000,1400,1500,1600,1700,1900,2200,2500,2900,3000,3000,3000,15079,0,1400.0,1397.5354050622057,197.4719499994535,3041.1238070000763,4515.0
1776357285,222,,Aggregated,183.000000,0.000000,1400,1500,1600,1700,1900,2200,2500,2900,3000,3000,3000,15259,0,1400.0,1394.2402084413793,197.4719499994535,3041.1238070000763,4515.0
1776357286,222,,Aggregated,185.500000,0.000000,1400,1500,1600,1700,1900,2100,2500,2800,3000,3000,3000,15443,0,1400.0,1388.567306877355,197.4719499994535,3041.1238070000763,4515.0
1776357287,222,,Aggregated,184.400000,0.000000,1400,1500,1600,1700,1900,2100,2500,2800,3000,3000,3000,15592,0,1400.0,1384.7807805509224,197.4719499994535,3041.1238070000763,4515.0
1776357288,222,,Aggregated,191.400000,0.000000,1400,1500,1600,1700,1900,2100,2500,2800,3000,3000,3000,15737,0,1400.0,1382.4857623247115,197.4719499994535,3041.1238070000763,4515.0
1776357289,222,,Aggregated,206.900000,0.000000,1400,1500,1600,1700,1900,2100,2500,2800,3000,3000,3000,15894,0,1400.0,1380.5903142794764,197.4719499994535,3041.1238070000763,4515.0
1776357290,222,,Aggregated,212.800000,0.000000,1400,1500,1600,1700,1900,2100,2500,2800,3000,3000,3000,16017,0,1400.0,1379.7645014129366,197.4719499994535,3041.1238070000763,4515.0
1776357291,182,,Aggregated,209.100000,0.000000,1400,1500,1600,1700,1900,2100,2500,2800,3000,3000,3000,16137,0,1400.0,1379.4706884844782,197.4719499994535,3041.1238070000763,4515.0
1776357292,142,,Aggregated,203.900000,0.000000,1400,1500,1600,1600,1900,2100,2500,2800,3000,3000,3000,16219,0,1400.0,1379.2589106650858,197.4719499994535,3041.1238070000763,4515.0
1776357293,126,,Aggregated,204.000000,0.000000,1400,1500,1600,1600,1900,2100,2500,2800,3000,3000,3000,16321,0,1400.0,1378.8231391915342,197.4719499994535,3041.1238070000763,4515.0
1776357294,126,,Aggregated,196.800000,0.000000,1400,1500,1600,1600,1900,2100,2500,2800,3000,3000,3000,16438,0,1400.0,1375.1341519292505,197.4719499994535,3041.1238070000763,4515.0
1776357295,126,,Aggregated,185.400000,0.000000,1400,1500,1600,1600,1900,2100,2500,2800,3000,3000,3000,16569,0,1400.0,1369.736448193134,197.4719499994535,3041.1238070000763,4515.0
1776357296,126,,Aggregated,177.000000,0.000000,1400,1500,1600,1600,1800,2100,2500,2800,3000,3000,3000,16721,0,1400.0,1362.5723450511946,197.4719499994535,3041.1238070000763,4515.0
1776357297,126,,Aggregated,173.100000,0.000000,1400,1500,1600,1600,1800,2100,2500,2800,3000,3000,3000,16868,0,1400.0,1355.4497490140518,197.4719499994535,3041.1238070000763,4515.0
1776357298,126,,Aggregated,162.700000,0.000000,1400,1500,1600,1600,1800,2100,2500,2800,3000,3000,3000,17042,0,1400.0,1346.9794180002352,197.4719499994535,3041.1238070000763,4515.0
1776357299,126,,Aggregated,144.800000,0.000000,1300,1500,1600,1600,1800,2100,2500,2800,3000,3000,3000,17225,0,1300.0,1336.8158421930932,197.4719499994535,3041.1238070000763,4515.0
1776357300,126,,Aggregated,132.200000,0.000000,1300,1500,1600,1600,1800,2100,2500,2800,3000,3000,3000,17387,0,1300.0,1328.3599623836205,197.4719499994535,3041.1238070000763,4515.0
1776357301,126,,Aggregated,136.200000,0.000000,1300,1500,1600,1600,1800,2100,2500,2800,3000,3000,3000,17533,0,1300.0,1321.8853803670795,197.4719499994535,3041.1238070000763,4515.0
1776357302,126,,Aggregated,139.700000,0.000000,1300,1500,1600,1600,1800,2100,2500,2800,3000,3000,3000,17690,0,1300.0,1314.5032562242513,197.4719499994535,3041.1238070000763,4515.0
1776357303,126,,Aggregated,137.100000,0.000000,1300,1500,1600,1600,1800,2100,2500,2800,3000,3000,3000,17780,0,1300.0,1311.8394368410582,197.4719499994535,3041.1238070000763,4515.0
1776357304,126,,Aggregated,141.400000,0.000000,1300,1500,1600,1600,1800,2100,2500,2800,3000,3000,3000,17882,0,1300.0,1310.0014256047439,197.4719499994535,3041.1238070000763,4515.0
1776357305,126,,Aggregated,146.800000,0.000000,1300,1500,1600,1600,1800,2100,2500,2800,3000,3000,3000,17982,0,1300.0,1308.238448076634,197.4719499994535,3041.1238070000763,4515.0
1776357306,126,,Aggregated,146.400000,0.000000,1300,1500,1600,1600,1800,2100,2500,2800,3000,3000,3000,18094,0,1300.0,1305.77659936504,197.4719499994535,3041.1238070000763,4515.0
1776357307,126,,Aggregated,143.000000,0.000000,1300,1500,1600,1600,1800,2100,2500,2800,3000,3000,3000,18233,0,1300.0,1301.243060120771,197.4719499994535,3041.1238070000763,4515.0
1776357308,126,,Aggregated,139.400000,0.000000,1300,1500,1600,1600,1800,2100,2500,2800,3000,3000,3000,18374,0,1300.0,1296.234352426908,197.4719499994535,3041.1238070000763,4515.0
1776357309,126,,Aggregated,135.600000,0.000000,1300,1500,1600,1600,1800,2100,2400,2800,3000,3000,3000,18491,0,1300.0,1291.9758075346929,197.4719499994535,3041.1238070000763,4515.0
1776357310,126,,Aggregated,134.900000,0.000000,1300,1500,1600,1600,1800,2100,2400,2800,3000,3000,3000,18646,0,1300.0,1286.2669971921061,197.4719499994535,3041.1238070000763,4515.0
1776357311,126,,Aggregated,130.500000,0.000000,1300,1500,1600,1600,1800,2100,2400,2800,3000,3000,3000,18799,0,1300.0,1280.1329329442533,197.4719499994535,3041.1238070000763,4515.0
1776357312,126,,Aggregated,125.700000,0.000000,1300,1500,1600,1600,1800,2100,2400,2800,3000,3000,3000,18966,0,1300.0,1273.4058623906992,197.4719499994535,3041.1238070000763,4515.0
1776357313,126,,Aggregated,125.100000,0.000000,1300,1500,1600,1600,1800,2100,2400,2800,3000,3000,3000,19100,0,1300.0,1268.260329755759,197.4719499994535,3041.1238070000763,4515.0
1776357314,126,,Aggregated,125.600000,0.000000,1300,1500,1500,1600,1800,2100,2400,2800,3000,3000,3000,19260,0,1300.0,1261.8577762159919,197.4719499994535,3041.1238070000763,4515.0
1776357315,126,,Aggregated,127.600000,0.000000,1300,1500,1500,1600,1800,2100,2400,2800,3000,3000,3000,19427,0,1300.0,1255.0518167105063,197.4719499994535,3041.1238070000763,4515.0
1776357316,86,,Aggregated,133.200000,0.000000,1300,1500,1500,1600,1800,2100,2400,2800,3000,3000,3000,19568,0,1300.0,1248.9358139432748,197.4719499994535,3041.1238070000763,4515.0
1776357317,46,,Aggregated,139.200000,0.000000,1300,1500,1500,1600,1800,2100,2400,2800,3000,3000,3000,19656,0,1300.0,1244.3762136238306,197.4719499994535,3041.1238070000763,4515.0
1776357316,31,,Aggregated,133.200000,0.000000,1300,1400,1500,1600,1800,2100,2400,2800,3000,3000,3000,19714,0,1300.0,1241.3766341035816,197.4719499994535,3041.1238070000763,4515.0
1776357317,31,,Aggregated,139.200000,0.000000,1300,1400,1500,1600,1800,2100,2400,2800,3000,3000,3000,19773,0,1300.0,1238.3429181343258,197.4719499994535,3041.1238070000763,4515.0
1776357318,31,,Aggregated,146.900000,0.000000,1300,1400,1500,1600,1800,2100,2400,2800,3000,3000,3000,19833,0,1300.0,1235.281103970303,197.4719499994535,3041.1238070000763,4515.0
1776357319,31,,Aggregated,155.700000,0.000000,1300,1400,1500,1600,1800,2100,2400,2800,3000,3000,3000,19891,0,1300.0,1232.3474201477059,197.4719499994535,3041.1238070000763,4515.0
1776357320,31,,Aggregated,156.400000,0.000000,1300,1400,1500,1600,1800,2100,2400,2800,3000,3000,3000,19948,0,1300.0,1229.4766469388917,197.4719499994535,3041.1238070000763,4515.0
1776357321,31,,Aggregated,148.000000,0.000000,1300,1400,1500,1600,1800,2100,2400,2800,3000,3000,3000,20008,0,1300.0,1226.4772787141646,197.4719499994535,3041.1238070000763,4515.0
1776357322,31,,Aggregated,140.800000,0.000000,1300,1400,1500,1600,1800,2100,2400,2800,3000,3000,3000,20064,0,1300.0,1223.6865623785388,197.4719499994535,3041.1238070000763,4515.0
1776357323,31,,Aggregated,131.100000,0.000000,1300,1400,1500,1600,1800,2000,2400,2800,3000,3000,3000,20122,0,1300.0,1220.8097140114298,197.4719499994535,3041.1238070000763,4515.0
1776357324,31,,Aggregated,121.400000,0.000000,1300,1400,1500,1600,1800,2000,2400,2800,3000,3000,3000,20181,0,1300.0,1217.9104254678657,197.4719499994535,3041.1238070000763,4515.0
1776357325,31,,Aggregated,111.900000,0.000000,1300,1400,1500,1600,1800,2000,2400,2800,3000,3000,3000,20239,0,1300.0,1215.0727036785418,197.4719499994535,3041.1238070000763,4515.0
1776357326,31,,Aggregated,102.200000,0.000000,1300,1400,1500,1600,1800,2000,2400,2800,3000,3000,3000,20299,0,1300.0,1212.1486987205287,197.4719499994535,3041.1238070000763,4515.0
1776357327,31,,Aggregated,92.100000,0.000000,1300,1400,1500,1600,1800,2000,2400,2800,3000,3000,3000,20359,0,1300.0,1209.2478497729269,197.4719499994535,3041.1238070000763,4515.0
1776357328,31,,Aggregated,80.100000,0.000000,1300,1400,1500,1600,1800,2000,2400,2800,3000,3000,3000,20416,0,1300.0,1206.5022449635105,197.4719499994535,3041.1238070000763,4515.0
1776357329,31,,Aggregated,66.200000,0.000000,1300,1400,1500,1600,1800,2000,2400,2800,3000,3000,3000,20479,0,1300.0,1203.5059881501065,197.4719499994535,3041.1238070000763,4515.0
1776357330,31,,Aggregated,57.400000,0.000000,1300,1400,1500,1600,1800,2000,2400,2800,3000,3000,3000,20541,0,1300.0,1200.5600065208612,197.4719499994535,3041.1238070000763,4515.0
1776357331,31,,Aggregated,57.600000,0.000000,1300,1400,1500,1600,1800,2000,2400,2800,3000,3000,3000,20600,0,1300.0,1197.776829768593,197.4719499994535,3041.1238070000763,4515.0
1776357332,31,,Aggregated,58.400000,0.000000,1300,1400,1500,1600,1800,2000,2400,2800,3000,3000,3000,20656,0,1300.0,1195.1554519909964,197.4719499994535,3041.1238070000763,4515.0
1776357333,31,,Aggregated,59.400000,0.000000,1300,1400,1500,1600,1800,2000,2400,2800,3000,3000,3000,20718,0,1300.0,1192.2530130572943,197.4719499994535,3041.1238070000763,4515.0
1776357334,31,,Aggregated,59.600000,0.000000,1300,1400,1500,1600,1800,2000,2400,2800,3000,3000,3000,20773,0,1300.0,1189.6960020686965,197.4719499994535,3041.1238070000763,4515.0
1776357335,31,,Aggregated,58.800000,0.000000,1200,1400,1500,1600,1800,2000,2400,2800,3000,3000,3000,20833,0,1200.0,1186.9233168883998,197.4719499994535,3041.1238070000763,4515.0
1776357336,31,,Aggregated,59.100000,0.000000,1200,1400,1500,1600,1800,2000,2400,2800,3000,3000,3000,20890,0,1200.0,1184.3302418235535,197.4719499994535,3041.1238070000763,4515.0
1776357337,31,,Aggregated,59.100000,0.000000,1200,1400,1500,1600,1800,2000,2400,2800,3000,3000,3000,20944,0,1200.0,1181.863031718966,197.4719499994535,3041.1238070000763,4515.0
1776357338,31,,Aggregated,58.900000,0.000000,1200,1400,1500,1600,1800,2000,2400,2800,3000,3000,3000,21007,0,1200.0,1179.0737291499042,197.4719499994535,3041.1238070000763,4515.0
1776357339,20,,Aggregated,58.900000,0.000000,1200,1400,1500,1600,1800,2000,2400,2800,3000,3000,3000,21042,0,1200.0,1177.4894789084701,197.4719499994535,3041.1238070000763,4515.0
1776357340,20,,Aggregated,58.500000,0.000000,1200,1400,1500,1600,1800,2000,2400,2800,3000,3000,3000,21077,0,1200.0,1175.9115452548288,197.4719499994535,3041.1238070000763,4515.0
1776357341,20,,Aggregated,57.500000,0.000000,1200,1400,1500,1600,1800,2000,2400,2800,3000,3000,3000,21118,0,1200.0,1174.0744225964115,197.4719499994535,3041.1238070000763,4515.0
1776357342,20,,Aggregated,54.600000,0.000000,1200,1400,1500,1600,1800,2000,2400,2800,3000,3000,3000,21156,0,1200.0,1172.3742567165355,197.4719499994535,3041.1238070000763,4515.0
1776357343,20,,Aggregated,52.200000,0.000000,1200,1400,1500,1600,1800,2000,2400,2800,3000,3000,3000,21196,0,1200.0,1170.6073015190136,197.4719499994535,3041.1238070000763,4515.0
1776357344,20,,Aggregated,50.300000,0.000000,1200,1400,1500,1600,1800,2000,2400,2800,3000,3000,3000,21228,0,1200.0,1169.1950213557093,197.4719499994535,3041.1238070000763,4515.0
1776357345,20,,Aggregated,48.400000,0.000000,1200,1400,1500,1600,1800,2000,2400,2800,3000,3000,3000,21271,0,1200.0,1167.2918437365427,197.4719499994535,3041.1238070000763,4515.0
1776357346,20,,Aggregated,46.100000,0.000000,1200,1400,1500,1600,1800,2000,2400,2800,3000,3000,3000,21316,0,1200.0,1165.303437893883,197.4719499994535,3041.1238070000763,4515.0
1776357347,20,,Aggregated,44.600000,0.000000,1200,1400,1500,1600,1800,2000,2400,2800,3000,3000,3000,21350,0,1200.0,1163.8091606592043,197.4719499994535,3041.1238070000763,4515.0
1776357345,20,,Aggregated,48.400000,0.000000,1200,1400,1500,1600,1800,2000,2400,2800,3000,3000,3000,21388,0,1200.0,1162.1639401549944,197.4719499994535,3041.1238070000763,4515.0
1776357346,20,,Aggregated,46.100000,0.000000,1200,1400,1500,1600,1800,2000,2400,2800,3000,3000,3000,21430,0,1200.0,1160.3369466733093,197.4719499994535,3041.1238070000763,4515.0
1776357347,20,,Aggregated,44.600000,0.000000,1200,1400,1500,1600,1800,2000,2400,2800,3000,3000,3000,21464,0,1200.0,1158.8552070606142,197.4719499994535,3041.1238070000763,4515.0
1776357348,20,,Aggregated,45.500000,0.000000,1200,1400,1500,1600,1800,2000,2400,2800,3000,3000,3000,21503,0,1200.0,1157.1669904979776,197.4719499994535,3041.1238070000763,4515.0
1776357349,20,,Aggregated,47.000000,0.000000,1200,1400,1500,1600,1800,2000,2400,2800,3000,3000,3000,21542,0,1200.0,1155.4842316284942,197.4719499994535,3041.1238070000763,4515.0
1776357350,20,,Aggregated,48.200000,0.000000,1200,1400,1500,1600,1800,2000,2400,2800,3000,3000,3000,21581,0,1200.0,1153.8010899410613,197.4719499994535,3041.1238070000763,4515.0
1776357351,20,,Aggregated,47.200000,0.000000,1200,1400,1500,1600,1800,2000,2400,2800,3000,3000,3000,21615,0,1200.0,1152.3518438254475,197.4719499994535,3041.1238070000763,4515.0
1776357352,20,,Aggregated,47.600000,0.000000,1200,1400,1500,1600,1800,2000,2400,2800,3000,3000,3000,21654,0,1200.0,1150.6833405145032,197.4719499994535,3041.1238070000763,4515.0
1776357353,20,,Aggregated,48.200000,0.000000,1200,1400,1500,1600,1800,2000,2400,2800,3000,3000,3000,21690,0,1200.0,1149.1557096101917,197.4719499994535,3041.1238070000763,4515.0
1776357354,20,,Aggregated,47.500000,0.000000,1200,1400,1500,1600,1800,2000,2400,2800,3000,3000,3000,21729,0,1200.0,1147.4985734639906,197.4719499994535,3041.1238070000763,4515.0
1776357355,20,,Aggregated,47.900000,0.000000,1200,1400,1500,1600,1800,2000,2400,2800,3000,3000,3000,21766,0,1200.0,1145.9296639094484,197.4719499994535,3041.1238070000763,4515.0
1776357356,20,,Aggregated,47.600000,0.000000,1200,1400,1500,1600,1800,2000,2400,2800,3000,3000,3000,21803,0,1200.0,1144.372930181858,197.4719499994535,3041.1238070000763,4515.0
1776357357,20,,Aggregated,47.500000,0.000000,1200,1400,1500,1600,1800,2000,2400,2800,3000,3000,3000,21840,0,1200.0,1142.825451253345,197.4719499994535,3041.1238070000763,4515.0
1776357359,20,,Aggregated,44.700000,0.000000,1200,1400,1500,1600,1800,2000,2400,2800,3000,3000,3000,21877,0,1200.0,1141.275628966177,197.4719499994535,3041.1238070000763,4515.0
1776357360,20,,Aggregated,40.700000,0.000000,1200,1400,1500,1600,1800,2000,2400,2800,3000,3000,3000,21913,0,1200.0,1139.775879212297,197.4719499994535,3041.1238070000763,4515.0
1776357361,20,,Aggregated,38.100000,0.000000,1200,1400,1500,1600,1700,2000,2400,2800,3000,3000,3000,21950,0,1200.0,1138.2398247710732,197.4719499994535,3041.1238070000763,4515.0
1776357362,32,,Aggregated,37.500000,0.000000,1200,1400,1500,1600,1700,2000,2400,2800,3000,3000,3000,22005,0,1200.0,1136.0948122900727,197.4719499994535,3041.1238070000763,4515.0
1776357363,32,,Aggregated,36.800000,0.000000,1200,1400,1500,1600,1700,2000,2400,2800,3000,3000,3000,22068,0,1200.0,1133.4964901865164,197.4719499994535,3041.1238070000763,4515.0
1776357364,32,,Aggregated,38.800000,0.000000,1200,1400,1500,1600,1700,2000,2300,2800,3000,3000,3000,22127,0,1200.0,1131.1035199567066,197.4719499994535,3041.1238070000763,4515.0
1776357365,32,,Aggregated,41.000000,0.000000,1200,1400,1500,1600,1700,2000,2300,2800,3000,3000,3000,22187,0,1200.0,1128.6812799673255,197.4719499994535,3041.1238070000763,4515.0
1776357366,32,,Aggregated,43.500000,0.000000,1200,1400,1500,1600,1700,2000,2300,2800,3000,3000,3000,22251,0,1200.0,1126.137526714307,197.4719499994535,3041.1238070000763,4515.0
1776357367,32,,Aggregated,45.600000,0.000000,1200,1400,1500,1600,1700,2000,2300,2800,3000,3000,3000,22305,0,1200.0,1123.961426394129,197.4719499994535,3041.1238070000763,4515.0
1776357368,32,,Aggregated,48.300000,0.000000,1200,1400,1500,1600,1700,2000,2300,2800,3000,3000,3000,22369,0,1200.0,1121.416563914526,197.4719499994535,3041.1238070000763,4515.0
1776357369,32,,Aggregated,50.000000,0.000000,1200,1400,1500,1600,1700,2000,2300,2800,3000,3000,3000,22433,0,1200.0,1118.865031348729,197.4719499994535,3041.1238070000763,4515.0
1776357370,32,,Aggregated,52.800000,0.000000,1200,1400,1500,1600,1700,2000,2300,2800,3000,3000,3000,22490,0,1200.0,1116.619507246378,197.4719499994535,3041.1238070000763,4515.0
1776357371,32,,Aggregated,55.200000,0.000000,1200,1400,1500,1600,1700,2000,2300,2800,3000,3000,3000,22551,0,1200.0,1114.2272561132118,197.4719499994535,3041.1238070000763,4515.0
1776357372,32,,Aggregated,57.400000,0.000000,1200,1400,1500,1600,1700,2000,2300,2700,3000,3000,3000,22609,0,1200.0,1111.9527162224356,197.4719499994535,3041.1238070000763,4515.0
1776357373,32,,Aggregated,59.900000,0.000000,1200,1400,1500,1600,1700,2000,2300,2700,3000,3000,3000,22673,0,1200.0,1109.462975718699,197.4719499994535,3041.1238070000763,4515.0
1776357374,32,,Aggregated,60.100000,0.000000,1200,1400,1500,1600,1700,2000,2300,2700,3000,3000,3000,22730,0,1200.0,1107.2600403651588,197.4719499994535,3041.1238070000763,4515.0
1776357375,32,,Aggregated,60.100000,0.000000,1200,1400,1500,1600,1700,2000,2300,2700,3000,3000,3000,22791,0,1200.0,1104.904223353563,197.4719499994535,3041.1238070000763,4515.0
1776357376,32,,Aggregated,60.400000,0.000000,1200,1400,1500,1600,1700,2000,2300,2700,3000,3000,3000,22851,0,1200.0,1102.6201295831722,197.4719499994535,3041.1238070000763,4515.0
1776357377,32,,Aggregated,60.300000,0.000000,1200,1400,1500,1600,1700,2000,2300,2700,3000,3000,3000,22910,0,1200.0,1100.359154041731,197.4719499994535,3041.1238070000763,4515.0
1776357375,32,,Aggregated,60.100000,0.000000,1200,1400,1500,1600,1700,2000,2300,2700,3000,3000,3000,22972,0,1200.0,1098.003061476148,197.4719499994535,3041.1238070000763,4515.0
1776357376,32,,Aggregated,60.400000,0.000000,1200,1400,1500,1600,1700,2000,2300,2700,3000,3000,3000,23029,0,1200.0,1095.8496913014055,197.4719499994535,3041.1238070000763,4515.0
1776357377,32,,Aggregated,60.300000,0.000000,1200,1400,1500,1600,1700,2000,2300,2700,3000,3000,3000,23090,0,1200.0,1093.5488435221766,197.4719499994535,3041.1238070000763,4515.0
1776357378,32,,Aggregated,62.200000,0.000000,1200,1400,1500,1600,1700,2000,2300,2700,3000,3000,3000,23155,0,1200.0,1091.1206830883207,197.4719499994535,3041.1238070000763,4515.0
1776357379,32,,Aggregated,69.500000,0.000000,1200,1400,1500,1600,1700,2000,2300,2700,3000,3000,3000,23216,0,1200.0,1088.844100689398,197.4719499994535,3041.1238070000763,4515.0
1776357380,32,,Aggregated,75.500000,0.000000,1200,1400,1500,1600,1700,2000,2300,2700,3000,3000,3000,23276,0,1200.0,1086.630889024577,197.4719499994535,3041.1238070000763,4515.0
1776357381,32,,Aggregated,75.000000,0.000000,1200,1400,1500,1600,1700,2000,2300,2700,3000,3000,3000,23337,0,1200.0,1084.4003562827722,197.4719499994535,3041.1238070000763,4515.0
1776357382,32,,Aggregated,75.200000,0.000000,1200,1400,1500,1600,1700,2000,2300,2700,3000,3000,3000,23398,0,1200.0,1082.1593944988483,197.4719499994535,3041.1238070000763,4515.0
1776357383,32,,Aggregated,75.200000,0.000000,1200,1400,1500,1600,1700,2000,2300,2700,3000,3000,3000,23459,0,1200.0,1079.9294123947334,197.4719499994535,3041.1238070000763,4515.0
1776357384,68,,Aggregated,75.700000,0.000000,1200,1400,1500,1600,1700,2000,2300,2700,3000,3000,3000,23584,51,1200.0,1075.4731537603905,197.4719499994535,3041.1238070000763,4505.23638907734
1776357385,68,,Aggregated,75.500000,0.000000,1200,1400,1500,1600,1700,2000,2300,2700,3000,3000,3000,23711,80,1200.0,1070.9669957066785,197.4719499994535,3041.1238070000763,4499.7665640420055
1776357386,68,,Aggregated,78.100000,2.700000,1200,1400,1500,1600,1700,2000,2300,2700,3000,3000,3000,23839,95,1200.0,1066.4642473029517,197.4719499994535,3041.1238070000763,4497.007424808087
1776357387,68,,Aggregated,84.400000,6.400000,1200,1400,1500,1600,1700,2000,2300,2700,3000,3000,3000,23965,95,1200.0,1062.1011165119996,197.33566400009295,3041.1238070000763,4497.102023784686
1776357388,68,,Aggregated,88.700000,8.500000,1200,1400,1500,1500,1700,1900,2300,2700,3000,3000,3000,24088,95,1200.0,1057.8352218638354,197.33566400009295,3041.1238070000763,4497.1934158087015
1776357389,68,,Aggregated,88.200000,9.500000,1100,1400,1500,1500,1700,1900,2300,2700,3000,3000,3000,24220,95,1100.0,1053.2971786715138,197.33566400009295,3041.1238070000763,4497.290462427745
1776357390,68,,Aggregated,89.100000,9.500000,1100,1400,1500,1500,1700,1900,2300,2700,3000,3000,3000,24351,95,1100.0,1048.883501972858,197.33566400009295,3041.1238070000763,4497.385733645436
1776357391,68,,Aggregated,95.800000,9.500000,1100,1400,1500,1500,1700,1900,2300,2700,3000,3000,3000,24469,95,1100.0,1045.0734471389126,197.33566400009295,3041.1238070000763,4497.470677183375
1776357392,68,,Aggregated,103.200000,9.500000,1100,1400,1500,1500,1700,1900,2300,2700,3000,3000,3000,24597,95,1100.0,1040.8901899117393,197.33566400009295,3041.1238070000763,4497.561897792414
1776357393,68,,Aggregated,109.400000,9.500000,1100,1400,1500,1500,1700,1900,2300,2700,3000,3000,3000,24726,95,1100.0,1036.6787384020079,197.33566400009295,3041.1238070000763,4497.652875515651
1776357394,68,,Aggregated,114.400000,9.500000,1100,1400,1500,1500,1700,1900,2300,2700,3000,3000,3000,24849,95,1100.0,1032.7209817449411,197.33566400009295,3041.1238070000763,4497.73874200169
1776357395,68,,Aggregated,122.000000,9.500000,1100,1400,1500,1500,1700,1900,2300,2700,3000,3000,3000,24976,95,1100.0,1028.6403666995134,197.33566400009295,3041.1238070000763,4497.826513452915
1776357396,68,,Aggregated,125.600000,6.800000,1100,1400,1500,1500,1700,1900,2300,2700,3000,3000,3000,25105,95,1100.0,1024.5240357228859,197.33566400009295,3041.1238070000763,4497.914758016332
1776357397,68,,Aggregated,126.300000,3.100000,1100,1300,1500,1500,1700,1900,2300,2600,3000,3000,3000,25230,95,1100.0,1020.6717956606052,197.33566400009295,3041.1238070000763,4497.999405469679
1776357398,68,,Aggregated,126.800000,1.000000,1100,1300,1500,1500,1700,1900,2300,2600,3000,3000,3000,25355,95,1100.0,1016.7905534415718,197.33566400009295,3041.1238070000763,4498.0832183001385
1776357399,68,,Aggregated,126.700000,0.000000,1100,1300,1500,1500,1700,1900,2300,2600,3000,3000,3000,25490,95,1100.0,1012.6164544997265,197.33566400009295,3041.1238070000763,4498.172812867791
1776357400,68,,Aggregated,125.800000,0.000000,1100,1300,1500,1500,1700,1900,2300,2600,3000,3000,3000,25619,95,1100.0,1008.6679885230499,197.33566400009295,3041.1238070000763,4498.257543229634
1776357401,68,,Aggregated,126.500000,0.000000,1100,1300,1500,1500,1700,1900,2300,2600,3000,3000,3000,25744,95,1100.0,1004.8870571386738,197.33566400009295,3041.1238070000763,4498.3388362336855
1776357402,68,,Aggregated,125.300000,0.000000,1100,1300,1500,1500,1700,1900,2300,2600,3000,3000,3000,25876,95,1100.0,1000.9238731988341,197.33566400009295,3041.1238070000763,4498.423829030762
1776357403,68,,Aggregated,126.400000,0.000000,1100,1300,1500,1500,1700,1900,2300,2600,3000,3000,3000,26011,95,1100.0,996.9071539502143,197.33566400009295,3041.1238070000763,4498.509861212564
1776357404,68,,Aggregated,128.000000,0.000000,1000,1300,1500,1500,1700,1900,2300,2600,3000,3000,3000,26134,95,1000.0,993.3379739114955,197.33566400009295,3041.1238070000763,4498.58747225836
1776357405,68,,Aggregated,127.400000,0.000000,1000,1300,1500,1500,1700,1900,2300,2600,3000,3000,3000,26260,95,1000.0,989.6844380444412,197.33566400009295,3041.1238070000763,4498.66622239147
1776357406,68,,Aggregated,127.800000,0.000000,1000,1300,1500,1500,1700,1900,2300,2600,3000,3000,3000,26392,95,1000.0,985.9090403195305,197.33566400009295,3041.1238070000763,4498.747916035162
1776357407,68,,Aggregated,127.700000,0.000000,1000,1300,1500,1500,1700,1900,2300,2600,3000,3000,3000,26512,95,1000.0,982.5185548458451,197.33566400009295,3041.1238070000763,4498.821477066988
1776357406,68,,Aggregated,127.800000,0.000000,1000,1300,1500,1500,1700,1900,2300,2600,3000,3000,3000,26641,95,1000.0,978.8728536899894,197.33566400009295,3041.1238070000763,4498.899816072971
1776357407,90,,Aggregated,127.700000,0.000000,1000,1300,1400,1500,1700,1900,2300,2600,3000,3000,3000,26805,95,1000.0,974.4369181076677,197.33566400009295,3041.1238070000763,4498.99832120873
1776357408,90,,Aggregated,134.400000,0.000000,990,1300,1400,1500,1700,1900,2300,2600,3000,3000,3000,26979,95,990.0,969.6598668501064,197.33566400009295,3041.1238070000763,4499.101523407095
1776357409,90,,Aggregated,149.600000,0.000000,980,1300,1400,1500,1700,1900,2300,2600,3000,3000,3000,27140,95,980.0,965.2479044255341,197.33566400009295,3041.1238070000763,4499.195836403832
1776357410,90,,Aggregated,164.100000,0.000000,980,1300,1400,1500,1700,1900,2300,2600,3000,3000,3000,27301,95,980.0,960.907329099776,197.33566400009295,3041.1238070000763,4499.289037031611
1776357411,90,,Aggregated,168.100000,0.000000,970,1300,1400,1500,1700,1900,2300,2600,3000,3000,3000,27475,95,970.0,956.3087789041302,197.33566400009295,3041.1238070000763,4499.388535031847
1776357412,90,,Aggregated,171.200000,0.000000,960,1300,1400,1500,1700,1900,2300,2600,3000,3000,3000,27644,95,960.0,951.8478671223764,197.33566400009295,3041.1238070000763,4499.483974822746
1776357413,90,,Aggregated,177.800000,0.000000,960,1300,1400,1500,1700,1900,2300,2600,3000,3000,3000,27804,95,960.0,947.7786602644211,197.33566400009295,3041.1238070000763,4499.573262839879
1776357414,90,,Aggregated,182.100000,0.000000,950,1300,1400,1500,1700,1900,2300,2600,3000,3000,3000,27976,95,950.0,943.3647128639175,197.33566400009295,3041.1238070000763,4499.668108378611
1776357415,90,,Aggregated,185.200000,0.000000,940,1300,1400,1500,1700,1900,2300,2600,3000,3000,3000,28149,95,940.0,938.9585304904599,197.33566400009295,3041.1238070000763,4499.762336139827
1776357416,90,,Aggregated,189.700000,0.000000,930,1300,1400,1500,1700,1900,2300,2600,3000,3000,3000,28315,95,930.0,934.7931163048193,197.33566400009295,3041.1238070000763,4499.851668726823
1776357417,90,,Aggregated,193.800000,0.000000,930,1300,1400,1500,1700,1900,2300,2600,3000,3000,3000,28489,95,930.0,930.4999453543459,197.33566400009295,3041.1238070000763,4499.944188985222
1776357418,90,,Aggregated,190.600000,0.000000,920,1300,1400,1500,1700,1900,2300,2600,3000,3000,3000,28658,95,920.0,926.3686251593612,197.33566400009295,3041.1238070000763,4500.032975085491
1776357419,90,,Aggregated,181.100000,0.000000,920,1300,1400,1500,1700,1900,2300,2500,3000,3000,3000,28827,95,920.0,922.2825963198036,197.33566400009295,3041.1238070000763,4500.120720158185
1776357420,90,,Aggregated,170.700000,0.000000,910,1300,1400,1500,1700,1900,2300,2500,3000,3000,3000,28999,95,910.0,918.177038447946,197.33566400009295,3041.1238070000763,4500.208972723198
1776357421,90,,Aggregated,170.700000,0.000000,910,1300,1400,1500,1700,1900,2300,2500,3000,3000,3000,29173,95,910.0,914.0920833219411,197.33566400009295,3041.1238070000763,4500.297192609605
1776357422,90,,Aggregated,172.300000,0.000000,900,1300,1400,1500,1700,1900,2300,2500,3000,3000,3000,29343,95,900.0,910.1895540453937,197.33566400009295,3041.1238070000763,4500.382373990389
1776357423,90,,Aggregated,169.300000,0.000000,900,1300,1400,1500,1700,1900,2300,2500,3000,3000,3000,29502,95,900.0,906.7454677318482,197.33566400009295,3041.1238070000763,4500.46115517592
1776357424,90,,Aggregated,169.700000,0.000000,890,1300,1400,1500,1700,1900,2300,2500,3000,3000,3000,29658,95,890.0,903.5384538844494,197.33566400009295,3041.1238070000763,4500.537628970261
1776357425,90,,Aggregated,168.800000,0.000000,890,1300,1400,1500,1700,1900,2300,2500,3000,3000,3000,29804,95,890.0,900.5190912462413,197.33566400009295,3041.1238070000763,4500.6084753724335
1776357426,90,,Aggregated,166.800000,0.000000,880,1300,1400,1500,1700,1900,2300,2500,3000,3000,3000,29961,95,880.0,897.2359766516798,197.33566400009295,3041.1238070000763,4500.683889055773
1776357427,90,,Aggregated,165.800000,0.000000,880,1300,1400,1500,1700,1900,2200,2500,3000,3000,3000,30126,95,880.0,893.7280064408812,197.33566400009295,3041.1238070000763,4500.762298346943
1776357428,90,,Aggregated,164.900000,0.000000,870,1300,1400,1500,1700,1900,2200,2500,3000,3000,3000,30292,95,870.0,890.1280965344965,197.33566400009295,3041.1238070000763,4500.8403208767995
1776357429,90,,Aggregated,163.100000,0.000000,860,1300,1400,1500,1700,1900,2200,2500,3000,3000,3000,30457,95,860.0,886.6145406323335,197.33566400009295,3041.1238070000763,4500.917030567685
1776357430,90,,Aggregated,162.800000,0.000000,860,1200,1400,1500,1700,1900,2200,2500,3000,3000,3000,30625,95,860.0,883.0139546879993,197.33566400009295,3041.1238070000763,4500.994285714286
1776357431,125,,Aggregated,162.200000,0.000000,850,1200,1400,1500,1700,1900,2200,2500,3000,3000,3000,30847,105,850.0,878.5932089227468,197.33566400009295,3041.1238070000763,4499.631406619768
1776357432,125,,Aggregated,161.900000,0.000000,840,1200,1400,1500,1700,1900,2200,2500,3000,3000,3000,31073,105,840.0,873.9121495320362,197.33566400009295,3041.1238070000763,4499.743185402118
1776357433,125,,Aggregated,165.000000,1.000000,830,1200,1400,1500,1700,1900,2200,2500,3000,3000,3000,31305,105,830.0,869.2494049443205,197.33566400009295,3041.1238070000763,4499.856252994729
1776357434,125,,Aggregated,171.100000,1.000000,810,1200,1400,1500,1700,1900,2200,2500,3000,3000,3000,31545,105,810.0,864.5061861940707,197.33566400009295,3041.1238070000763,4499.971469329529
1776357435,125,,Aggregated,178.600000,1.000000,800,1200,1400,1500,1700,1900,2200,2500,3000,3000,3000,31766,105,800.0,860.1171587716404,197.33566400009295,3041.1238070000763,4500.076024680476
1776357436,125,,Aggregated,186.300000,1.000000,780,1200,1400,1500,1700,1900,2200,2500,3000,3000,3000,32011,105,780.0,855.3356189581993,197.33566400009295,3041.1238070000763,4500.190247102559
1776357437,125,,Aggregated,193.600000,1.000000,760,1200,1400,1500,1700,1900,2200,2500,3000,3000,3000,32239,105,760.0,850.9116085836694,197.33566400009295,3041.1238070000763,4500.294984335743
1776357435,125,,Aggregated,178.600000,1.000000,750,1200,1400,1500,1600,1900,2200,2500,3000,3000,3000,32487,105,750.0,846.184819956256,197.33566400009295,3041.1238070000763,4500.407239819005
1776357436,125,,Aggregated,186.300000,1.000000,730,1200,1400,1500,1600,1900,2200,2500,3000,3000,3000,32718,105,720.0,841.8754702177672,197.33566400009295,3041.1238070000763,4500.51026957638
1776357437,125,,Aggregated,193.600000,1.000000,710,1200,1400,1500,1600,1900,2200,2500,3000,3000,3000,32951,105,710.0,837.6058626157298,197.33566400009295,3041.1238070000763,4500.612727990046
1776357438,125,,Aggregated,212.900000,1.000000,680,1200,1400,1500,1600,1900,2200,2500,3000,3000,3000,33183,105,680.0,833.4131312296631,197.33566400009295,3041.1238070000763,4500.71331705994
1776357439,125,,Aggregated,243.900000,1.000000,660,1200,1400,1500,1600,1900,2200,2500,3000,3000,3000,33414,105,660.0,829.3197993596364,197.33566400009295,3041.1238070000763,4500.8120847548935
1776357440,125,,Aggregated,273.900000,1.000000,640,1200,1400,1400,1600,1800,2200,2500,3000,3000,3000,33657,105,640.0,824.989869552363,197.33566400009295,3041.1238070000763,4500.914520010696
1776357441,125,,Aggregated,280.900000,1.000000,620,1200,1400,1400,1600,1800,2200,2500,3000,3000,3000,33888,105,620.0,820.9143133092209,197.33566400009295,3041.1238070000763,4501.010534702549
1776357442,125,,Aggregated,287.900000,1.000000,610,1200,1400,1400,1600,1800,2200,2500,3000,3000,3000,34124,105,610.0,816.8471561736277,197.33566400009295,3041.1238070000763,4501.10728519517
1776357443,125,,Aggregated,291.100000,0.000000,600,1200,1300,1400,1600,1800,2200,2500,3000,3000,3000,34362,105,600.0,812.7691795192326,197.33566400009295,3041.1238070000763,4501.203509690938
1776357444,125,,Aggregated,290.800000,0.000000,580,1200,1300,1400,1600,1800,2200,2500,3000,3000,3000,34610,105,580.0,808.5980294872542,197.33566400009295,3041.1238070000763,4501.30236925744
1776357445,125,,Aggregated,292.300000,0.000000,570,1200,1300,1400,1600,1800,2200,2500,3000,3000,3000,34839,105,570.0,804.7967169354708,197.33566400009295,3041.1238070000763,4501.392405063291
1776357446,125,,Aggregated,293.500000,0.000000,550,1200,1300,1400,1600,1800,2200,2500,3000,3000,3000,35070,105,550.0,801.1613040668623,197.33566400009295,3041.1238070000763,4501.482035928144
1776357447,125,,Aggregated,294.000000,0.000000,540,1200,1300,1400,1600,1800,2200,2500,3000,3000,3000,35305,105,540.0,797.4177790318046,197.33566400009295,3041.1238070000763,4501.572015295284
1776357448,125,,Aggregated,283.000000,0.000000,530,1200,1300,1400,1600,1800,2200,2500,3000,3000,3000,35544,105,530.0,793.5990360115597,197.33566400009295,3041.1238070000763,4501.662305874409
1776357449,125,,Aggregated,258.200000,0.000000,520,1100,1300,1400,1600,1800,2200,2500,3000,3000,3000,35786,105,520.0,789.7794050768422,197.33566400009295,3041.1238070000763,4501.752500978037
1776357450,125,,Aggregated,235.400000,0.000000,510,1100,1300,1400,1600,1800,2200,2500,3000,3000,3000,36022,105,510.0,786.1463090355028,197.33566400009295,3041.1238070000763,4501.839292654489
1776357451,125,,Aggregated,235.100000,0.000000,500,1100,1300,1400,1600,1800,2200,2500,3000,3000,3000,36246,105,500.0,782.8021781249475,197.33566400009295,3041.1238070000763,4501.920625724218
1776357452,125,,Aggregated,235.700000,0.000000,490,1100,1300,1400,1600,1800,2200,2500,3000,3000,3000,36474,105,490.0,779.4668016546261,197.33566400009295,3041.1238070000763,4502.002385260734
1776357453,165,,Aggregated,235.700000,0.000000,480,1100,1300,1400,1600,1800,2200,2500,3000,3000,3000,36747,105,480.0,775.8465425947921,197.33566400009295,3041.1238070000763,4502.098946852804
1776357454,167,,Aggregated,234.600000,0.000000,460,1100,1300,1400,1600,1800,2200,2400,3000,3000,3000,37058,105,460.0,771.4097494487783,197.33566400009295,3041.1238070000763,4502.207215715905
1776357455,167,,Aggregated,233.300000,0.000000,450,1100,1300,1400,1600,1800,2200,2400,3000,3000,3000,37370,105,450.0,766.9028994609276,197.33566400009295,3041.1238070000763,4502.314021942735
1776357456,167,,Aggregated,238.000000,0.000000,440,1100,1300,1400,1600,1800,2200,2400,3000,3000,3000,37675,105,440.0,762.6248723345147,197.33566400009295,3041.1238070000763,4502.416721964168
1776357457,167,,Aggregated,243.900000,0.000000,430,1100,1300,1400,1600,1800,2200,2400,3000,3000,3000,37974,105,430.0,758.6099413250855,197.33566400009295,3041.1238070000763,4502.5158002844055
1776357458,167,,Aggregated,251.800000,0.000000,420,1000,1300,1400,1600,1800,2100,2400,3000,3000,3000,38291,105,420.0,754.2885533683834,197.33566400009295,3041.1238070000763,4502.619153325847
1776357459,167,,Aggregated,260.500000,0.000000,400,1000,1300,1400,1600,1800,2100,2400,3000,3000,3000,38608,105,400.0,750.0040995187204,197.33566400009295,3041.1238070000763,4502.720809158724
1776357460,167,,Aggregated,267.100000,0.000000,390,1000,1300,1400,1600,1800,2100,2400,3000,3000,3000,38916,105,390.0,745.8927994209782,197.33566400009295,3041.1238070000763,4502.817992599445
1776357461,167,,Aggregated,274.900000,0.000000,370,1000,1300,1400,1600,1800,2100,2400,3000,3000,3000,39221,105,370.0,742.0230413925908,197.33566400009295,3041.1238070000763,4502.912725325718
1776357462,167,,Aggregated,282.400000,0.000000,350,1000,1300,1400,1600,1800,2100,2400,3000,3000,3000,39541,105,350.0,737.9856843562089,197.33566400009295,3041.1238070000763,4503.010546015528
1776357463,167,,Aggregated,290.300000,0.000000,330,990,1300,1400,1600,1800,2100,2400,3000,3000,3000,39868,105,330.0,733.8375720064178,197.33566400009295,3041.1238070000763,4503.108884318251
1776357464,167,,Aggregated,298.200000,0.000000,320,980,1300,1400,1600,1800,2100,2400,3000,3000,3000,40177,105,320.0,729.967744291109,197.33566400009295,3041.1238070000763,4503.200338502128
1776357465,167,,Aggregated,306.600000,0.000000,310,970,1300,1400,1600,1800,2100,2400,3000,3000,3000,40488,105,310.0,726.1454340153598,197.33566400009295,3041.1238070000763,4503.290975103734
1776357466,167,,Aggregated,310.500000,0.000000,300,960,1300,1400,1600,1800,2100,2400,3000,3000,3000,40805,105,300.0,722.306359582572,197.33566400009295,3041.1238070000763,4503.381938487931
1776357470,167,,Aggregated,309.200000,0.000000,290,950,1300,1400,1600,1800,2100,2400,3000,3000,3000,41127,105,290.0,718.4596060372714,197.33566400009295,3041.1238070000763,4503.472901013933
1776357466,167,,Aggregated,310.500000,0.000000,290,940,1300,1400,1600,1800,2100,2400,3000,3000,3000,41443,105,290.0,714.7810319727785,197.33566400009295,3041.1238070000763,4503.560794344039
1776357467,167,,Aggregated,311.800000,0.000000,280,930,1200,1400,1600,1800,2100,2400,3000,3000,3000,41748,105,280.0,711.2435978329469,197.33566400009295,3041.1238070000763,4503.644366197183
1776357468,167,,Aggregated,327.900000,0.000000,270,930,1200,1400,1600,1800,2100,2400,3000,3000,3000,42071,105,270.0,707.6087979338234,197.33566400009295,3041.1238070000763,4503.731549048038
1776357469,167,,Aggregated,360.500000,0.000000,270,920,1200,1400,1600,1800,2100,2400,3000,3000,3000,42379,105,270.0,704.1757733953104,197.33566400009295,3041.1238070000763,4503.813445338493
1776357470,167,,Aggregated,384.900000,0.000000,270,910,1200,1300,1600,1800,2100,2400,3000,3000,3000,42698,105,270.0,700.6817334527808,197.33566400009295,3041.1238070000763,4503.8970209377485
1776357471,167,,Aggregated,384.900000,0.000000,270,910,1200,1300,1600,1800,2100,2400,3000,3000,3000,43008,105,270.0,697.3316559369382,197.33566400009295,3041.1238070000763,4503.97705078125
1776357472,167,,Aggregated,385.200000,0.000000,260,900,1200,1300,1600,1800,2100,2400,3000,3000,3000,43321,105,260.0,694.0220617713768,197.33566400009295,3041.1238070000763,4504.056693058794
1776357473,167,,Aggregated,391.700000,0.000000,260,890,1200,1300,1600,1800,2100,2400,3000,3000,3000,43632,105,260.0,690.7513779779711,197.33566400009295,3041.1238070000763,4504.134694719472
1776357474,167,,Aggregated,393.200000,0.000000,260,890,1200,1300,1600,1700,2100,2400,3000,3000,3000,43942,105,260.0,687.5245192958863,197.33566400009295,3041.1238070000763,4504.211346775294
1776357475,167,,Aggregated,392.100000,0.000000,260,880,1200,1300,1600,1700,2100,2300,3000,3000,3000,44244,105,260.0,684.4300495446128,197.33566400009295,3041.1238070000763,4504.284987794956
1776357476,207,,Aggregated,390.200000,0.000000,250,870,1200,1300,1600,1700,2100,2300,3000,3000,3000,44614,108,250.0,680.9366650807564,197.33566400009295,3041.1238070000763,4504.070247007666
1776357477,247,,Aggregated,390.200000,0.000000,250,860,1200,1300,1600,1700,2100,2300,3000,3000,3000,45041,112,250.0,677.0968484473442,197.33566400009295,3041.1238070000763,4503.772895806043
1776357478,287,,Aggregated,376.400000,0.300000,250,840,1200,1300,1600,1700,2100,2300,3000,3000,3000,45536,112,250.0,672.6437033069832,197.33566400009295,3041.1238070000763,4503.894940267041
1776357479,287,,Aggregated,352.000000,0.600000,250,830,1200,1300,1600,1700,2100,2300,3000,3000,3000,46067,112,250.0,667.7727492235614,197.33566400009295,3041.1238070000763,4504.022944841209
1776357480,287,,Aggregated,344.500000,0.700000,250,810,1200,1300,1600,1700,2100,2300,3000,3000,3000,46603,112,250.0,662.8528871503729,197.33566400009295,3041.1238070000763,4504.149196403665
1776357481,287,,Aggregated,365.100000,0.700000,250,780,1200,1300,1600,1700,2100,2300,3000,3000,3000,47127,112,250.0,658.2857885070293,197.33566400009295,3041.1238070000763,4504.2698453116045
1776357482,287,,Aggregated,387.200000,0.700000,250,750,1200,1300,1600,1700,2100,2300,3000,3000,3000,47622,112,250.0,654.1277009666497,197.33566400009295,3041.1238070000763,4504.381378354542
1776357483,287,,Aggregated,401.200000,0.700000,250,730,1200,1300,1500,1700,2100,2300,3000,3000,3000,48089,112,250.0,650.6066295393496,197.33566400009295,3041.1238070000763,4504.48449749423
1776357484,287,,Aggregated,420.300000,0.700000,250,710,1100,1300,1500,1700,2100,2300,3000,3000,3000,48529,112,250.0,648.0235828423166,197.33566400009295,3041.1238070000763,4504.579838859238
1776357485,287,,Aggregated,438.800000,0.700000,250,680,1100,1300,1500,1700,2100,2300,3000,3000,3000,48964,112,250.0,645.3614694804504,197.33566400009295,3041.1238070000763,4504.672412384609
1776357486,287,,Aggregated,451.200000,0.700000,250,660,1100,1300,1500,1700,2100,2300,3000,3000,3000,49439,112,250.0,642.229058899305,197.33566400009295,3041.1238070000763,4504.771637775845
1776357487,287,,Aggregated,464.800000,0.700000,250,630,1100,1300,1500,1700,2100,2300,3000,3000,3000,49940,112,250.0,638.5584769470498,197.33566400009295,3041.1238070000763,4504.874249098919
1776357488,287,,Aggregated,475.100000,0.400000,250,620,1100,1300,1500,1700,2000,2300,3000,3000,3000,50422,112,250.0,635.4961062341367,197.33566400009295,3041.1238070000763,4504.971044385387
1776357489,287,,Aggregated,485.700000,0.100000,250,600,1100,1300,1500,1700,2000,2300,3000,3000,3000,50930,112,250.0,631.8314815137962,197.33566400009295,3041.1238070000763,4505.071077950128
1776357490,287,,Aggregated,485.700000,0.000000,250,580,1100,1300,1500,1700,2000,2300,2900,3000,3000,51444,112,250.0,628.0225282195521,197.33566400009295,3041.1238070000763,4505.170282248659
1776357491,287,,Aggregated,484.300000,0.000000,250,560,1100,1200,1500,1700,2000,2300,2900,3000,3000,51984,112,250.0,623.9782146836274,197.33566400009295,3041.1238070000763,4505.272391505078
1776357492,287,,Aggregated,483.000000,0.000000,250,540,1000,1200,1500,1700,2000,2300,2900,3000,3000,52516,112,250.0,620.1366220438293,197.33566400009295,3041.1238070000763,4505.370934572321
1776357493,287,,Aggregated,483.000000,0.000000,250,530,1000,1200,1500,1700,2000,2300,2900,3000,3000,53055,112,250.0,616.3163481453726,197.33566400009295,3041.1238070000763,4505.468758835171
1776357494,287,,Aggregated,485.200000,0.000000,250,510,1000,1200,1500,1700,2000,2300,2900,3000,3000,53578,112,250.0,612.6233168629983,197.33566400009295,3041.1238070000763,4505.561797752809
1776357495,287,,Aggregated,489.000000,0.000000,250,500,990,1200,1500,1700,2000,2300,2900,3000,3000,54120,112,250.0,608.8622753652755,197.33566400009295,3041.1238070000763,4505.656319290466
1776357496,287,,Aggregated,500.000000,0.000000,250,490,980,1200,1500,1700,2000,2300,2900,3000,3000,54641,112,250.0,605.3312485738309,197.33566400009295,3041.1238070000763,4505.745410955144
1776357497,287,,Aggregated,508.700000,0.000000,250,470,960,1200,1500,1700,2000,2300,2900,3000,3000,55203,112,250.0,601.5673893264085,197.33566400009295,3041.1238070000763,4505.839628281072
1776357496,287,,Aggregated,500.000000,0.000000,240,460,960,1200,1500,1700,2000,2300,2900,3000,3000,55722,112,240.0,598.198618351975,197.33566400009295,3041.1238070000763,4505.924948853236
1776357497,287,,Aggregated,508.700000,0.000000,240,450,940,1200,1500,1700,2000,2300,2900,3000,3000,56263,112,240.0,594.7555338683106,197.33566400009295,3041.1238070000763,4506.012210511349
1776357498,287,,Aggregated,543.500000,0.000000,240,440,930,1200,1500,1700,2000,2300,2900,3000,3000,56807,112,240.0,591.3520812067301,197.33566400009295,3041.1238070000763,4506.098280141532
1776357499,327,,Aggregated,603.000000,0.000000,240,430,920,1200,1500,1700,2000,2300,2900,3000,3000,57374,112,240.0,588.1577070460094,197.33566400009295,3041.1238070000763,4506.186251612228
1776357500,367,,Aggregated,661.000000,0.000000,240,420,910,1200,1500,1700,2000,2300,2900,3000,3000,58021,112,240.0,584.5941684417674,197.33566400009295,3041.1238070000763,4506.284534909774
1776357501,407,,Aggregated,667.300000,0.000000,240,410,910,1200,1500,1700,2000,2300,2900,3000,3000,58749,112,240.0,580.5692874664891,197.33566400009295,3041.1238070000763,4506.39253434101
1776357502,432,,Aggregated,677.800000,0.000000,240,400,890,1200,1500,1700,2000,2300,2900,3000,3000,59525,112,240.0,576.3570624198682,197.33566400009295,3041.1238070000763,4506.504745905082
1776357503,432,,Aggregated,698.900000,0.000000,240,380,880,1200,1500,1700,1900,2200,2900,3000,3000,60329,112,240.0,571.9773844535556,197.33566400009295,3041.1238070000763,4506.617961511048
1776357504,432,,Aggregated,723.900000,0.000000,240,360,860,1100,1500,1700,1900,2200,2900,3000,3000,61133,112,240.0,567.6478605824783,197.33566400009295,3041.1238070000763,4506.728199172297
1776357505,432,,Aggregated,751.100000,0.000000,240,350,850,1100,1500,1700,1900,2200,2900,3000,3000,61920,112,240.0,563.5481259486213,197.33566400009295,3041.1238070000763,4506.833333333333
1776357506,432,,Aggregated,776.300000,0.000000,240,340,830,1100,1500,1700,1900,2200,2900,3000,3000,62661,112,240.0,559.942169561524,197.33566400009295,3041.1238070000763,4506.929908555561
1776357507,432,,Aggregated,801.400000,0.000000,240,330,810,1100,1500,1700,1900,2200,2900,3000,3000,63447,112,240.0,556.2343805916386,197.33566400009295,3041.1238070000763,4507.029883209608
1776357508,432,,Aggregated,797.800000,0.000000,240,330,780,1100,1500,1700,1900,2200,2900,3000,3000,64216,112,240.0,552.6271410583458,197.33566400009295,3041.1238070000763,4507.125327021303
1776357509,432,,Aggregated,766.400000,0.000000,240,320,750,1100,1500,1600,1900,2200,2900,3000,3000,64950,112,240.0,549.2533679110978,197.33566400009295,3041.1238070000763,4507.214318706698
1776357510,432,,Aggregated,737.400000,0.000000,240,320,720,1000,1500,1600,1900,2200,2900,3000,3000,65760,112,240.0,545.6506266844858,197.33566400009295,3041.1238070000763,4507.310218978102
1776357511,432,,Aggregated,756.700000,0.000000,240,310,690,1000,1500,1600,1900,2200,2900,3000,3000,66534,112,240.0,542.3326733451596,197.33566400009295,3041.1238070000763,4507.399675353954
1776357512,432,,Aggregated,772.800000,0.000000,240,310,670,1000,1400,1600,1900,2200,2900,3000,3000,67266,112,240.0,539.4676674801518,197.33566400009295,3041.1238070000763,4507.482383373473
1776357513,432,,Aggregated,775.300000,0.000000,240,310,640,980,1400,1600,1900,2200,2900,3000,3000,68005,112,240.0,536.4944510586839,197.33566400009295,3041.1238070000763,4507.56407617087
1776357514,432,,Aggregated,770.900000,0.000000,240,300,620,970,1400,1600,1900,2200,2900,3000,3000,68778,112,240.0,533.7654660558292,197.33566400009295,3041.1238070000763,4507.647648957515
1776357515,432,,Aggregated,767.000000,0.000000,240,300,600,960,1400,1600,1900,2200,2900,3000,3000,69558,112,240.0,530.7021887507807,197.33566400009295,3041.1238070000763,4507.730095747434
1776357516,432,,Aggregated,763.500000,0.000000,240,300,590,940,1400,1600,1900,2200,2900,3000,3000,70328,112,240.0,527.6311817330612,197.33566400009295,3041.1238070000763,4507.809691730178
1776357517,432,,Aggregated,761.500000,0.000000,240,300,570,930,1400,1600,1900,2200,2900,3000,3000,71123,112,240.0,524.5567890753147,197.33566400009295,3041.1238070000763,4507.890063692476
1776357518,432,,Aggregated,764.000000,0.000000,240,290,550,920,1400,1600,1900,2200,2900,3000,3000,71856,112,240.0,521.9275917640646,197.33566400009295,3041.1238070000763,4507.962591850367
1776357519,432,,Aggregated,764.100000,0.000000,240,290,540,910,1400,1600,1900,2200,2900,3000,3000,72593,112,240.0,519.6364792284061,197.33566400009295,3041.1238070000763,4508.0340390946785
1776357520,432,,Aggregated,763.000000,0.000000,240,290,530,910,1400,1600,1900,2200,2900,3000,3000,73362,112,240.0,517.0156959871689,197.33566400009295,3041.1238070000763,4508.107058149996
1776357521,432,,Aggregated,761.100000,0.000000,240,290,520,900,1400,1600,1900,2200,2900,3000,3000,74135,112,240.0,514.3161468537484,197.33566400009295,3041.1238070000763,4508.178930329804
1776357522,432,,Aggregated,756.000000,0.000000,240,290,510,890,1400,1600,1900,2200,2900,3000,3000,74891,112,240.0,511.7986321075797,197.33566400009295,3041.1238070000763,4508.247786783459
1776357523,432,,Aggregated,758.900000,0.000000,240,290,500,880,1400,1600,1900,2200,2900,3000,3000,75639,112,240.0,509.6897997379365,197.33566400009295,3041.1238070000763,4508.314559949233
1776357524,472,,Aggregated,758.600000,0.000000,240,290,490,860,1400,1600,1900,2100,2900,3000,3000,76417,112,240.0,507.52303629400376,197.33566400009295,3041.1238070000763,4508.382624285172
1776357525,486,,Aggregated,756.300000,0.000000,240,290,480,850,1400,1600,1900,2100,2900,3000,3000,77263,112,240.0,504.9917827549006,197.33566400009295,3041.1238070000763,4508.455081992674
1776357526,486,,Aggregated,759.100000,0.000000,240,290,470,830,1400,1600,1900,2100,2900,3000,3000,78121,112,240.0,502.5331731218481,197.33566400009295,3041.1238070000763,4508.5269645805865
1776357527,486,,Aggregated,767.000000,0.000000,240,290,470,820,1400,1600,1900,2100,2900,3000,3000,78961,112,240.0,500.0373140633843,197.33566400009295,3041.1238070000763,4508.5958257874145
1776357525,486,,Aggregated,756.300000,0.000000,240,280,460,790,1400,1600,1900,2100,2900,3000,3000,79810,112,240.0,497.60725797934884,197.33566400009295,3041.1238070000763,4508.663951885728
1776357526,486,,Aggregated,759.100000,0.000000,240,280,450,770,1400,1600,1900,2100,2900,3000,3000,80651,112,240.0,495.293021063493,197.33566400009295,3041.1238070000763,4508.730021946411
1776357527,486,,Aggregated,767.000000,0.000000,240,280,440,750,1400,1600,1900,2100,2900,3000,3000,81519,112,240.0,492.8367175485667,197.33566400009295,3041.1238070000763,4508.796783571928
1776357528,486,,Aggregated,818.300000,0.000000,240,280,440,730,1400,1600,1900,2100,2900,3000,3000,82358,112,240.0,490.6971296699962,197.33566400009295,3041.1238070000763,4508.85997717283
1776357529,486,,Aggregated,911.300000,0.000000,240,280,430,700,1400,1600,1900,2100,2900,3000,3000,83221,112,240.0,488.35694458619224,197.33566400009295,3041.1238070000763,4508.923649078958
1776357530,486,,Aggregated,979.400000,0.000000,240,280,430,680,1400,1600,1800,2100,2900,3000,3000,84069,112,240.0,486.25430875521977,197.33566400009295,3041.1238070000763,4508.98494094137
1776357531,486,,Aggregated,991.700000,0.000000,240,280,420,650,1400,1600,1800,2100,2900,3000,3000,84924,112,240.0,484.09699433338704,197.33566400009295,3041.1238070000763,4509.045499505441
1776357532,486,,Aggregated,1002.400000,0.000000,240,280,420,630,1300,1600,1800,2100,2900,3000,3000,85775,112,240.0,482.00543916702617,197.33566400009295,3041.1238070000763,4509.104575925387
1776357533,486,,Aggregated,1029.600000,0.000000,240,280,420,620,1300,1600,1800,2100,2900,3000,3000,86578,112,240.0,480.1029078691202,197.33566400009295,3041.1238070000763,4509.159255238052
1776357534,486,,Aggregated,1041.500000,0.000000,240,280,410,610,1300,1600,1800,2100,2900,3000,3000,87407,112,240.0,478.4696799956134,197.33566400009295,3041.1238070000763,4509.214651000492
1776357535,486,,Aggregated,1049.900000,0.000000,240,280,410,600,1300,1600,1800,2100,2900,3000,3000,88247,112,240.0,476.5443147704919,197.33566400009295,3041.1238070000763,4509.2697202171175
1776357536,486,,Aggregated,1052.700000,0.000000,240,280,410,590,1300,1600,1800,2100,2900,3000,3000,89046,112,240.0,474.817979011641,197.33566400009295,3041.1238070000763,4509.321137389664
1776357537,486,,Aggregated,1053.400000,0.000000,240,280,400,580,1300,1600,1800,2100,2900,3000,3000,89911,112,240.0,472.98329263117535,197.33566400009295,3041.1238070000763,4509.375771596357
1776357538,486,,Aggregated,1006.500000,0.000000,240,280,400,570,1300,1600,1800,2100,2900,3000,3000,90749,112,240.0,471.182777450645,197.33566400009295,3041.1238070000763,4509.427707192366
1776357539,486,,Aggregated,918.300000,0.000000,240,280,390,560,1300,1600,1800,2100,2900,3000,3000,91605,112,240.0,469.4203507454463,197.33566400009295,3041.1238070000763,4509.479777304732
1776357540,486,,Aggregated,857.800000,0.000000,240,280,390,550,1300,1600,1800,2100,2900,3000,3000,92458,112,240.0,467.5760415690014,197.33566400009295,3041.1238070000763,4509.530705834
1776357541,486,,Aggregated,855.200000,0.000000,240,280,380,540,1300,1600,1800,2100,2900,3000,3000,93270,112,240.0,465.88919729567544,197.33566400009295,3041.1238070000763,4509.578321003538
1776357542,486,,Aggregated,855.300000,0.000000,240,280,380,540,1300,1600,1800,2100,2900,3000,3000,94068,112,240.0,464.54490028288706,197.33566400009295,3041.1238070000763,4509.624314325807
1776357543,486,,Aggregated,834.900000,0.000000,240,280,380,530,1300,1600,1800,2100,2900,3000,3000,94838,112,240.0,463.3057651767919,197.33566400009295,3041.1238070000763,4509.667960100382
1776357544,486,,Aggregated,830.400000,0.000000,240,280,380,530,1300,1600,1800,2100,2900,3000,3000,95485,112,240.0,462.8719336992783,197.33566400009295,3041.1238070000763,4509.704089647588
1776357545,486,,Aggregated,827.100000,0.000000,240,280,380,530,1300,1600,1800,2100,2900,3000,3000,96167,112,240.0,462.67731361898143,197.33566400009295,3041.1238070000763,4509.741647342644
1776357546,480,,Aggregated,819.700000,0.000000,240,280,380,530,1300,1500,1800,2100,2900,3000,3000,96930,112,240.0,462.0430032031733,197.33566400009295,3041.1238070000763,4509.783039306716
1776357547,480,,Aggregated,798.600000,0.000000,240,280,380,530,1300,1500,1800,2100,2900,3000,3000,97726,112,240.0,460.7283709156777,197.33566400009295,3041.1238070000763,4509.825532611588
1776357548,480,,Aggregated,784.900000,0.000000,240,280,380,530,1300,1500,1800,2100,2900,3000,3000,98467,112,240.0,459.8493373453291,197.33566400009295,3041.1238070000763,4509.864472361299
1776357549,480,,Aggregated,781.400000,0.000000,240,280,380,530,1300,1500,1800,2100,2900,3000,3000,99236,112,240.0,458.7618008555515,197.33566400009295,3041.1238070000763,4509.9042686121975
1776357550,480,,Aggregated,776.400000,0.000000,240,280,380,520,1300,1500,1800,2100,2900,3000,3000,100028,112,240.0,457.6383059540584,197.33566400009295,3041.1238070000763,4509.9446155076575
1776357551,480,,Aggregated,766.500000,0.000000,240,280,380,520,1300,1500,1800,2000,2900,3000,3000,100783,112,240.0,456.6719199723517,197.33566400009295,3041.1238070000763,4509.982487125805
1776357552,480,,Aggregated,757.700000,0.000000,240,280,380,520,1300,1500,1800,2000,2900,3000,3000,101606,112,240.0,455.53426239111513,197.33566400009295,3041.1238070000763,4510.0231285554
1776357553,480,,Aggregated,750.900000,0.000000,240,280,380,510,1300,1500,1800,2000,2900,3000,3000,102336,112,240.0,454.7071577673802,197.33566400009295,3041.1238070000763,4510.058630393996
1776357554,480,,Aggregated,749.900000,0.000000,240,280,370,510,1300,1500,1800,2000,2900,3000,3000,103128,112,240.0,453.72689990117703,197.33566400009295,3041.1238070000763,4510.09657900861
1776357555,480,,Aggregated,746.500000,0.000000,240,280,370,510,1300,1500,1800,2000,2900,3000,3000,103879,112,240.0,452.87514062764893,197.33566400009295,3041.1238070000763,4510.13202861021
1776357556,480,,Aggregated,746.700000,0.000000,240,280,370,510,1200,1500,1800,2000,2900,3000,3000,104696,112,240.0,451.68152155815426,197.33566400009295,3041.1238070000763,4510.170016046458
1776357557,480,,Aggregated,756.500000,0.000000,250,280,370,500,1200,1500,1800,2000,2900,3000,3000,105534,112,250.0,450.31340342986715,197.33566400009295,3041.1238070000763,4510.208368866905
1776357556,480,,Aggregated,746.700000,0.000000,250,280,370,500,1200,1500,1800,2000,2900,3000,3000,106327,112,250.0,449.0718441273861,197.33566400009295,3041.1238070000763,4510.244105448287
1776357557,480,,Aggregated,756.500000,0.000000,250,280,370,490,1200,1500,1800,2000,2900,3000,3000,107119,112,250.0,447.96860561357505,197.33566400009295,3041.1238070000763,4510.279268850531
1776357558,480,,Aggregated,809.900000,0.000000,250,280,370,490,1200,1500,1800,2000,2900,3000,3000,107964,112,250.0,446.7561810453163,197.33566400009295,3041.1238070000763,4510.316216516617
1776357559,480,,Aggregated,892.200000,0.000000,250,280,360,490,1200,1500,1800,2000,2900,3000,3000,108724,112,250.0,445.7712285220701,197.33566400009295,3041.1238070000763,4510.348956992017
1776357560,480,,Aggregated,973.100000,0.000000,250,280,360,480,1200,1500,1800,2000,2900,3000,3000,109513,112,250.0,444.761769676674,197.33566400009295,3041.1238070000763,4510.382466008602
1776357561,480,,Aggregated,981.400000,0.000000,250,280,360,480,1200,1500,1700,2000,2900,3000,3000,110343,112,250.0,443.6110146956916,197.33566400009295,3041.1238070000763,4510.41719909736
1776357562,480,,Aggregated,981.400000,0.000000,250,280,360,480,1200,1500,1700,2000,2900,3000,3000,111127,112,250.0,442.51894795770306,197.33566400009295,3041.1238070000763,4510.449530717107
1776357563,480,,Aggregated,982.900000,0.000000,250,280,360,480,1200,1500,1700,2000,2900,3000,3000,111986,112,250.0,441.1698517586997,197.33566400009295,3041.1238070000763,4510.484435554445
1776357564,480,,Aggregated,986.200000,0.000000,250,280,350,470,1200,1500,1700,2000,2900,3000,3000,112836,112,250.0,440.00117595978037,197.33566400009295,3041.1238070000763,4510.518451558013
1776357565,480,,Aggregated,990.900000,0.000000,250,280,350,470,1200,1500,1700,2000,2900,3000,3000,113621,112,250.0,439.00014317347933,197.33566400009295,3041.1238070000763,4510.549414280811
1776357566,480,,Aggregated,999.800000,0.000000,250,280,350,470,1200,1500,1700,2000,2900,3000,3000,114454,112,250.0,437.9086911198115,197.33566400009295,3041.1238070000763,4510.581805790973
1776357567,480,,Aggregated,1006.500000,0.000000,250,280,350,460,1200,1500,1700,2000,2900,3000,3000,115242,112,250.0,437.0005825587276,197.33566400009295,3041.1238070000763,4510.612016452335
1776357568,480,,Aggregated,965.500000,0.000000,250,280,350,460,1200,1500,1700,2000,2900,3000,3000,116058,112,250.0,436.0623389135512,197.33566400009295,3041.1238070000763,4510.642868221062
1776357569,520,,Aggregated,888.000000,0.000000,250,280,350,460,1200,1500,1700,2000,2900,3000,3000,116846,112,250.0,435.4773964040351,197.33566400009295,3041.1238070000763,4510.672252366363
1776357570,555,,Aggregated,806.000000,0.000000,250,280,350,460,1200,1500,1700,2000,2900,3000,3000,117692,112,250.0,434.7887701382919,197.33566400009295,3041.1238070000763,4510.703361315977
1776357571,555,,Aggregated,801.400000,0.000000,250,280,350,460,1200,1500,1700,2000,2900,3000,3000,118603,112,250.0,433.788770412906,197.33566400009295,3041.1238070000763,4510.7363641729125
1776357572,555,,Aggregated,811.500000,0.000000,250,280,350,450,1200,1500,1700,2000,2900,3000,3000,119490,112,250.0,432.9223353474925,197.33566400009295,3041.1238070000763,4510.768014059754
1776357573,555,,Aggregated,819.700000,0.000000,250,280,350,450,1200,1500,1700,1900,2900,3000,3000,120417,112,250.0,431.96435038937165,197.33566400009295,3041.1238070000763,4510.800592939535
1776357574,555,,Aggregated,826.900000,0.000000,250,280,350,450,1200,1500,1700,1900,2900,3000,3000,121345,112,250.0,431.06606974752907,197.33566400009295,3041.1238070000763,4510.832708393424
1776357575,555,,Aggregated,837.000000,0.000000,250,290,350,450,1100,1500,1700,1900,2900,3000,3000,122185,112,250.0,430.46643344596265,197.33566400009295,3041.1238070000763,4510.861357777141
1776357576,555,,Aggregated,841.500000,0.000000,250,290,350,440,1100,1500,1700,1900,2900,3000,3000,123102,112,250.0,429.5905712663726,197.33566400009295,3041.1238070000763,4510.892186966906
1776357577,555,,Aggregated,847.000000,0.000000,250,290,350,440,1100,1500,1700,1900,2900,3000,3000,124053,112,250.0,428.62178913470854,197.33566400009295,3041.1238070000763,4510.923677782883
1776357578,555,,Aggregated,856.000000,0.000000,250,290,350,440,1100,1500,1700,1900,2900,3000,3000,124896,112,250.0,428.0074368599077,197.33566400009295,3041.1238070000763,4510.951191391237
1776357579,555,,Aggregated,864.700000,0.000000,250,290,350,440,1100,1500,1700,1900,2900,3000,3000,125851,112,250.0,427.18154516146046,197.33566400009295,3041.1238070000763,4510.981915121851
1776357580,555,,Aggregated,876.600000,0.000000,250,290,350,440,1100,1500,1700,1900,2900,3000,3000,126786,112,250.0,426.27842657375436,197.33566400009295,3041.1238070000763,4511.011547016232
1776357581,555,,Aggregated,886.200000,0.000000,250,290,350,440,1100,1500,1700,1900,2900,3000,3000,127758,112,250.0,425.1765796805134,197.33566400009295,3041.1238070000763,4511.041891701499
1776357582,555,,Aggregated,889.200000,0.000000,250,290,340,430,1100,1500,1700,1900,2900,3000,3000,128671,112,250.0,424.2205840260986,197.33566400009295,3041.1238070000763,4511.0699769178755
1776357583,555,,Aggregated,898.900000,0.000000,250,290,340,430,1100,1500,1700,1900,2900,3000,3000,129599,112,250.0,423.24944409187543,197.33566400009295,3041.1238070000763,4511.0981180410345
1776357584,555,,Aggregated,904.800000,0.000000,250,290,340,430,1100,1500,1700,1900,2900,3000,3000,130595,112,250.0,422.1890320461486,197.33566400009295,3041.1238070000763,4511.127876258663
1776357585,555,,Aggregated,908.900000,0.000000,250,290,340,430,1000,1500,1700,1900,2900,3000,3000,131476,112,250.0,421.3492853903426,197.33566400009295,3041.1238070000763,4511.15382275092
1776357586,555,,Aggregated,915.600000,0.000000,250,290,340,420,1000,1500,1700,1900,2900,3000,3000,132422,112,250.0,420.50633468408375,197.33566400009295,3041.1238070000763,4511.181299179894
1776357587,555,,Aggregated,918.300000,0.000000,250,290,340,420,1000,1500,1700,1900,2900,3000,3000,133335,112,250.0,419.6239398351721,197.33566400009295,3041.1238070000763,4511.207447406908
1776357586,555,,Aggregated,915.600000,0.000000,250,290,340,420,1000,1400,1700,1900,2900,3000,3000,134283,112,250.0,418.7185648609546,197.33566400009295,3041.1238070000763,4511.234221755546
1776357587,555,,Aggregated,918.300000,0.000000,250,290,340,420,1000,1400,1700,1900,2900,3000,3000,135242,112,250.0,417.9195538353293,197.33566400009295,3041.1238070000763,4511.26092486062
1776357588,555,,Aggregated,974.300000,0.000000,250,290,340,410,1000,1400,1700,1900,2900,3000,3000,136126,112,250.0,417.16588131369315,197.33566400009295,3041.1238070000763,4511.285206352938
1776357589,555,,Aggregated,1072.200000,0.000000,250,290,340,410,990,1400,1700,1900,2900,3000,3000,137070,112,250.0,416.32204791671234,197.33566400009295,3041.1238070000763,4511.310790107244
1776357590,555,,Aggregated,1137.100000,0.000000,250,290,340,410,980,1400,1700,1900,2900,3000,3000,137949,112,250.0,415.665310046378,197.33566400009295,3041.1238070000763,4511.334297457756
1776357591,555,,Aggregated,1142.800000,0.000000,250,290,340,410,970,1400,1700,1900,2900,3000,3000,138874,112,250.0,414.9562820371981,197.33566400009295,3041.1238070000763,4511.358713654104
1776357592,579,,Aggregated,1141.800000,0.000000,250,290,340,410,960,1400,1700,1900,2900,3000,3000,139828,112,250.0,414.2347290710934,197.33566400009295,3041.1238070000763,4511.383556941385
1776357593,579,,Aggregated,1156.900000,0.000000,250,290,340,410,960,1400,1700,1900,2900,3000,3000,140749,112,250.0,413.5710071765689,197.33566400009295,3041.1238070000763,4511.407221365694
1776357594,579,,Aggregated,1154.300000,0.000000,250,290,340,410,950,1400,1700,1900,2900,3000,3000,141737,112,250.0,412.7896743606107,197.33566400009295,3041.1238070000763,4511.432265392946
1776357595,579,,Aggregated,1152.300000,0.000000,250,290,340,410,940,1400,1700,1900,2900,3000,3000,142587,112,250.0,412.4339607244271,197.33566400009295,3041.1238070000763,4511.453533632099
1776357596,579,,Aggregated,1152.200000,0.000000,250,290,340,410,930,1400,1700,1900,2900,3000,3000,143532,112,250.0,411.75376904083976,197.33566400009295,3041.1238070000763,4511.476883203745
1776357597,579,,Aggregated,1150.200000,0.000000,250,290,340,410,930,1400,1700,1900,2900,3000,3000,144443,112,250.0,411.08453387247414,197.33566400009295,3041.1238070000763,4511.499103452573
1776357598,579,,Aggregated,1100.400000,0.000000,250,290,340,410,920,1400,1700,1900,2900,3000,3000,145398,112,250.0,410.58037629825594,197.33566400009295,3041.1238070000763,4511.522097965584
1776357599,579,,Aggregated,1003.700000,0.000000,250,290,340,410,920,1400,1700,1900,2900,3000,3000,146319,112,250.0,410.10707405187117,197.33566400009295,3041.1238070000763,4511.543989502388
1776357600,579,,Aggregated,942.200000,0.000000,250,290,340,410,910,1400,1700,1900,2900,3000,3000,147273,112,250.0,409.44137859375326,197.33566400009295,3041.1238070000763,4511.566376728932
1776357601,579,,Aggregated,936.400000,0.000000,250,290,340,400,910,1400,1700,1900,2900,3000,3000,148207,112,250.0,408.90903305531367,197.33566400009295,3041.1238070000763,4511.588015410878
1776357602,579,,Aggregated,944.500000,0.000000,260,290,340,400,900,1400,1700,1900,2900,3000,3000,149156,112,260.0,408.4091507016469,197.33566400009295,3041.1238070000763,4511.609724047306
1776357603,579,,Aggregated,924.400000,0.000000,260,300,350,410,900,1400,1700,1900,2900,3000,3000,149871,112,260.0,408.2386949300323,197.33566400009295,3041.1238070000763,4511.625898272514
1776357604,579,,Aggregated,921.100000,0.000000,260,300,350,410,900,1400,1700,1900,2900,3000,3000,150476,112,260.0,408.77750124127346,197.33566400009295,3041.1238070000763,4511.639464100587
1776357605,579,,Aggregated,909.900000,0.000000,260,300,350,410,900,1400,1700,1900,2900,3000,3000,151132,112,260.0,410.073145515886,197.33566400009295,3041.1238070000763,4511.654050763571
1776357606,579,,Aggregated,873.700000,0.000000,260,300,350,410,910,1400,1700,1900,2900,3000,3000,151804,112,260.0,410.6257029296518,197.33566400009295,3041.1238070000763,4511.668862480567
1776357607,579,,Aggregated,847.400000,0.000000,260,300,350,410,910,1400,1700,1900,2900,3000,3000,152568,112,260.0,411.05144030558796,197.33566400009295,3041.1238070000763,4511.6855434953595
1776357608,579,,Aggregated,820.000000,0.000000,260,300,350,410,910,1400,1700,1900,2800,3000,3000,153244,112,260.0,411.4660858394844,197.33566400009295,3041.1238070000763,4511.700164443632
1776357609,579,,Aggregated,802.200000,0.000000,260,300,350,420,910,1400,1700,1900,2800,3000,3000,153926,112,260.0,412.2691397888138,197.33566400009295,3041.1238070000763,4511.714785026571
1776357610,579,,Aggregated,779.900000,0.000000,260,300,350,420,910,1400,1700,1900,2800,3000,3000,154816,112,260.0,412.3798761764352,197.33566400009295,3041.1238070000763,4511.733670938404
1776357611,579,,Aggregated,756.200000,0.000000,260,300,350,420,910,1400,1700,1900,2800,3000,3000,155653,112,260.0,412.11246160517976,197.33566400009295,3041.1238070000763,4511.7512351191435
1776357612,579,,Aggregated,745.100000,0.000000,260,300,350,420,900,1400,1700,1900,2800,3000,3000,156577,112,260.0,411.7273299328123,197.33566400009295,3041.1238070000763,4511.770406892456
1776357613,579,,Aggregated,738.700000,0.000000,260,300,350,420,900,1400,1700,1900,2800,3000,3000,157522,112,260.0,411.1484551258741,197.33566400009295,3041.1238070000763,4511.789781744772
1776357614,579,,Aggregated,736.700000,0.000000,260,300,350,420,890,1400,1700,1900,2800,3000,3000,158367,112,260.0,410.8419995877733,197.33566400009295,3041.1238070000763,4511.806910530603
1776357615,579,,Aggregated,751.200000,0.000000,260,300,350,420,890,1400,1700,1900,2800,3000,3000,159313,112,260.0,410.3508486110606,197.33566400009295,3041.1238070000763,4511.825871083966
1776357616,600,,Aggregated,779.900000,0.000000,260,300,360,420,880,1400,1700,1900,2800,3000,3000,160194,112,260.0,410.1297961389125,197.33566400009295,3041.1238070000763,4511.843327465448
1776357617,600,,Aggregated,813.800000,0.000000,260,300,360,420,880,1400,1700,1900,2800,3000,3000,161134,112,260.0,409.7401353796594,197.33566400009295,3041.1238070000763,4511.861742400735
1776357615,600,,Aggregated,751.200000,0.000000,260,300,360,420,870,1400,1700,1900,2800,3000,3000,162133,112,260.0,409.1922524103183,197.33566400009295,3041.1238070000763,4511.88107911406
1776357616,600,,Aggregated,779.900000,0.000000,260,300,360,420,870,1400,1700,1900,2800,3000,3000,163038,112,260.0,408.77638058287636,197.33566400009295,3041.1238070000763,4511.898391785964
1776357617,600,,Aggregated,813.800000,0.000000,260,300,360,420,860,1400,1700,1900,2800,3000,3000,163960,112,260.0,408.4497863111008,197.33566400009295,3041.1238070000763,4511.915833130031
1776357618,600,,Aggregated,881.000000,0.000000,260,300,360,420,860,1400,1700,1900,2800,3000,3000,164892,112,260.0,408.06592729665675,197.33566400009295,3041.1238070000763,4511.933265410086
1776357619,600,,Aggregated,987.300000,0.000000,260,310,360,420,850,1400,1600,1900,2800,3000,3000,165769,112,260.0,407.82913413567206,197.33566400009295,3041.1238070000763,4511.949489952886
1776357620,600,,Aggregated,1103.200000,0.000000,260,310,360,420,850,1400,1600,1900,2800,3000,3000,166696,112,260.0,407.61655762134217,197.33566400009295,3041.1238070000763,4511.966453904113
1776357621,600,,Aggregated,1133.600000,0.000000,260,310,360,420,840,1400,1600,1900,2800,3000,3000,167680,112,260.0,407.1492708298443,197.33566400009295,3041.1238070000763,4511.98425572519
1776357622,600,,Aggregated,1131.600000,0.000000,260,310,360,420,840,1400,1600,1900,2800,3000,3000,168598,112,260.0,406.7723272760789,197.33566400009295,3041.1238070000763,4512.000676164605
1776357623,600,,Aggregated,1139.500000,0.000000,260,310,360,420,830,1400,1600,1800,2800,3000,3000,169503,112,260.0,406.3964803287389,197.33566400009295,3041.1238070000763,4512.016689970089
1776357624,600,,Aggregated,1147.300000,0.000000,260,310,360,420,830,1400,1600,1800,2800,3000,3000,170459,112,260.0,405.96611080905984,197.33566400009295,3041.1238070000763,4512.033421526584
1776357625,600,,Aggregated,1141.900000,0.000000,260,310,360,420,820,1400,1600,1800,2800,3000,3000,171484,112,260.0,405.4357943470445,197.33566400009295,3041.1238070000763,4512.051153460381
1776357626,600,,Aggregated,1148.800000,0.000000,260,310,360,410,810,1400,1600,1800,2800,3000,3000,172453,112,260.0,404.9363619580969,197.33566400009295,3041.1238070000763,4512.067722799835
1776357627,600,,Aggregated,1145.600000,0.000000,260,310,360,420,810,1400,1600,1800,2800,3000,3000,173337,112,260.0,404.816012364732,197.33566400009295,3041.1238070000763,4512.082677097215
1776357628,600,,Aggregated,1109.200000,0.000000,260,310,360,410,800,1400,1600,1800,2800,3000,3000,174339,112,260.0,404.26287586033806,197.33566400009295,3041.1238070000763,4512.099444186327
1776357630,600,,Aggregated,926.600000,0.000000,260,310,360,410,790,1400,1600,1800,2800,3000,3000,175383,112,260.0,403.70145681270463,197.33566400009295,3041.1238070000763,4512.11671028549
1776357631,600,,Aggregated,933.100000,0.000000,260,310,360,410,790,1300,1600,1800,2800,3000,3000,176262,112,260.0,403.4517641338664,197.33566400009295,3041.1238070000763,4512.131088947135
1776357632,600,,Aggregated,951.900000,0.000000,260,310,360,410,780,1300,1600,1800,2800,3000,3000,177219,112,260.0,402.97202827612443,197.33566400009295,3041.1238070000763,4512.146581348501
1776357633,600,,Aggregated,944.800000,0.000000,260,310,360,410,780,1300,1600,1800,2800,3000,3000,178173,112,260.0,402.7956833711419,197.33566400009295,3041.1238070000763,4512.161859541008
1776357634,600,,Aggregated,940.300000,0.000000,260,310,360,410,770,1300,1600,1800,2800,3000,3000,179160,112,260.0,402.28651050588127,197.33566400009295,3041.1238070000763,4512.177494976558
1776357635,600,,Aggregated,941.800000,0.000000,260,310,360,410,760,1300,1600,1800,2800,3000,3000,180171,112,260.0,401.76651413054026,197.33566400009295,3041.1238070000763,4512.193333000317
1776357636,600,,Aggregated,943.500000,0.000000,260,310,360,410,760,1300,1600,1800,2800,3000,3000,181196,112,260.0,401.0893502435301,197.33566400009295,3041.1238070000763,4512.209209916334
1776357637,600,,Aggregated,951.600000,0.000000,260,310,360,410,750,1300,1600,1800,2800,3000,3000,182160,112,260.0,400.5330023354607,197.33566400009295,3041.1238070000763,4512.223978919631
1776357638,600,,Aggregated,955.400000,0.000000,260,310,360,410,750,1300,1600,1800,2800,3000,3000,183162,112,260.0,399.9701063233002,197.33566400009295,3041.1238070000763,4512.239165329053
1776357639,587,,Aggregated,953.600000,0.000000,260,310,360,410,740,1300,1600,1800,2800,3000,3000,184051,112,260.0,399.6514087119519,197.33566400009295,3041.1238070000763,4512.252500665576
1776357640,587,,Aggregated,968.000000,0.000000,260,310,360,410,740,1300,1600,1800,2800,3000,3000,185070,112,260.0,399.248318155884,197.33566400009295,3041.1238070000763,4512.267628464905
1776357641,587,,Aggregated,961.300000,0.000000,260,310,360,410,730,1300,1600,1800,2800,3000,3000,186066,112,260.0,398.64830611630583,197.33566400009295,3041.1238070000763,4512.2822546838215
1776357642,587,,Aggregated,954.300000,0.000000,260,310,360,410,730,1300,1600,1800,2800,3000,3000,187031,112,260.0,398.2236351947244,197.33566400009295,3041.1238070000763,4512.296277087756
1776357643,587,,Aggregated,963.000000,0.000000,260,310,360,410,720,1300,1600,1800,2800,3000,3000,188039,112,260.0,397.6257710743213,197.33566400009295,3041.1238070000763,4512.310770638006
1776357644,587,,Aggregated,964.800000,0.000000,260,310,360,410,720,1300,1600,1800,2800,3000,3000,189021,112,260.0,397.1220251484194,197.33566400009295,3041.1238070000763,4512.324741695367
1776357645,587,,Aggregated,974.300000,0.000000,260,310,360,410,720,1300,1600,1800,2800,3000,3000,189988,112,260.0,396.65032963086674,197.33566400009295,3041.1238070000763,4512.338358212098
1776357646,587,,Aggregated,972.400000,0.000000,260,310,360,410,710,1300,1600,1800,2800,3000,3000,190908,112,260.0,396.27365252644177,197.33566400009295,3041.1238070000763,4512.351184863914
1776357647,587,,Aggregated,973.800000,0.000000,260,310,360,410,710,1300,1600,1800,2800,3000,3000,191880,112,260.0,395.8789717718055,197.33566400009295,3041.1238070000763,4512.364602876798
1776357645,587,,Aggregated,974.300000,0.000000,260,310,360,410,700,1300,1600,1800,2800,3000,3000,192878,112,260.0,395.40212042652325,197.33566400009295,3041.1238070000763,4512.378239094142
1776357646,587,,Aggregated,972.400000,0.000000,270,310,360,410,700,1300,1600,1800,2800,3000,3000,193802,112,270.0,395.134512556062,197.33566400009295,3041.1238070000763,4512.390739001661
1776357647,587,,Aggregated,973.800000,0.000000,270,310,360,410,700,1300,1600,1800,2800,3000,3000,194783,112,270.0,394.67271045652905,197.33566400009295,3041.1238070000763,4512.403880215419
1776357648,587,,Aggregated,1011.300000,0.000000,270,310,360,400,690,1300,1600,1800,2800,3000,3000,195742,112,270.0,394.2680232401274,197.33566400009295,3041.1238070000763,4512.416599401253
1776357649,587,,Aggregated,1105.100000,0.000000,270,310,360,400,690,1300,1600,1800,2800,3000,3000,196706,112,270.0,393.7918371011259,197.33566400009295,3041.1238070000763,4512.429259910729
1776357650,587,,Aggregated,1170.300000,0.000000,270,310,360,400,680,1300,1600,1800,2800,3000,3000,197625,112,270.0,393.52182761176965,197.33566400009295,3041.1238070000763,4512.441214421252
1776357651,587,,Aggregated,1174.800000,0.000000,270,310,360,400,680,1300,1600,1800,2800,3000,3000,198583,112,270.0,393.0824125421518,197.33566400009295,3041.1238070000763,4512.4535584617015
1776357652,587,,Aggregated,1175.900000,0.000000,270,310,360,400,680,1300,1600,1800,2800,3000,3000,199519,112,270.0,392.77361740515073,197.33566400009295,3041.1238070000763,4512.465504538415
1776357653,587,,Aggregated,1193.100000,0.000000,270,310,360,400,670,1300,1600,1800,2800,3000,3000,200450,112,270.0,392.4615372258283,197.33566400009295,3041.1238070000763,4512.47727612871
1776357654,587,,Aggregated,1195.200000,0.000000,270,310,360,400,670,1300,1600,1800,2800,3000,3000,201432,112,270.0,392.0431127979037,197.33566400009295,3041.1238070000763,4512.489574645538
1776357655,587,,Aggregated,1180.300000,0.000000,270,310,360,400,660,1300,1600,1800,2800,3000,3000,202387,112,270.0,391.6233763010587,197.33566400009295,3041.1238070000763,4512.5014205457865
1776357656,587,,Aggregated,1184.800000,0.000000,270,310,360,400,660,1300,1600,1800,2800,3000,3000,203293,112,270.0,391.35877729425175,197.33566400009295,3041.1238070000763,4512.512555769259
1776357657,587,,Aggregated,1179.700000,0.000000,270,310,360,400,660,1300,1600,1800,2800,3000,3000,204168,112,270.0,391.1897986885906,197.33566400009295,3041.1238070000763,4512.5232161749145
1776357658,587,,Aggregated,1134.800000,0.000000,270,310,360,400,650,1300,1600,1800,2800,3000,3000,205159,112,270.0,390.8400625184436,197.33566400009295,3041.1238070000763,4512.535180031098
1776357659,587,,Aggregated,1035.000000,0.000000,270,310,360,400,650,1300,1600,1800,2800,3000,3000,206076,112,270.0,390.57218718107566,197.33566400009295,3041.1238070000763,4512.54614802306
1776357660,587,,Aggregated,956.100000,0.000000,270,310,360,400,650,1300,1600,1800,2800,3000,3000,207067,112,270.0,390.15613679629024,197.33566400009295,3041.1238070000763,4512.557891890065
1776357661,593,,Aggregated,953.600000,0.000000,270,310,360,400,640,1300,1600,1800,2800,3000,3000,208023,112,270.0,389.8459765200988,197.33566400009295,3041.1238070000763,4512.569114953635
1776357662,593,,Aggregated,950.900000,0.000000,270,310,360,400,640,1300,1600,1800,2800,3000,3000,208935,112,270.0,389.5908040356977,197.33566400009295,3041.1238070000763,4512.579725752028
1776357663,593,,Aggregated,935.800000,0.000000,270,310,360,400,640,1300,1600,1800,2800,3000,3000,209828,112,270.0,389.39305288551003,197.33566400009295,3041.1238070000763,4512.590026116629
1776357664,593,,Aggregated,934.500000,0.000000,270,310,360,400,640,1300,1600,1800,2800,3000,3000,210611,112,270.0,389.5007938238022,197.33566400009295,3041.1238070000763,4512.598985807958
1776357665,593,,Aggregated,939.600000,0.000000,270,310,360,400,640,1300,1600,1800,2800,3000,3000,211478,112,270.0,389.74578429945296,197.33566400009295,3041.1238070000763,4512.608829287207
1776357666,593,,Aggregated,930.100000,0.000000,270,310,360,400,640,1300,1600,1800,2800,3000,3000,212495,112,270.0,389.3467552721358,197.33566400009295,3041.1238070000763,4512.620273418198
1776357667,593,,Aggregated,910.500000,0.000000,270,310,360,400,640,1300,1600,1800,2800,3000,3000,213435,112,270.0,389.090365147578,197.33566400009295,3041.1238070000763,4512.630754093752
1776357668,593,,Aggregated,903.800000,0.000000,270,310,360,400,630,1300,1600,1800,2800,3000,3000,214396,112,270.0,388.7600185828207,197.33566400009295,3041.1238070000763,4512.64137390623
1776357669,593,,Aggregated,908.600000,0.000000,270,310,360,400,630,1200,1600,1800,2800,3000,3000,215333,112,270.0,388.53664690992287,197.33566400009295,3041.1238070000763,4512.651637231636
1776357671,593,,Aggregated,913.600000,0.000000,270,310,360,400,630,1200,1600,1800,2800,3000,3000,216333,112,270.0,388.07053241198264,197.33566400009295,3041.1238070000763,4512.662492546214
1776357672,593,,Aggregated,914.400000,0.000000,270,310,360,400,620,1200,1600,1800,2800,3000,3000,217288,112,270.0,387.69915138080904,197.33566400009295,3041.1238070000763,4512.67276609845
1776357673,593,,Aggregated,916.100000,0.000000,270,310,360,400,620,1200,1600,1800,2800,3000,3000,218269,112,270.0,387.2859396279643,197.33566400009295,3041.1238070000763,4512.683225744379
1776357674,593,,Aggregated,915.600000,0.000000,270,310,360,400,620,1200,1600,1800,2800,3000,3000,219208,112,270.0,387.034908668909,197.33566400009295,3041.1238070000763,4512.693149885041
1776357675,593,,Aggregated,922.500000,0.000000,270,310,360,400,620,1200,1600,1800,2800,3000,3000,220112,112,270.0,386.82606425671196,197.33566400009295,3041.1238070000763,4512.70262411863
1776357676,593,,Aggregated,927.100000,0.000000,270,310,360,400,620,1200,1600,1800,2800,3000,3000,221035,112,270.0,386.6986495515651,197.33566400009295,3041.1238070000763,4512.712217522112
1776357677,593,,Aggregated,939.400000,0.000000,270,310,360,400,610,1200,1600,1800,2800,3000,3000,221993,112,270.0,386.4187475823173,197.33566400009295,3041.1238070000763,4512.722090336182
1776357675,593,,Aggregated,922.500000,0.000000,270,310,360,400,610,1200,1600,1800,2800,3000,3000,222927,112,270.0,386.1636989968658,197.33566400009295,3041.1238070000763,4512.7316341223805
1776357676,593,,Aggregated,927.100000,0.000000,270,310,360,400,610,1200,1600,1700,2800,3000,3000,223902,112,270.0,385.83946675220494,197.33566400009295,3041.1238070000763,4512.741511911461
1776357677,593,,Aggregated,939.400000,0.000000,270,320,360,400,610,1200,1600,1700,2800,3000,3000,224863,112,270.0,385.61077010892524,197.33566400009295,3041.1238070000763,4512.751164042105
1776357678,593,,Aggregated,992.200000,0.000000,270,320,360,400,600,1200,1600,1700,2800,3000,3000,225845,112,270.0,385.21257641935193,197.33566400009295,3041.1238070000763,4512.760942239146
1776357679,593,,Aggregated,1089.400000,0.000000,270,310,360,400,600,1200,1600,1700,2700,3000,3000,226847,112,270.0,384.82441383896554,197.33566400009295,3041.1238070000763,4512.770832323107
1776357680,593,,Aggregated,1176.500000,0.000000,270,320,360,400,600,1200,1600,1700,2700,3000,3000,227792,112,270.0,384.63668164381454,197.33566400009295,3041.1238070000763,4512.780080073049
1776357681,593,,Aggregated,1179.900000,0.000000,270,320,360,400,600,1200,1600,1700,2700,3000,3000,228755,112,270.0,384.3216809369147,197.33566400009295,3041.1238070000763,4512.789425367751
1776357682,593,,Aggregated,1178.300000,0.000000,270,320,360,400,600,1200,1600,1700,2700,3000,3000,229653,112,270.0,384.19302541830905,197.33566400009295,3041.1238070000763,4512.798069261015
1776357683,593,,Aggregated,1175.500000,0.000000,270,320,360,400,590,1200,1600,1700,2700,3000,3000,230623,112,270.0,383.83278588389703,197.33566400009295,3041.1238070000763,4512.8073305784765
1776357684,574,,Aggregated,1177.900000,0.000000,270,320,360,400,590,1200,1600,1700,2700,3000,3000,231509,112,270.0,383.68095518116365,197.33566400009295,3041.1238070000763,4512.815722066961
1776357685,574,,Aggregated,1169.000000,0.000000,270,320,360,400,590,1200,1600,1700,2700,3000,3000,232445,112,270.0,383.3939598559323,197.33566400009295,3041.1238070000763,4512.824517627826
1776357686,574,,Aggregated,1166.500000,0.000000,270,320,360,400,590,1200,1600,1700,2700,3000,3000,233338,112,270.0,383.2111969011003,197.33566400009295,3041.1238070000763,4512.832843343133
1776357687,574,,Aggregated,1171.400000,0.000000,270,320,360,400,590,1200,1600,1700,2700,3000,3000,234233,112,270.0,383.0154055509643,197.33566400009295,3041.1238070000763,4512.841124009
1776357688,574,,Aggregated,1119.000000,0.000000,270,320,360,400,590,1200,1600,1700,2700,3000,3000,235193,112,270.0,382.74952202761193,197.33566400009295,3041.1238070000763,4512.84993601
1776357689,574,,Aggregated,1016.000000,0.000000,270,320,360,400,590,1200,1600,1700,2700,3000,3000,236156,112,270.0,382.4615601793857,197.33566400009295,3041.1238070000763,4512.858703568827
1776357690,574,,Aggregated,929.800000,0.000000,270,320,360,400,590,1200,1600,1700,2700,3000,3000,237133,112,270.0,382.0715819213821,197.33566400009295,3041.1238070000763,4512.867525818844
1776357691,574,,Aggregated,924.400000,0.000000,270,320,360,400,580,1200,1600,1700,2700,3000,3000,238036,112,270.0,381.753701190875,197.33566400009295,3041.1238070000763,4512.875615453125
1776357692,574,,Aggregated,926.400000,0.000000,270,320,360,400,580,1200,1600,1700,2700,3000,3000,239030,112,270.0,381.40544943268617,197.33566400009295,3041.1238070000763,4512.884449650672
1776357693,574,,Aggregated,927.900000,0.000000,270,320,360,400,580,1200,1600,1700,2700,3000,3000,239969,112,270.0,381.0619681146478,197.33566400009295,3041.1238070000763,4512.892727810676
1776357694,574,,Aggregated,926.600000,0.000000,270,320,360,400,580,1200,1600,1700,2700,3000,3000,240893,112,270.0,380.7919353863078,197.33566400009295,3041.1238070000763,4512.900810733396
1776357695,574,,Aggregated,932.000000,0.000000,270,320,360,400,580,1200,1600,1700,2700,3000,3000,241896,112,270.0,380.4797062544603,197.33566400009295,3041.1238070000763,4512.909514832821
1776357696,574,,Aggregated,936.700000,0.000000,270,320,360,400,570,1200,1600,1700,2700,3000,3000,242806,112,270.0,380.27997595718006,197.33566400009295,3041.1238070000763,4512.917349653633
1776357697,574,,Aggregated,935.500000,0.000000,270,320,360,390,570,1200,1600,1700,2700,3000,3000,243780,112,270.0,379.84429152723794,197.33566400009295,3041.1238070000763,4512.9256706866845
1776357698,574,,Aggregated,941.600000,0.000000,270,320,360,390,570,1200,1600,1700,2700,3000,3000,244710,112,270.0,379.5877661229613,197.33566400009295,3041.1238070000763,4512.933554002697
1776357699,574,,Aggregated,946.200000,0.000000,270,320,360,390,570,1200,1600,1700,2700,3000,3000,245667,112,270.0,379.2986268712604,197.33566400009295,3041.1238070000763,4512.941603878421
1776357700,574,,Aggregated,949.700000,0.000000,270,310,360,390,570,1200,1500,1700,2700,3000,3000,246649,112,270.0,378.93691590342473,197.33566400009295,3041.1238070000763,4512.949799107233
1776357701,574,,Aggregated,945.500000,0.000000,270,310,360,390,570,1200,1500,1700,2700,3000,3000,247622,112,270.0,378.58041220678297,197.33566400009295,3041.1238070000763,4512.957855117881
1776357702,574,,Aggregated,950.300000,0.000000,270,310,360,390,560,1200,1500,1700,2700,3000,3000,248632,112,270.0,378.1667036987546,197.33566400009295,3041.1238070000763,4512.9661507770525
1776357703,574,,Aggregated,945.700000,0.000000,270,310,360,390,560,1200,1500,1700,2700,3000,3000,249579,112,270.0,377.955294502377,197.33566400009295,3041.1238070000763,4512.973867993702
1776357704,574,,Aggregated,949.500000,0.000000,270,310,360,390,560,1200,1500,1700,2700,3000,3000,250551,112,270.0,377.6763999230494,197.33566400009295,3041.1238070000763,4512.981728270891
1776357705,574,,Aggregated,952.700000,0.000000,270,320,360,390,560,1200,1500,1700,2700,3000,3000,251416,112,270.0,377.5699269439291,197.33566400009295,3041.1238070000763,4512.988672160881
1776357706,574,,Aggregated,945.600000,0.000000,270,320,360,390,560,1100,1500,1700,2600,3000,3000,252323,112,270.0,377.352045876681,197.33566400009295,3041.1238070000763,4512.995902077892
1776357710,574,,Aggregated,928.500000,0.000000,270,320,360,390,560,1100,1500,1700,2600,3000,3000,253310,112,270.0,377.07921857562525,197.33566400009295,3041.1238070000763,4513.003710868106
1776357706,534,,Aggregated,945.600000,0.000000,270,320,360,390,560,1100,1500,1700,2600,3000,3000,254180,112,270.0,376.79328616774586,197.33566400009295,3041.1238070000763,4513.0105437091825
1776357707,494,,Aggregated,948.000000,0.000000,270,310,360,390,550,1100,1500,1700,2600,3000,3000,255065,112,270.0,376.46294722696376,197.33566400009295,3041.1238070000763,4513.017446533237
1776357708,492,,Aggregated,992.200000,0.000000,270,310,360,390,550,1100,1500,1700,2600,3000,3000,255893,112,270.0,376.17428380244803,197.33566400009295,3041.1238070000763,4513.023861535877
1776357709,492,,Aggregated,1079.400000,0.000000,270,310,360,390,550,1100,1500,1700,2600,3000,3000,256738,112,270.0,375.86445396098685,197.33566400009295,3041.1238070000763,4513.030365586707
1776357710,492,,Aggregated,1131.800000,0.000000,270,310,350,390,550,1100,1500,1700,2600,3000,3000,257543,112,270.0,375.6457036283298,197.33566400009295,3041.1238070000763,4513.036522056511
1776357711,492,,Aggregated,1125.600000,0.000000,270,310,350,390,550,1100,1500,1700,2600,3000,3000,258362,112,270.0,375.43492672635585,197.33566400009295,3041.1238070000763,4513.04274622429
1776357712,492,,Aggregated,1105.300000,0.000000,270,310,350,390,550,1100,1500,1700,2600,3000,3000,259230,112,270.0,375.1267594371247,197.33566400009295,3041.1238070000763,4513.049299849555
1776357713,492,,Aggregated,1109.800000,0.000000,270,310,350,390,550,1100,1500,1700,2600,3000,3000,260041,112,270.0,374.8991796840149,197.33566400009295,3041.1238070000763,4513.055383574128
1776357714,492,,Aggregated,1097.100000,0.000000,270,310,350,390,550,1100,1500,1700,2600,3000,3000,260832,112,270.0,374.6338584111458,197.33566400009295,3041.1238070000763,4513.061280824439
1776357715,492,,Aggregated,1074.800000,0.000000,270,310,350,390,550,1100,1500,1700,2600,3000,3000,261690,112,270.0,374.3635238029079,197.33566400009295,3041.1238070000763,4513.067637280752
1776357716,492,,Aggregated,1073.100000,0.000000,270,310,350,390,540,1100,1500,1700,2600,3000,3000,262526,112,270.0,374.0865040451843,197.33566400009295,3041.1238070000763,4513.073790786437
1776357717,492,,Aggregated,1060.600000,0.000000,270,310,350,390,540,1100,1500,1700,2600,3000,3000,263348,112,270.0,373.8235852948873,197.33566400009295,3041.1238070000763,4513.0798031502045
1776357718,492,,Aggregated,1002.100000,0.000000,270,310,350,390,540,1100,1500,1700,2600,3000,3000,264178,112,270.0,373.5752182040291,197.33566400009295,3041.1238070000763,4513.085836065077
1776357719,492,,Aggregated,907.700000,0.000000,270,310,350,390,540,1100,1500,1700,2600,3000,3000,265012,112,270.0,373.31854871418346,197.33566400009295,3041.1238070000763,4513.091859991246
1776357720,492,,Aggregated,838.200000,0.000000,270,310,350,390,540,1100,1500,1700,2600,3000,3000,265861,112,270.0,373.01054976061215,197.33566400009295,3041.1238070000763,4513.097953441837
1776357721,492,,Aggregated,836.600000,0.000000,270,310,350,390,540,1100,1500,1700,2600,3000,3000,266641,112,270.0,372.852428112248,197.33566400009295,3041.1238070000763,4513.103517463556
1776357722,492,,Aggregated,838.800000,0.000000,270,310,350,390,540,1100,1500,1700,2600,3000,3000,267503,112,270.0,372.55084143567007,197.33566400009295,3041.1238070000763,4513.109628677062
1776357723,492,,Aggregated,822.400000,0.000000,270,310,350,390,540,1100,1500,1700,2600,3000,3000,268244,112,270.0,372.39212037120353,197.33566400009295,3041.1238070000763,4513.114850658356
1776357724,492,,Aggregated,819.300000,0.000000,270,310,350,390,540,1100,1500,1700,2600,3000,3000,268985,112,270.0,372.3039768845477,197.33566400009295,3041.1238070000763,4513.120043868617
1776357725,492,,Aggregated,825.100000,0.000000,270,310,350,390,540,1100,1500,1700,2600,3000,3000,269690,112,270.0,372.43682294449206,197.33566400009295,3041.1238070000763,4513.124958285439
1776357726,492,,Aggregated,812.800000,0.000000,270,310,350,390,540,1100,1500,1700,2600,3000,3000,270501,112,270.0,372.3401777821344,197.33566400009295,3041.1238070000763,4513.130579923919
1776357727,492,,Aggregated,799.500000,0.000000,270,310,350,390,540,1100,1500,1700,2600,3000,3000,271301,112,270.0,372.13288789384177,197.33566400009295,3041.1238070000763,4513.136092384473
1776357728,492,,Aggregated,793.000000,0.000000,270,310,350,390,540,1100,1500,1700,2600,3000,3000,272130,112,270.0,371.921232190064,197.33566400009295,3041.1238070000763,4513.141770477346
1776357729,492,,Aggregated,783.900000,0.000000,270,310,350,390,540,1100,1500,1700,2600,3000,3000,272952,112,270.0,371.7193346637282,197.33566400009295,3041.1238070000763,4513.147366569946
1776357730,492,,Aggregated,788.400000,0.000000,270,310,350,390,530,1100,1500,1700,2600,3000,3000,273829,112,270.0,371.42484090173804,197.33566400009295,3041.1238070000763,4513.153300052222
1776357731,452,,Aggregated,786.900000,0.000000,270,310,350,390,530,1100,1500,1700,2600,3000,3000,274621,112,270.0,371.13892794593954,197.33566400009295,3041.1238070000763,4513.1586258880425
1776357732,450,,Aggregated,790.300000,0.000000,270,310,350,390,530,1000,1500,1700,2600,3000,3000,275396,112,270.0,370.84810733927435,197.33566400009295,3041.1238070000763,4513.163807753199
1776357733,450,,Aggregated,792.200000,0.000000,270,310,350,390,530,1000,1500,1700,2600,3000,3000,276226,112,270.0,370.5264964737524,197.33566400009295,3041.1238070000763,4513.1693251178385
1776357734,450,,Aggregated,789.900000,0.000000,270,310,350,390,530,1000,1500,1700,2600,3000,3000,277030,112,270.0,370.21837395033316,197.33566400009295,3041.1238070000763,4513.1746381258345
1776357735,450,,Aggregated,788.100000,0.000000,270,310,350,380,530,1000,1500,1700,2600,3000,3000,277799,112,270.0,369.9458907806608,197.33566400009295,3041.1238070000763,4513.179691071602
1776357736,450,,Aggregated,793.900000,0.000000,270,310,350,380,530,1000,1500,1700,2600,3000,3000,278617,112,270.0,369.6559320495367,197.33566400009295,3041.1238070000763,4513.185035371137
1776357737,450,,Aggregated,807.400000,0.000000,270,310,350,380,530,1000,1500,1700,2600,3000,3000,279433,112,270.0,369.3247691954348,197.33566400009295,3041.1238070000763,4513.190335429244
1776357736,450,,Aggregated,793.900000,0.000000,270,310,350,380,530,1000,1500,1700,2600,3000,3000,280222,112,270.0,369.0302669560666,197.33566400009295,3041.1238070000763,4513.195430765607
1776357737,450,,Aggregated,807.400000,0.000000,270,310,350,380,530,1000,1500,1700,2600,3000,3000,281055,112,270.0,368.7281059268889,197.33566400009295,3041.1238070000763,4513.200779206917
1776357738,450,,Aggregated,853.700000,0.000000,270,310,350,380,530,1000,1500,1700,2600,3000,3000,281828,112,270.0,368.4557913766153,197.33566400009295,3041.1238070000763,4513.205714123508
1776357739,450,,Aggregated,931.700000,0.000000,270,310,350,380,530,1000,1500,1700,2600,3000,3000,282622,112,270.0,368.1648662722008,197.33566400009295,3041.1238070000763,4513.21075500138
1776357740,450,,Aggregated,1006.500000,0.000000,270,310,350,380,520,1000,1500,1700,2600,3000,3000,283411,112,270.0,367.8921239954239,197.33566400009295,3041.1238070000763,4513.21573615703
1776357741,450,,Aggregated,1001.600000,0.000000,270,310,350,380,520,1000,1500,1700,2600,3000,3000,284226,112,270.0,367.5447546689113,197.33566400009295,3041.1238070000763,4513.220852420257
1776357742,450,,Aggregated,992.900000,0.000000,270,310,350,380,520,1000,1500,1700,2600,3000,3000,284949,112,270.0,367.3314394957945,197.33566400009295,3041.1238070000763,4513.225366644558
1776357743,450,,Aggregated,992.600000,0.000000,270,310,350,380,520,1000,1500,1700,2600,3000,3000,285788,112,270.0,367.04169855608774,197.33566400009295,3041.1238070000763,4513.23057651126
1776357744,450,,Aggregated,989.500000,0.000000,270,310,350,380,520,990,1500,1700,2600,3000,3000,286589,112,270.0,366.7612748026343,197.33566400009295,3041.1238070000763,4513.235521949551
1776357745,450,,Aggregated,986.100000,0.000000,270,310,350,380,520,990,1500,1700,2600,3000,3000,287379,112,270.0,366.48169267766036,197.33566400009295,3041.1238070000763,4513.240372469804
1776357746,450,,Aggregated,984.800000,0.000000,270,310,350,380,520,990,1500,1700,2500,3000,3000,288200,112,270.0,366.1758251303516,197.33566400009295,3041.1238070000763,4513.245385149202
1776357747,450,,Aggregated,981.000000,0.000000,270,310,350,380,520,980,1500,1700,2500,3000,3000,288993,112,270.0,365.8695805120102,197.33566400009295,3041.1238070000763,4513.25019983183
1776357748,450,,Aggregated,938.600000,0.000000,270,310,350,380,520,980,1500,1700,2500,3000,3000,289798,112,270.0,365.5768155083898,197.33566400009295,3041.1238070000763,4513.255060421397
1776357749,450,,Aggregated,866.800000,0.000000,270,310,350,380,520,980,1500,1700,2500,3000,3000,290619,112,270.0,365.2539955701708,197.33566400009295,3041.1238070000763,4513.2599898836625
1776357750,450,,Aggregated,785.000000,0.000000,270,310,350,380,520,980,1500,1700,2500,3000,3000,291313,112,270.0,365.0249799304031,197.33566400009295,3041.1238070000763,4513.264135139867
1776357751,450,,Aggregated,788.800000,0.000000,270,310,350,380,520,970,1500,1700,2500,3000,3000,292128,112,270.0,364.76688543664545,197.33566400009295,3041.1238070000763,4513.268977982254
1776357752,450,,Aggregated,791.800000,0.000000,270,310,350,380,510,970,1500,1700,2500,3000,3000,292947,112,270.0,364.5121914248636,197.33566400009295,3041.1238070000763,4513.273817448207
1776357753,450,,Aggregated,784.400000,0.000000,270,310,350,380,510,970,1500,1700,2500,3000,3000,293664,112,270.0,364.32136232959283,197.33566400009295,3041.1238070000763,4513.278032036614
1776357755,450,,Aggregated,784.600000,0.000000,270,310,350,380,510,970,1500,1700,2500,3000,3000,293677,112,270.0,364.4077562090376,197.33566400009295,3041.1238070000763,4513.278108261798
1776357756,0,,Aggregated,784.600000,0.000000,270,310,350,380,520,980,1500,1700,2600,3000,3000,293914,112,270.0,366.0977312669879,197.33566400009295,3041.1238070000763,4513.279496723531
1776357757,0,,Aggregated,784.600000,0.000000,270,310,350,380,520,980,1500,1700,2600,3000,3000,293914,112,270.0,366.0977312669879,197.33566400009295,3041.1238070000763,4513.279496723531
1776357758,0,,Aggregated,784.600000,0.000000,270,310,350,380,520,980,1500,1700,2600,3000,3000,293914,112,270.0,366.0977312669879,197.33566400009295,3041.1238070000763,4513.279496723531
1776357759,0,,Aggregated,784.600000,0.000000,270,310,350,380,520,980,1500,1700,2600,3000,3000,293914,112,270.0,366.0977312669879,197.33566400009295,3041.1238070000763,4513.279496723531
1776357760,0,,Aggregated,784.600000,0.000000,270,310,350,380,520,980,1500,1700,2600,3000,3000,293914,112,270.0,366.0977312669879,197.33566400009295,3041.1238070000763,4513.279496723531
1776357761,0,,Aggregated,784.600000,0.000000,270,310,350,380,520,980,1500,1700,2600,3000,3000,293914,112,270.0,366.0977312669879,197.33566400009295,3041.1238070000763,4513.279496723531
1776357762,0,,Aggregated,784.600000,0.000000,270,310,350,380,520,980,1500,1700,2600,3000,3000,293914,112,270.0,366.0977312669879,197.33566400009295,3041.1238070000763,4513.279496723531
1776357763,0,,Aggregated,784.600000,0.000000,270,310,350,380,520,980,1500,1700,2600,3000,3000,293914,112,270.0,366.0977312669879,197.33566400009295,3041.1238070000763,4513.279496723531
1776357764,0,,Aggregated,784.600000,0.000000,270,310,350,380,520,980,1500,1700,2600,3000,3000,293914,112,270.0,366.0977312669879,197.33566400009295,3041.1238070000763,4513.279496723531
1776357765,0,,Aggregated,784.600000,0.000000,270,310,350,380,520,980,1500,1700,2600,3000,3000,293914,112,270.0,366.0977312669879,197.33566400009295,3041.1238070000763,4513.279496723531
1776357766,0,,Aggregated,784.600000,0.000000,270,310,350,380,520,980,1500,1700,2600,3000,3000,293914,112,270.0,366.0977312669879,197.33566400009295,3041.1238070000763,4513.279496723531
1776357765,0,,Aggregated,784.600000,0.000000,270,310,350,380,520,980,1500,1700,2600,3000,3000,293914,112,270.0,366.0977312669879,197.33566400009295,3041.1238070000763,4513.279496723531
1776357771,0,,Aggregated,784.600000,0.000000,270,310,350,380,520,980,1500,1700,2600,3000,3000,293914,112,270.0,366.0977312669879,197.33566400009295,3041.1238070000763,4513.279496723531
1776357772,0,,Aggregated,784.600000,0.000000,270,310,350,380,520,980,1500,1700,2600,3000,3000,293914,112,270.0,366.0977312669879,197.33566400009295,3041.1238070000763,4513.279496723531
1776357773,0,,Aggregated,784.600000,0.000000,270,310,350,380,520,980,1500,1700,2600,3000,3000,293914,112,270.0,366.0977312669879,197.33566400009295,3041.1238070000763,4513.279496723531
1776357774,0,,Aggregated,784.600000,0.000000,270,310,350,380,520,980,1500,1700,2600,3000,3000,293914,112,270.0,366.0977312669879,197.33566400009295,3041.1238070000763,4513.279496723531
1776357775,0,,Aggregated,784.600000,0.000000,270,310,350,380,520,980,1500,1700,2600,3000,3000,293914,112,270.0,366.0977312669879,197.33566400009295,3041.1238070000763,4513.279496723531
1776357776,0,,Aggregated,784.600000,0.000000,270,310,350,380,520,980,1500,1700,2600,3000,3000,293914,112,270.0,366.0977312669879,197.33566400009295,3041.1238070000763,4513.279496723531
1776357777,0,,Aggregated,784.600000,0.000000,270,310,350,380,520,980,1500,1700,2600,3000,3000,293914,112,270.0,366.0977312669879,197.33566400009295,3041.1238070000763,4513.279496723531
1776357778,0,,Aggregated,784.600000,0.000000,270,310,350,380,520,980,1500,1700,2600,3000,3000,293914,112,270.0,366.0977312669879,197.33566400009295,3041.1238070000763,4513.279496723531
1776357779,0,,Aggregated,784.600000,0.000000,270,310,350,380,520,980,1500,1700,2600,3000,3000,293914,112,270.0,366.0977312669879,197.33566400009295,3041.1238070000763,4513.279496723531
1776357780,0,,Aggregated,784.600000,0.000000,270,310,350,380,520,980,1500,1700,2600,3000,3000,293914,112,270.0,366.0977312669879,197.33566400009295,3041.1238070000763,4513.279496723531
1776357781,0,,Aggregated,784.600000,0.000000,270,310,350,380,520,980,1500,1700,2600,3000,3000,293914,112,270.0,366.0977312669879,197.33566400009295,3041.1238070000763,4513.279496723531
1776357782,0,,Aggregated,784.600000,0.000000,270,310,350,380,520,980,1500,1700,2600,3000,3000,293914,112,270.0,366.0977312669879,197.33566400009295,3041.1238070000763,4513.279496723531
1776357783,0,,Aggregated,784.600000,0.000000,270,310,350,380,520,980,1500,1700,2600,3000,3000,293914,112,270.0,366.0977312669879,197.33566400009295,3041.1238070000763,4513.279496723531
1776357784,0,,Aggregated,784.600000,0.000000,270,310,350,380,520,980,1500,1700,2600,3000,3000,293914,112,270.0,366.0977312669879,197.33566400009295,3041.1238070000763,4513.279496723531
1776357785,0,,Aggregated,784.600000,0.000000,270,310,350,380,520,980,1500,1700,2600,3000,3000,293914,112,270.0,366.0977312669879,197.33566400009295,3041.1238070000763,4513.279496723531
1776357780,0,,Aggregated,784.600000,0.000000,270,310,350,380,520,980,1500,1700,2600,3000,3000,293914,112,270.0,366.0977312669879,197.33566400009295,3041.1238070000763,4513.279496723531
1776357781,0,,Aggregated,784.600000,0.000000,270,310,350,380,520,980,1500,1700,2600,3000,3000,293914,112,270.0,366.0977312669879,197.33566400009295,3041.1238070000763,4513.279496723531
1776357782,0,,Aggregated,784.600000,0.000000,270,310,350,380,520,980,1500,1700,2600,3000,3000,293914,112,270.0,366.0977312669879,197.33566400009295,3041.1238070000763,4513.279496723531
1776357783,0,,Aggregated,784.600000,0.000000,270,310,350,380,520,980,1500,1700,2600,3000,3000,293914,112,270.0,366.0977312669879,197.33566400009295,3041.1238070000763,4513.279496723531
1776357784,0,,Aggregated,784.600000,0.000000,270,310,350,380,520,980,1500,1700,2600,3000,3000,293914,112,270.0,366.0977312669879,197.33566400009295,3041.1238070000763,4513.279496723531
1776357785,0,,Aggregated,784.600000,0.000000,270,310,350,380,520,980,1500,1700,2600,3000,3000,293914,112,270.0,366.0977312669879,197.33566400009295,3041.1238070000763,4513.279496723531
1776357786,0,,Aggregated,784.600000,0.000000,270,310,350,380,520,980,1500,1700,2600,3000,3000,293914,112,270.0,366.0977312669879,197.33566400009295,3041.1238070000763,4513.279496723531
1776357787,0,,Aggregated,784.600000,0.000000,270,310,350,380,520,980,1500,1700,2600,3000,3000,293914,112,270.0,366.0977312669879,197.33566400009295,3041.1238070000763,4513.279496723531
1776357788,0,,Aggregated,784.600000,0.000000,270,310,350,380,520,980,1500,1700,2600,3000,3000,293914,112,270.0,366.0977312669879,197.33566400009295,3041.1238070000763,4513.279496723531
1776357789,0,,Aggregated,784.600000,0.000000,270,310,350,380,520,980,1500,1700,2600,3000,3000,293914,112,270.0,366.0977312669879,197.33566400009295,3041.1238070000763,4513.279496723531
1776357790,0,,Aggregated,784.600000,0.000000,270,310,350,380,520,980,1500,1700,2600,3000,3000,293914,112,270.0,366.0977312669879,197.33566400009295,3041.1238070000763,4513.279496723531
1776357791,0,,Aggregated,784.600000,0.000000,270,310,350,380,520,980,1500,1700,2600,3000,3000,293914,112,270.0,366.0977312669879,197.33566400009295,3041.1238070000763,4513.279496723531
1776357792,0,,Aggregated,784.600000,0.000000,270,310,350,380,520,980,1500,1700,2600,3000,3000,293914,112,270.0,366.0977312669879,197.33566400009295,3041.1238070000763,4513.279496723531
1776357793,0,,Aggregated,784.600000,0.000000,270,310,350,380,520,980,1500,1700,2600,3000,3000,293914,112,270.0,366.0977312669879,197.33566400009295,3041.1238070000763,4513.279496723531
1776357794,0,,Aggregated,784.600000,0.000000,270,310,350,380,520,980,1500,1700,2600,3000,3000,293914,112,270.0,366.0977312669879,197.33566400009295,3041.1238070000763,4513.279496723531
1776357795,0,,Aggregated,784.600000,0.000000,270,310,350,380,520,980,1500,1700,2600,3000,3000,293914,112,270.0,366.0977312669879,197.33566400009295,3041.1238070000763,4513.279496723531
1776357796,0,,Aggregated,784.600000,0.000000,270,310,350,380,520,980,1500,1700,2600,3000,3000,293914,112,270.0,366.0977312669879,197.33566400009295,3041.1238070000763,4513.279496723531
1776357797,0,,Aggregated,784.600000,0.000000,270,310,350,380,520,980,1500,1700,2600,3000,3000,293914,112,270.0,366.0977312669879,197.33566400009295,3041.1238070000763,4513.279496723531
