Timestamp,User Count,Type,Name,Requests/s,Failures/s,50%,66%,75%,80%,90%,95%,98%,99%,99.9%,99.99%,100%,Total Request Count,Total Failure Count,Total Median Response Time,Total Average Response Time,Total Min Response Time,Total Max Response Time,Total Average Content Size
1776011251,0,,Aggregated,0.000000,0.000000,N/A,N/A,N/A,N/A,N/A,N/A,N/A,N/A,N/A,N/A,N/A,0,0,0,0.0,0,0,0
1776011252,10,,Aggregated,0.000000,0.000000,420,430,430,430,440,440,440,440,440,440,440,16,0,420.0,344.9519218749515,204.12281999961124,439.9649100005263,4515.0
1776011252,20,,Aggregated,0.000000,0.000000,230,420,420,420,430,450,450,460,460,460,460,51,0,230.0,299.50545274506095,204.12281999961124,464.30229999987205,4515.0
1776011253,30,,Aggregated,0.000000,0.000000,220,230,410,420,430,460,460,460,460,460,460,106,0,220.0,279.48066632072954,199.79740000053425,464.30229999987205,4515.0
1776011254,40,,Aggregated,16.000000,0.000000,220,230,250,410,430,450,460,460,530,530,530,181,1,220.0,268.2320397237198,199.79740000053425,526.5071899993927,4490.055248618784
1776011255,50,,Aggregated,29.500000,0.000000,220,230,240,250,420,440,460,530,530,530,530,272,7,220.0,260.74009863968115,198.6377800003538,534.0859699999783,4398.805147058823
1776011256,50,,Aggregated,42.000000,0.333333,230,230,240,240,420,440,460,460,530,530,530,372,7,230.0,253.39085543009816,198.6377800003538,534.0859699999783,4430.040322580645
1776011263,50,,Aggregated,44.100000,0.700000,230,230,240,240,410,430,450,460,530,530,530,466,7,230.0,248.6234314163033,198.6377800003538,534.0859699999783,4447.178111587983
1776011258,50,,Aggregated,60.800000,1.400000,230,230,240,240,340,420,450,460,530,530,530,551,7,230.0,247.914959927403,198.6377800003538,534.0859699999783,4457.640653357532
1776011259,50,,Aggregated,66.666667,1.166667,230,230,240,250,320,420,440,460,530,530,530,641,7,230.0,248.67804817472523,198.6377800003538,534.0859699999783,4465.6942277691105
1776011260,50,,Aggregated,71.714286,1.000000,230,230,240,250,290,420,440,460,530,530,530,737,7,230.0,246.66093238805328,198.6377800003538,534.0859699999783,4472.116689280869
1776011261,50,,Aggregated,75.875000,0.875000,230,230,240,250,290,410,440,460,530,530,530,835,7,230.0,246.02314948502448,198.6377800003538,534.0859699999783,4477.149700598802
1776011262,50,,Aggregated,78.222222,0.777778,230,230,240,250,290,410,440,450,530,530,530,928,7,230.0,244.93304794179946,198.6377800003538,534.0859699999783,4480.942887931034
1776011262,50,,Aggregated,78.222222,0.777778,230,230,240,240,280,400,430,450,530,530,530,1022,7,230.0,243.275434716233,198.6377800003538,534.0859699999783,4484.075342465753
1776011263,50,,Aggregated,80.000000,0.700000,230,230,240,240,280,370,430,450,530,530,530,1116,7,230.0,242.16806945339223,198.6377800003538,534.0859699999783,4486.680107526881
1776011264,50,,Aggregated,87.300000,0.700000,230,230,240,240,270,340,430,440,530,530,530,1211,7,230.0,241.09711445911284,198.6377800003538,534.0859699999783,4488.901734104046
1776011265,50,,Aggregated,94.200000,0.700000,230,230,240,240,270,320,420,440,530,530,530,1302,7,230.0,240.62926245774844,198.6377800003538,534.0859699999783,4490.725806451613
1776011266,50,,Aggregated,100.200000,0.600000,230,230,240,240,270,310,420,440,530,530,530,1401,7,230.0,240.15834969307127,198.6377800003538,534.0859699999783,4492.441113490364
1776011273,50,,Aggregated,66.900000,0.000000,230,230,240,240,270,300,420,440,530,530,530,1489,7,230.0,239.37289578240063,198.6377800003538,534.0859699999783,4493.77434519812
1776011268,50,,Aggregated,101.400000,0.000000,230,230,240,240,270,300,420,440,530,530,530,1582,7,230.0,239.383510379263,198.6377800003538,534.0859699999783,4495.022123893806
1776011269,50,,Aggregated,100.600000,0.000000,230,230,240,240,260,300,420,440,530,530,530,1682,7,230.0,238.79833535671182,198.6377800003538,534.0859699999783,4496.20986920333
1776011270,50,,Aggregated,102.400000,0.000000,230,230,240,240,260,300,420,440,530,530,530,1777,7,230.0,238.3326309510329,198.6377800003538,534.0859699999783,4497.214406302757
1776011271,50,,Aggregated,104.500000,0.000000,230,230,240,240,260,300,420,440,530,530,530,1873,7,230.0,237.69475263747174,198.6377800003538,534.0859699999783,4498.126001067806
1776011272,50,,Aggregated,103.800000,0.000000,230,230,240,240,260,300,420,440,530,530,530,1966,7,230.0,237.5207334180985,198.6377800003538,534.0859699999783,4498.924211597152
1776011272,50,,Aggregated,103.800000,0.000000,230,230,240,240,260,290,410,430,530,530,530,2066,7,230.0,237.0115956776265,198.6377800003538,534.0859699999783,4499.702323330106
1776011273,50,,Aggregated,103.500000,0.000000,230,230,240,240,260,290,410,430,530,530,530,2154,7,230.0,236.79802646238633,198.6377800003538,534.0859699999783,4500.32729805014
1776011274,50,,Aggregated,104.600000,0.000000,230,230,240,240,260,290,410,430,530,530,530,2246,7,230.0,236.9290070035552,198.6377800003538,534.0859699999783,4500.928317008014
1776011275,50,,Aggregated,104.200000,0.000000,230,230,240,240,260,290,410,430,530,530,530,2338,7,230.0,236.80167085970305,198.6377800003538,534.0859699999783,4501.482035928144
1776011276,50,,Aggregated,102.700000,0.000000,230,230,240,240,260,290,410,430,530,530,530,2431,7,230.0,237.02245642533777,198.6377800003538,534.0859699999783,4501.999177293295
1776011283,50,,Aggregated,66.000000,0.000000,230,230,240,240,260,290,410,430,530,530,530,2519,7,230.0,236.7058775982512,198.6377800003538,534.0859699999783,4502.453354505757
1776011278,50,,Aggregated,102.300000,0.000000,230,230,240,240,260,290,410,430,530,530,530,2615,7,230.0,236.47105338431953,198.6377800003538,534.0859699999783,4502.91395793499
1776011279,50,,Aggregated,102.300000,0.000000,230,230,240,240,260,290,410,430,530,530,530,2710,7,230.0,236.22148637269294,198.6377800003538,534.0859699999783,4503.337638376383
1776011280,50,,Aggregated,102.300000,0.000000,230,230,230,240,260,290,410,420,530,530,530,2801,7,230.0,235.91390480185586,198.6377800003538,534.0859699999783,4503.716529810782
1776011281,50,,Aggregated,102.600000,0.000000,230,230,240,240,260,290,400,420,530,530,530,2898,7,230.0,236.14062290200036,198.6377800003538,534.0859699999783,4504.094202898551
1776011282,50,,Aggregated,102.400000,0.000000,230,230,230,240,260,290,400,420,530,530,530,2994,7,230.0,235.95399923847708,198.6377800003538,534.0859699999783,4504.443887775551
1776011282,50,,Aggregated,102.400000,0.000000,230,230,240,240,260,290,400,420,460,530,530,3081,7,230.0,236.43481005842318,198.6377800003538,534.0859699999783,4504.7419668938655
1776011283,50,,Aggregated,102.300000,0.000000,230,230,240,240,270,300,400,420,460,530,530,3167,7,230.0,237.53364620776983,198.6377800003538,534.0859699999783,4505.020524155352
1776011284,50,,Aggregated,101.800000,0.000000,230,230,240,240,270,300,400,420,480,530,530,3266,7,230.0,237.71278506123846,198.6377800003538,534.0859699999783,4505.3230251071645
1776011285,50,,Aggregated,101.400000,0.000000,230,230,240,240,270,300,400,420,510,530,530,3345,7,230.0,238.58420870553226,198.6377800003538,534.0859699999783,4505.551569506726
1776011286,50,,Aggregated,101.400000,0.000000,230,230,240,240,270,310,410,430,510,530,530,3444,7,230.0,239.39712544715647,198.6377800003538,534.0859699999783,4505.823170731707
1776011287,50,,Aggregated,101.400000,0.000000,230,230,240,240,270,310,400,420,510,530,530,3538,7,230.0,239.4995449802168,198.6377800003538,534.0859699999783,4506.066986998304
1776011288,50,,Aggregated,100.900000,0.000000,230,230,240,240,270,310,400,420,510,530,530,3629,7,230.0,239.33335129512471,198.6377800003538,534.0859699999783,4506.290989253238
1776011289,50,,Aggregated,101.500000,0.000000,230,230,240,240,270,310,400,420,510,530,530,3731,7,230.0,239.0171400536074,198.6377800003538,534.0859699999783,4506.529080675422
1776011290,50,,Aggregated,100.600000,0.000000,230,230,240,240,270,310,400,420,510,530,530,3825,7,230.0,238.86697220653954,198.6377800003538,534.0859699999783,4506.737254901961
1776011291,50,,Aggregated,99.900000,0.000000,230,230,240,240,270,300,400,420,510,530,530,3920,7,230.0,238.61746178061603,198.6377800003538,534.0859699999783,4506.9375
1776011292,50,,Aggregated,101.000000,0.000000,230,230,240,240,270,310,400,420,480,530,530,4009,7,230.0,238.7426225168398,198.6377800003538,534.0859699999783,4507.11648790222
1776011292,50,,Aggregated,101.000000,0.000000,230,230,240,240,270,300,400,420,480,530,530,4102,7,230.0,238.71359612871882,198.6377800003538,534.0859699999783,4507.295221843004
1776011293,50,,Aggregated,101.100000,0.000000,230,230,240,240,270,310,400,420,480,530,530,4192,7,230.0,239.1977152838755,198.6377800003538,534.0859699999783,4507.460639312977
1776011294,50,,Aggregated,100.700000,0.000000,230,230,240,240,270,310,400,420,480,530,530,4287,7,230.0,239.17884960345324,198.6377800003538,534.0859699999783,4507.627711686494
1776011295,50,,Aggregated,100.500000,0.000000,230,230,240,240,270,310,400,420,480,530,530,4385,7,230.0,239.06582854276022,198.6377800003538,534.0859699999783,4507.7924743443555
1776011296,50,,Aggregated,102.300000,0.000000,230,230,240,240,270,310,400,420,480,530,530,4480,7,230.0,238.83722551562573,198.6377800003538,534.0859699999783,4507.9453125
1776011297,50,,Aggregated,102.200000,0.000000,230,230,240,240,270,310,390,420,480,530,530,4575,7,230.0,238.6573419759558,198.6377800003538,534.0859699999783,4508.0918032786885
1776011298,50,,Aggregated,103.100000,0.000000,230,230,240,240,270,300,390,420,480,530,530,4669,7,230.0,238.44917884343462,198.6377800003538,534.0859699999783,4508.230884557721
1776011299,50,,Aggregated,103.200000,0.000000,230,230,240,240,270,300,390,420,480,530,530,4764,7,230.0,238.17754066120762,198.6377800003538,534.0859699999783,4508.365869017633
1776011300,50,,Aggregated,103.400000,0.000000,230,230,240,240,270,300,390,420,480,530,530,4858,7,230.0,238.21144824619134,198.6377800003538,534.0859699999783,4508.49423631124
1776011301,50,,Aggregated,103.600000,0.000000,230,230,240,240,270,300,390,420,480,530,530,4952,7,230.0,237.99206432350516,198.6377800003538,534.0859699999783,4508.617730210016
1776011302,50,,Aggregated,102.400000,0.000000,230,230,240,240,270,300,390,420,480,530,530,5042,7,230.0,237.89487821301023,198.6377800003538,534.0859699999783,4508.731654105513
1776011302,50,,Aggregated,102.400000,0.000000,230,230,240,240,270,300,390,420,480,530,530,5140,7,230.0,237.79675903307344,198.6377800003538,534.0859699999783,4508.851167315175
1776011303,50,,Aggregated,102.600000,0.000000,230,230,240,240,270,300,380,420,480,530,530,5232,7,230.0,237.62568823776837,198.6377800003538,534.0859699999783,4508.959288990825
1776011304,50,,Aggregated,102.300000,0.000000,230,230,240,240,270,300,380,420,480,530,530,5329,7,230.0,237.50881286920747,198.6377800003538,534.0859699999783,4509.069243760556
1776011305,50,,Aggregated,103.900000,0.000000,230,230,240,240,270,300,380,420,480,530,530,5423,7,230.0,237.4244747870192,198.6377800003538,534.0859699999783,4509.172044993546
1776011306,80,,Aggregated,103.700000,0.000000,230,230,240,240,270,300,400,430,530,610,610,5557,7,230.0,238.666804169516,198.6377800003538,614.4475700002658,4509.31257872953
1776011307,140,,Aggregated,103.500000,0.000000,230,230,240,240,280,330,440,490,700,740,740,5773,7,230.0,242.80274896067988,198.6377800003538,735.7109099993977,4509.525376753854
1776011308,170,,Aggregated,103.300000,0.000000,230,230,240,250,290,350,440,530,710,740,740,6034,7,230.0,245.8295208037792,198.6377800003538,735.7109099993977,4509.762180974478
1776011309,230,,Aggregated,108.800000,0.000000,230,230,240,250,310,420,510,630,880,950,950,6314,7,230.0,253.55091015679446,198.6377800003538,949.561690000337,4509.994456762749
1776011310,260,,Aggregated,128.400000,0.000000,230,240,250,270,380,480,640,710,1100,1100,1100,6610,7,230.0,265.6789126096804,198.6377800003538,1131.683630000225,4510.21860816944
1776011311,290,,Aggregated,145.200000,0.000000,230,240,260,280,430,580,760,870,1600,1700,1700,6898,7,230.0,280.7634977921102,198.6377800003538,1661.781439999686,4510.4182371701945
1776011312,320,,Aggregated,166.400000,0.000000,230,240,270,300,490,680,900,980,1700,2000,2000,7173,7,230.0,300.0607410595251,198.6377800003538,1989.6296200004144,4510.593893768298
1776011312,380,,Aggregated,166.400000,0.000000,230,250,290,350,560,820,940,1000,2000,2000,2000,7445,7,230.0,319.5909349670891,198.6377800003538,1991.693550000491,4510.754869039624
1776011313,405,,Aggregated,185.400000,0.000000,230,250,300,410,680,890,1100,1200,2000,2100,2100,7664,7,230.0,341.2009523173232,198.6377800003538,2090.7123599999977,4510.876174321503
1776011314,417,,Aggregated,203.600000,0.000000,230,260,340,450,830,960,1300,1600,2900,3000,3000,7897,7,230.0,367.7655069887264,198.6377800003538,2958.080289999998,4510.997847283778
1776011315,428,,Aggregated,224.500000,0.000000,230,270,410,500,860,1100,1800,1900,3200,3400,3400,8169,11,230.0,403.1632789349952,198.6377800003538,3448.3697599998777,4508.920308483291
1776011316,439,,Aggregated,241.500000,0.000000,230,280,450,570,880,1300,1900,2000,3500,4000,4000,8404,14,230.0,429.2583989005214,198.6377800003538,3989.936499999203,4507.478581627796
1776011317,450,,Aggregated,254.000000,0.000000,240,300,490,680,930,1700,1900,2100,4000,4100,4100,8664,24,240.0,460.7819059095094,198.6377800003538,4057.846649999192,4502.4930747922435
1776011318,460,,Aggregated,271.600000,0.400000,240,330,520,710,960,1800,2000,2100,4000,5000,5000,8980,47,240.0,485.2239976959919,198.6377800003538,4963.021030000164,4491.369153674833
1776011319,470,,Aggregated,280.700000,0.700000,240,390,550,730,1000,1900,2100,2200,4000,5000,5000,9275,72,240.0,505.1567519072782,198.6377800003538,4963.021030000164,4479.950943396227
1776011320,479,,Aggregated,285.200000,3.200000,240,430,610,760,1100,1900,2200,2500,4200,5000,5000,9541,99,240.0,526.1280287391272,198.6377800003538,4963.021030000164,4468.151137197358
1776011321,488,,Aggregated,294.600000,5.500000,240,450,640,780,1200,1900,2400,2900,4700,5600,5600,9778,129,240.0,542.480715274086,198.6377800003538,5625.851990000228,4455.434137860503
1776011322,497,,Aggregated,290.700000,8.200000,240,470,680,810,1400,2000,2800,3200,4700,5600,5600,10036,171,240.0,568.7433542377445,198.6377800003538,5625.851990000228,4438.070446392985
1776011322,504,,Aggregated,290.700000,8.200000,250,500,720,840,1600,2100,3100,3400,5200,6100,6100,10310,204,250.0,602.3642594005825,198.6377800003538,6144.078819999777,4425.663433559651
1776011323,512,,Aggregated,285.300000,11.200000,250,510,760,860,1800,2200,3200,3500,5200,6100,6100,10558,243,250.0,626.3084032866069,198.6377800003538,6144.078819999777,4411.084012123508
1776011324,518,,Aggregated,283.900000,15.100000,250,530,790,880,1800,2500,3300,3500,5600,6500,6900,10821,271,250.0,651.9154689612784,198.6377800003538,6942.010790000495,4401.926808982534
1776011325,524,,Aggregated,283.800000,18.600000,260,560,820,930,1900,2800,3300,3500,6000,7300,7300,11110,295,260.0,682.2978960792084,197.61280000057013,7257.3750700003075,4395.114761476148
1776011326,530,,Aggregated,288.200000,22.700000,260,610,850,970,1900,2800,3200,3500,6100,7300,7300,11402,322,260.0,704.5334090150855,197.61280000057013,7257.3750700003075,4387.49342220663
1776011327,535,,Aggregated,292.900000,25.100000,270,640,870,1000,2000,2800,3300,3500,6100,7300,7300,11696,338,270.0,728.8942775179548,197.61280000057013,7257.3750700003075,4384.52205882353
1776011328,539,,Aggregated,294.400000,27.500000,280,680,910,1100,2100,2800,3200,3500,6000,7300,7300,12035,353,280.0,749.504747216452,197.61280000057013,7257.3750700003075,4382.57000415455
1776011329,542,,Aggregated,300.500000,29.500000,280,710,950,1100,2100,2800,3200,3500,6000,7300,7300,12355,358,280.0,766.676600280048,197.61280000057013,7257.3750700003075,4384.172804532578
1776011330,545,,Aggregated,303.600000,29.200000,290,760,1000,1200,2000,2800,3200,3500,6000,7300,7300,12687,358,290.0,781.3574432789451,197.61280000057013,7257.3750700003075,4387.596358477182
1776011331,547,,Aggregated,305.400000,29.000000,300,790,1100,1200,2000,2700,3200,3500,5900,7300,7300,13051,358,300.0,795.5707211677261,197.61280000057013,7257.3750700003075,4391.149720327944
1776011332,549,,Aggregated,312.700000,26.400000,310,820,1100,1300,2000,2700,3200,3500,5900,7300,7300,13361,358,310.0,808.0090240356266,197.61280000057013,7257.3750700003075,4394.023276700846
1776011332,549,,Aggregated,312.700000,26.400000,330,840,1100,1300,2000,2700,3200,3500,5900,7300,7300,13651,358,330.0,821.1232850040292,197.61280000057013,7257.3750700003075,4396.593289868874
1776011333,549,,Aggregated,323.500000,23.400000,360,860,1200,1600,2000,2700,3200,3500,5900,7300,7300,14006,358,360.0,838.9862585434804,197.61280000057013,7257.3750700003075,4399.59445951735
1776011334,549,,Aggregated,330.300000,19.500000,400,890,1200,1700,2100,2600,3200,3500,5900,7300,7300,14331,358,400.0,851.7343199120779,197.61280000057013,7257.3750700003075,4402.21163910404
1776011335,548,,Aggregated,333.400000,16.000000,420,920,1200,1800,2000,2600,3200,3500,5900,7300,7300,14641,358,420.0,861.2719730803888,197.61280000057013,7257.3750700003075,4404.599754115156
1776011336,546,,Aggregated,341.400000,12.400000,430,950,1300,1800,2000,2500,3200,3500,5900,7300,7300,14983,358,430.0,872.7501623760236,197.61280000057013,7257.3750700003075,4407.11973570046
1776011337,543,,Aggregated,348.100000,10.000000,450,1000,1300,1800,2000,2500,3200,3500,5900,7300,7300,15357,358,450.0,883.6343649306475,197.61280000057013,7257.3750700003075,4409.74702090252
1776011338,539,,Aggregated,353.000000,7.200000,470,1000,1400,1800,2000,2500,3200,3500,5900,7300,7300,15719,358,470.0,889.7390659692068,197.61280000057013,7257.3750700003075,4412.170939627203
1776011339,535,,Aggregated,356.000000,4.900000,480,1100,1400,1800,2000,2500,3200,3500,5800,7300,7300,16054,358,480.0,896.8371999364625,197.61280000057013,7257.3750700003075,4414.316681200947
1776011340,531,,Aggregated,363.400000,2.700000,500,1100,1400,1800,2000,2500,3200,3500,5800,7300,7300,16404,358,500.0,903.9888892190916,197.61280000057013,7257.3750700003075,4416.464886613021
1776011341,525,,Aggregated,363.300000,0.600000,510,1100,1500,1800,2000,2500,3200,3500,5800,7300,7300,16702,358,510.0,910.6557037097343,197.61280000057013,7257.3750700003075,4418.222967309304
1776011342,520,,Aggregated,368.200000,0.500000,520,1100,1600,1800,2000,2500,3200,3400,5800,7300,7300,16983,358,520.0,918.2879170335029,197.61280000057013,7257.3750700003075,4419.824236000706
1776011342,513,,Aggregated,368.200000,0.500000,530,1200,1600,1800,2000,2400,3200,3400,5800,7300,7300,17237,358,530.0,926.7982233120604,197.61280000057013,7257.3750700003075,4421.2267215872835
1776011343,506,,Aggregated,365.500000,0.500000,540,1200,1700,1800,2000,2400,3200,3400,5800,7300,7300,17511,358,540.0,937.5642882708003,197.61280000057013,7257.3750700003075,4422.694020901148
1776011344,498,,Aggregated,363.100000,0.500000,560,1200,1700,1800,2000,2500,3200,3400,5800,7300,7300,17805,358,560.0,947.7926528188702,197.61280000057013,7257.3750700003075,4424.218197135636
1776011345,490,,Aggregated,356.700000,0.500000,580,1200,1700,1800,2100,2500,3200,3400,5600,7300,7300,18056,358,580.0,954.8744731009084,197.61280000057013,7257.3750700003075,4425.4801727957465
1776011346,481,,Aggregated,349.700000,0.000000,600,1200,1700,1800,2100,2600,3200,3400,5600,7300,7300,18305,358,600.0,963.2901356126733,197.61280000057013,7257.3750700003075,4426.697896749522
1776011347,472,,Aggregated,346.100000,0.000000,630,1200,1700,1800,2100,2600,3100,3400,5600,7300,7300,18622,358,630.0,975.1514025383944,197.61280000057013,7257.3750700003075,4428.201052518527
1776011348,462,,Aggregated,338.700000,0.000000,650,1200,1700,1800,2100,2600,3100,3400,5600,7300,7300,18953,358,650.0,979.9468617121292,197.61280000057013,7257.3750700003075,4429.716931356514
1776011349,452,,Aggregated,330.900000,0.000000,670,1200,1700,1800,2100,2600,3100,3400,5600,7300,7300,19284,358,670.0,982.3247054215923,197.61280000057013,7257.3750700003075,4431.180771624145
1776011350,441,,Aggregated,323.700000,0.000000,690,1200,1700,1800,2100,2500,3100,3400,5600,7300,7300,19657,358,690.0,982.1867213766076,197.61280000057013,7257.3750700003075,4432.771277407539
1776011351,430,,Aggregated,325.800000,0.000000,680,1300,1700,1800,2100,2500,3100,3400,5600,6900,7300,20035,358,680.0,980.6436726418767,197.61280000057013,7257.3750700003075,4434.322685300724
1776011352,419,,Aggregated,323.200000,0.000000,690,1300,1700,1800,2100,2500,3000,3400,5600,6900,7300,20376,358,690.0,979.4952315851965,197.61280000057013,7257.3750700003075,4435.672850412249
1776011352,407,,Aggregated,323.200000,0.000000,700,1200,1600,1800,2100,2500,3000,3300,5600,6900,7300,20741,358,700.0,977.9365922443434,197.61280000057013,7257.3750700003075,4437.068849139386
1776011353,395,,Aggregated,328.700000,0.000000,700,1300,1600,1800,2000,2500,3000,3300,5600,6900,7300,21065,358,700.0,976.0779376344605,197.61280000057013,7257.3750700003075,4438.267505340613
1776011354,383,,Aggregated,334.000000,0.000000,690,1300,1600,1800,2000,2500,3000,3300,5600,6900,7300,21376,358,690.0,974.7025082260436,197.61280000057013,7257.3750700003075,4439.383888473054
1776011355,370,,Aggregated,346.900000,0.000000,690,1300,1600,1800,2000,2500,3000,3300,5600,6900,7300,21697,358,690.0,974.2525209609566,197.61280000057013,7257.3750700003075,4440.502604046643
1776011356,358,,Aggregated,352.500000,0.000000,700,1300,1600,1800,2000,2500,3000,3300,5500,6900,7300,22014,358,700.0,973.6395731157376,197.61280000057013,7257.3750700003075,4441.575361133824
1776011357,345,,Aggregated,354.800000,0.000000,700,1200,1600,1800,2000,2500,3000,3300,5500,6900,7300,22365,358,700.0,969.5907087408835,197.61280000057013,7257.3750700003075,4442.7276995305165
1776011358,332,,Aggregated,360.600000,0.000000,700,1200,1500,1800,2000,2500,3000,3300,5500,6900,7300,22693,358,700.0,966.5686917062467,197.61280000057013,7257.3750700003075,4443.772308641432
1776011359,319,,Aggregated,366.800000,0.000000,700,1200,1500,1700,2000,2400,3000,3300,5300,6900,7300,23053,358,700.0,960.8408314787603,197.61280000057013,7257.3750700003075,4444.884613716219
1776011360,305,,Aggregated,366.300000,0.000000,700,1200,1500,1700,2000,2400,3000,3300,5300,6900,7300,23385,358,700.0,955.9265818563132,197.61280000057013,7257.3750700003075,4445.880051314945
1776011361,292,,Aggregated,370.100000,0.000000,700,1200,1500,1700,2000,2400,2900,3300,5300,6900,7300,23716,358,700.0,950.722037416508,197.61280000057013,7257.3750700003075,4446.844746162928
1776011368,279,,Aggregated,242.700000,0.000000,700,1200,1500,1700,2000,2400,2900,3300,5300,6900,7300,24026,358,700.0,946.1858023432907,197.61280000057013,7257.3750700003075,4447.724132190127
1776011363,266,,Aggregated,366.700000,0.000000,700,1200,1500,1700,2000,2400,2900,3300,5300,6900,7300,24345,358,700.0,941.9372660907748,197.61280000057013,7257.3750700003075,4448.605668515095
1776011364,253,,Aggregated,364.200000,0.000000,700,1200,1400,1700,2000,2400,2900,3300,5300,6900,7300,24663,358,700.0,936.356880930945,197.61280000057013,7257.3750700003075,4449.461744313344
1776011365,240,,Aggregated,359.800000,0.000000,690,1200,1400,1700,2000,2400,2900,3300,5300,6900,7300,24941,358,690.0,932.127283446931,197.61280000057013,7257.3750700003075,4450.192253718777
1776011366,228,,Aggregated,359.000000,0.000000,690,1100,1400,1700,2000,2400,2900,3200,5300,6900,7300,25195,358,690.0,928.2863580329407,197.61280000057013,7257.3750700003075,4450.845604286565
1776011367,215,,Aggregated,356.600000,0.000000,690,1100,1400,1700,2000,2400,2900,3200,5300,6900,7300,25471,358,690.0,924.4202584009247,197.61280000057013,7257.3750700003075,4451.540771858192
1776011367,203,,Aggregated,356.600000,0.000000,670,1100,1400,1700,2000,2400,2900,3200,5300,6900,7300,25761,358,670.0,918.8367431652474,197.61280000057013,7257.3750700003075,4452.255153138465
1776011368,191,,Aggregated,350.000000,0.000000,650,1100,1400,1600,2000,2400,2900,3200,5300,6900,7300,26039,358,650.0,913.2244334237065,197.61280000057013,7257.3750700003075,4452.925035523637
1776011369,179,,Aggregated,347.200000,0.000000,640,1100,1400,1600,2000,2400,2900,3200,5300,6900,7300,26312,358,640.0,907.7747065760834,197.61280000057013,7257.3750700003075,4453.569093949529
1776011370,168,,Aggregated,342.200000,0.000000,630,1100,1400,1600,2000,2300,2900,3200,5300,6900,7300,26588,358,630.0,901.5942681401353,197.61280000057013,7257.3750700003075,4454.206785015796
1776011371,157,,Aggregated,329.400000,0.000000,620,1100,1400,1600,2000,2300,2900,3200,5300,6900,7300,26838,358,620.0,896.2725596095054,197.61280000057013,7257.3750700003075,4454.773082942097
1776011378,146,,Aggregated,198.200000,0.000000,600,1100,1400,1600,2000,2300,2900,3200,5300,6900,7300,27095,358,600.0,890.4571393105707,197.61280000057013,7257.3750700003075,4455.3443439749035
1776011373,136,,Aggregated,316.100000,0.000000,590,1100,1300,1600,2000,2300,2900,3200,5300,6900,7300,27331,358,590.0,884.9517051790971,197.61280000057013,7257.3750700003075,4455.859463612747
1776011374,126,,Aggregated,308.400000,0.000000,580,1100,1300,1600,2000,2300,2900,3200,5300,6900,7300,27566,359,580.0,879.6428289505161,127.12655999985145,7257.3750700003075,4456.199847638395
1776011375,117,,Aggregated,301.100000,0.000000,570,1000,1300,1600,2000,2300,2900,3200,5300,6900,7300,27767,359,570.0,875.1885991205363,127.12655999985145,7257.3750700003075,4456.625490690388
1776011376,108,,Aggregated,290.700000,0.100000,560,1000,1300,1600,2000,2300,2900,3200,5300,6900,7300,27962,359,560.0,871.1472455350091,127.12655999985145,7257.3750700003075,4457.032579929905
1776011377,100,,Aggregated,283.700000,0.100000,550,1000,1300,1500,2000,2300,2900,3200,5300,6900,7300,28151,359,550.0,866.9282834332682,127.12655999985145,7257.3750700003075,4457.421761216297
1776011377,93,,Aggregated,283.700000,0.100000,540,1000,1300,1500,2000,2300,2900,3200,5300,6900,7300,28323,359,540.0,863.0785969014556,127.12655999985145,7257.3750700003075,4457.771422518801
1776011378,86,,Aggregated,278.000000,0.100000,530,1000,1300,1500,2000,2300,2900,3200,5300,6900,7300,28490,359,530.0,859.3745122316571,127.12655999985145,7257.3750700003075,4458.106879606879
1776011379,79,,Aggregated,267.500000,0.100000,520,990,1300,1500,2000,2300,2900,3200,5300,6900,7300,28632,359,520.0,856.2483866624725,127.12655999985145,7257.3750700003075,4458.389040234702
1776011380,73,,Aggregated,255.500000,0.100000,520,980,1300,1500,1900,2300,2900,3200,5300,6900,7300,28772,359,520.0,853.2243239030973,127.12655999985145,7257.3750700003075,4458.664500208536
1776011381,68,,Aggregated,243.800000,0.100000,510,970,1300,1500,1900,2300,2900,3200,5300,6900,7300,28910,359,510.0,850.268794746452,127.12655999985145,7257.3750700003075,4458.933414043584
1776011388,63,,Aggregated,114.100000,0.000000,510,970,1300,1500,1900,2300,2900,3200,5200,6900,7300,29022,359,510.0,847.8735634725363,127.12655999985145,7257.3750700003075,4459.149782923299
1776011383,59,,Aggregated,217.700000,0.100000,510,960,1300,1500,1900,2300,2800,3200,5200,6900,7300,29138,359,510.0,845.4027784288543,127.12655999985145,7257.3750700003075,4459.372125746448
1776011384,56,,Aggregated,204.900000,0.100000,500,960,1300,1500,1900,2300,2800,3200,5200,6900,7300,29246,359,500.0,843.1278431317094,127.12655999985145,7257.3750700003075,4459.577549066539
1776011385,53,,Aggregated,188.900000,0.100000,500,950,1300,1500,1900,2300,2800,3200,5200,6900,7300,29343,359,500.0,841.094257361891,127.12655999985145,7257.3750700003075,4459.76076065842
1776011386,51,,Aggregated,173.900000,0.000000,490,950,1300,1500,1900,2300,2800,3200,5200,6900,7300,29443,359,490.0,839.0229053336938,127.12655999985145,7257.3750700003075,4459.9483748259345
1776011387,50,,Aggregated,162.000000,0.000000,490,950,1300,1500,1900,2300,2800,3200,5200,6900,7300,29535,359,490.0,837.1253453854735,127.12655999985145,7257.3750700003075,4460.119857795836
1776011387,50,,Aggregated,162.000000,0.000000,490,940,1300,1500,1900,2300,2800,3200,5200,6900,7300,29633,359,490.0,835.1265743198456,127.12655999985145,7257.3750700003075,4460.301353221071
1776011388,50,,Aggregated,152.700000,0.000000,480,940,1300,1500,1900,2300,2800,3200,5200,6900,7300,29723,359,480.0,833.297328925747,127.12655999985145,7257.3750700003075,4460.4669784342095
1776011389,50,,Aggregated,143.400000,0.000000,480,940,1300,1500,1900,2300,2800,3200,5200,6900,7300,29811,381,480.0,831.6243003840862,46.30328999974154,7257.3750700003075,4457.295964576834
1776011390,52,,Aggregated,132.800000,0.000000,470,930,1300,1500,1900,2300,2800,3200,5200,6900,7300,29905,381,470.0,829.8383208861383,46.30328999974154,7257.3750700003075,4457.477344925598
1776011391,54,,Aggregated,122.800000,1.300000,470,930,1300,1500,1900,2300,2800,3200,5200,6900,7300,30008,381,470.0,827.7742827932541,46.30328999974154,7257.3750700003075,4457.674786723541
1776011398,57,,Aggregated,69.700000,2.200000,460,930,1200,1500,1900,2300,2800,3200,5200,6900,7300,30110,381,460.0,825.7560284400524,46.30328999974154,7257.3750700003075,4457.868980405181
1776011393,61,,Aggregated,112.400000,2.200000,460,920,1200,1500,1900,2200,2800,3200,5200,6900,7300,30226,381,460.0,823.4809279822,46.30328999974154,7257.3750700003075,4458.088235294118
1776011394,65,,Aggregated,109.800000,2.200000,450,920,1200,1500,1900,2200,2800,3200,5200,6900,7300,30345,381,450.0,821.1667163097705,46.30328999974154,7257.3750700003075,4458.311418685121
1776011395,70,,Aggregated,108.400000,2.200000,450,920,1200,1500,1900,2200,2800,3200,5200,6900,7300,30477,381,450.0,818.6293570380935,46.30328999974154,7257.3750700003075,4458.55694458116
1776011396,75,,Aggregated,107.400000,2.200000,440,910,1200,1500,1900,2200,2800,3200,5200,6900,7300,30619,381,440.0,815.9128412871083,46.30328999974154,7257.3750700003075,4458.818707338581
1776011397,81,,Aggregated,111.400000,2.200000,440,910,1200,1500,1900,2200,2800,3200,5200,6900,7300,30774,381,440.0,813.0215561480463,46.30328999974154,7257.3750700003075,4459.101676740105
1776011397,88,,Aggregated,111.400000,2.200000,430,900,1200,1400,1900,2200,2800,3200,5200,6900,7300,30937,381,430.0,809.9752017011987,46.30328999974154,7257.3750700003075,4459.396192261693
1776011398,95,,Aggregated,115.100000,2.200000,430,900,1200,1400,1900,2200,2800,3200,5200,6900,7300,31117,381,430.0,806.7470148764344,46.30328999974154,7257.3750700003075,4459.717839123309
1776011399,103,,Aggregated,121.400000,2.200000,420,890,1200,1400,1900,2200,2800,3200,5200,6900,7300,31301,381,420.0,803.61262917351,46.30328999974154,7257.3750700003075,4460.042810133861
1776011400,111,,Aggregated,130.500000,2.200000,420,890,1200,1400,1900,2200,2800,3200,5200,6900,7300,31449,381,420.0,801.5062594613512,46.30328999974154,7257.3750700003075,4460.301440427359
1776011401,120,,Aggregated,139.100000,0.900000,420,880,1200,1400,1900,2200,2800,3200,5200,6900,7300,31589,381,420.0,800.2498221070641,46.30328999974154,7257.3750700003075,4460.5438602045015
1776011408,130,,Aggregated,113.300000,0.000000,430,880,1200,1400,1900,2200,2800,3200,5200,6900,7300,31695,381,430.0,799.8208916172912,46.30328999974154,7257.3750700003075,4460.725982016091
1776011403,140,,Aggregated,152.800000,0.000000,430,880,1200,1400,1900,2200,2800,3200,5200,6900,7300,31815,381,430.0,799.8929281995933,46.30328999974154,7257.3750700003075,4460.930693069307
1776011404,150,,Aggregated,156.700000,0.000000,430,880,1200,1400,1900,2200,2800,3200,5200,6900,7300,31904,381,430.0,800.4520133346938,46.30328999974154,7257.3750700003075,4461.081525827482
1776011405,161,,Aggregated,158.300000,0.000000,430,890,1200,1400,1900,2200,2800,3200,5200,6900,7300,32001,381,430.0,802.0762337289477,46.30328999974154,7257.3750700003075,4461.244961094966
1776011406,172,,Aggregated,157.000000,0.000000,440,890,1200,1400,1900,2200,2800,3200,5200,6900,7300,32066,381,440.0,803.383321369677,46.30328999974154,7257.3750700003075,4461.353926277054
1776011407,183,,Aggregated,152.600000,0.000000,440,890,1200,1400,1900,2200,2800,3200,5200,6900,7300,32161,381,440.0,805.4300604869277,46.30328999974154,7257.3750700003075,4461.512390783869
1776011407,195,,Aggregated,152.600000,0.000000,440,900,1200,1400,1900,2200,2800,3200,5200,6900,7300,32249,381,440.0,808.7618984095651,46.30328999974154,7257.3750700003075,4461.658345995224
1776011408,207,,Aggregated,146.500000,0.000000,440,910,1200,1400,1900,2200,2800,3200,5200,6900,7300,32334,381,440.0,811.4879346199066,46.30328999974154,7257.3750700003075,4461.798571163481
1776011409,219,,Aggregated,139.800000,0.000000,450,910,1200,1400,1900,2200,2800,3200,5200,6900,7300,32445,383,450.0,814.8190992772402,46.30328999974154,7257.3750700003075,4461.702265372168
1776011410,232,,Aggregated,129.700000,0.000000,450,920,1200,1500,1900,2200,2800,3200,5200,6900,7300,32546,394,450.0,817.4969486290192,46.30328999974154,7257.3750700003075,4460.341670251337
1776011411,245,,Aggregated,119.500000,0.200000,460,920,1300,1500,1900,2200,2800,3200,5200,6900,7300,32688,418,460.0,820.5586394716735,46.30328999974154,7257.3750700003075,4457.264133627019
1776011419,258,,Aggregated,79.700000,6.600000,460,930,1300,1500,1900,2200,2800,3200,5200,6900,7300,32840,454,460.0,823.6265247225958,46.30328999974154,7257.3750700003075,4452.581912302071
1776011413,271,,Aggregated,112.000000,2.600000,460,930,1300,1500,1900,2200,2900,3200,5200,6900,7300,32976,495,460.0,825.7040083227213,46.30328999974154,7257.3750700003075,4447.225709606987
1776011414,284,,Aggregated,112.200000,5.400000,460,940,1300,1500,1900,2200,2900,3200,5000,6900,7300,33165,553,460.0,828.5885437877298,46.30328999974154,7257.3750700003075,4439.715965626413
1776011415,297,,Aggregated,115.800000,9.600000,470,940,1300,1500,1900,2200,2900,3200,5000,6900,7300,33336,611,470.0,831.4143650413981,46.30328999974154,7257.3750700003075,4432.246670266379
1776011416,310,,Aggregated,120.500000,14.800000,470,950,1300,1500,1900,2200,2900,3200,5000,6900,7300,33579,692,470.0,834.325488747731,46.30328999974154,7257.3750700003075,4421.954346466541
1776011417,323,,Aggregated,129.700000,20.400000,470,960,1300,1500,1900,2200,2900,3200,5000,6900,7300,33782,779,470.0,835.0290116221674,46.30328999974154,7257.3750700003075,4410.885826771653
1776011417,336,,Aggregated,129.700000,20.400000,470,960,1300,1500,1900,2200,2900,3200,5000,6900,7300,34002,860,470.0,837.3227121298758,46.30328999974154,7257.3750700003075,4400.803776248456
1776011418,349,,Aggregated,143.600000,27.800000,470,970,1300,1500,1900,2200,2900,3200,5000,6900,7300,34229,972,470.0,838.7025275973604,46.30328999974154,7257.3750700003075,4386.787665429899
1776011419,362,,Aggregated,157.600000,36.200000,480,980,1300,1600,1900,2200,2900,3200,5000,6900,7300,34457,1072,480.0,841.4079821571833,46.30328999974154,7257.3750700003075,4374.532750964971
1776011420,375,,Aggregated,172.500000,46.500000,480,990,1400,1600,1900,2200,2900,3200,5000,6900,7300,34759,1192,480.0,844.5064976765743,46.30328999974154,7257.3750700003075,4360.16585632498
1776011421,387,,Aggregated,187.000000,57.100000,480,1000,1400,1600,1900,2200,2900,3300,4900,6900,7300,35028,1292,480.0,846.5219273035872,46.30328999974154,7257.3750700003075,4348.4652278177455
1776011429,399,,Aggregated,152.500000,60.800000,480,1000,1400,1600,1900,2200,2900,3300,4900,6900,7300,35257,1365,480.0,848.3323692234186,46.30328999974154,7257.3750700003075,4340.198542133477
1776011423,411,,Aggregated,217.400000,77.400000,490,1000,1400,1600,1900,2200,2900,3300,4900,6900,7300,35483,1393,490.0,851.4523142025786,46.30328999974154,7257.3750700003075,4337.749062931544
1776011424,423,,Aggregated,229.700000,84.200000,490,1000,1400,1600,1900,2200,2900,3300,4900,6900,7300,35729,1393,490.0,854.5979829415905,46.30328999974154,7257.3750700003075,4338.969464580593
1776011425,434,,Aggregated,239.200000,87.100000,490,1100,1400,1600,1900,2200,2900,3300,4900,6900,7300,36046,1393,490.0,857.9594300829523,46.30328999974154,7257.3750700003075,4340.517533152083
1776011426,445,,Aggregated,251.300000,83.900000,490,1100,1400,1600,1900,2200,2900,3300,4900,6900,7300,36373,1393,490.0,861.342370346963,46.30328999974154,7257.3750700003075,4342.086162813076
1776011427,455,,Aggregated,266.600000,79.200000,490,1100,1400,1600,1900,2200,2900,3300,4900,6900,7300,36723,1393,490.0,862.7822116139773,46.30328999974154,7257.3750700003075,4343.734172044768
1776011427,465,,Aggregated,266.600000,79.200000,490,1100,1400,1600,1900,2200,2900,3300,4900,6900,7300,37078,1393,490.0,863.6574345258673,46.30328999974154,7257.3750700003075,4345.3739414207885
1776011428,475,,Aggregated,274.700000,71.800000,490,1100,1400,1600,1900,2200,2900,3300,4900,6900,7300,37411,1393,490.0,864.3876398735688,46.30328999974154,7257.3750700003075,4346.8838042287025
1776011429,484,,Aggregated,288.000000,63.400000,490,1100,1400,1600,1900,2200,2900,3300,4900,6900,7300,37855,1393,490.0,867.203230822615,46.30328999974154,7257.3750700003075,4348.855633337736
1776011430,493,,Aggregated,305.400000,53.100000,490,1100,1400,1600,1900,2200,2900,3300,4900,6900,7300,38282,1393,490.0,866.7766507055561,46.30328999974154,7257.3750700003075,4350.708818765999
1776011431,501,,Aggregated,316.900000,43.600000,490,1100,1400,1600,1900,2200,2900,3300,4900,6900,7300,38662,1393,490.0,866.3257997219514,46.30328999974154,7257.3750700003075,4352.323599399928
1776011439,508,,Aggregated,244.500000,1.600000,490,1100,1500,1600,1900,2200,2900,3300,4900,6900,7300,39103,1393,490.0,866.2010114438818,46.30328999974154,7257.3750700003075,4354.158248727719
1776011433,515,,Aggregated,352.600000,21.200000,490,1100,1500,1600,1900,2100,2900,3300,4900,6900,7300,39523,1393,490.0,866.2866091678288,46.30328999974154,7257.3750700003075,4355.867469574678
1776011434,522,,Aggregated,366.800000,11.600000,480,1100,1500,1600,1900,2100,2900,3300,4800,6800,7300,40005,1393,480.0,866.9216488638932,46.30328999974154,7257.3750700003075,4357.784776902887
1776011435,527,,Aggregated,386.300000,4.500000,480,1100,1500,1600,1900,2100,2800,3300,4800,6800,7300,40483,1393,480.0,866.7103357130162,46.30328999974154,7257.3750700003075,4359.641083911765
1776011436,532,,Aggregated,405.800000,2.500000,480,1100,1500,1600,1900,2100,2800,3300,4800,6800,7300,40957,1393,480.0,866.0873405154192,46.30328999974154,7257.3750700003075,4361.4390702444025
1776011437,537,,Aggregated,425.000000,1.600000,480,1100,1500,1600,1900,2100,2800,3300,4700,6800,7300,41421,1393,480.0,865.1736624152018,46.30328999974154,7257.3750700003075,4363.159267038459
1776011437,541,,Aggregated,425.000000,1.600000,470,1100,1500,1600,1900,2100,2800,3200,4700,6800,7300,41926,1393,470.0,864.627243774985,46.30328999974154,7257.3750700003075,4364.988193483757
1776011438,544,,Aggregated,441.800000,1.600000,470,1100,1500,1600,1900,2100,2800,3200,4700,6800,7300,42434,1393,470.0,863.8974548779307,46.30328999974154,7257.3750700003075,4366.784064665127
1776011439,546,,Aggregated,454.600000,1.600000,470,1100,1500,1600,1900,2100,2800,3200,4700,6800,7300,42939,1393,470.0,862.5755697270577,46.30328999974154,7257.3750700003075,4368.527213023126
1776011440,548,,Aggregated,475.500000,1.600000,460,1100,1500,1600,1900,2100,2800,3200,4700,6800,7300,43380,1393,460.0,861.3912392337498,46.30328999974154,7257.3750700003075,4370.016251728907
1776011441,549,,Aggregated,494.600000,0.300000,460,1100,1500,1600,1900,2100,2800,3200,4700,6800,7300,43829,1394,460.0,861.0694695046673,46.30328999974154,7257.3750700003075,4371.3985032740875
1776011449,549,,Aggregated,309.200000,0.100000,460,1100,1500,1600,1900,2100,2800,3200,4600,6800,7300,44310,1394,460.0,862.4820277944052,46.30328999974154,7257.3750700003075,4372.957345971564
1776011443,549,,Aggregated,505.600000,0.000000,450,1100,1500,1600,1900,2100,2800,3200,4600,6800,7300,44785,1394,450.0,862.8939577103964,46.30328999974154,7257.3750700003075,4374.463882996539
1776011444,548,,Aggregated,509.700000,0.100000,450,1200,1500,1600,1900,2100,2800,3200,4600,6800,7300,45275,1394,450.0,862.9183789784656,46.30328999974154,7257.3750700003075,4375.9848702374375
1776011445,547,,Aggregated,521.200000,0.100000,440,1200,1500,1600,1900,2100,2800,3200,4600,6800,7300,45718,1394,440.0,862.393711490223,46.30328999974154,7257.3750700003075,4377.331904282777
1776011446,544,,Aggregated,524.600000,0.100000,440,1200,1500,1600,1900,2100,2800,3200,4600,6800,7300,46214,1394,440.0,862.861801286408,46.30328999974154,7257.3750700003075,4378.809451681309
1776011447,541,,Aggregated,525.200000,0.100000,440,1200,1500,1600,1900,2100,2800,3200,4600,6800,7300,46701,1394,440.0,862.883943140404,46.30328999974154,7257.3750700003075,4380.229652469969
1776011447,537,,Aggregated,525.200000,0.100000,440,1200,1500,1600,1900,2100,2800,3200,4500,6800,7300,47139,1394,440.0,862.2837201735306,46.30328999974154,7257.3750700003075,4381.481893973143
1776011448,533,,Aggregated,528.600000,0.100000,440,1200,1500,1600,1900,2100,2800,3200,4500,6800,7300,47541,1394,440.0,861.979757190216,46.30328999974154,7257.3750700003075,4382.610904272102
1776011449,528,,Aggregated,526.000000,0.100000,440,1200,1500,1600,1900,2100,2700,3200,4500,6800,7300,48103,1394,440.0,864.4082700640295,46.30328999974154,7257.3750700003075,4384.157640895578
1776011450,522,,Aggregated,518.300000,0.100000,440,1200,1500,1600,1900,2100,2700,3200,4500,6800,7300,48594,1394,440.0,862.5824634926144,46.30328999974154,7257.3750700003075,4385.479688850475
1776011451,516,,Aggregated,509.500000,0.100000,430,1200,1500,1600,1900,2100,2700,3200,4500,6800,7300,49074,1394,430.0,860.9588567180201,46.30328999974154,7257.3750700003075,4386.746546032522
1776011459,509,,Aggregated,303.200000,0.000000,430,1200,1500,1600,1900,2100,2700,3200,4500,6800,7300,49496,1394,430.0,859.9076002250721,46.30328999974154,7257.3750700003075,4387.840027476967
1776011453,502,,Aggregated,522.100000,0.100000,430,1200,1500,1600,1900,2100,2700,3200,4500,6800,7300,49953,1394,430.0,860.5016946898115,46.30328999974154,7257.3750700003075,4389.003363161371
1776011454,494,,Aggregated,525.100000,0.000000,430,1200,1500,1600,1900,2100,2700,3200,4500,6600,7300,50442,1394,430.0,860.1380507856587,46.30328999974154,7257.3750700003075,4390.22481265612
1776011455,485,,Aggregated,517.600000,0.000000,430,1200,1500,1600,1900,2100,2700,3200,4500,6600,7300,50925,1394,430.0,859.0650437885156,46.30328999974154,7257.3750700003075,4391.408247422681
1776011456,476,,Aggregated,519.500000,0.000000,430,1200,1500,1600,1900,2100,2700,3200,4400,6600,7300,51357,1394,430.0,857.6994642786802,46.30328999974154,7257.3750700003075,4392.447864945382
1776011457,467,,Aggregated,519.400000,0.000000,430,1200,1500,1600,1900,2100,2700,3200,4400,6600,7300,51793,1394,430.0,857.1085718807593,46.30328999974154,7257.3750700003075,4393.479524260035
1776011457,457,,Aggregated,519.400000,0.000000,430,1200,1500,1600,1900,2100,2700,3200,4400,6600,7300,52265,1394,430.0,856.5339525317162,46.30328999974154,7257.3750700003075,4394.576963551133
1776011458,446,,Aggregated,514.900000,0.000000,430,1200,1500,1600,1900,2100,2700,3200,4400,6600,7300,52678,1394,430.0,855.2765869569866,46.30328999974154,7257.3750700003075,4395.521090398269
1776011459,435,,Aggregated,512.200000,0.000000,430,1200,1500,1600,1900,2100,2700,3200,4400,6600,7300,53142,1394,430.0,854.1437564122557,46.30328999974154,7257.3750700003075,4396.564299424184
1776011460,424,,Aggregated,509.900000,0.000000,430,1200,1500,1600,1900,2100,2700,3200,4400,6600,7300,53462,1394,430.0,853.0001159382381,46.30328999974154,7257.3750700003075,4397.273203396805
1776011461,413,,Aggregated,509.000000,0.000000,430,1200,1500,1600,1900,2100,2700,3200,4400,6600,7300,53809,1394,430.0,853.6862467706162,46.30328999974154,7257.3750700003075,4398.032392350722
1776011462,401,,Aggregated,496.500000,0.000000,430,1200,1500,1600,1900,2100,2700,3200,4400,6600,7300,54141,1394,430.0,854.1032197454815,46.30328999974154,7257.3750700003075,4398.749653682053
1776011463,389,,Aggregated,477.400000,0.000000,430,1200,1500,1600,1900,2100,2700,3200,4400,6600,7300,54475,1394,430.0,854.5734172541547,46.30328999974154,7257.3750700003075,4399.4624139513535
1776011464,376,,Aggregated,465.200000,0.000000,430,1200,1500,1600,1900,2100,2700,3200,4400,6600,7300,54815,1394,430.0,854.9304586611343,46.30328999974154,7257.3750700003075,4400.179056827511
1776011465,364,,Aggregated,451.700000,0.000000,430,1200,1500,1600,1900,2100,2700,3200,4400,6600,7300,55130,1394,430.0,854.7802229002384,46.30328999974154,7257.3750700003075,4400.835116996191
1776011466,351,,Aggregated,437.400000,0.000000,430,1200,1500,1600,1900,2100,2700,3200,4400,6600,7300,55532,1394,430.0,854.3173554642398,46.30328999974154,7257.3750700003075,4401.66156450335
1776011467,338,,Aggregated,427.200000,0.000000,440,1200,1500,1600,1900,2100,2600,3200,4400,6600,7300,55926,1394,440.0,852.1763702678578,46.30328999974154,7257.3750700003075,4402.460036476773
1776011468,325,,Aggregated,419.300000,0.000000,440,1200,1500,1600,1900,2100,2600,3100,4300,6600,7300,56272,1394,440.0,850.6661143789129,46.30328999974154,7257.3750700003075,4403.152011657663
1776011469,312,,Aggregated,419.300000,0.000000,440,1200,1400,1600,1900,2100,2600,3100,4300,6600,7300,56616,1394,440.0,849.3076107738128,46.30328999974154,7257.3750700003075,4403.831602373887
1776011470,299,,Aggregated,403.300000,0.000000,450,1200,1400,1600,1900,2100,2600,3100,4300,6600,7300,56913,1394,450.0,848.2650390053266,46.30328999974154,7257.3750700003075,4404.411733698804
1776011471,285,,Aggregated,394.500000,0.000000,450,1100,1400,1600,1900,2100,2600,3100,4300,6600,7300,57265,1394,450.0,847.2969442076331,46.30328999974154,7257.3750700003075,4405.091504409325
1776011472,272,,Aggregated,380.700000,0.000000,450,1100,1400,1600,1900,2100,2600,3100,4300,6600,7300,57562,1394,450.0,845.4460454923411,46.30328999974154,7257.3750700003075,4405.658594211459
1776011472,259,,Aggregated,380.700000,0.000000,460,1100,1400,1600,1900,2100,2600,3100,4300,6600,7300,57816,1394,460.0,844.6491792846298,46.30328999974154,7257.3750700003075,4406.13895807389
1776011473,246,,Aggregated,384.000000,0.000000,460,1100,1400,1600,1900,2100,2600,3100,4300,6600,7300,58091,1394,460.0,843.9484533895121,46.30328999974154,7257.3750700003075,4406.654301010483
1776011474,233,,Aggregated,378.500000,0.000000,470,1100,1400,1600,1900,2100,2600,3100,4300,6600,7300,58343,1394,470.0,843.2557654798381,46.30328999974154,7257.3750700003075,4407.122276879832
1776011475,220,,Aggregated,371.400000,0.000000,460,1100,1400,1600,1900,2100,2600,3100,4300,6600,7300,58704,1394,460.0,840.5142318238994,46.30328999974154,7257.3750700003075,4407.78567048242
1776011476,208,,Aggregated,360.700000,0.000000,450,1100,1400,1600,1900,2100,2600,3100,4300,6600,7300,59033,1394,450.0,837.5920741412474,46.30328999974154,7257.3750700003075,4408.38319245168
1776011477,196,,Aggregated,356.000000,0.000000,450,1100,1400,1600,1900,2100,2600,3100,4300,6600,7300,59306,1394,450.0,835.9418851522662,46.30328999974154,7257.3750700003075,4408.873975651704
1776011478,184,,Aggregated,354.700000,0.000000,450,1100,1400,1600,1900,2100,2600,3100,4300,6600,7300,59578,1394,450.0,833.7166713867591,46.30328999974154,7257.3750700003075,4409.358488032495
1776011479,172,,Aggregated,341.000000,0.000000,450,1100,1400,1600,1900,2100,2600,3100,4300,6600,7300,59855,1394,450.0,831.6953835976994,46.30328999974154,7257.3750700003075,4409.847381171164
1776011480,161,,Aggregated,332.100000,0.000000,440,1100,1400,1600,1900,2100,2600,3100,4300,6500,7300,60143,1401,440.0,828.9869929754135,9.183239999401849,7257.3750700003075,4409.825416091649
1776011481,151,,Aggregated,323.800000,0.000000,430,1100,1400,1600,1900,2100,2600,3100,4300,6500,7300,60405,1401,430.0,826.4893300082822,9.183239999401849,7257.3750700003075,4410.281599205364
1776011482,140,,Aggregated,320.800000,0.600000,430,1100,1400,1600,1900,2100,2600,3100,4300,6500,7300,60628,1401,430.0,824.577988291224,9.183239999401849,7257.3750700003075,4410.666771128851
1776011482,130,,Aggregated,320.800000,0.600000,430,1100,1400,1600,1900,2000,2600,3100,4300,6500,7300,60823,1401,430.0,822.9660860797792,9.183239999401849,7257.3750700003075,4411.001265968466
1776011483,121,,Aggregated,312.900000,0.700000,420,1100,1400,1500,1900,2000,2500,3100,4200,6500,7300,61064,1401,420.0,820.7347470781538,9.183239999401849,7257.3750700003075,4411.411715577099
1776011484,112,,Aggregated,306.400000,0.700000,420,1100,1400,1500,1800,2000,2500,3100,4200,6500,7300,61277,1401,420.0,818.7055162837657,9.183239999401849,7257.3750700003075,4411.7717903944385
1776011485,104,,Aggregated,300.700000,0.700000,420,1000,1400,1500,1800,2000,2500,3100,4200,6500,7300,61467,1401,420.0,816.9139148356081,9.183239999401849,7257.3750700003075,4412.090878032115
1776011486,96,,Aggregated,296.000000,0.700000,410,1000,1400,1500,1800,2000,2500,3100,4200,6500,7300,61638,1401,410.0,815.2985938782948,9.183239999401849,7257.3750700003075,4412.376374963496
1776011487,88,,Aggregated,285.000000,0.700000,410,1000,1400,1500,1800,2000,2500,3100,4200,6500,7300,61800,1401,410.0,813.7550310216877,9.183239999401849,7257.3750700003075,4412.645388349514
1776011488,82,,Aggregated,266.600000,0.700000,410,1000,1400,1500,1800,2000,2500,3100,4200,6500,7300,61957,1401,410.0,812.2635706828983,9.183239999401849,7257.3750700003075,4412.9047565246865
1776011489,75,,Aggregated,259.300000,0.700000,400,1000,1400,1500,1800,2000,2500,3100,4200,6500,7300,62097,1401,400.0,810.9425284559693,9.183239999401849,7257.3750700003075,4413.134934054785
1776011490,70,,Aggregated,245.300000,0.700000,400,1000,1400,1500,1800,2000,2500,3000,4200,6500,7300,62230,1401,400.0,809.700565270132,9.183239999401849,7257.3750700003075,4413.352643419573
1776011491,65,,Aggregated,232.600000,0.700000,400,1000,1400,1500,1800,2000,2500,3000,4200,6500,7300,62353,1401,400.0,808.5743148554245,9.183239999401849,7257.3750700003075,4413.553157025323
1776011492,61,,Aggregated,216.800000,0.100000,400,1000,1400,1500,1800,2000,2500,3000,4200,6500,7300,62471,1401,400.0,807.4763129027912,9.183239999401849,7257.3750700003075,4413.744777576796
1776011492,57,,Aggregated,216.800000,0.100000,390,1000,1400,1500,1800,2000,2500,3000,4200,6500,7300,62580,1401,390.0,806.4621518841527,9.183239999401849,7257.3750700003075,4413.9211409395975
1776011493,54,,Aggregated,201.200000,0.000000,390,1000,1400,1500,1800,2000,2500,3000,4200,6500,7300,62684,1401,390.0,805.5010687856596,9.183239999401849,7257.3750700003075,4414.0888424478335
1776011494,52,,Aggregated,189.700000,0.000000,390,1000,1400,1500,1800,2000,2500,3000,4200,6500,7300,62785,1401,390.0,804.5738874075059,9.183239999401849,7257.3750700003075,4414.251174643625
1776011495,51,,Aggregated,177.600000,0.000000,390,1000,1400,1500,1800,2000,2500,3000,4200,6500,7300,62876,1401,390.0,803.7378373705426,9.183239999401849,7257.3750700003075,4414.396987721865
1776011496,50,,Aggregated,163.700000,0.000000,380,990,1400,1500,1800,2000,2500,3000,4200,6500,7300,62979,1401,380.0,802.7929159988284,9.183239999401849,7257.3750700003075,4414.561520506835
1776011497,50,,Aggregated,149.100000,0.000000,380,990,1400,1500,1800,2000,2500,3000,4200,6500,7300,63076,1401,380.0,801.9044248736482,9.183239999401849,7257.3750700003075,4414.715977550891
1776011498,50,,Aggregated,140.700000,0.000000,380,990,1400,1500,1800,2000,2500,3000,4200,6500,7300,63175,1401,380.0,801.0019689044757,9.183239999401849,7257.3750700003075,4414.873130193906
1776011499,51,,Aggregated,133.400000,0.000000,380,980,1400,1500,1800,2000,2500,3000,4200,6500,7300,63268,1401,380.0,800.1583306581572,9.183239999401849,7257.3750700003075,4415.0203104254915
1776011500,53,,Aggregated,126.100000,0.000000,370,980,1400,1500,1800,2000,2500,3000,4200,6500,7300,63369,1401,370.0,799.2473340994859,9.183239999401849,7257.3750700003075,4415.179661979832
1776011501,56,,Aggregated,120.800000,0.000000,370,980,1400,1500,1800,2000,2500,3000,4200,6500,7300,63476,1401,370.0,798.2893657152355,9.183239999401849,7257.3750700003075,4415.347926775474
1776011502,59,,Aggregated,115.400000,0.000000,370,970,1400,1500,1800,2000,2500,3000,4200,6500,7300,63591,1401,370.0,797.2618137415725,9.183239999401849,7257.3750700003075,4415.528140774638
1776011502,63,,Aggregated,115.400000,0.000000,370,970,1300,1500,1800,2000,2500,3000,4200,6500,7300,63708,1401,370.0,796.243239989017,9.183239999401849,7257.3750700003075,4415.710821246939
1776011503,68,,Aggregated,113.700000,0.000000,360,960,1300,1500,1800,2000,2500,3000,4200,6500,7300,63835,1401,360.0,795.1479531871279,9.183239999401849,7257.3750700003075,4415.908357484139
1776011504,73,,Aggregated,113.500000,0.000000,360,960,1300,1500,1800,2000,2500,3000,4200,6500,7300,63979,1401,360.0,793.8819050435344,9.183239999401849,7257.3750700003075,4416.131386861314
1776011505,79,,Aggregated,114.500000,0.000000,360,960,1300,1500,1800,2000,2500,3000,4200,6500,7300,64128,1401,360.0,792.5882269211622,9.183239999401849,7257.3750700003075,4416.361105913174
1776011506,85,,Aggregated,117.000000,0.000000,350,950,1300,1500,1800,2000,2500,3000,4200,6500,7300,64286,1401,350.0,791.2402239136094,9.183239999401849,7257.3750700003075,4416.603537317612
1776011514,92,,Aggregated,90.800000,0.000000,350,950,1300,1500,1800,2000,2500,3000,4200,6500,7300,64456,1401,350.0,789.8149251684919,9.183239999401849,7257.3750700003075,4416.863053866204
1776011508,100,,Aggregated,126.400000,0.000000,350,940,1300,1500,1800,2000,2500,3000,4200,6500,7300,64636,1401,350.0,788.2775110959884,9.183239999401849,7257.3750700003075,4417.13634816511
1776011509,108,,Aggregated,132.200000,0.000000,340,940,1300,1500,1800,2000,2500,3000,4200,6500,7300,64838,1401,340.0,786.558019131687,9.183239999401849,7257.3750700003075,4417.441238162805
1776011510,117,,Aggregated,142.000000,0.000000,340,940,1300,1500,1800,2000,2500,3000,4200,6500,7300,65037,1401,340.0,785.0414827118459,9.183239999401849,7257.3750700003075,4417.7397481433645
1776011511,126,,Aggregated,151.500000,0.000000,330,930,1300,1500,1800,2000,2500,3000,4200,6500,7300,65253,1401,330.0,783.3599570074985,9.183239999401849,7257.3750700003075,4418.061698312721
1776011512,136,,Aggregated,160.700000,0.000000,330,930,1300,1500,1800,2000,2500,3000,4200,6500,7300,65472,1407,330.0,781.8286922950308,9.183239999401849,7257.3750700003075,4417.972186583578
1776011512,146,,Aggregated,160.700000,0.000000,330,920,1300,1500,1800,2000,2500,3000,4200,6500,7300,65724,1417,330.0,779.8776700401717,9.183239999401849,7257.3750700003075,4417.6572484937005
1776011513,156,,Aggregated,172.600000,0.000000,330,920,1300,1500,1800,2000,2500,3000,4200,6500,7300,65966,1431,330.0,778.0942697603351,9.183239999401849,7257.3750700003075,4417.056134978626
1776011514,167,,Aggregated,181.300000,0.400000,330,910,1300,1500,1800,2000,2500,3000,4200,6500,7300,66239,1451,330.0,776.2640584821679,9.183239999401849,7257.3750700003075,4416.096559428735
1776011515,179,,Aggregated,197.000000,1.700000,330,910,1300,1500,1800,2000,2500,3000,4200,6500,7300,66458,1476,330.0,775.0780765960507,9.183239999401849,7257.3750700003075,4414.7240362334105
1776011516,190,,Aggregated,209.100000,2.800000,330,900,1300,1500,1800,2000,2500,3000,4200,6500,7300,66760,1497,330.0,773.3509513310422,9.183239999401849,7257.3750700003075,4413.757414619533
1776011524,202,,Aggregated,165.900000,11.800000,330,900,1300,1500,1800,2000,2500,3000,4200,6500,7300,67018,1523,330.0,771.8781755910409,9.183239999401849,7257.3750700003075,4412.395550449133
1776011518,214,,Aggregated,233.400000,7.700000,330,890,1300,1500,1800,2000,2500,3000,4200,6500,7300,67228,1542,330.0,771.5666711319742,9.183239999401849,7257.3750700003075,4411.440024989588
1776011519,227,,Aggregated,246.200000,9.700000,340,890,1300,1500,1800,2000,2500,3000,4200,6500,7300,67451,1547,340.0,771.1734040856379,9.183239999401849,7257.3750700003075,4411.4477176024075
1776011520,240,,Aggregated,251.000000,12.500000,340,880,1300,1500,1800,2000,2500,3000,4200,6500,7300,67815,1547,340.0,769.7443037242564,9.183239999401849,7257.3750700003075,4412.003539040035
1776011521,252,,Aggregated,254.900000,13.300000,340,880,1300,1500,1800,2000,2500,3000,4200,6500,7300,68097,1547,340.0,768.6353624484246,9.183239999401849,7257.3750700003075,4412.43006299837
1776011522,265,,Aggregated,272.600000,13.700000,350,880,1300,1500,1800,2000,2500,3000,4200,6500,7300,68294,1547,350.0,768.3273137893575,9.183239999401849,7257.3750700003075,4412.725934928398
1776011522,278,,Aggregated,272.600000,13.700000,350,880,1300,1500,1800,2000,2500,3000,4200,6500,7300,68502,1547,350.0,768.8499968746946,9.183239999401849,7257.3750700003075,4413.0364806866955
1776011523,292,,Aggregated,280.000000,13.700000,350,880,1300,1500,1800,2000,2500,3000,4200,6500,7300,68739,1547,350.0,769.3897902416439,9.183239999401849,7257.3750700003075,4413.38803299437
1776011524,305,,Aggregated,282.100000,13.300000,350,890,1300,1500,1800,2000,2500,3000,4200,6500,7300,69043,1547,350.0,770.088978675469,9.183239999401849,7257.3750700003075,4413.8354358877805
1776011525,318,,Aggregated,276.700000,12.000000,350,880,1300,1500,1800,2000,2500,3000,4200,6500,7300,69355,1547,350.0,769.4947377779604,9.183239999401849,7257.3750700003075,4414.29053420806
1776011526,331,,Aggregated,276.200000,10.900000,350,890,1300,1500,1800,2000,2500,3000,4200,6500,7300,69693,1547,350.0,769.3251124762953,9.183239999401849,7257.3750700003075,4414.778959149412
1776011534,344,,Aggregated,181.700000,0.900000,360,890,1300,1500,1800,2000,2500,3000,4200,6200,7300,70019,1547,360.0,768.9075028109582,9.183239999401849,7257.3750700003075,4415.245576200746
1776011528,357,,Aggregated,289.100000,6.900000,360,890,1300,1500,1800,2000,2400,2900,4200,6200,7300,70344,1552,360.0,768.7897137613793,9.183239999401849,7257.3750700003075,4415.3855339474585
1776011529,369,,Aggregated,294.900000,4.900000,360,890,1300,1500,1800,2000,2400,2900,4200,6200,7300,70784,1566,360.0,768.5673953400558,9.183239999401849,7257.3750700003075,4415.111748417721
1776011530,382,,Aggregated,305.400000,2.400000,360,880,1300,1500,1800,2000,2400,2900,4200,6200,7300,71250,1589,360.0,766.9901257564982,9.183239999401849,7257.3750700003075,4414.307578947369
1776011531,394,,Aggregated,321.600000,2.800000,360,880,1300,1400,1800,2000,2400,2900,4200,6200,7300,71706,1613,360.0,765.3996795715898,9.183239999401849,7257.3750700003075,4413.4367416952555
1776011532,406,,Aggregated,333.400000,4.700000,360,880,1200,1400,1800,2000,2400,2900,4200,6200,7300,72129,1632,360.0,764.4063820179183,9.183239999401849,7257.3750700003075,4412.843031235702
1776011532,418,,Aggregated,333.400000,4.700000,360,880,1200,1400,1800,2000,2400,2900,4200,6200,7300,72532,1657,360.0,763.5888948490384,9.183239999401849,7257.3750700003075,4411.854422875421
1776011533,429,,Aggregated,350.100000,6.700000,370,880,1200,1400,1800,2000,2400,2900,4200,6200,7300,73024,1673,370.0,763.2501735437727,9.183239999401849,7257.3750700003075,4411.560103527608
1776011534,440,,Aggregated,371.000000,8.900000,370,870,1200,1400,1800,2000,2400,2900,4200,6200,7300,73496,1686,370.0,762.1118993564344,9.183239999401849,7257.3750700003075,4411.42579187983
1776011535,451,,Aggregated,395.900000,11.300000,370,870,1200,1400,1800,2000,2400,2900,4200,6200,7300,73938,1699,370.0,761.4153792263858,9.183239999401849,7257.3750700003075,4411.251115799724
1776011536,461,,Aggregated,421.800000,13.100000,380,870,1200,1400,1800,2000,2400,2900,4100,6200,7300,74356,1701,380.0,761.3661959208474,9.183239999401849,7257.3750700003075,4411.712908171499
1776011544,471,,Aggregated,292.500000,7.400000,380,880,1200,1400,1800,2000,2400,2900,4100,6200,7300,74871,1701,380.0,761.3594083061604,9.183239999401849,7257.3750700003075,4412.423368193293
1776011538,480,,Aggregated,448.600000,14.700000,380,870,1200,1400,1800,2000,2400,2900,4100,6200,7300,75360,1701,380.0,760.0877845394175,9.183239999401849,7257.3750700003075,4413.088972929936
1776011539,489,,Aggregated,456.600000,14.800000,380,870,1200,1400,1800,2000,2400,2900,4100,6200,7300,75871,1701,380.0,759.5394434520505,9.183239999401849,7257.3750700003075,4413.775355537689
1776011540,498,,Aggregated,483.000000,14.500000,390,880,1200,1400,1800,2000,2400,2900,4100,6200,7300,76360,1701,390.0,759.1912050035436,9.183239999401849,7257.3750700003075,4414.423585646936
1776011541,505,,Aggregated,492.400000,13.300000,390,880,1200,1400,1800,2000,2400,2900,4100,6200,7300,76809,1701,390.0,759.1791761886055,9.183239999401849,7257.3750700003075,4415.011522087256
1776011542,512,,Aggregated,500.200000,11.600000,400,880,1200,1400,1800,2000,2400,2900,4100,6200,7300,77249,1701,400.0,759.9386688856886,9.183239999401849,7257.3750700003075,4415.581043120299
1776011542,519,,Aggregated,500.200000,11.600000,400,880,1200,1400,1800,2000,2400,2900,4100,6200,7300,77690,1701,400.0,760.5452325424191,9.183239999401849,7257.3750700003075,4416.1453855065
1776011543,525,,Aggregated,501.500000,9.600000,400,890,1200,1400,1800,2000,2400,2900,4100,6200,7300,78130,1701,400.0,761.0039463326577,9.183239999401849,7257.3750700003075,4416.70209906566
1776011544,530,,Aggregated,501.100000,7.400000,410,890,1200,1400,1800,2000,2400,2900,4100,6200,7300,78612,1704,410.0,761.6443878164972,9.183239999401849,7257.3750700003075,4417.132498855137
1776011545,535,,Aggregated,504.900000,5.000000,410,900,1200,1400,1800,2000,2400,2900,4100,6200,7300,79129,1706,410.0,761.825626243482,9.183239999401849,7257.3750700003075,4417.657811927359
1776011546,539,,Aggregated,497.900000,3.200000,410,900,1200,1400,1800,2000,2400,2900,4100,6200,7300,79677,1707,410.0,761.3905081367333,9.183239999401849,7257.3750700003075,4418.270642719982
1776011554,543,,Aggregated,326.100000,0.800000,420,900,1200,1400,1800,2000,2400,2900,4100,6100,7300,80233,1709,420.0,760.7200072215986,9.183239999401849,7257.3750700003075,4418.828412249324
1776011548,545,,Aggregated,520.000000,1.200000,420,900,1200,1400,1800,2000,2400,2900,4100,6100,7300,80809,1711,420.0,759.9821516540312,9.183239999401849,7257.3750700003075,4419.40217055031
1776011549,547,,Aggregated,531.500000,1.200000,420,900,1200,1400,1800,2000,2400,2900,4100,6100,7300,81401,1713,420.0,759.3324288228707,9.183239999401849,7257.3750700003075,4419.986486652499
1776011550,549,,Aggregated,535.300000,1.500000,420,900,1200,1400,1800,2000,2400,2900,4100,6100,7300,81954,1716,420.0,758.3148659422415,9.183239999401849,7257.3750700003075,4420.462332528004
1776011551,549,,Aggregated,544.100000,1.700000,420,900,1200,1300,1800,2000,2400,2900,4100,6100,7300,82473,1716,420.0,758.155681117463,9.183239999401849,7257.3750700003075,4421.057255101669
1776011552,549,,Aggregated,554.000000,1.400000,430,900,1200,1300,1800,2000,2300,2800,4100,6100,7300,83007,1716,430.0,757.7259750053681,9.183239999401849,7257.3750700003075,4421.6616068524345
1776011552,549,,Aggregated,554.000000,1.400000,430,900,1200,1300,1800,2000,2300,2800,4100,6100,7300,83529,1716,430.0,757.2746940387244,9.183239999401849,7257.3750700003075,4422.244908953777
1776011553,547,,Aggregated,559.200000,1.500000,430,900,1200,1300,1800,2000,2300,2800,4100,6100,7300,84057,1716,430.0,757.483282851763,9.183239999401849,7257.3750700003075,4422.827545594061
1776011554,545,,Aggregated,572.700000,1.500000,430,900,1200,1300,1700,2000,2300,2800,4100,6100,7300,84595,1716,430.0,757.4556657126378,9.183239999401849,7257.3750700003075,4423.413736036408
1776011555,542,,Aggregated,578.900000,1.500000,430,900,1200,1300,1700,2000,2300,2800,4100,6100,7300,85173,1716,430.0,757.2358363295949,9.183239999401849,7257.3750700003075,4424.035257652073
1776011557,539,,Aggregated,589.200000,1.500000,430,890,1200,1300,1700,2000,2300,2800,4100,6100,7300,85875,1716,430.0,755.6201161324071,9.183239999401849,7257.3750700003075,4424.778864628821
1776011564,535,,Aggregated,373.000000,0.000000,430,890,1200,1300,1700,2000,2300,2800,4100,6100,7300,86476,1716,430.0,754.1602042955324,9.183239999401849,7257.3750700003075,4425.405892964522
1776011558,530,,Aggregated,596.800000,1.000000,430,880,1200,1300,1700,2000,2300,2800,4100,6100,7300,87074,1716,430.0,752.7271579501403,9.183239999401849,7257.3750700003075,4426.021200358316
1776011559,525,,Aggregated,613.000000,0.900000,430,890,1200,1300,1700,2000,2300,2800,4100,6100,7300,87644,1716,430.0,751.8554422024383,9.183239999401849,7257.3750700003075,4426.59988133814
1776011560,519,,Aggregated,620.000000,0.600000,430,880,1200,1300,1700,2000,2300,2800,4100,6100,7300,88270,1716,430.0,750.683219970778,9.183239999401849,7257.3750700003075,4427.226804123711
1776011561,512,,Aggregated,616.200000,0.400000,430,880,1200,1300,1700,1900,2300,2800,4100,6100,7300,88836,1716,430.0,749.4578811094665,9.183239999401849,7257.3750700003075,4427.786032689451
1776011562,505,,Aggregated,624.200000,0.100000,430,880,1200,1300,1700,1900,2300,2800,4100,6100,7300,89369,1716,430.0,748.5890091775734,9.183239999401849,7257.3750700003075,4428.3061799953
1776011563,497,,Aggregated,629.200000,0.000000,430,880,1200,1300,1700,1900,2300,2800,4100,6100,7300,89929,1716,430.0,747.8783484913705,9.183239999401849,7257.3750700003075,4428.846034093563
1776011564,489,,Aggregated,628.700000,0.000000,430,880,1100,1300,1700,1900,2300,2800,4100,6100,7300,90539,1716,430.0,746.8648137179608,9.183239999401849,7257.3750700003075,4429.426490241774
1776011565,480,,Aggregated,637.000000,0.000000,430,880,1100,1300,1700,1900,2300,2800,4100,6100,7300,91114,1716,430.0,745.2073662496506,9.183239999401849,7257.3750700003075,4429.966525451632
1776011566,471,,Aggregated,644.600000,0.000000,430,870,1100,1300,1700,1900,2300,2800,4100,6100,7300,91641,1716,430.0,743.9473443440237,9.183239999401849,7257.3750700003075,4430.455527547713
1776011567,461,,Aggregated,650.300000,0.000000,430,870,1100,1300,1700,1900,2300,2800,4100,6100,7300,92196,1716,430.0,742.9794320780808,9.183239999401849,7257.3750700003075,4430.964467005077
1776011574,450,,Aggregated,368.800000,0.000000,430,880,1100,1300,1700,1900,2300,2800,4100,6100,7300,92748,1716,430.0,741.9572619260874,9.183239999401849,7257.3750700003075,4431.464613792211
1776011568,440,,Aggregated,648.000000,0.000000,430,870,1100,1300,1700,1900,2300,2800,4100,6100,7300,93355,1716,430.0,740.117289069155,9.183239999401849,7257.3750700003075,4432.007766054308
1776011569,429,,Aggregated,632.200000,0.000000,430,870,1100,1300,1700,1900,2300,2800,4000,6100,7300,94001,1716,430.0,737.7929341463503,9.183239999401849,7257.3750700003075,4432.578110871161
1776011570,417,,Aggregated,623.100000,0.000000,430,860,1100,1300,1700,1900,2300,2800,4000,6100,7300,94563,1716,430.0,735.6330053287335,9.183239999401849,7257.3750700003075,4433.067954696869
1776011571,406,,Aggregated,630.700000,0.000000,430,860,1100,1300,1700,1900,2300,2800,4000,6100,7300,95120,1716,430.0,733.9875238295934,9.183239999401849,7257.3750700003075,4433.547729184188
1776011572,393,,Aggregated,630.700000,0.000000,430,850,1100,1300,1700,1900,2300,2800,4000,6100,7300,95554,1716,430.0,732.6768935030537,9.183239999401849,7257.3750700003075,4433.917680055257
1776011573,381,,Aggregated,627.200000,0.000000,430,850,1100,1300,1700,1900,2300,2800,4000,6100,7300,96099,1716,430.0,731.7953992109263,9.183239999401849,7257.3750700003075,4434.37751693566
1776011574,369,,Aggregated,621.200000,0.000000,430,850,1100,1200,1700,1900,2300,2800,4000,6100,7300,96550,1716,430.0,730.363510310108,9.183239999401849,7257.3750700003075,4434.7541170378045
1776011575,356,,Aggregated,616.100000,0.000000,430,850,1100,1200,1700,1900,2300,2700,4000,6100,7300,97035,1716,430.0,729.2064284815897,9.183239999401849,7257.3750700003075,4435.155201731334
1776011576,343,,Aggregated,600.000000,0.000000,430,840,1100,1200,1700,1900,2300,2700,4000,6100,7300,97480,1716,430.0,727.9521714929316,9.183239999401849,7257.3750700003075,4435.519696347968
1776011577,330,,Aggregated,591.100000,0.000000,430,840,1100,1200,1700,1900,2200,2700,4000,6100,7300,97965,1716,430.0,726.5495628542941,9.183239999401849,7257.3750700003075,4435.913183279743
1776011584,317,,Aggregated,312.900000,0.000000,430,840,1100,1200,1700,1900,2200,2700,4000,6100,7300,98343,1716,430.0,725.3825672842081,9.183239999401849,7257.3750700003075,4436.217168481742
1776011578,304,,Aggregated,580.400000,0.000000,430,830,1100,1200,1700,1900,2200,2700,4000,6100,7300,98752,1716,430.0,724.3793505267826,9.183239999401849,7257.3750700003075,4436.5434624108875
1776011579,291,,Aggregated,574.800000,0.000000,430,830,1100,1200,1700,1900,2200,2700,4000,6100,7300,99186,1716,430.0,723.0413410215242,9.183239999401849,7257.3750700003075,4436.886758211845
1776011580,278,,Aggregated,556.300000,0.000000,430,830,1100,1200,1700,1900,2200,2700,4000,6100,7300,99552,1716,430.0,721.9731457895473,9.183239999401849,7257.3750700003075,4437.17393924783
1776011581,264,,Aggregated,536.000000,0.000000,430,820,1100,1200,1700,1900,2200,2700,4000,6100,7300,99859,1716,430.0,721.2216477986062,9.183239999401849,7257.3750700003075,4437.4132026156885
1776011582,251,,Aggregated,511.200000,0.000000,430,830,1100,1200,1700,1900,2200,2700,4000,6100,7300,100132,1716,430.0,720.8648683049463,9.183239999401849,7257.3750700003075,4437.624735349339
1776011583,238,,Aggregated,491.900000,0.000000,430,830,1100,1200,1700,1900,2200,2700,4000,6100,7300,100400,1716,430.0,720.7665067882551,9.183239999401849,7257.3750700003075,4437.831274900398
1776011584,226,,Aggregated,468.800000,0.000000,430,830,1100,1200,1700,1900,2200,2700,4000,6100,7300,100675,1716,430.0,720.4056748956625,9.183239999401849,7257.3750700003075,4438.042066054135
1776011585,213,,Aggregated,440.500000,0.000000,430,820,1100,1200,1700,1900,2200,2700,4000,6100,7300,100972,1716,430.0,719.6882147233976,9.183239999401849,7257.3750700003075,4438.2684308521175
1776011586,201,,Aggregated,423.200000,0.000000,430,820,1100,1200,1700,1900,2200,2700,4000,6100,7300,101278,1728,430.0,718.7200312854807,9.183239999401849,7257.3750700003075,4437.965303422264
1776011587,189,,Aggregated,399.200000,0.000000,430,820,1100,1200,1700,1900,2200,2700,4000,6100,7300,101589,1728,430.0,717.4999981385874,9.183239999401849,7257.3750700003075,4438.2011339810415
1776011594,177,,Aggregated,195.200000,1.200000,430,820,1100,1200,1700,1900,2200,2700,4000,6100,7300,101853,1728,430.0,716.5550772067686,9.183239999401849,7257.3750700003075,4438.400194397808
1776011588,166,,Aggregated,385.300000,1.200000,430,810,1100,1200,1700,1900,2200,2700,4000,6100,7300,102112,1728,430.0,715.5668394345527,9.183239999401849,7257.3750700003075,4438.594484487621
1776011589,155,,Aggregated,368.300000,1.200000,420,810,1100,1200,1700,1900,2200,2700,4000,6100,7300,102352,1728,420.0,714.6664393142389,9.183239999401849,7257.3750700003075,4438.773643895576
1776011590,145,,Aggregated,351.700000,1.200000,420,810,1100,1200,1700,1900,2200,2700,4000,6100,7300,102611,1728,420.0,713.5302229061315,9.183239999401849,7257.3750700003075,4438.966046525226
1776011591,135,,Aggregated,335.700000,1.200000,420,810,1100,1200,1700,1900,2200,2700,4000,6100,7300,102862,1728,420.0,712.3848429880916,9.183239999401849,7257.3750700003075,4439.151581730863
1776011592,125,,Aggregated,315.200000,1.200000,420,800,1100,1200,1700,1900,2200,2700,4000,6100,7300,103078,1728,420.0,711.4436502407992,9.183239999401849,7257.3750700003075,4439.310522128873
1776011593,116,,Aggregated,306.000000,1.200000,420,800,1100,1200,1600,1900,2200,2700,4000,6100,7300,103294,1728,420.0,710.4625020883218,9.183239999401849,7257.3750700003075,4439.468797800453
1776011594,107,,Aggregated,301.200000,1.200000,420,800,1100,1200,1600,1900,2200,2700,4000,6100,7300,103485,1728,420.0,709.6539277126258,9.183239999401849,7257.3750700003075,4439.608204087549
1776011595,99,,Aggregated,294.500000,1.200000,410,800,1100,1200,1600,1900,2200,2700,4000,6100,7300,103667,1728,410.0,708.8351860932702,9.183239999401849,7257.3750700003075,4439.740563535165
1776011596,91,,Aggregated,285.400000,1.200000,410,800,1100,1200,1600,1900,2200,2700,4000,6100,7300,103836,1728,410.0,708.0550134057646,9.183239999401849,7257.3750700003075,4439.86305327632
1776011597,84,,Aggregated,269.800000,1.200000,410,800,1100,1200,1600,1900,2200,2700,4000,6100,7300,103999,1728,410.0,707.3086973499835,9.183239999401849,7257.3750700003075,4439.980817123242
1776011604,78,,Aggregated,128.300000,0.000000,410,790,1100,1200,1600,1900,2200,2700,4000,6100,7300,104142,1728,410.0,706.6526038218096,9.183239999401849,7257.3750700003075,4440.083827850435
1776011598,72,,Aggregated,258.400000,0.000000,410,790,1000,1200,1600,1900,2200,2700,4000,6100,7300,104283,1728,410.0,706.0130170396022,9.183239999401849,7257.3750700003075,4440.185121256581
1776011599,67,,Aggregated,242.700000,0.000000,410,790,1000,1200,1600,1900,2200,2700,4000,6100,7300,104412,1728,410.0,705.4250768299702,9.183239999401849,7257.3750700003075,4440.2775543041025
1776011600,63,,Aggregated,231.000000,0.000000,410,790,1000,1200,1600,1900,2200,2700,4000,6100,7300,104535,1729,410.0,704.8610447865382,9.183239999401849,7257.3750700003075,4440.322284402353
1776011601,59,,Aggregated,219.200000,0.000000,410,790,1000,1200,1600,1900,2200,2700,4000,6100,7300,104641,1729,410.0,704.384985286176,9.183239999401849,7257.3750700003075,4440.39793197695
1776011602,55,,Aggregated,205.800000,0.000000,410,790,1000,1200,1600,1900,2200,2700,4000,6100,7300,104746,1729,410.0,703.9058516357737,9.183239999401849,7257.3750700003075,4440.4727149485425
1776011603,53,,Aggregated,192.000000,0.100000,410,790,1000,1200,1600,1900,2200,2700,4000,6100,7300,104846,1729,410.0,703.4538554545785,9.183239999401849,7257.3750700003075,4440.543797569769
1776011604,51,,Aggregated,181.200000,0.100000,410,790,1000,1200,1600,1900,2200,2700,4000,6100,7300,104944,1729,410.0,703.0092499017635,9.183239999401849,7257.3750700003075,4440.613327107791
1776011605,50,,Aggregated,166.100000,0.100000,400,790,1000,1200,1600,1900,2200,2700,4000,6100,7300,105041,1729,400.0,702.5721889446096,9.183239999401849,7257.3750700003075,4440.682019401947
1776011606,50,,Aggregated,157.200000,0.100000,400,780,1000,1200,1600,1900,2200,2700,4000,6100,7300,105131,1729,400.0,702.175654905125,9.183239999401849,7257.3750700003075,4440.745641152467
1776011607,50,,Aggregated,142.500000,0.100000,400,780,1000,1200,1600,1900,2200,2700,4000,6100,7300,105228,1729,400.0,701.7393163363429,9.183239999401849,7257.3750700003075,4440.8140894058615
1776011607,51,,Aggregated,142.500000,0.100000,400,780,1000,1200,1600,1900,2200,2700,4000,6100,7300,105320,1729,400.0,701.3267531026468,9.183239999401849,7257.3750700003075,4440.878892897836
1776011608,52,,Aggregated,134.300000,0.100000,400,780,1000,1200,1600,1900,2200,2700,4000,6100,7300,105416,1729,400.0,700.8973899432787,9.183239999401849,7257.3750700003075,4440.946393336875
1776011609,55,,Aggregated,127.500000,0.100000,400,780,1000,1200,1600,1900,2200,2700,4000,6100,7300,105521,1729,400.0,700.4301973465062,9.183239999401849,7257.3750700003075,4441.0200813108295
1776011610,58,,Aggregated,119.700000,0.100000,400,780,1000,1200,1600,1900,2200,2700,4000,6100,7300,105631,1729,400.0,699.9455775635055,9.183239999401849,7257.3750700003075,4441.097121110281
1776011611,61,,Aggregated,115.500000,0.100000,400,780,1000,1200,1600,1900,2200,2700,4000,6100,7300,105742,1729,400.0,699.4534147502459,9.183239999401849,7257.3750700003075,4441.174698795181
1776011612,65,,Aggregated,110.500000,0.100000,400,780,1000,1200,1600,1900,2200,2700,4000,6100,7300,105862,1729,400.0,698.9260821331594,9.183239999401849,7257.3750700003075,4441.25838355595
1776011613,70,,Aggregated,109.600000,0.000000,400,780,1000,1200,1600,1900,2200,2700,4000,6100,7300,105991,1729,400.0,698.3599446812519,9.183239999401849,7257.3750700003075,4441.348133332075
1776011614,76,,Aggregated,109.800000,0.000000,400,780,1000,1200,1600,1900,2200,2700,4000,6100,7300,106123,1729,400.0,697.7860177604342,9.183239999401849,7257.3750700003075,4441.439744447481
1776011615,82,,Aggregated,112.500000,0.000000,390,770,1000,1200,1600,1900,2200,2700,4000,6100,7300,106285,1729,390.0,697.0756661234469,9.183239999401849,7257.3750700003075,4441.551865267912
1776011616,89,,Aggregated,116.500000,0.000000,390,770,1000,1200,1600,1900,2200,2700,4000,6100,7300,106456,1729,390.0,696.3509120259127,9.183239999401849,7257.3750700003075,4441.669844818516
1776011617,96,,Aggregated,121.100000,0.000000,390,770,1000,1200,1600,1900,2200,2700,4000,6100,7300,106639,1729,390.0,695.5629003162124,9.183239999401849,7257.3750700003075,4441.795684505669
1776011617,104,,Aggregated,121.100000,0.000000,390,770,1000,1200,1600,1900,2200,2700,4000,6100,7300,106836,1729,390.0,694.7315635132413,9.183239999401849,7257.3750700003075,4441.930669437268
1776011618,113,,Aggregated,128.300000,0.000000,390,770,1000,1200,1600,1900,2200,2700,4000,6100,7300,107046,1729,390.0,693.8453134474025,9.183239999401849,7257.3750700003075,4442.074014909478
1776011619,122,,Aggregated,137.400000,0.000000,390,770,1000,1200,1600,1900,2200,2700,4000,6100,7300,107259,1729,390.0,692.9653335244659,9.183239999401849,7257.3750700003075,4442.218834783095
1776011620,131,,Aggregated,151.100000,0.000000,380,770,1000,1200,1600,1900,2200,2700,4000,6100,7300,107493,1729,380.0,692.0504091267402,9.183239999401849,7257.3750700003075,4442.377271078117
1776011621,141,,Aggregated,162.000000,0.000000,380,760,1000,1200,1600,1900,2200,2700,4000,6100,7300,107727,1729,380.0,691.1889297979214,9.183239999401849,7257.3750700003075,4442.535019075997
1776011622,152,,Aggregated,173.900000,0.000000,380,760,1000,1200,1600,1900,2200,2700,4000,6100,7300,107987,1729,380.0,690.1987762371463,9.183239999401849,7257.3750700003075,4442.709492809319
1776011623,162,,Aggregated,186.500000,0.000000,380,760,1000,1200,1600,1900,2200,2700,4000,6100,7300,108258,1729,380.0,689.2606035317544,9.183239999401849,7257.3750700003075,4442.890456132573
1776011624,174,,Aggregated,199.100000,0.000000,380,760,1000,1200,1600,1900,2200,2700,4000,6100,7300,108554,1729,380.0,688.1383428934965,9.183239999401849,7257.3750700003075,4443.087081084069
1776011625,185,,Aggregated,215.600000,0.000000,380,760,1000,1200,1600,1900,2200,2700,4000,6100,7300,108809,1729,380.0,687.3622445087318,9.183239999401849,7257.3750700003075,4443.255613046715
1776011626,197,,Aggregated,231.600000,0.000000,380,750,1000,1200,1600,1900,2200,2700,4000,6100,7300,109079,1729,380.0,686.7103160990715,9.183239999401849,7257.3750700003075,4443.433199790978
1776011627,209,,Aggregated,246.300000,0.000000,380,750,1000,1200,1600,1900,2200,2700,4000,6100,7300,109362,1729,380.0,686.1436400844955,9.183239999401849,7257.3750700003075,4443.6183957864705
1776011627,221,,Aggregated,246.300000,0.000000,380,750,1000,1200,1600,1900,2200,2700,4000,6100,7300,109667,1729,380.0,685.4103116464443,9.183239999401849,7257.3750700003075,4443.81691848961
1776011628,234,,Aggregated,256.400000,0.000000,380,750,1000,1200,1600,1900,2200,2700,4000,6100,7300,109921,1729,380.0,684.8502516088887,9.183239999401849,7257.3750700003075,4443.981404827103
1776011629,247,,Aggregated,264.600000,0.000000,380,750,1000,1200,1600,1900,2200,2700,4000,6100,7300,110244,1729,380.0,684.5289830008956,9.183239999401849,7257.3750700003075,4444.189479699576
1776011630,260,,Aggregated,276.500000,0.000000,380,740,1000,1200,1600,1900,2200,2700,4000,6100,7300,110578,1729,380.0,683.8903507649877,9.183239999401849,7257.3750700003075,4444.403362332471
1776011631,273,,Aggregated,280.100000,0.000000,390,740,990,1200,1600,1900,2200,2700,4000,6100,7300,110906,1729,390.0,683.3205293550468,9.183239999401849,7257.3750700003075,4444.612149027104
1776011632,286,,Aggregated,294.000000,0.000000,390,740,990,1200,1600,1900,2200,2700,4000,6100,7300,111183,1729,390.0,683.2448246348882,9.183239999401849,7257.3750700003075,4444.7875124794255
1776011633,299,,Aggregated,304.200000,0.000000,390,740,990,1200,1600,1900,2200,2700,4000,6100,7300,111474,1729,390.0,683.1962935662195,9.183239999401849,7257.3750700003075,4444.970800366004
1776011634,312,,Aggregated,311.400000,0.000000,390,740,990,1200,1600,1900,2200,2700,4000,6100,7300,111781,1729,390.0,683.3110530866685,9.183239999401849,7257.3750700003075,4445.163131480305
1776011635,325,,Aggregated,315.900000,0.000000,390,740,990,1200,1600,1900,2200,2700,4000,6100,7300,112077,1731,390.0,683.13590034718,9.183239999401849,7257.3750700003075,4445.267003934795
1776011636,338,,Aggregated,310.700000,0.000000,400,740,990,1200,1600,1900,2200,2700,4000,6100,7300,112380,1740,400.0,683.6676365472573,9.183239999401849,7257.3750700003075,4445.093432995195
1776011637,351,,Aggregated,322.900000,0.200000,400,740,990,1200,1600,1900,2200,2700,4000,6100,7300,112737,1765,400.0,683.4818307311781,9.183239999401849,7257.3750700003075,4444.313579392746
1776011637,364,,Aggregated,322.900000,0.200000,400,740,990,1200,1600,1900,2200,2700,4000,6100,7300,113049,1812,400.0,683.9930746952298,9.183239999401849,7257.3750700003075,4442.631557996975
1776011638,377,,Aggregated,322.600000,0.800000,400,740,980,1200,1600,1900,2200,2700,4000,6100,7300,113429,1866,400.0,684.4340608121462,9.183239999401849,7257.3750700003075,4440.724550159131
1776011639,389,,Aggregated,331.400000,2.500000,400,740,980,1200,1600,1900,2200,2700,4000,6100,7300,113793,1941,400.0,684.5057824124592,9.183239999401849,7257.3750700003075,4437.986343623948
1776011640,401,,Aggregated,334.200000,7.100000,400,740,980,1200,1600,1900,2200,2700,4000,6100,7300,114166,2013,400.0,684.5857344609686,9.183239999401849,7257.3750700003075,4435.3905278279
1776011641,413,,Aggregated,348.000000,13.000000,410,740,980,1200,1600,1900,2200,2700,4000,6100,7300,114480,2088,410.0,684.9404868674084,9.183239999401849,7257.3750700003075,4432.6509433962265
1776011642,425,,Aggregated,354.200000,20.300000,410,740,980,1200,1600,1900,2200,2700,4000,6100,7300,114723,2157,410.0,685.7774095883201,9.183239999401849,7257.3750700003075,4430.109829763866
1776011643,436,,Aggregated,358.500000,27.600000,410,740,990,1200,1600,1900,2200,2600,4000,6100,7300,115005,2228,410.0,687.091534633197,9.183239999401849,7257.3750700003075,4427.530585626712
1776011644,447,,Aggregated,357.600000,35.300000,410,750,990,1200,1600,1900,2200,2700,4000,6100,7300,115330,2298,410.0,688.6522657107504,9.183239999401849,7257.3750700003075,4425.036677360617
1776011645,457,,Aggregated,353.100000,42.900000,410,750,990,1200,1600,1900,2200,2700,4000,6100,7300,115667,2369,410.0,689.6675880088587,9.183239999401849,7257.3750700003075,4422.527341419765
1776011646,467,,Aggregated,354.700000,49.700000,410,750,1000,1200,1600,1900,2200,2700,4000,6100,7300,115996,2440,410.0,690.6378217945505,9.183239999401849,7257.3750700003075,4420.026035380531
1776011647,477,,Aggregated,355.000000,57.800000,410,750,1000,1200,1600,1900,2200,2700,4000,6100,7300,116362,2514,410.0,691.7839121983188,9.183239999401849,7257.3750700003075,4417.453464189341
1776011647,486,,Aggregated,355.000000,57.800000,410,760,1000,1200,1600,1900,2200,2700,4000,6100,7300,116679,2592,410.0,693.0319410844354,9.183239999401849,7257.3750700003075,4414.700203121384
1776011648,494,,Aggregated,361.200000,64.400000,410,760,1000,1200,1600,1900,2200,2700,4000,6100,7300,117009,2643,410.0,694.5565687052346,9.183239999401849,7257.3750700003075,4413.015152680563
1776011649,502,,Aggregated,360.800000,69.800000,420,760,1000,1200,1600,1900,2200,2700,4100,6100,7300,117379,2657,420.0,696.0979518343211,9.183239999401849,7257.3750700003075,4412.798115506181
1776011650,509,,Aggregated,361.100000,74.300000,420,770,1000,1200,1600,1900,2200,2700,4100,6100,7300,117773,2657,420.0,697.4125712283014,9.183239999401849,7257.3750700003075,4413.140023604731
1776011651,516,,Aggregated,356.700000,73.700000,420,770,1000,1200,1600,1900,2200,2700,4100,6100,7300,118186,2657,420.0,698.0977788701762,9.183239999401849,7257.3750700003075,4413.495972450206
1776011652,523,,Aggregated,355.600000,70.400000,420,770,1000,1200,1600,1900,2200,2700,4100,6100,7300,118541,2657,420.0,698.9757521231538,9.183239999401849,7257.3750700003075,4413.799951071781
1776011653,528,,Aggregated,356.800000,63.100000,420,770,1000,1200,1600,1900,2200,2700,4100,6100,7300,119007,2657,420.0,700.3724593305517,9.183239999401849,7257.3750700003075,4414.196223751544
1776011654,533,,Aggregated,367.400000,55.400000,420,780,1000,1200,1600,1900,2200,2700,4100,6100,7300,119413,2657,420.0,700.9856697614246,9.183239999401849,7257.3750700003075,4414.538953045313
1776011655,538,,Aggregated,381.900000,47.800000,420,780,1000,1200,1600,1900,2200,2700,4100,6100,7300,119896,2657,420.0,701.809105151473,9.183239999401849,7257.3750700003075,4414.943659504905
1776011656,541,,Aggregated,398.500000,41.000000,420,780,1000,1200,1600,1900,2200,2600,4100,6000,7300,120260,2657,420.0,702.2852075321894,9.183239999401849,7257.3750700003075,4415.246507566938
1776011657,544,,Aggregated,409.000000,34.800000,420,780,1000,1200,1600,1900,2200,2600,4100,6000,7300,120688,2657,420.0,703.8241665968528,9.183239999401849,7257.3750700003075,4415.600266803659
1776011657,547,,Aggregated,409.000000,34.800000,430,790,1000,1200,1600,1900,2200,2600,4100,6000,7300,121131,2657,430.0,704.7912506994171,9.183239999401849,7257.3750700003075,4415.963791267306
1776011659,548,,Aggregated,420.500000,20.500000,430,790,1000,1200,1600,1900,2200,2600,4100,6000,7300,121590,2657,430.0,705.9118640133321,9.183239999401849,7257.3750700003075,4416.337651122625
1776011660,549,,Aggregated,439.500000,11.400000,430,800,1000,1200,1600,1900,2200,2600,4100,6000,7300,122053,2657,430.0,706.4243104691496,9.183239999401849,7257.3750700003075,4416.711920231375
1776011661,549,,Aggregated,451.700000,6.100000,430,800,1000,1200,1600,1900,2200,2600,4100,6000,7300,122497,2657,430.0,707.1665633711137,9.183239999401849,7257.3750700003075,4417.068173098117
1776011662,549,,Aggregated,467.000000,2.100000,430,800,1000,1200,1600,1900,2200,2600,4100,6000,7300,122996,2657,430.0,707.9654561685052,9.183239999401849,7257.3750700003075,4417.465486682494
1776011669,548,,Aggregated,307.300000,0.000000,430,810,1100,1200,1600,1900,2200,2600,4100,6000,7300,123401,2657,430.0,708.4523500163003,9.183239999401849,7257.3750700003075,4417.785593309617
1776011663,546,,Aggregated,472.300000,2.100000,430,810,1100,1200,1600,1900,2200,2600,4100,6000,7300,123886,2657,430.0,709.537429686499,9.183239999401849,7257.3750700003075,4418.166176969149
1776011664,544,,Aggregated,480.900000,2.100000,430,810,1100,1200,1600,1900,2200,2600,4100,6000,7300,124311,2657,430.0,709.8364278984286,9.183239999401849,7257.3750700003075,4418.497236769071
1776011665,541,,Aggregated,483.100000,2.100000,430,820,1100,1200,1600,1900,2200,2600,4100,6000,7300,124765,2657,430.0,710.8559132653514,9.183239999401849,7257.3750700003075,4418.848394982567
1776011666,537,,Aggregated,490.400000,2.100000,430,820,1100,1200,1600,1900,2200,2600,4000,6000,7300,125182,2657,430.0,711.735095761783,9.183239999401849,7257.3750700003075,4419.168690386797
1776011667,532,,Aggregated,485.000000,0.000000,440,820,1100,1200,1600,1900,2200,2600,4000,6000,7300,125704,2657,440.0,712.6828785527239,9.183239999401849,7257.3750700003075,4419.566640679692
1776011668,527,,Aggregated,487.900000,0.000000,440,820,1100,1200,1600,1900,2200,2600,4000,6000,7300,126162,2657,440.0,712.6115837803103,9.183239999401849,7257.3750700003075,4419.91308793456
1776011669,521,,Aggregated,494.700000,0.000000,440,830,1100,1200,1600,1900,2200,2600,4000,6000,7300,126617,2657,440.0,713.1427924239356,9.183239999401849,7257.3750700003075,4420.254784112718
1776011670,515,,Aggregated,498.700000,0.000000,440,830,1100,1200,1600,1900,2200,2600,4000,6000,7300,127058,2657,440.0,713.7545551072064,9.183239999401849,7257.3750700003075,4420.583631097609
1776011671,508,,Aggregated,497.800000,0.000000,440,830,1100,1200,1600,1900,2200,2600,4000,6000,7300,127483,2657,440.0,714.3035637052118,9.183239999401849,7257.3750700003075,4420.89839429571
1776011672,501,,Aggregated,494.900000,0.000000,440,840,1100,1200,1600,1900,2200,2600,4000,6000,7300,127899,2657,440.0,714.8609481123505,9.183239999401849,7257.3750700003075,4421.204466023972
1776011679,493,,Aggregated,303.900000,0.000000,440,840,1100,1200,1600,1900,2100,2600,4000,6000,7300,128327,2657,440.0,715.5556285392122,9.183239999401849,7257.3750700003075,4421.517295658747
1776011673,484,,Aggregated,492.100000,0.000000,450,840,1100,1200,1600,1900,2100,2600,4000,6000,7300,128724,2657,450.0,716.0939846320148,9.183239999401849,7257.3750700003075,4421.805607345949
1776011674,475,,Aggregated,484.500000,0.000000,450,840,1100,1200,1600,1900,2100,2600,4000,6000,7300,129071,2657,450.0,716.6178547761433,9.183239999401849,7257.3750700003075,4422.056155139419
1776011675,465,,Aggregated,486.400000,0.000000,450,850,1100,1200,1600,1900,2100,2600,4000,6000,7300,129529,2657,450.0,717.3436132940243,9.183239999401849,7257.3750700003075,4422.384794138764
1776011676,455,,Aggregated,476.700000,0.000000,450,850,1100,1200,1600,1900,2100,2600,4000,6000,7300,129912,2657,450.0,717.6607727454086,9.183239999401849,7257.3750700003075,4422.657837613154
1776011677,445,,Aggregated,481.200000,0.000000,450,850,1100,1200,1600,1900,2100,2600,4000,5900,7300,130285,2657,450.0,718.0988199332351,9.183239999401849,7257.3750700003075,4422.922209003339
1776011678,434,,Aggregated,474.300000,0.000000,450,850,1100,1200,1600,1900,2100,2600,4000,5900,7300,130685,2657,450.0,718.4798464589015,9.183239999401849,7257.3750700003075,4423.204040249455
1776011679,422,,Aggregated,470.100000,0.000000,450,860,1100,1200,1600,1900,2100,2600,4000,5900,7300,131106,2657,450.0,718.7097388234839,9.183239999401849,7257.3750700003075,4423.4988101231065
1776011680,411,,Aggregated,454.400000,0.000000,460,860,1100,1200,1600,1900,2100,2600,4000,5900,7300,131493,2657,460.0,718.7959070773481,9.183239999401849,7257.3750700003075,4423.768109329014
1776011681,399,,Aggregated,451.600000,0.000000,460,860,1100,1200,1600,1900,2100,2600,4000,5900,7300,131848,2657,460.0,718.7719380555009,9.183239999401849,7257.3750700003075,4424.013750682604
1776011682,387,,Aggregated,443.700000,0.000000,460,860,1100,1200,1600,1900,2100,2600,4000,5900,7300,132153,2657,460.0,719.0907958032868,9.183239999401849,7257.3750700003075,4424.22374066423
1776011689,374,,Aggregated,249.900000,0.000000,460,860,1100,1200,1600,1900,2100,2500,4000,5900,7300,132515,2657,460.0,719.7679971062278,9.183239999401849,7257.3750700003075,4424.471720182621
1776011683,362,,Aggregated,438.200000,0.000000,460,860,1100,1200,1600,1900,2100,2500,4000,5900,7300,132864,2657,460.0,719.8122348381189,9.183239999401849,7257.3750700003075,4424.7095149927745
1776011684,349,,Aggregated,426.100000,0.000000,460,860,1100,1200,1600,1900,2100,2500,4000,5900,7300,133227,2657,460.0,719.6629720098168,9.183239999401849,7257.3750700003075,4424.955527032808
1776011685,336,,Aggregated,414.000000,0.000000,470,860,1100,1200,1600,1900,2100,2500,4000,5900,7300,133565,2657,470.0,719.5486026093055,9.183239999401849,7257.3750700003075,4425.18339385318
1776011686,323,,Aggregated,411.800000,0.000000,470,860,1100,1200,1600,1900,2100,2500,4000,5900,7300,133882,2657,470.0,719.7198928583521,9.183239999401849,7257.3750700003075,4425.396057722472
1776011687,310,,Aggregated,404.600000,0.000000,470,860,1100,1200,1600,1900,2100,2500,4000,5900,7300,134243,2657,470.0,719.357371521211,9.183239999401849,7257.3750700003075,4425.6370164552345
1776011688,300,,Aggregated,395.200000,0.000000,470,860,1100,1200,1600,1900,2100,2500,4000,5900,7300,134631,2657,470.0,718.7787637137209,9.183239999401849,7257.3750700003075,4425.8945562314775
1776011689,290,,Aggregated,392.700000,0.000000,470,850,1100,1200,1600,1900,2100,2500,4000,5900,7300,134973,2657,470.0,718.3707607670568,9.183239999401849,7257.3750700003075,4426.120335178147
1776011690,280,,Aggregated,384.400000,0.000000,470,850,1100,1200,1600,1900,2100,2500,4000,5900,7300,135368,2657,470.0,717.6902073916434,9.183239999401849,7257.3750700003075,4426.379683529342
1776011691,270,,Aggregated,378.400000,0.000000,470,850,1100,1200,1600,1900,2100,2500,4000,5900,7300,135729,2657,470.0,716.8161504878976,9.183239999401849,7257.3750700003075,4426.615388015825
1776011692,260,,Aggregated,379.200000,0.000000,470,850,1100,1200,1600,1900,2100,2500,4000,5900,7300,136125,2657,470.0,715.7921737672864,9.183239999401849,7257.3750700003075,4426.872506887053
1776011699,250,,Aggregated,257.500000,0.000000,470,850,1100,1200,1600,1900,2100,2500,4000,5900,7300,136500,2657,470.0,714.8507034775242,9.183239999401849,7257.3750700003075,4427.114615384616
1776011693,240,,Aggregated,382.200000,0.000000,470,840,1100,1200,1600,1900,2100,2500,4000,5900,7300,136845,2657,470.0,714.1616489026421,9.183239999401849,7257.3750700003075,4427.336183273046
1776011694,230,,Aggregated,391.300000,0.000000,470,840,1100,1200,1600,1900,2100,2500,4000,5900,7300,137204,2657,470.0,713.204920805677,9.183239999401849,7257.3750700003075,4427.56555931314
1776011695,220,,Aggregated,397.000000,0.000000,460,840,1100,1200,1600,1900,2100,2500,4000,5900,7300,137555,2657,460.0,712.1631403646699,9.183239999401849,7257.3750700003075,4427.788666351641
1776011696,210,,Aggregated,396.300000,0.000000,460,840,1100,1200,1600,1900,2100,2500,4000,5900,7300,137856,2657,460.0,711.3539095285098,9.183239999401849,7257.3750700003075,4427.979086873259
1776011697,200,,Aggregated,400.900000,0.000000,460,840,1100,1200,1600,1900,2100,2500,4000,5900,7300,138158,2657,460.0,710.7477671589938,9.183239999401849,7257.3750700003075,4428.169306156719
1776011698,190,,Aggregated,405.300000,0.000000,460,830,1100,1200,1600,1900,2100,2500,4000,5900,7300,138481,2657,460.0,709.7754948169219,9.183239999401849,7257.3750700003075,4428.371834403276
1776011699,180,,Aggregated,397.400000,0.000000,460,830,1100,1200,1600,1900,2100,2500,4000,5900,7300,138806,2657,460.0,708.7109733854606,9.183239999401849,7257.3750700003075,4428.574665360287
1776011700,170,,Aggregated,396.000000,0.000000,450,830,1000,1200,1600,1900,2100,2500,4000,5900,7300,139093,2657,450.0,707.8218054435682,9.183239999401849,7257.3750700003075,4428.752992602072
1776011701,160,,Aggregated,395.000000,0.000000,450,830,1000,1200,1600,1900,2100,2500,4000,5900,7300,139299,2657,450.0,707.4277381493205,9.183239999401849,7257.3750700003075,4428.880537548726
1776011702,150,,Aggregated,381.700000,0.000000,450,830,1000,1200,1600,1900,2100,2500,4000,5900,7300,139472,2657,450.0,707.0987414180062,9.183239999401849,7257.3750700003075,4428.987359470001
1776011709,140,,Aggregated,173.600000,0.000000,460,830,1000,1200,1600,1900,2100,2500,4000,5900,7300,139619,2657,460.0,707.0176210168543,9.183239999401849,7257.3750700003075,4429.077919194379
1776011703,130,,Aggregated,362.600000,0.000000,460,830,1000,1200,1600,1900,2100,2500,4000,5900,7300,139754,2657,460.0,706.9933292995709,9.183239999401849,7257.3750700003075,4429.160918471028
1776011704,120,,Aggregated,342.900000,0.000000,460,830,1000,1200,1600,1900,2100,2500,4000,5900,7300,139911,2657,460.0,706.7989536079525,9.183239999401849,7257.3750700003075,4429.2572421039085
1776011705,110,,Aggregated,317.300000,0.000000,460,830,1000,1200,1600,1900,2100,2500,4000,5900,7300,140062,2657,460.0,706.53728285261,9.183239999401849,7257.3750700003075,4429.349680855621
1776011706,100,,Aggregated,295.100000,0.000000,450,830,1000,1200,1600,1900,2100,2500,4000,5900,7300,140227,2657,450.0,706.1321733686977,9.183239999401849,7257.3750700003075,4429.450462464432
1776011707,90,,Aggregated,267.200000,0.000000,450,830,1000,1200,1600,1900,2100,2500,4000,5900,7300,140398,2657,450.0,705.5901189891761,9.183239999401849,7257.3750700003075,4429.554658898275
1776011708,80,,Aggregated,249.600000,0.000000,450,820,1000,1200,1600,1900,2100,2500,4000,5900,7300,140534,2657,450.0,705.1545149203208,9.183239999401849,7257.3750700003075,4429.637347545789
1776011709,70,,Aggregated,237.400000,0.000000,450,820,1000,1200,1600,1900,2100,2500,4000,5900,7300,140656,2657,450.0,704.7566103208703,9.183239999401849,7257.3750700003075,4429.711388067341
1776011710,60,,Aggregated,219.100000,0.000000,450,820,1000,1200,1600,1900,2100,2500,4000,5900,7300,140767,2657,450.0,704.4082783746356,9.183239999401849,7257.3750700003075,4429.7786413008735
1776011711,50,,Aggregated,198.200000,0.000000,450,820,1000,1200,1600,1900,2100,2500,4000,5900,7300,140863,2657,450.0,704.0843536385869,9.183239999401849,7257.3750700003075,4429.836720785444
1776011712,40,,Aggregated,175.800000,0.000000,450,820,1000,1200,1600,1900,2100,2500,4000,5900,7300,140936,2657,450.0,703.8413049264359,9.183239999401849,7257.3750700003075,4429.88083243458
1776011719,30,,Aggregated,74.300000,0.000000,450,820,1000,1200,1600,1900,2100,2500,4000,5900,7300,140991,2657,450.0,703.6625979099532,9.183239999401849,7257.3750700003075,4429.914037066195
1776011713,20,,Aggregated,164.900000,0.000000,450,820,1000,1200,1600,1900,2100,2500,4000,5900,7300,141029,2657,450.0,703.5359327403744,9.183239999401849,7257.3750700003075,4429.936963319601
1776011714,10,,Aggregated,153.900000,0.000000,450,820,1000,1200,1600,1900,2100,2500,4000,5900,7300,141049,2657,450.0,703.4682916931864,9.183239999401849,7257.3750700003075,4429.949024806982
1776011715,10,,Aggregated,142.500000,0.000000,450,820,1000,1200,1600,1900,2100,2500,4000,5900,7300,141070,2657,450.0,703.3978209350835,9.183239999401849,7257.3750700003075,4429.961685687957
1776011716,10,,Aggregated,130.500000,0.000000,450,820,1000,1200,1600,1900,2100,2500,4000,5900,7300,141085,2657,450.0,703.3471608468102,9.183239999401849,7257.3750700003075,4429.970726866783
1776011717,10,,Aggregated,112.000000,0.000000,450,820,1000,1200,1600,1900,2100,2500,4000,5900,7300,141105,2657,450.0,703.279688762214,9.183239999401849,7257.3750700003075,4429.9827787817585
1776011718,10,,Aggregated,98.100000,0.000000,450,820,1000,1200,1600,1900,2100,2500,4000,5900,7300,141123,2657,450.0,703.219637821207,9.183239999401849,7257.3750700003075,4429.993622584554
1776011719,10,,Aggregated,83.300000,0.000000,450,820,1000,1200,1600,1900,2100,2500,4000,5900,7300,141142,2657,450.0,703.1571162252359,9.183239999401849,7257.3750700003075,4430.005065820238
1776011720,10,,Aggregated,67.000000,0.000000,450,820,1000,1200,1600,1900,2100,2500,4000,5900,7300,141161,2657,450.0,703.0929844205006,9.183239999401849,7257.3750700003075,4430.016505975446
1776011721,10,,Aggregated,55.000000,0.000000,450,820,1000,1200,1600,1900,2100,2500,4000,5900,7300,141180,2657,450.0,703.0289157209398,9.183239999401849,7257.3750700003075,4430.027943051424
1776011722,10,,Aggregated,44.100000,0.000000,450,820,1000,1200,1600,1900,2100,2500,4000,5900,7300,141196,2657,450.0,702.976672087115,9.183239999401849,7257.3750700003075,4430.0375718858895
1776011729,10,,Aggregated,13.700000,0.000000,450,820,1000,1200,1600,1900,2100,2500,4000,5900,7300,141215,2657,450.0,702.9126481422109,9.183239999401849,7257.3750700003075,4430.049003292851
1776011723,10,,Aggregated,36.600000,0.000000,450,820,1000,1200,1600,1900,2100,2500,4000,5900,7300,141232,2657,450.0,702.8552572328673,9.183239999401849,7257.3750700003075,4430.0592287866775
1776011724,10,,Aggregated,30.400000,0.000000,450,820,1000,1200,1600,1900,2100,2500,4000,5900,7300,141251,2657,450.0,702.791482858828,9.183239999401849,7257.3750700003075,4430.0706543670485
1776011725,10,,Aggregated,25.600000,0.000000,450,820,1000,1200,1600,1800,2100,2500,4000,5900,7300,141270,2657,450.0,702.7276556433236,9.183239999401849,7257.3750700003075,4430.0820768740705
1776011726,10,,Aggregated,24.300000,0.000000,450,820,1000,1200,1600,1800,2100,2500,4000,5900,7300,141288,2657,450.0,702.6670253151882,9.183239999401849,7257.3750700003075,4430.0928953626635
1776011727,10,,Aggregated,21.200000,0.000000,450,820,1000,1200,1600,1800,2100,2500,4000,5900,7300,141310,2657,450.0,702.5930818368995,9.183239999401849,7257.3750700003075,4430.10611421697
1776011728,10,,Aggregated,21.200000,0.000000,450,820,1000,1200,1600,1800,2100,2500,4000,5900,7300,141327,2657,450.0,702.536004016163,9.183239999401849,7257.3750700003075,4430.116325967438
1776011729,10,,Aggregated,21.500000,0.000000,450,820,1000,1200,1600,1800,2100,2500,4000,5900,7300,141348,2657,450.0,702.4655241155324,9.183239999401849,7257.3750700003075,4430.128937091434
1776011730,10,,Aggregated,21.600000,0.000000,450,820,1000,1200,1600,1800,2100,2500,4000,5900,7300,141364,2657,450.0,702.4119280041047,9.183239999401849,7257.3750700003075,4430.1385430519795
1776011731,10,,Aggregated,21.500000,0.000000,450,820,1000,1200,1600,1800,2100,2500,4000,5900,7300,141386,2657,450.0,702.3379200610543,9.183239999401849,7257.3750700003075,4430.1517476977915
1776011732,10,,Aggregated,20.500000,0.000000,450,820,1000,1200,1600,1800,2100,2500,4000,5900,7300,141404,2657,450.0,702.2776997703194,9.183239999401849,7257.3750700003075,4430.1625484427595
1776011739,10,,Aggregated,13.100000,0.000000,450,820,1000,1200,1600,1800,2100,2500,4000,5900,7300,141425,2657,450.0,702.207217504064,9.183239999401849,7257.3750700003075,4430.175145837016
1776011733,10,,Aggregated,20.400000,0.000000,450,820,1000,1200,1600,1800,2100,2500,4000,5900,7300,141444,2657,450.0,702.1432974939358,9.183239999401849,7257.3750700003075,4430.186540256214
1776011734,10,,Aggregated,20.400000,0.000000,450,820,1000,1200,1600,1800,2100,2500,4000,5900,7300,141464,2657,450.0,702.0762105264395,9.183239999401849,7257.3750700003075,4430.198531075044
1776011735,10,,Aggregated,20.800000,0.000000,450,820,1000,1200,1600,1800,2100,2500,4000,5900,7300,141481,2657,450.0,702.0190619783024,9.183239999401849,7257.3750700003075,4430.208720605594
1776011736,10,,Aggregated,20.600000,0.000000,450,820,1000,1200,1600,1800,2100,2500,4000,5900,7300,141503,2657,450.0,701.9450842272756,9.183239999401849,7257.3750700003075,4430.221903422543
1776011737,10,,Aggregated,21.000000,0.000000,450,820,1000,1200,1600,1800,2100,2500,4000,5900,7300,141521,2657,450.0,701.8846032314793,9.183239999401849,7257.3750700003075,4430.232686315105
1776011738,10,,Aggregated,21.100000,0.000000,450,820,1000,1200,1600,1800,2100,2500,4000,5900,7300,141542,2657,450.0,701.813975838,9.183239999401849,7257.3750700003075,4430.2452628901665
1776011739,10,,Aggregated,20.900000,0.000000,450,820,1000,1200,1600,1800,2100,2500,4000,5900,7300,141559,2657,450.0,701.7568000707281,9.183239999401849,7257.3750700003075,4430.255441194131
1776011740,10,,Aggregated,21.100000,0.000000,450,820,1000,1200,1600,1800,2100,2500,4000,5900,7300,141580,2657,450.0,701.6867480479035,9.183239999401849,7257.3750700003075,4430.268011018506
1776011741,10,,Aggregated,21.100000,0.000000,440,820,1000,1200,1600,1800,2100,2500,4000,5900,7300,141600,2657,440.0,701.6195599012867,9.183239999401849,7257.3750700003075,4430.279978813559
1776011742,10,,Aggregated,21.300000,0.000000,440,820,1000,1200,1600,1800,2100,2500,4000,5900,7300,141620,2657,440.0,701.5525571305761,9.183239999401849,7257.3750700003075,4430.291943228358
1776011743,10,,Aggregated,21.300000,0.000000,440,820,1000,1200,1600,1800,2100,2500,4000,5900,7300,141620,2657,440.0,701.5525571305761,9.183239999401849,7257.3750700003075,4430.291943228358
1776011744,0,,Aggregated,21.600000,0.000000,440,820,1000,1200,1600,1800,2100,2500,4000,5900,7300,141624,2657,440.0,701.5887827105729,9.183239999401849,7257.3750700003075,4430.294335705813
1776011745,0,,Aggregated,21.600000,0.000000,440,820,1000,1200,1600,1800,2100,2500,4000,5900,7300,141624,2657,440.0,701.5887827105729,9.183239999401849,7257.3750700003075,4430.294335705813
1776011746,0,,Aggregated,21.600000,0.000000,440,820,1000,1200,1600,1800,2100,2500,4000,5900,7300,141624,2657,440.0,701.5887827105729,9.183239999401849,7257.3750700003075,4430.294335705813
1776011747,0,,Aggregated,21.600000,0.000000,440,820,1000,1200,1600,1800,2100,2500,4000,5900,7300,141624,2657,440.0,701.5887827105729,9.183239999401849,7257.3750700003075,4430.294335705813
1776011748,0,,Aggregated,21.600000,0.000000,440,820,1000,1200,1600,1800,2100,2500,4000,5900,7300,141624,2657,440.0,701.5887827105729,9.183239999401849,7257.3750700003075,4430.294335705813
1776011749,0,,Aggregated,21.600000,0.000000,440,820,1000,1200,1600,1800,2100,2500,4000,5900,7300,141624,2657,440.0,701.5887827105729,9.183239999401849,7257.3750700003075,4430.294335705813
1776011750,0,,Aggregated,21.600000,0.000000,440,820,1000,1200,1600,1800,2100,2500,4000,5900,7300,141624,2657,440.0,701.5887827105729,9.183239999401849,7257.3750700003075,4430.294335705813
1776011751,0,,Aggregated,21.600000,0.000000,440,820,1000,1200,1600,1800,2100,2500,4000,5900,7300,141624,2657,440.0,701.5887827105729,9.183239999401849,7257.3750700003075,4430.294335705813
1776011752,0,,Aggregated,21.600000,0.000000,440,820,1000,1200,1600,1800,2100,2500,4000,5900,7300,141624,2657,440.0,701.5887827105729,9.183239999401849,7257.3750700003075,4430.294335705813
1776011759,0,,Aggregated,21.600000,0.000000,440,820,1000,1200,1600,1800,2100,2500,4000,5900,7300,141624,2657,440.0,701.5887827105729,9.183239999401849,7257.3750700003075,4430.294335705813
1776011753,0,,Aggregated,21.600000,0.000000,440,820,1000,1200,1600,1800,2100,2500,4000,5900,7300,141624,2657,440.0,701.5887827105729,9.183239999401849,7257.3750700003075,4430.294335705813
1776011754,0,,Aggregated,21.600000,0.000000,440,820,1000,1200,1600,1800,2100,2500,4000,5900,7300,141624,2657,440.0,701.5887827105729,9.183239999401849,7257.3750700003075,4430.294335705813
1776011755,0,,Aggregated,21.600000,0.000000,440,820,1000,1200,1600,1800,2100,2500,4000,5900,7300,141624,2657,440.0,701.5887827105729,9.183239999401849,7257.3750700003075,4430.294335705813
1776011756,0,,Aggregated,21.600000,0.000000,440,820,1000,1200,1600,1800,2100,2500,4000,5900,7300,141624,2657,440.0,701.5887827105729,9.183239999401849,7257.3750700003075,4430.294335705813
1776011757,0,,Aggregated,21.600000,0.000000,440,820,1000,1200,1600,1800,2100,2500,4000,5900,7300,141624,2657,440.0,701.5887827105729,9.183239999401849,7257.3750700003075,4430.294335705813
1776011758,0,,Aggregated,21.600000,0.000000,440,820,1000,1200,1600,1800,2100,2500,4000,5900,7300,141624,2657,440.0,701.5887827105729,9.183239999401849,7257.3750700003075,4430.294335705813
1776011759,0,,Aggregated,21.600000,0.000000,440,820,1000,1200,1600,1800,2100,2500,4000,5900,7300,141624,2657,440.0,701.5887827105729,9.183239999401849,7257.3750700003075,4430.294335705813
1776011760,0,,Aggregated,21.600000,0.000000,440,820,1000,1200,1600,1800,2100,2500,4000,5900,7300,141624,2657,440.0,701.5887827105729,9.183239999401849,7257.3750700003075,4430.294335705813
1776011761,0,,Aggregated,21.600000,0.000000,440,820,1000,1200,1600,1800,2100,2500,4000,5900,7300,141624,2657,440.0,701.5887827105729,9.183239999401849,7257.3750700003075,4430.294335705813
1776011762,0,,Aggregated,21.600000,0.000000,440,820,1000,1200,1600,1800,2100,2500,4000,5900,7300,141624,2657,440.0,701.5887827105729,9.183239999401849,7257.3750700003075,4430.294335705813
1776011769,0,,Aggregated,21.600000,0.000000,440,820,1000,1200,1600,1800,2100,2500,4000,5900,7300,141624,2657,440.0,701.5887827105729,9.183239999401849,7257.3750700003075,4430.294335705813
1776011763,0,,Aggregated,21.600000,0.000000,440,820,1000,1200,1600,1800,2100,2500,4000,5900,7300,141624,2657,440.0,701.5887827105729,9.183239999401849,7257.3750700003075,4430.294335705813
1776011764,0,,Aggregated,21.600000,0.000000,440,820,1000,1200,1600,1800,2100,2500,4000,5900,7300,141624,2657,440.0,701.5887827105729,9.183239999401849,7257.3750700003075,4430.294335705813
1776011765,0,,Aggregated,21.600000,0.000000,440,820,1000,1200,1600,1800,2100,2500,4000,5900,7300,141624,2657,440.0,701.5887827105729,9.183239999401849,7257.3750700003075,4430.294335705813
1776011766,0,,Aggregated,21.600000,0.000000,440,820,1000,1200,1600,1800,2100,2500,4000,5900,7300,141624,2657,440.0,701.5887827105729,9.183239999401849,7257.3750700003075,4430.294335705813
1776011767,0,,Aggregated,21.600000,0.000000,440,820,1000,1200,1600,1800,2100,2500,4000,5900,7300,141624,2657,440.0,701.5887827105729,9.183239999401849,7257.3750700003075,4430.294335705813
1776011768,0,,Aggregated,21.600000,0.000000,440,820,1000,1200,1600,1800,2100,2500,4000,5900,7300,141624,2657,440.0,701.5887827105729,9.183239999401849,7257.3750700003075,4430.294335705813
1776011769,0,,Aggregated,21.600000,0.000000,440,820,1000,1200,1600,1800,2100,2500,4000,5900,7300,141624,2657,440.0,701.5887827105729,9.183239999401849,7257.3750700003075,4430.294335705813
1776011770,0,,Aggregated,21.600000,0.000000,440,820,1000,1200,1600,1800,2100,2500,4000,5900,7300,141624,2657,440.0,701.5887827105729,9.183239999401849,7257.3750700003075,4430.294335705813
1776011771,0,,Aggregated,21.600000,0.000000,440,820,1000,1200,1600,1800,2100,2500,4000,5900,7300,141624,2657,440.0,701.5887827105729,9.183239999401849,7257.3750700003075,4430.294335705813
1776011772,0,,Aggregated,21.600000,0.000000,440,820,1000,1200,1600,1800,2100,2500,4000,5900,7300,141624,2657,440.0,701.5887827105729,9.183239999401849,7257.3750700003075,4430.294335705813
1776011779,0,,Aggregated,21.600000,0.000000,440,820,1000,1200,1600,1800,2100,2500,4000,5900,7300,141624,2657,440.0,701.5887827105729,9.183239999401849,7257.3750700003075,4430.294335705813
1776011773,0,,Aggregated,21.600000,0.000000,440,820,1000,1200,1600,1800,2100,2500,4000,5900,7300,141624,2657,440.0,701.5887827105729,9.183239999401849,7257.3750700003075,4430.294335705813
1776011774,0,,Aggregated,21.600000,0.000000,440,820,1000,1200,1600,1800,2100,2500,4000,5900,7300,141624,2657,440.0,701.5887827105729,9.183239999401849,7257.3750700003075,4430.294335705813
1776011775,0,,Aggregated,21.600000,0.000000,440,820,1000,1200,1600,1800,2100,2500,4000,5900,7300,141624,2657,440.0,701.5887827105729,9.183239999401849,7257.3750700003075,4430.294335705813
1776011776,0,,Aggregated,21.600000,0.000000,440,820,1000,1200,1600,1800,2100,2500,4000,5900,7300,141624,2657,440.0,701.5887827105729,9.183239999401849,7257.3750700003075,4430.294335705813
1776011778,0,,Aggregated,21.600000,0.000000,440,820,1000,1200,1600,1800,2100,2500,4000,5900,7300,141624,2657,440.0,701.5887827105729,9.183239999401849,7257.3750700003075,4430.294335705813
1776011785,0,,Aggregated,21.600000,0.000000,440,820,1000,1200,1600,1800,2100,2500,4000,5900,7300,141624,2657,440.0,701.5887827105729,9.183239999401849,7257.3750700003075,4430.294335705813
1776011786,0,,Aggregated,21.600000,0.000000,440,820,1000,1200,1600,1800,2100,2500,4000,5900,7300,141624,2657,440.0,701.5887827105729,9.183239999401849,7257.3750700003075,4430.294335705813
1776011787,0,,Aggregated,21.600000,0.000000,440,820,1000,1200,1600,1800,2100,2500,4000,5900,7300,141624,2657,440.0,701.5887827105729,9.183239999401849,7257.3750700003075,4430.294335705813
1776011788,0,,Aggregated,21.600000,0.000000,440,820,1000,1200,1600,1800,2100,2500,4000,5900,7300,141624,2657,440.0,701.5887827105729,9.183239999401849,7257.3750700003075,4430.294335705813
1776011789,0,,Aggregated,21.600000,0.000000,440,820,1000,1200,1600,1800,2100,2500,4000,5900,7300,141624,2657,440.0,701.5887827105729,9.183239999401849,7257.3750700003075,4430.294335705813
1776011790,0,,Aggregated,21.600000,0.000000,440,820,1000,1200,1600,1800,2100,2500,4000,5900,7300,141624,2657,440.0,701.5887827105729,9.183239999401849,7257.3750700003075,4430.294335705813
1776011791,0,,Aggregated,21.600000,0.000000,440,820,1000,1200,1600,1800,2100,2500,4000,5900,7300,141624,2657,440.0,701.5887827105729,9.183239999401849,7257.3750700003075,4430.294335705813
1776011792,0,,Aggregated,21.600000,0.000000,440,820,1000,1200,1600,1800,2100,2500,4000,5900,7300,141624,2657,440.0,701.5887827105729,9.183239999401849,7257.3750700003075,4430.294335705813
1776011793,0,,Aggregated,21.600000,0.000000,440,820,1000,1200,1600,1800,2100,2500,4000,5900,7300,141624,2657,440.0,701.5887827105729,9.183239999401849,7257.3750700003075,4430.294335705813
1776011794,0,,Aggregated,21.600000,0.000000,440,820,1000,1200,1600,1800,2100,2500,4000,5900,7300,141624,2657,440.0,701.5887827105729,9.183239999401849,7257.3750700003075,4430.294335705813
1776011795,0,,Aggregated,21.600000,0.000000,440,820,1000,1200,1600,1800,2100,2500,4000,5900,7300,141624,2657,440.0,701.5887827105729,9.183239999401849,7257.3750700003075,4430.294335705813
1776011796,0,,Aggregated,21.600000,0.000000,440,820,1000,1200,1600,1800,2100,2500,4000,5900,7300,141624,2657,440.0,701.5887827105729,9.183239999401849,7257.3750700003075,4430.294335705813
1776011797,0,,Aggregated,21.600000,0.000000,440,820,1000,1200,1600,1800,2100,2500,4000,5900,7300,141624,2657,440.0,701.5887827105729,9.183239999401849,7257.3750700003075,4430.294335705813
1776011798,0,,Aggregated,21.600000,0.000000,440,820,1000,1200,1600,1800,2100,2500,4000,5900,7300,141624,2657,440.0,701.5887827105729,9.183239999401849,7257.3750700003075,4430.294335705813
1776011799,0,,Aggregated,21.600000,0.000000,440,820,1000,1200,1600,1800,2100,2500,4000,5900,7300,141624,2657,440.0,701.5887827105729,9.183239999401849,7257.3750700003075,4430.294335705813
1776011792,0,,Aggregated,21.600000,0.000000,440,820,1000,1200,1600,1800,2100,2500,4000,5900,7300,141624,2657,440.0,701.5887827105729,9.183239999401849,7257.3750700003075,4430.294335705813
1776011793,0,,Aggregated,21.600000,0.000000,440,820,1000,1200,1600,1800,2100,2500,4000,5900,7300,141624,2657,440.0,701.5887827105729,9.183239999401849,7257.3750700003075,4430.294335705813
1776011794,0,,Aggregated,21.600000,0.000000,440,820,1000,1200,1600,1800,2100,2500,4000,5900,7300,141624,2657,440.0,701.5887827105729,9.183239999401849,7257.3750700003075,4430.294335705813
1776011795,0,,Aggregated,21.600000,0.000000,440,820,1000,1200,1600,1800,2100,2500,4000,5900,7300,141624,2657,440.0,701.5887827105729,9.183239999401849,7257.3750700003075,4430.294335705813
1776011796,0,,Aggregated,21.600000,0.000000,440,820,1000,1200,1600,1800,2100,2500,4000,5900,7300,141624,2657,440.0,701.5887827105729,9.183239999401849,7257.3750700003075,4430.294335705813
1776011797,0,,Aggregated,21.600000,0.000000,440,820,1000,1200,1600,1800,2100,2500,4000,5900,7300,141624,2657,440.0,701.5887827105729,9.183239999401849,7257.3750700003075,4430.294335705813
1776011798,0,,Aggregated,21.600000,0.000000,440,820,1000,1200,1600,1800,2100,2500,4000,5900,7300,141624,2657,440.0,701.5887827105729,9.183239999401849,7257.3750700003075,4430.294335705813
1776011798,0,,Aggregated,21.600000,0.000000,440,820,1000,1200,1600,1800,2100,2500,4000,5900,7300,141624,2657,440.0,701.5887827105729,9.183239999401849,7257.3750700003075,4430.294335705813
1776011799,0,,Aggregated,21.600000,0.000000,440,820,1000,1200,1600,1800,2100,2500,4000,5900,7300,141624,2657,440.0,701.5887827105729,9.183239999401849,7257.3750700003075,4430.294335705813
1776011800,0,,Aggregated,21.600000,0.000000,440,820,1000,1200,1600,1800,2100,2500,4000,5900,7300,141624,2657,440.0,701.5887827105729,9.183239999401849,7257.3750700003075,4430.294335705813
1776011801,0,,Aggregated,21.600000,0.000000,440,820,1000,1200,1600,1800,2100,2500,4000,5900,7300,141624,2657,440.0,701.5887827105729,9.183239999401849,7257.3750700003075,4430.294335705813
1776011802,0,,Aggregated,21.600000,0.000000,440,820,1000,1200,1600,1800,2100,2500,4000,5900,7300,141624,2657,440.0,701.5887827105729,9.183239999401849,7257.3750700003075,4430.294335705813
1776011803,0,,Aggregated,21.600000,0.000000,440,820,1000,1200,1600,1800,2100,2500,4000,5900,7300,141624,2657,440.0,701.5887827105729,9.183239999401849,7257.3750700003075,4430.294335705813
1776011804,0,,Aggregated,21.600000,0.000000,440,820,1000,1200,1600,1800,2100,2500,4000,5900,7300,141624,2657,440.0,701.5887827105729,9.183239999401849,7257.3750700003075,4430.294335705813
1776011805,0,,Aggregated,21.600000,0.000000,440,820,1000,1200,1600,1800,2100,2500,4000,5900,7300,141624,2657,440.0,701.5887827105729,9.183239999401849,7257.3750700003075,4430.294335705813
1776011806,0,,Aggregated,21.600000,0.000000,440,820,1000,1200,1600,1800,2100,2500,4000,5900,7300,141624,2657,440.0,701.5887827105729,9.183239999401849,7257.3750700003075,4430.294335705813
1776011807,0,,Aggregated,21.600000,0.000000,440,820,1000,1200,1600,1800,2100,2500,4000,5900,7300,141624,2657,440.0,701.5887827105729,9.183239999401849,7257.3750700003075,4430.294335705813
1776011814,0,,Aggregated,21.600000,0.000000,440,820,1000,1200,1600,1800,2100,2500,4000,5900,7300,141624,2657,440.0,701.5887827105729,9.183239999401849,7257.3750700003075,4430.294335705813
1776011808,0,,Aggregated,21.600000,0.000000,440,820,1000,1200,1600,1800,2100,2500,4000,5900,7300,141624,2657,440.0,701.5887827105729,9.183239999401849,7257.3750700003075,4430.294335705813
1776011809,0,,Aggregated,21.600000,0.000000,440,820,1000,1200,1600,1800,2100,2500,4000,5900,7300,141624,2657,440.0,701.5887827105729,9.183239999401849,7257.3750700003075,4430.294335705813
1776011810,0,,Aggregated,21.600000,0.000000,440,820,1000,1200,1600,1800,2100,2500,4000,5900,7300,141624,2657,440.0,701.5887827105729,9.183239999401849,7257.3750700003075,4430.294335705813
1776011811,0,,Aggregated,21.600000,0.000000,440,820,1000,1200,1600,1800,2100,2500,4000,5900,7300,141624,2657,440.0,701.5887827105729,9.183239999401849,7257.3750700003075,4430.294335705813
1776011812,0,,Aggregated,21.600000,0.000000,440,820,1000,1200,1600,1800,2100,2500,4000,5900,7300,141624,2657,440.0,701.5887827105729,9.183239999401849,7257.3750700003075,4430.294335705813
1776011813,0,,Aggregated,21.600000,0.000000,440,820,1000,1200,1600,1800,2100,2500,4000,5900,7300,141624,2657,440.0,701.5887827105729,9.183239999401849,7257.3750700003075,4430.294335705813
1776011814,0,,Aggregated,21.600000,0.000000,440,820,1000,1200,1600,1800,2100,2500,4000,5900,7300,141624,2657,440.0,701.5887827105729,9.183239999401849,7257.3750700003075,4430.294335705813
1776011815,0,,Aggregated,21.600000,0.000000,440,820,1000,1200,1600,1800,2100,2500,4000,5900,7300,141624,2657,440.0,701.5887827105729,9.183239999401849,7257.3750700003075,4430.294335705813
1776011816,0,,Aggregated,21.600000,0.000000,440,820,1000,1200,1600,1800,2100,2500,4000,5900,7300,141624,2657,440.0,701.5887827105729,9.183239999401849,7257.3750700003075,4430.294335705813
1776011817,0,,Aggregated,21.600000,0.000000,440,820,1000,1200,1600,1800,2100,2500,4000,5900,7300,141624,2657,440.0,701.5887827105729,9.183239999401849,7257.3750700003075,4430.294335705813
1776011824,0,,Aggregated,21.600000,0.000000,440,820,1000,1200,1600,1800,2100,2500,4000,5900,7300,141624,2657,440.0,701.5887827105729,9.183239999401849,7257.3750700003075,4430.294335705813
1776011818,0,,Aggregated,21.600000,0.000000,440,820,1000,1200,1600,1800,2100,2500,4000,5900,7300,141624,2657,440.0,701.5887827105729,9.183239999401849,7257.3750700003075,4430.294335705813
1776011819,0,,Aggregated,21.600000,0.000000,440,820,1000,1200,1600,1800,2100,2500,4000,5900,7300,141624,2657,440.0,701.5887827105729,9.183239999401849,7257.3750700003075,4430.294335705813
1776011820,0,,Aggregated,21.600000,0.000000,440,820,1000,1200,1600,1800,2100,2500,4000,5900,7300,141624,2657,440.0,701.5887827105729,9.183239999401849,7257.3750700003075,4430.294335705813
1776011821,0,,Aggregated,21.600000,0.000000,440,820,1000,1200,1600,1800,2100,2500,4000,5900,7300,141624,2657,440.0,701.5887827105729,9.183239999401849,7257.3750700003075,4430.294335705813
1776011822,0,,Aggregated,21.600000,0.000000,440,820,1000,1200,1600,1800,2100,2500,4000,5900,7300,141624,2657,440.0,701.5887827105729,9.183239999401849,7257.3750700003075,4430.294335705813
1776011823,0,,Aggregated,21.600000,0.000000,440,820,1000,1200,1600,1800,2100,2500,4000,5900,7300,141624,2657,440.0,701.5887827105729,9.183239999401849,7257.3750700003075,4430.294335705813
1776011824,0,,Aggregated,21.600000,0.000000,440,820,1000,1200,1600,1800,2100,2500,4000,5900,7300,141624,2657,440.0,701.5887827105729,9.183239999401849,7257.3750700003075,4430.294335705813
1776011825,0,,Aggregated,21.600000,0.000000,440,820,1000,1200,1600,1800,2100,2500,4000,5900,7300,141624,2657,440.0,701.5887827105729,9.183239999401849,7257.3750700003075,4430.294335705813
1776011826,0,,Aggregated,21.600000,0.000000,440,820,1000,1200,1600,1800,2100,2500,4000,5900,7300,141624,2657,440.0,701.5887827105729,9.183239999401849,7257.3750700003075,4430.294335705813
1776011827,0,,Aggregated,21.600000,0.000000,440,820,1000,1200,1600,1800,2100,2500,4000,5900,7300,141624,2657,440.0,701.5887827105729,9.183239999401849,7257.3750700003075,4430.294335705813
1776011834,0,,Aggregated,21.600000,0.000000,440,820,1000,1200,1600,1800,2100,2500,4000,5900,7300,141624,2657,440.0,701.5887827105729,9.183239999401849,7257.3750700003075,4430.294335705813
