Timestamp,User Count,Type,Name,Requests/s,Failures/s,50%,66%,75%,80%,90%,95%,98%,99%,99.9%,99.99%,100%,Total Request Count,Total Failure Count,Total Median Response Time,Total Average Response Time,Total Min Response Time,Total Max Response Time,Total Average Content Size
1776350840,0,,Aggregated,0.000000,0.000000,N/A,N/A,N/A,N/A,N/A,N/A,N/A,N/A,N/A,N/A,N/A,0,0,0,0.0,0,0,0
1776350841,40,,Aggregated,0.000000,0.000000,580,640,680,690,750,760,790,790,790,790,790,44,0,580.0,573.7151157272717,234.9806989999479,786.4669929999764,4515.0
1776350842,80,,Aggregated,0.000000,0.000000,490,590,680,750,800,850,920,930,980,980,980,140,0,490.0,508.76309104999757,231.8276959999821,980.7904909999934,4515.0
1776350843,120,,Aggregated,42.000000,0.000000,420,500,590,660,810,880,940,980,1000,1000,1000,266,0,420.0,487.5817232218049,231.8276959999821,1008.0323720000024,4515.0
1776350844,160,,Aggregated,68.500000,0.000000,510,610,640,680,850,1000,1100,1200,1200,1200,1200,389,0,510.0,547.211046105399,231.8276959999821,1168.2565549999708,4515.0
1776350845,200,,Aggregated,87.666667,0.000000,620,720,840,910,1100,1500,1700,1700,2700,2700,2700,524,0,620.0,688.6381982862598,231.8276959999821,2686.4102650000063,4515.0
1776350846,240,,Aggregated,95.750000,0.000000,690,810,870,930,1500,1800,1900,2000,2700,2700,2700,655,0,690.0,765.0808352916031,231.8276959999821,2749.302393999983,4515.0
1776350847,280,,Aggregated,102.800000,0.000000,770,940,1000,1100,1400,1800,2000,2100,2700,2700,2700,799,0,770.0,844.5548455957452,231.8276959999821,2749.302393999983,4515.0
1776350848,308,,Aggregated,108.500000,0.000000,840,1000,1200,1400,1700,2100,2700,2800,2900,2900,2900,924,0,830.0,959.7924494080086,231.8276959999821,2864.53226499998,4515.0
1776350849,308,,Aggregated,113.000000,0.000000,940,1300,1400,1500,1700,2100,2700,2800,3000,3000,3000,1060,0,940.0,1037.0274383386788,231.8276959999821,2967.537750999952,4515.0
1776350850,308,,Aggregated,114.625000,0.000000,1100,1400,1500,1600,1900,2800,3100,3600,3800,3800,3800,1237,0,1100.0,1180.0337358092156,231.8276959999821,3786.322261999999,4515.0
1776350851,308,,Aggregated,117.222222,0.000000,1200,1500,1600,1700,1900,2800,3100,3600,3800,3800,3800,1388,0,1200.0,1246.3365796736302,231.8276959999821,3786.322261999999,4515.0
1776350852,308,,Aggregated,122.200000,0.000000,1400,1500,1600,1700,1900,2800,3100,3600,3800,3800,3800,1538,0,1400.0,1287.5845139505855,231.8276959999821,3786.322261999999,4515.0
1776350853,308,,Aggregated,133.100000,0.000000,1400,1600,1700,1700,1900,2700,3100,3600,3800,3800,3800,1655,0,1400.0,1321.6298390163145,231.8276959999821,3786.322261999999,4515.0
1776350854,308,,Aggregated,139.400000,0.000000,1500,1600,1700,1800,2100,2600,3100,3500,3800,3800,3800,1826,0,1500.0,1375.293672438118,231.8276959999821,3786.322261999999,4515.0
1776350855,308,,Aggregated,138.300000,0.000000,1500,1600,1700,1800,2100,2400,3100,3500,3800,3800,3800,1972,0,1500.0,1405.7752645583187,231.8276959999821,3786.322261999999,4515.0
1776350856,308,,Aggregated,143.200000,0.000000,1500,1700,1800,1900,2100,2300,3000,3200,3800,3800,3800,2091,0,1500.0,1431.618352294596,231.8276959999821,3786.322261999999,4515.0
1776350857,308,,Aggregated,144.200000,0.000000,1600,1700,1800,1900,2100,2400,3000,3200,3800,3800,3800,2210,0,1600.0,1466.0775480470597,231.8276959999821,3786.322261999999,4515.0
1776350858,308,,Aggregated,142.900000,0.000000,1600,1700,1900,2000,2200,2500,3000,3200,3800,3800,3800,2348,0,1600.0,1504.1215183032377,231.8276959999821,3786.322261999999,4515.0
1776350859,308,,Aggregated,141.000000,0.000000,1600,1800,1900,2000,2300,2500,2900,3200,3800,3800,3800,2480,0,1600.0,1533.1929198322587,231.8276959999821,3786.322261999999,4515.0
1776350860,308,,Aggregated,141.400000,0.000000,1600,1800,1900,2000,2300,2500,2900,3200,3800,3800,3800,2627,0,1600.0,1561.6876185500576,231.8276959999821,3786.322261999999,4515.0
1776350861,308,,Aggregated,140.600000,0.000000,1600,1800,1900,2100,2300,2500,2900,3200,3800,3800,3800,2788,0,1600.0,1575.8642269476331,231.8276959999821,3786.322261999999,4515.0
1776350862,308,,Aggregated,138.700000,0.000000,1600,1800,2000,2100,2300,2400,2900,3100,3800,3800,3800,2930,0,1600.0,1584.3980724525613,231.8276959999821,3786.322261999999,4515.0
1776350863,308,,Aggregated,140.200000,0.000000,1600,1800,2000,2000,2300,2400,2900,3100,3800,3800,3800,3081,0,1600.0,1594.599445991563,231.8276959999821,3786.322261999999,4515.0
1776350864,308,,Aggregated,138.500000,0.000000,1700,1800,2000,2000,2300,2400,2900,3100,3800,3800,3800,3219,0,1700.0,1606.4294532792826,231.8276959999821,3786.322261999999,4515.0
1776350865,308,,Aggregated,141.500000,0.000000,1700,1800,2000,2100,2200,2400,2900,3100,3800,3800,3800,3367,0,1700.0,1619.275705062076,231.8276959999821,3786.322261999999,4515.0
1776350866,307,,Aggregated,138.700000,0.000000,1700,1900,2000,2100,2200,2400,2800,3100,3800,3800,3800,3518,0,1700.0,1624.8296762012542,231.8276959999821,3786.322261999999,4515.0
1776350864,307,,Aggregated,138.500000,0.000000,1700,1800,2000,2100,2200,2400,2800,3100,3800,3800,3800,3678,0,1700.0,1625.3889337762405,231.8276959999821,3786.322261999999,4515.0
1776350865,307,,Aggregated,141.500000,0.000000,1700,1900,2000,2000,2200,2400,2800,3100,3800,3800,3800,3838,0,1700.0,1626.7572318363768,231.8276959999821,3786.322261999999,4515.0
1776350866,307,,Aggregated,138.700000,0.000000,1700,1900,2000,2000,2200,2400,2800,3100,3800,3800,3800,3995,0,1700.0,1629.0466683216553,231.8276959999821,3786.322261999999,4515.0
1776350867,307,,Aggregated,147.700000,0.000000,1700,1900,2000,2000,2200,2400,2800,3000,3800,3800,3800,4137,0,1700.0,1630.7996867229917,231.8276959999821,3786.322261999999,4515.0
1776350868,307,,Aggregated,166.100000,0.000000,1700,1900,2000,2000,2200,2400,2700,3000,3800,3800,3800,4263,0,1700.0,1636.2060786521279,231.8276959999821,3786.322261999999,4515.0
1776350869,307,,Aggregated,184.200000,0.000000,1700,1900,2000,2000,2200,2400,2700,3000,3800,3800,3800,4429,0,1700.0,1644.9934854280925,231.8276959999821,3786.322261999999,4515.0
1776350870,307,,Aggregated,185.800000,0.000000,1700,1900,2000,2000,2100,2300,2700,3000,3800,3800,3800,4577,0,1700.0,1648.7097251658345,231.8276959999821,3786.322261999999,4515.0
1776350871,307,,Aggregated,186.200000,0.000000,1700,1900,2000,2000,2100,2300,2700,3000,3800,3800,3800,4731,0,1700.0,1652.2587471951028,231.8276959999821,3786.322261999999,4515.0
1776350872,307,,Aggregated,187.600000,0.000000,1700,1900,2000,2000,2100,2300,2600,3000,3800,3800,3800,4873,0,1700.0,1655.5607679294149,231.8276959999821,3786.322261999999,4515.0
1776350873,307,,Aggregated,183.900000,0.000000,1700,1900,2000,2000,2100,2300,2600,3000,3800,3800,3800,5011,0,1700.0,1658.184440552393,231.8276959999821,3786.322261999999,4515.0
1776350874,307,,Aggregated,186.300000,0.000000,1700,1900,2000,2000,2100,2300,2600,2900,3800,3800,3800,5124,0,1700.0,1664.1083357691348,231.8276959999821,3786.322261999999,4515.0
1776350875,307,,Aggregated,185.800000,0.000000,1700,1900,2000,2000,2200,2300,2500,2900,3800,3800,3800,5258,0,1700.0,1675.3969402685539,231.8276959999821,3786.322261999999,4515.0
1776350876,307,,Aggregated,184.800000,0.000000,1700,1900,2000,2000,2200,2400,2500,2900,3800,3800,3800,5373,0,1700.0,1687.9178314539463,231.8276959999821,3786.322261999999,4515.0
1776350877,307,,Aggregated,174.500000,0.000000,1700,1900,2000,2100,2200,2400,2500,2900,3800,3800,3800,5490,0,1700.0,1700.0548666666741,231.8276959999821,3786.322261999999,4515.0
1776350878,307,,Aggregated,155.100000,0.000000,1700,1900,2000,2100,2300,2400,2500,2900,3800,3800,3800,5617,0,1700.0,1713.6777998597183,231.8276959999821,3786.322261999999,4515.0
1776350879,307,,Aggregated,137.400000,0.000000,1800,1900,2000,2100,2300,2400,2600,2900,3800,3800,3800,5743,0,1800.0,1726.2969985006157,231.8276959999821,3786.322261999999,4515.0
1776350880,307,,Aggregated,134.200000,0.000000,1800,1900,2000,2100,2300,2400,2600,2900,3800,3800,3800,5880,0,1800.0,1734.5478925894606,231.8276959999821,3786.322261999999,4515.0
1776350881,307,,Aggregated,132.000000,0.000000,1800,1900,2000,2100,2300,2400,2600,2900,3700,3800,3800,6004,0,1800.0,1740.3086187761548,231.8276959999821,3786.322261999999,4515.0
1776350882,307,,Aggregated,130.000000,0.000000,1800,2000,2100,2100,2300,2400,2600,2900,3800,3800,3800,6158,0,1800.0,1747.6150733040008,231.8276959999821,3786.322261999999,4515.0
1776350883,307,,Aggregated,131.000000,0.000000,1800,2000,2100,2100,2300,2400,2600,2900,3800,3800,3800,6280,0,1800.0,1752.7353117340813,231.8276959999821,3786.322261999999,4515.0
1776350884,307,,Aggregated,127.400000,0.000000,1800,2000,2100,2100,2300,2400,2600,2900,3800,3800,3800,6413,0,1800.0,1756.26318441089,231.8276959999821,3786.322261999999,4515.0
1776350885,307,,Aggregated,127.000000,0.000000,1800,2000,2100,2100,2300,2400,2500,2900,3800,3800,3800,6542,0,1800.0,1762.3189389400852,231.8276959999821,3786.322261999999,4515.0
1776350886,307,,Aggregated,127.600000,0.000000,1800,2000,2100,2100,2300,2400,2500,2900,3800,3800,3800,6673,0,1800.0,1769.065018542189,231.8276959999821,3786.322261999999,4515.0
1776350887,307,,Aggregated,127.000000,0.000000,1800,2000,2100,2100,2300,2400,2500,2900,3800,3800,3800,6792,0,1800.0,1776.5680803402574,231.8276959999821,3786.322261999999,4515.0
1776350888,283,,Aggregated,128.900000,0.000000,1800,2000,2100,2200,2300,2400,2500,2900,3800,3800,3800,6910,0,1800.0,1783.114889670917,231.8276959999821,3786.322261999999,4515.0
1776350889,283,,Aggregated,127.900000,0.000000,1800,2000,2100,2200,2300,2400,2500,2900,3700,3800,3800,7025,0,1800.0,1788.7513595675493,231.8276959999821,3786.322261999999,4515.0
1776350890,283,,Aggregated,129.200000,0.000000,1900,2000,2100,2200,2300,2400,2500,2900,3700,3800,3800,7161,0,1900.0,1792.5998541506817,231.8276959999821,3786.322261999999,4515.0
1776350891,283,,Aggregated,130.000000,0.000000,1900,2000,2100,2200,2300,2400,2500,2900,3700,3800,3800,7285,0,1900.0,1794.7227493641765,231.8276959999821,3786.322261999999,4515.0
1776350892,283,,Aggregated,127.100000,0.000000,1900,2000,2100,2200,2300,2400,2500,2900,3700,3800,3800,7420,0,1900.0,1795.7535332907037,231.8276959999821,3786.322261999999,4515.0
1776350893,283,,Aggregated,127.000000,0.000000,1900,2000,2100,2200,2300,2400,2500,2900,3700,3800,3800,7436,0,1900.0,1797.0838918883835,231.8276959999821,3786.322261999999,4515.0
1776350894,283,,Aggregated,127.700000,0.000000,1900,2000,2100,2200,2300,2400,2600,3000,3700,3800,3800,7463,0,1900.0,1801.8060999354177,231.8276959999821,3786.322261999999,4515.0
1776350895,283,,Aggregated,123.400000,0.000000,1900,2000,2100,2200,2300,2400,2700,3100,4000,4100,4100,7485,0,1900.0,1807.801641020711,231.8276959999821,4084.998832999986,4515.0
1776350896,283,,Aggregated,111.900000,0.000000,1900,2000,2100,2200,2300,2400,2900,3600,5200,5200,5200,7523,0,1900.0,1824.52292909026,231.8276959999821,5217.562346999898,4515.0
1776350895,283,,Aggregated,123.400000,0.000000,1900,2000,2100,2200,2400,2800,4800,5000,5200,5500,5500,7734,0,1900.0,1902.8323017830385,231.8276959999821,5525.687417000086,4515.0
1776350896,283,,Aggregated,111.900000,0.000000,1900,2000,2100,2200,2400,2800,4800,5000,5200,5500,5500,7940,0,1900.0,1887.9493846976093,231.8276959999821,5525.687417000086,4515.0
1776350897,283,,Aggregated,113.600000,0.000000,1800,2000,2100,2200,2400,2700,4800,5000,5200,5500,5500,8145,0,1800.0,1866.988716846043,231.8276959999821,5525.687417000086,4515.0
1776350898,283,,Aggregated,124.900000,0.000000,1800,2000,2100,2200,2400,2700,4800,5000,5200,5500,5500,8334,0,1800.0,1850.5170747860607,231.8276959999821,5525.687417000086,4515.0
1776350899,283,,Aggregated,135.700000,0.000000,1800,2000,2100,2200,2400,2600,4800,5000,5200,5500,5500,8535,0,1800.0,1835.4897457345091,231.8276959999821,5525.687417000086,4515.0
1776350900,283,,Aggregated,143.000000,0.000000,1800,2000,2100,2200,2400,2600,4800,5000,5200,5500,5500,8724,0,1800.0,1820.1888201925774,231.8276959999821,5525.687417000086,4515.0
1776350901,283,,Aggregated,149.800000,0.000000,1800,2000,2100,2200,2300,2600,4800,5000,5200,5500,5500,8900,0,1800.0,1808.0968668737132,231.8276959999821,5525.687417000086,4515.0
1776350902,283,,Aggregated,162.000000,0.000000,1800,2000,2100,2200,2300,2500,4800,5000,5200,5500,5500,9084,0,1800.0,1797.5853452342635,231.8276959999821,5525.687417000086,4515.0
1776350903,283,,Aggregated,165.900000,0.000000,1800,2000,2100,2100,2300,2500,4700,5000,5200,5500,5500,9275,0,1800.0,1786.1939398322434,231.8276959999821,5525.687417000086,4515.0
1776350904,283,,Aggregated,169.600000,0.000000,1700,2000,2100,2100,2300,2500,4700,5000,5200,5500,5500,9461,0,1700.0,1773.6856231132092,231.8276959999821,5525.687417000086,4515.0
1776350905,283,,Aggregated,179.000000,0.000000,1700,1900,2100,2100,2300,2500,4700,5000,5200,5500,5500,9628,0,1700.0,1765.494812015692,231.8276959999821,5525.687417000086,4515.0
1776350906,283,,Aggregated,197.300000,0.000000,1700,1900,2100,2100,2300,2500,4700,4900,5200,5500,5500,9816,0,1700.0,1756.9970921235808,231.8276959999821,5525.687417000086,4515.0
1776350907,283,,Aggregated,199.000000,0.000000,1700,1900,2000,2100,2300,2500,4700,4900,5200,5300,5500,10010,0,1700.0,1746.1530891547548,231.8276959999821,5525.687417000086,4515.0
1776350908,283,,Aggregated,193.400000,0.000000,1700,1900,2000,2100,2300,2500,4700,4900,5200,5300,5500,10219,0,1700.0,1733.072978049134,231.8276959999821,5525.687417000086,4515.0
1776350909,283,,Aggregated,191.100000,0.000000,1700,1900,2000,2100,2300,2500,4700,4900,5200,5300,5500,10420,0,1700.0,1720.5795408385886,231.8276959999821,5525.687417000086,4515.0
1776350910,283,,Aggregated,191.500000,0.000000,1700,1900,2000,2100,2300,2500,4600,4900,5200,5300,5500,10630,0,1700.0,1708.1073881125194,231.8276959999821,5525.687417000086,4515.0
1776350911,243,,Aggregated,192.300000,0.000000,1700,1900,2000,2100,2300,2500,4600,4900,5200,5300,5500,10802,0,1700.0,1698.3079998969692,231.8276959999821,5525.687417000086,4515.0
1776350912,222,,Aggregated,190.300000,0.000000,1600,1900,2000,2100,2300,2500,4500,4900,5200,5300,5500,11001,0,1600.0,1685.5654213029788,231.8276959999821,5525.687417000086,4515.0
1776350913,222,,Aggregated,190.000000,0.000000,1600,1900,2000,2100,2300,2500,4300,4900,5200,5300,5500,11212,0,1600.0,1668.0514814445305,231.8276959999821,5525.687417000086,4515.0
1776350914,222,,Aggregated,191.700000,0.000000,1600,1900,2000,2100,2300,2400,4000,4900,5200,5300,5500,11416,0,1600.0,1651.8737779697856,231.8276959999821,5525.687417000086,4515.0
1776350915,222,,Aggregated,193.500000,0.000000,1600,1900,2000,2100,2300,2400,4000,4900,5200,5300,5500,11623,0,1600.0,1636.614194022549,231.8276959999821,5525.687417000086,4515.0
1776350916,222,,Aggregated,194.300000,0.000000,1600,1900,2000,2100,2300,2400,4000,4900,5200,5300,5500,11822,0,1600.0,1622.0752489474798,231.8276959999821,5525.687417000086,4515.0
1776350917,222,,Aggregated,198.000000,0.000000,1600,1800,2000,2100,2300,2400,3800,4900,5200,5300,5500,12065,0,1600.0,1604.267992335274,231.8276959999821,5525.687417000086,4515.0
1776350918,222,,Aggregated,201.300000,0.000000,1600,1800,2000,2100,2300,2400,3800,4900,5200,5300,5500,12296,0,1600.0,1586.5085753165313,231.8276959999821,5525.687417000086,4515.0
1776350919,222,,Aggregated,202.800000,0.000000,1500,1800,2000,2000,2300,2400,3800,4900,5200,5300,5500,12530,0,1500.0,1569.64449261421,231.8276959999821,5525.687417000086,4515.0
1776350920,222,,Aggregated,205.500000,0.000000,1500,1800,2000,2000,2300,2400,3700,4900,5200,5300,5500,12744,0,1500.0,1554.8830264693227,231.8276959999821,5525.687417000086,4515.0
1776350921,222,,Aggregated,207.800000,0.000000,1500,1800,2000,2000,2300,2400,3700,4900,5200,5300,5500,12968,0,1500.0,1539.9161996772848,231.8276959999821,5525.687417000086,4515.0
1776350922,222,,Aggregated,208.400000,0.000000,1500,1800,1900,2000,2300,2400,3700,4900,5200,5300,5500,13169,0,1500.0,1527.487560958465,231.8276959999821,5525.687417000086,4515.0
1776350923,222,,Aggregated,214.800000,0.000000,1500,1800,1900,2000,2200,2400,3600,4900,5200,5300,5500,13399,0,1500.0,1514.723030577509,231.8276959999821,5525.687417000086,4515.0
1776350924,222,,Aggregated,216.500000,0.000000,1500,1800,1900,2000,2200,2400,3600,4900,5200,5300,5500,13612,0,1500.0,1501.8399307483128,231.8276959999821,5525.687417000086,4515.0
1776350925,222,,Aggregated,216.600000,0.000000,1500,1700,1900,2000,2200,2400,3600,4900,5200,5300,5500,13845,0,1500.0,1488.0766281316019,231.8276959999821,5525.687417000086,4515.0
1776350926,222,,Aggregated,217.700000,0.000000,1400,1700,1900,2000,2200,2400,3500,4800,5200,5300,5500,14070,0,1400.0,1475.429227546057,231.8276959999821,5525.687417000086,4515.0
1776350924,222,,Aggregated,216.500000,0.000000,1400,1700,1900,2000,2200,2400,3500,4800,5200,5300,5500,14283,0,1400.0,1464.625339292445,231.8276959999821,5525.687417000086,4515.0
1776350925,222,,Aggregated,216.600000,0.000000,1400,1700,1900,2000,2200,2400,3400,4800,5200,5300,5500,14514,0,1400.0,1452.207772584538,231.8276959999821,5525.687417000086,4515.0
1776350926,222,,Aggregated,217.700000,0.000000,1400,1700,1900,2000,2200,2400,3400,4800,5200,5300,5500,14716,0,1400.0,1441.9606256472528,231.8276959999821,5525.687417000086,4515.0
1776350927,222,,Aggregated,233.400000,0.000000,1400,1700,1900,2000,2200,2400,3300,4800,5200,5300,5500,14956,0,1400.0,1429.9235109573406,231.8276959999821,5525.687417000086,4515.0
1776350928,222,,Aggregated,255.800000,0.000000,1300,1700,1900,2000,2200,2400,3200,4800,5200,5300,5500,15156,0,1300.0,1420.8640137696625,231.8276959999821,5525.687417000086,4515.0
1776350929,222,,Aggregated,275.400000,0.000000,1300,1700,1900,2000,2200,2400,3200,4800,5200,5300,5500,15334,0,1300.0,1414.3195163763532,231.8276959999821,5525.687417000086,4515.0
1776350930,222,,Aggregated,275.900000,0.000000,1300,1700,1900,2000,2200,2400,3200,4800,5200,5300,5500,15537,0,1300.0,1407.6932069228926,231.8276959999821,5525.687417000086,4515.0
1776350931,222,,Aggregated,273.600000,0.000000,1300,1700,1900,2000,2200,2400,3200,4800,5200,5300,5500,15732,0,1300.0,1399.7178133836119,231.8276959999821,5525.687417000086,4515.0
1776350932,222,,Aggregated,269.800000,0.000000,1200,1700,1900,2000,2200,2400,3100,4800,5200,5300,5500,15924,0,1200.0,1393.5234793348397,231.8276959999821,5525.687417000086,4515.0
1776350933,182,,Aggregated,266.400000,0.000000,1200,1600,1900,2000,2200,2400,3100,4800,5200,5300,5500,16107,0,1200.0,1386.7011872774574,231.8276959999821,5525.687417000086,4515.0
1776350934,142,,Aggregated,264.900000,0.000000,1200,1600,1900,1900,2200,2400,3100,4800,5200,5300,5500,16274,0,1200.0,1379.2025649183981,231.8276959999821,5525.687417000086,4515.0
1776350935,126,,Aggregated,263.800000,0.000000,1200,1600,1800,1900,2200,2400,3100,4800,5200,5300,5500,16465,0,1200.0,1367.7097238097176,222.5828680000177,5525.687417000086,4515.0
1776350936,126,,Aggregated,258.500000,0.000000,1200,1600,1800,1900,2200,2400,3100,4800,5200,5300,5500,16666,0,1200.0,1355.2173252425298,222.5828680000177,5525.687417000086,4515.0
1776350937,126,,Aggregated,240.600000,0.000000,1200,1600,1800,1900,2200,2400,3000,4800,5200,5300,5500,16846,0,1200.0,1344.5399242840426,222.5828680000177,5525.687417000086,4515.0
1776350938,126,,Aggregated,214.700000,0.000000,1100,1600,1800,1900,2200,2400,3000,4800,5200,5300,5500,17036,0,1100.0,1333.7463488094027,222.5828680000177,5525.687417000086,4515.0
1776350939,126,,Aggregated,194.300000,0.000000,1100,1600,1800,1900,2200,2400,3000,4800,5200,5300,5500,17229,0,1100.0,1322.8229438320848,222.5828680000177,5525.687417000086,4515.0
1776350940,126,,Aggregated,188.000000,0.000000,1100,1600,1800,1900,2200,2400,3000,4800,5200,5300,5500,17396,0,1100.0,1313.8950747741424,222.5828680000177,5525.687417000086,4515.0
1776350941,126,,Aggregated,187.500000,0.000000,1100,1600,1800,1900,2200,2300,3000,4800,5200,5300,5500,17541,0,1100.0,1307.0790469357498,222.5828680000177,5525.687417000086,4515.0
1776350942,126,,Aggregated,188.000000,0.000000,1100,1600,1800,1900,2200,2300,3000,4800,5200,5300,5500,17718,0,1100.0,1298.7618764903496,222.5828680000177,5525.687417000086,4515.0
1776350943,126,,Aggregated,184.900000,0.000000,1100,1600,1800,1900,2200,2300,3000,4800,5200,5300,5500,17844,0,1100.0,1293.4477629455846,222.5828680000177,5525.687417000086,4515.0
1776350944,126,,Aggregated,180.300000,0.000000,1100,1600,1800,1900,2200,2300,2900,4800,5200,5300,5500,17957,0,1100.0,1290.1751316696564,222.5828680000177,5525.687417000086,4515.0
1776350945,126,,Aggregated,177.700000,0.000000,1100,1600,1800,1900,2200,2300,2900,4800,5200,5300,5500,18115,0,1100.0,1284.1648563500423,222.5828680000177,5525.687417000086,4515.0
1776350946,126,,Aggregated,172.900000,0.000000,1100,1600,1800,1900,2200,2300,2900,4700,5200,5300,5500,18278,0,1100.0,1277.1702523913457,222.5828680000177,5525.687417000086,4515.0
1776350947,126,,Aggregated,167.800000,0.000000,1100,1500,1800,1900,2200,2300,2900,4700,5200,5300,5500,18462,0,1100.0,1268.7757831802646,222.5828680000177,5525.687417000086,4515.0
1776350948,126,,Aggregated,164.700000,0.000000,1100,1500,1800,1900,2100,2300,2900,4700,5200,5300,5500,18663,0,1100.0,1258.8527359007148,222.5828680000177,5525.687417000086,4515.0
1776350949,126,,Aggregated,159.700000,0.000000,1000,1500,1800,1900,2100,2300,2900,4700,5200,5300,5500,18836,0,1000.0,1250.8763833680744,222.5828680000177,5525.687417000086,4515.0
1776350950,126,,Aggregated,161.800000,0.000000,1000,1500,1700,1900,2100,2300,2900,4700,5200,5300,5500,19019,0,1000.0,1242.3960382077944,222.5828680000177,5525.687417000086,4515.0
1776350951,126,,Aggregated,162.500000,0.000000,1000,1500,1700,1900,2100,2300,2800,4700,5200,5300,5500,19203,0,1000.0,1234.6258284485261,222.5828680000177,5525.687417000086,4515.0
1776350952,126,,Aggregated,160.700000,0.000000,1000,1500,1700,1900,2100,2300,2800,4700,5200,5300,5500,19391,0,1000.0,1226.1495167971248,222.5828680000177,5525.687417000086,4515.0
1776350953,126,,Aggregated,162.100000,0.000000,1000,1500,1700,1900,2100,2300,2800,4700,5200,5300,5500,19595,0,1000.0,1216.758878948663,222.5828680000177,5525.687417000086,4515.0
1776350954,126,,Aggregated,166.000000,0.000000,1000,1500,1700,1900,2100,2300,2800,4700,5200,5300,5500,19781,0,1000.0,1208.5188283683865,222.5828680000177,5525.687417000086,4515.0
1776350955,126,,Aggregated,168.300000,0.000000,1000,1500,1700,1900,2100,2300,2800,4700,5200,5300,5500,19976,0,1000.0,1200.54967761484,222.5828680000177,5525.687417000086,4515.0
1776350959,126,,Aggregated,187.500000,0.000000,990,1500,1700,1900,2100,2300,2800,4700,5200,5200,5500,20165,0,990.0,1192.7164862088794,222.5828680000177,5525.687417000086,4515.0
1776350955,126,,Aggregated,168.300000,0.000000,980,1500,1700,1800,2100,2300,2700,4700,5200,5200,5500,20356,0,980.0,1184.7617561111235,222.5828680000177,5525.687417000086,4515.0
1776350956,86,,Aggregated,175.500000,0.000000,970,1500,1700,1800,2100,2300,2700,4700,5200,5200,5500,20496,0,970.0,1179.0934202430253,222.5828680000177,5525.687417000086,4515.0
1776350957,46,,Aggregated,192.600000,0.000000,970,1500,1700,1800,2100,2300,2700,4700,5200,5200,5500,20583,0,970.0,1175.2575706743937,216.1303930000713,5525.687417000086,4515.0
1776350958,31,,Aggregated,211.100000,0.000000,960,1500,1700,1800,2100,2300,2700,4700,5200,5200,5500,20635,0,960.0,1172.9767202014555,216.1303930000713,5525.687417000086,4515.0
1776350959,31,,Aggregated,221.100000,0.000000,960,1400,1700,1800,2100,2300,2700,4700,5200,5200,5500,20685,0,960.0,1170.8638702700036,216.1303930000713,5525.687417000086,4515.0
1776350960,31,,Aggregated,208.400000,0.000000,960,1400,1700,1800,2100,2300,2700,4700,5200,5200,5500,20739,0,960.0,1168.6073457185505,216.1303930000713,5525.687417000086,4515.0
1776350961,31,,Aggregated,194.100000,0.000000,950,1400,1700,1800,2100,2300,2700,4700,5200,5200,5500,20794,0,950.0,1166.2052744373386,216.1303930000713,5525.687417000086,4515.0
1776350962,31,,Aggregated,186.200000,0.000000,950,1400,1700,1800,2100,2300,2700,4700,5200,5200,5500,20853,0,950.0,1163.5993908686048,216.1303930000713,5525.687417000086,4515.0
1776350963,31,,Aggregated,173.500000,0.000000,950,1400,1700,1800,2100,2300,2700,4700,5200,5200,5500,20907,0,950.0,1161.2343535502953,216.1303930000713,5525.687417000086,4515.0
1776350964,31,,Aggregated,160.300000,0.000000,940,1400,1700,1800,2100,2300,2700,4700,5200,5200,5500,20961,0,940.0,1158.971972391157,216.1303930000713,5525.687417000086,4515.0
1776350965,31,,Aggregated,147.300000,0.000000,940,1400,1700,1800,2100,2300,2700,4700,5200,5200,5500,21018,8,940.0,1156.5807041858902,13.276432999987264,5525.687417000086,4513.281473023123
1776350966,31,,Aggregated,132.900000,0.000000,940,1400,1700,1800,2100,2300,2700,4700,5200,5200,5500,21056,9,940.0,1155.2637311417193,13.276432999987264,5525.687417000086,4513.070146276596
1776350967,31,,Aggregated,108.900000,0.000000,940,1400,1700,1800,2100,2300,2700,4600,5200,5200,5500,21109,9,940.0,1153.0933055901291,13.276432999987264,5525.687417000086,4513.074991709697
1776350968,31,,Aggregated,79.000000,0.900000,930,1400,1700,1800,2100,2300,2700,4600,5200,5200,5500,21165,9,930.0,1150.7304136976159,13.276432999987264,5525.687417000086,4513.080085046066
1776350969,31,,Aggregated,58.500000,0.900000,930,1400,1700,1800,2100,2300,2700,4600,5200,5200,5500,21222,9,930.0,1148.3503377516276,13.276432999987264,5525.687417000086,4513.085241730279
1776350970,31,,Aggregated,57.600000,0.900000,930,1400,1700,1800,2100,2300,2600,4600,5200,5200,5500,21273,9,930.0,1146.2211211350557,13.276432999987264,5525.687417000086,4513.0898321816385
1776350971,31,,Aggregated,57.400000,0.900000,930,1400,1700,1800,2100,2300,2600,4600,5200,5200,5500,21331,9,930.0,1143.999043979187,13.276432999987264,5525.687417000086,4513.095026018471
1776350972,31,,Aggregated,54.100000,0.900000,920,1400,1700,1800,2100,2300,2600,4600,5200,5200,5500,21377,9,920.0,1142.1468857309742,13.276432999987264,5525.687417000086,4513.099125228049
1776350973,31,,Aggregated,53.200000,0.900000,920,1400,1700,1800,2100,2300,2600,4600,5200,5200,5500,21430,9,920.0,1139.981692315354,13.276432999987264,5525.687417000086,4513.103826411572
1776350974,31,,Aggregated,52.500000,0.900000,920,1400,1700,1800,2100,2300,2600,4600,5200,5200,5500,21489,9,920.0,1137.5971062840074,13.276432999987264,5525.687417000086,4513.10903252827
1776350975,31,,Aggregated,52.000000,0.900000,920,1400,1700,1800,2100,2300,2600,4600,5200,5200,5500,21538,9,920.0,1135.640180545688,13.276432999987264,5525.687417000086,4513.113334571455
1776350976,31,,Aggregated,52.200000,0.900000,910,1400,1700,1800,2100,2300,2600,4600,5200,5200,5500,21597,9,910.0,1133.3083752486937,13.276432999987264,5525.687417000086,4513.118488678983
1776350977,31,,Aggregated,52.500000,0.900000,910,1400,1700,1800,2100,2300,2600,4600,5200,5200,5500,21639,9,910.0,1131.7022255814984,13.276432999987264,5525.687417000086,4513.1221405795095
1776350978,31,,Aggregated,53.500000,0.000000,910,1400,1700,1800,2100,2300,2600,4600,5200,5200,5500,21689,9,910.0,1129.9442206270019,13.276432999987264,5525.687417000086,4513.126469638987
1776350979,31,,Aggregated,53.700000,0.000000,910,1400,1700,1800,2100,2300,2600,4600,5200,5200,5500,21741,9,910.0,1128.0110369129773,13.276432999987264,5525.687417000086,4513.130950738237
1776350980,31,,Aggregated,52.500000,0.000000,900,1400,1700,1800,2100,2300,2600,4600,5200,5200,5500,21802,9,900.0,1125.5670615848105,13.276432999987264,5525.687417000086,4513.136180166957
1776350981,20,,Aggregated,52.000000,0.000000,900,1400,1600,1800,2100,2300,2600,4600,5200,5200,5500,21837,9,900.0,1124.1742688347779,13.276432999987264,5525.687417000086,4513.139167468059
1776350982,20,,Aggregated,51.600000,0.000000,900,1400,1600,1800,2100,2300,2600,4600,5200,5200,5500,21875,9,900.0,1122.6782046705848,13.276432999987264,5525.687417000086,4513.1424
1776350983,20,,Aggregated,51.500000,0.000000,900,1400,1600,1800,2100,2300,2600,4600,5200,5200,5500,21908,9,900.0,1121.430107690617,13.276432999987264,5525.687417000086,4513.1451981011505
1776350984,20,,Aggregated,50.700000,0.000000,900,1400,1600,1800,2100,2300,2600,4600,5200,5200,5500,21944,9,900.0,1120.0756527990357,13.276432999987264,5525.687417000086,4513.148240977032
1776350985,20,,Aggregated,48.600000,0.000000,900,1400,1600,1800,2100,2300,2600,4600,5200,5200,5500,21977,9,900.0,1118.8201102969938,13.276432999987264,5525.687417000086,4513.151021522501
1776350986,20,,Aggregated,46.500000,0.000000,900,1400,1600,1800,2100,2300,2600,4500,5200,5200,5500,22014,9,890.0,1117.4173988864377,13.276432999987264,5525.687417000086,4513.154129190515
1776350985,20,,Aggregated,48.600000,0.000000,890,1400,1600,1800,2100,2300,2600,4500,5200,5200,5500,22044,9,890.0,1116.278833103522,13.276432999987264,5525.687417000086,4513.156641262929
1776350986,20,,Aggregated,46.500000,0.000000,890,1400,1600,1800,2100,2300,2600,4500,5200,5200,5500,22080,9,890.0,1114.9426168924379,13.276432999987264,5525.687417000086,4513.15964673913
1776350987,20,,Aggregated,46.300000,0.000000,890,1400,1600,1800,2100,2300,2600,4400,5200,5200,5500,22108,9,890.0,1113.9453728458486,13.276432999987264,5525.687417000086,4513.161977564682
1776350988,20,,Aggregated,47.700000,0.000000,890,1400,1600,1800,2100,2300,2600,4400,5200,5200,5500,22145,9,890.0,1112.587008778822,13.276432999987264,5525.687417000086,4513.165048543689
1776350989,20,,Aggregated,48.800000,0.000000,890,1400,1600,1800,2100,2300,2600,4400,5200,5200,5500,22178,9,890.0,1111.3460567363607,13.276432999987264,5525.687417000086,4513.167778879972
1776350990,20,,Aggregated,47.500000,0.000000,890,1400,1600,1800,2100,2300,2600,4400,5200,5200,5500,22215,9,890.0,1109.9870129311282,13.276432999987264,5525.687417000086,4513.170830519919
1776350991,20,,Aggregated,46.400000,0.000000,880,1400,1600,1800,2100,2300,2600,4400,5200,5200,5500,22247,9,880.0,1108.7972158264045,13.276432999987264,5525.687417000086,4513.173461590327
1776350992,20,,Aggregated,44.300000,0.000000,880,1300,1600,1800,2100,2300,2600,4400,5200,5200,5500,22280,9,880.0,1107.6469604100098,13.276432999987264,5525.687417000086,4513.176166965889
1776350993,20,,Aggregated,42.600000,0.000000,880,1300,1600,1800,2100,2300,2600,4300,5200,5200,5500,22314,9,880.0,1106.4461151927499,13.276432999987264,5525.687417000086,4513.178945953213
1776350994,20,,Aggregated,42.000000,0.000000,880,1300,1600,1800,2100,2300,2600,4300,5200,5200,5500,22348,9,880.0,1105.2222964727055,13.276432999987264,5525.687417000086,4513.181716484697
1776350995,20,,Aggregated,41.900000,0.000000,880,1300,1600,1800,2100,2300,2600,4300,5200,5200,5500,22382,9,880.0,1103.9973393549737,13.276432999987264,5525.687417000086,4513.184478598874
1776350996,20,,Aggregated,42.200000,0.000000,870,1300,1600,1800,2100,2300,2600,4300,5200,5200,5500,22416,9,870.0,1102.7514779653823,13.276432999987264,5525.687417000086,4513.187232334047
1776350997,20,,Aggregated,40.000000,0.000000,870,1300,1600,1800,2100,2300,2600,4300,5200,5200,5500,22445,9,870.0,1101.7765517382056,13.276432999987264,5525.687417000086,4513.1895745154825
1776350998,20,,Aggregated,36.600000,0.000000,870,1300,1600,1800,2100,2300,2600,4300,5200,5200,5500,22477,9,870.0,1100.6638879247248,13.276432999987264,5525.687417000086,4513.192151977577
1776350999,20,,Aggregated,33.400000,0.000000,870,1300,1600,1800,2100,2300,2600,4100,5200,5200,5500,22508,9,870.0,1099.5582550831723,13.276432999987264,5525.687417000086,4513.1946419051
1776351000,20,,Aggregated,33.300000,0.000000,870,1300,1600,1800,2100,2300,2600,4100,5200,5200,5500,22545,9,870.0,1098.2163896356642,13.276432999987264,5525.687417000086,4513.197604790419
1776351001,20,,Aggregated,32.700000,0.000000,870,1300,1600,1800,2100,2300,2600,4100,5200,5200,5500,22581,9,870.0,1096.9169230250675,13.276432999987264,5525.687417000086,4513.200478278199
1776351002,20,,Aggregated,32.800000,0.000000,870,1300,1600,1800,2100,2300,2600,4100,5200,5200,5500,22611,9,870.0,1095.8283557548114,13.276432999987264,5525.687417000086,4513.202865861749
1776351003,20,,Aggregated,32.900000,0.000000,860,1300,1600,1800,2100,2300,2600,4100,5200,5200,5500,22642,9,860.0,1094.8109482039595,13.276432999987264,5525.687417000086,4513.205326384595
1776351004,32,,Aggregated,33.200000,0.000000,860,1300,1600,1800,2100,2300,2600,4100,5200,5200,5500,22685,21,860.0,1093.487288054487,13.276432999987264,5525.687417000086,4510.820365880538
1776351005,32,,Aggregated,33.000000,0.000000,860,1300,1600,1800,2100,2300,2500,4100,5200,5200,5500,22730,24,860.0,1092.0840790185239,13.276432999987264,5525.687417000086,4510.2327320721515
1776351006,32,,Aggregated,33.600000,1.100000,860,1300,1600,1800,2100,2300,2500,4100,5200,5200,5500,22774,25,860.0,1090.749091277292,13.276432999987264,5525.687417000086,4510.0436901730045
1776351007,32,,Aggregated,34.600000,1.500000,860,1300,1600,1800,2100,2300,2500,4000,5200,5200,5500,22828,25,860.0,1088.982299598215,13.276432999987264,5525.687417000086,4510.055414403364
1776351008,32,,Aggregated,36.200000,1.600000,860,1300,1600,1800,2100,2300,2500,4000,5200,5200,5500,22880,25,860.0,1087.3608012695822,13.276432999987264,5525.687417000086,4510.066652097902
1776351009,32,,Aggregated,37.700000,1.600000,850,1300,1600,1800,2100,2300,2500,4000,5200,5200,5500,22924,25,850.0,1085.913576254495,13.276432999987264,5525.687417000086,4510.076121095794
1776351010,32,,Aggregated,39.600000,1.600000,850,1300,1600,1800,2100,2300,2500,4000,5200,5200,5500,22972,25,850.0,1084.4856159974336,13.276432999987264,5525.687417000086,4510.086409542051
1776351011,32,,Aggregated,41.200000,1.600000,850,1300,1600,1800,2100,2300,2500,4000,5200,5200,5500,23019,25,850.0,1083.0665161677325,13.276432999987264,5525.687417000086,4510.096442069595
1776351012,32,,Aggregated,42.300000,1.600000,850,1300,1600,1800,2100,2300,2500,4000,5200,5200,5500,23071,25,850.0,1081.3563982850778,13.276432999987264,5525.687417000086,4510.107494256859
1776351013,32,,Aggregated,43.300000,1.600000,850,1300,1600,1800,2100,2300,2500,4000,5200,5200,5500,23122,25,850.0,1079.7410904878482,13.276432999987264,5525.687417000086,4510.118285615431
1776351014,32,,Aggregated,45.500000,1.600000,840,1300,1600,1800,2100,2300,2500,4000,5200,5200,5500,23177,25,840.0,1077.9554087894483,13.276432999987264,5525.687417000086,4510.12987012987
1776351015,32,,Aggregated,47.200000,1.600000,840,1300,1600,1800,2100,2300,2500,4000,5200,5200,5500,23221,25,840.0,1076.559498858061,13.276432999987264,5525.687417000086,4510.13909823005
1776351016,32,,Aggregated,48.100000,0.500000,840,1200,1600,1800,2100,2300,2500,4000,5200,5200,5500,23272,25,840.0,1074.9583323113195,13.276432999987264,5525.687417000086,4510.149750773462
1776351014,32,,Aggregated,49.200000,0.000000,840,1200,1600,1800,2100,2300,2500,4000,5200,5200,5500,23324,25,840.0,1073.2425880089615,13.276432999987264,5525.687417000086,4510.16056422569
1776351015,32,,Aggregated,47.200000,1.600000,840,1200,1600,1800,2100,2300,2500,4000,5200,5200,5500,23382,25,840.0,1071.3141998079723,13.276432999987264,5525.687417000086,4510.172568642545
1776351016,32,,Aggregated,48.100000,0.500000,840,1200,1600,1800,2100,2300,2500,4000,5200,5200,5500,23435,25,840.0,1069.5860345866022,13.276432999987264,5525.687417000086,4510.183486238532
1776351017,32,,Aggregated,52.100000,0.100000,830,1200,1600,1800,2100,2300,2500,4000,5200,5200,5500,23488,25,830.0,1067.805312270735,13.276432999987264,5525.687417000086,4510.194354564032
1776351018,32,,Aggregated,56.900000,0.000000,830,1200,1600,1800,2100,2300,2500,4000,5200,5200,5500,23534,25,830.0,1066.4340889169293,13.276432999987264,5525.687417000086,4510.203747769185
1776351019,32,,Aggregated,61.700000,0.000000,830,1200,1600,1700,2100,2300,2500,4000,5200,5200,5500,23586,25,830.0,1064.816563410159,13.276432999987264,5525.687417000086,4510.214322055456
1776351020,32,,Aggregated,61.300000,0.000000,830,1200,1600,1700,2100,2300,2500,4000,5200,5200,5500,23641,25,830.0,1063.01946456677,13.276432999987264,5525.687417000086,4510.2254557759825
1776351021,32,,Aggregated,61.800000,0.000000,830,1200,1600,1700,2100,2300,2500,4000,5200,5200,5500,23695,25,830.0,1061.280874030935,13.276432999987264,5525.687417000086,4510.236336779912
1776351022,32,,Aggregated,64.100000,0.000000,820,1200,1600,1700,2100,2300,2500,4000,5200,5200,5500,23746,25,820.0,1059.651770851259,13.276432999987264,5525.687417000086,4510.246567843005
1776351023,32,,Aggregated,64.900000,0.000000,820,1200,1600,1700,2100,2300,2500,4000,5200,5200,5500,23793,25,820.0,1058.2237442903795,13.276432999987264,5525.687417000086,4510.255957634598
1776351024,32,,Aggregated,64.100000,0.000000,820,1200,1600,1700,2100,2300,2500,3900,5200,5200,5500,23844,25,820.0,1056.6735939064754,13.276432999987264,5525.687417000086,4510.266104680422
1776351025,32,,Aggregated,64.500000,0.000000,820,1200,1600,1700,2100,2300,2500,3900,5200,5200,5500,23903,25,820.0,1054.788595733631,13.276432999987264,5525.687417000086,4510.2777893988205
1776351026,68,,Aggregated,64.600000,0.000000,810,1200,1600,1700,2100,2300,2500,3900,5200,5200,5500,23999,25,810.0,1052.3618923320128,13.276432999987264,5525.687417000086,4510.296679028293
1776351027,68,,Aggregated,61.900000,0.000000,810,1200,1600,1700,2100,2300,2500,3800,5200,5200,5500,24105,25,810.0,1049.1110071847738,13.276432999987264,5525.687417000086,4510.317361543248
1776351028,68,,Aggregated,57.600000,0.000000,810,1200,1600,1700,2100,2300,2500,3800,5200,5200,5500,24199,25,810.0,1046.5732436847377,13.276432999987264,5525.687417000086,4510.335551055829
1776351029,68,,Aggregated,58.500000,0.000000,800,1200,1600,1700,2100,2300,2500,3800,5200,5200,5500,24295,25,800.0,1044.1588292225965,13.276432999987264,5525.687417000086,4510.353982300885
1776351030,68,,Aggregated,64.200000,0.000000,800,1200,1600,1700,2100,2300,2500,3800,5200,5200,5500,24406,25,800.0,1041.090392844259,13.276432999987264,5525.687417000086,4510.37511267721
1776351031,68,,Aggregated,68.900000,0.000000,800,1200,1600,1700,2100,2300,2500,3800,5200,5200,5500,24511,25,800.0,1038.0231676741867,13.276432999987264,5525.687417000086,4510.394924727673
1776351032,68,,Aggregated,71.800000,0.000000,790,1200,1600,1700,2100,2300,2500,3800,5200,5200,5500,24618,25,790.0,1034.992373772767,13.276432999987264,5525.687417000086,4510.414940287595
1776351033,68,,Aggregated,77.000000,0.000000,790,1200,1600,1700,2100,2300,2500,3800,5200,5200,5500,24724,25,790.0,1031.9741400019002,13.276432999987264,5525.687417000086,4510.434597961495
1776351034,68,,Aggregated,82.600000,0.000000,790,1200,1600,1700,2100,2300,2500,3800,5200,5200,5500,24815,25,790.0,1029.4784709253258,13.276432999987264,5525.687417000086,4510.451339915374
1776351035,68,,Aggregated,88.400000,0.000000,780,1100,1600,1700,2000,2300,2500,3800,5200,5200,5500,24911,25,780.0,1027.2693378311176,13.276432999987264,5525.687417000086,4510.46886917426
1776351036,68,,Aggregated,94.500000,0.000000,780,1100,1600,1700,2000,2300,2500,3800,5200,5200,5500,25023,25,780.0,1024.3311929356578,13.276432999987264,5525.687417000086,4510.489149982017
1776351037,68,,Aggregated,97.400000,0.000000,780,1100,1500,1700,2000,2300,2500,3800,5200,5200,5500,25126,25,780.0,1021.5694325119377,13.276432999987264,5525.687417000086,4510.507641486906
1776351038,68,,Aggregated,101.400000,0.000000,770,1100,1500,1700,2000,2300,2500,3800,5200,5200,5500,25245,25,770.0,1018.0762139423231,13.276432999987264,5525.687417000086,4510.528817587641
1776351039,68,,Aggregated,101.700000,0.000000,770,1100,1500,1700,2000,2300,2500,3800,5200,5200,5500,25359,25,770.0,1014.7740515737585,13.276432999987264,5525.687417000086,4510.548917544067
1776351040,68,,Aggregated,102.300000,0.000000,770,1100,1500,1700,2000,2300,2500,3700,5200,5200,5500,25461,25,770.0,1012.1959609325609,13.276432999987264,5525.687417000086,4510.5667491457525
1776351041,68,,Aggregated,104.400000,0.000000,760,1100,1500,1700,2000,2300,2500,3700,5200,5200,5500,25568,25,760.0,1009.3163651443965,13.276432999987264,5525.687417000086,4510.585301939925
1776351042,68,,Aggregated,105.700000,0.000000,760,1100,1500,1700,2000,2300,2500,3700,5200,5200,5500,25691,25,760.0,1005.860776151801,13.276432999987264,5525.687417000086,4510.606438052237
1776351043,68,,Aggregated,105.400000,0.000000,760,1100,1500,1700,2000,2300,2500,3700,5200,5200,5500,25806,25,760.0,1002.6058265755612,13.276432999987264,5525.687417000086,4510.626017205301
1776351044,68,,Aggregated,106.100000,0.000000,750,1100,1500,1700,2000,2300,2500,3700,5200,5200,5500,25924,25,750.0,999.3071788058146,13.276432999987264,5525.687417000086,4510.645926554544
1776351045,68,,Aggregated,106.300000,0.000000,750,1100,1500,1700,2000,2300,2500,3700,5200,5200,5500,26033,25,750.0,996.514162004146,13.276432999987264,5525.687417000086,4510.6641570314605
1776351046,68,,Aggregated,107.000000,0.000000,740,1100,1500,1700,2000,2300,2500,3700,5200,5200,5500,26143,25,740.0,993.6714248489051,13.276432999987264,5525.687417000086,4510.6824006426195
1776351045,68,,Aggregated,106.300000,0.000000,740,1100,1500,1700,2000,2300,2500,3700,5200,5200,5500,26252,25,740.0,990.7888671711838,13.276432999987264,5525.687417000086,4510.700327594088
1776351046,68,,Aggregated,107.000000,0.000000,740,1100,1500,1700,2000,2300,2500,3700,5200,5200,5500,26365,25,740.0,987.7575114178613,13.276432999987264,5525.687417000086,4510.7187559264175
1776351047,68,,Aggregated,116.300000,0.000000,730,1100,1500,1700,2000,2300,2500,3700,5200,5200,5500,26488,25,730.0,984.4407060954364,13.276432999987264,5525.687417000086,4510.738636363636
1776351048,68,,Aggregated,129.500000,0.000000,730,1100,1500,1700,2000,2300,2500,3600,5200,5200,5500,26600,25,730.0,981.4820602758625,13.276432999987264,5525.687417000086,4510.756578947368
1776351049,90,,Aggregated,140.500000,0.000000,730,1100,1500,1700,2000,2200,2500,3600,5200,5200,5500,26709,25,730.0,979.4726712609206,13.276432999987264,5525.687417000086,4510.773896439402
1776351050,90,,Aggregated,141.000000,0.000000,730,1100,1500,1700,2000,2200,2500,3600,5200,5200,5500,26836,25,730.0,976.6057280962115,13.276432999987264,5525.687417000086,4510.793896258757
1776351051,90,,Aggregated,138.700000,0.000000,720,1100,1500,1700,2000,2200,2500,3600,5200,5200,5500,26981,25,720.0,973.5027222764141,13.276432999987264,5525.687417000086,4510.816500500352
1776351052,90,,Aggregated,142.300000,0.000000,720,1100,1500,1700,2000,2200,2500,3600,5100,5200,5500,27127,25,720.0,969.9514629594839,13.276432999987264,5525.687417000086,4510.839016478048
1776351053,90,,Aggregated,143.800000,0.000000,720,1100,1500,1700,2000,2200,2500,3600,5100,5200,5500,27272,25,720.0,966.4227863355061,13.276432999987264,5525.687417000086,4510.86113963039
1776351054,90,,Aggregated,147.500000,0.000000,710,1100,1500,1600,2000,2200,2500,3600,5100,5200,5500,27426,25,710.0,962.5727074145673,13.276432999987264,5525.687417000086,4510.884379785605
1776351055,90,,Aggregated,150.400000,0.000000,710,1100,1500,1600,2000,2200,2500,3600,5100,5200,5500,27560,25,710.0,959.5970361650185,13.276432999987264,5525.687417000086,4510.9043904209
1776351056,90,,Aggregated,154.400000,0.000000,710,1000,1500,1600,2000,2200,2500,3500,5100,5200,5500,27707,25,710.0,956.4328487941277,13.276432999987264,5525.687417000086,4510.926119753131
1776351057,90,,Aggregated,151.100000,0.000000,700,1000,1500,1600,2000,2200,2500,3500,5100,5200,5500,27841,25,700.0,953.4133835357537,13.276432999987264,5525.687417000086,4510.945727524155
1776351058,90,,Aggregated,142.000000,0.000000,700,1000,1500,1600,2000,2200,2500,3500,5100,5200,5500,27979,25,700.0,950.2678410380616,13.276432999987264,5525.687417000086,4510.96572429322
1776351059,90,,Aggregated,134.400000,0.000000,690,1000,1400,1600,2000,2200,2500,3500,5100,5200,5500,28121,25,690.0,947.1706248413975,13.276432999987264,5525.687417000086,4510.986095800292
1776351060,90,,Aggregated,137.000000,0.000000,690,1000,1400,1600,2000,2200,2500,3500,5100,5200,5500,28258,25,690.0,944.2130754082368,13.276432999987264,5525.687417000086,4511.005555948758
1776351061,90,,Aggregated,141.300000,0.000000,690,1000,1400,1600,2000,2200,2500,3500,5100,5200,5500,28379,25,690.0,941.9261303192487,13.276432999987264,5525.687417000086,4511.022587124282
1776351062,90,,Aggregated,140.700000,0.000000,680,1000,1400,1600,2000,2200,2400,3500,5100,5200,5500,28488,25,680.0,940.4224923839497,13.276432999987264,5525.687417000086,4511.037805391744
1776351063,90,,Aggregated,141.700000,0.000000,680,1000,1400,1600,2000,2200,2400,3400,5100,5200,5500,28612,25,680.0,938.397644750698,13.276432999987264,5525.687417000086,4511.054976932755
1776351064,90,,Aggregated,137.400000,0.000000,680,1000,1400,1600,2000,2200,2400,3400,5100,5200,5500,28724,25,680.0,936.485215274856,13.276432999987264,5525.687417000086,4511.070359281437
1776351065,90,,Aggregated,134.800000,0.000000,670,1000,1400,1600,2000,2200,2400,3400,5100,5200,5500,28848,25,670.0,934.4166340792419,13.276432999987264,5525.687417000086,4511.087250415973
1776351066,90,,Aggregated,130.400000,0.000000,670,1000,1400,1600,2000,2200,2400,3400,5100,5200,5500,28999,25,670.0,931.5709433383561,13.276432999987264,5525.687417000086,4511.107624400842
1776351067,90,,Aggregated,128.100000,0.000000,670,1000,1400,1600,2000,2200,2400,3400,5100,5200,5500,29139,25,670.0,928.6222920089571,13.276432999987264,5525.687417000086,4511.126325543087
1776351068,90,,Aggregated,128.500000,0.000000,660,1000,1400,1600,2000,2200,2400,3400,5100,5200,5500,29276,25,660.0,926.0426214757146,13.276432999987264,5525.687417000086,4511.144452794098
1776351069,90,,Aggregated,129.700000,0.000000,660,1000,1400,1600,2000,2200,2400,3400,5100,5200,5500,29417,25,660.0,923.3403345937046,13.276432999987264,5525.687417000086,4511.162932997926
1776351070,90,,Aggregated,128.600000,0.000000,660,1000,1400,1600,2000,2200,2400,3400,5100,5200,5500,29558,25,660.0,920.5438901509572,13.276432999987264,5525.687417000086,4511.181236890182
1776351071,90,,Aggregated,128.200000,0.000000,650,990,1400,1600,2000,2200,2400,3400,5100,5200,5500,29701,25,650.0,917.6284500975383,13.276432999987264,5525.687417000086,4511.19962290832
1776351072,90,,Aggregated,127.900000,0.000000,650,980,1400,1600,2000,2200,2400,3300,5100,5200,5500,29853,25,650.0,914.4604475389065,13.276432999987264,5525.687417000086,4511.218972967541
1776351073,125,,Aggregated,130.100000,0.000000,640,980,1400,1600,2000,2200,2400,3300,5100,5200,5500,30049,69,640.0,910.5768882796425,13.276432999987264,5525.687417000086,4504.632433691637
1776351074,125,,Aggregated,134.800000,0.000000,640,970,1400,1600,2000,2200,2400,3200,5100,5200,5500,30228,82,640.0,907.5445068919536,13.276432999987264,5525.687417000086,4502.752084160381
1776351075,125,,Aggregated,140.000000,2.700000,640,960,1300,1600,2000,2200,2400,3200,5100,5200,5500,30388,82,640.0,905.060031001678,13.276432999987264,5525.687417000086,4502.816572331183
1776351076,125,,Aggregated,147.000000,5.700000,630,960,1300,1600,2000,2200,2400,3200,5100,5200,5500,30557,82,630.0,902.8675143857042,13.276432999987264,5525.687417000086,4502.883954576692
1776351074,125,,Aggregated,134.800000,0.000000,630,950,1300,1600,2000,2200,2400,3200,5100,5200,5500,30746,82,630.0,899.5786952877437,13.276432999987264,5525.687417000086,4502.958433617381
1776351075,125,,Aggregated,140.000000,2.700000,620,940,1300,1600,2000,2200,2400,3200,5100,5200,5500,30945,82,620.0,896.1387356625615,13.276432999987264,5525.687417000086,4503.035870092099
1776351076,125,,Aggregated,147.000000,5.700000,620,930,1300,1600,2000,2200,2400,3200,5100,5200,5500,31132,82,620.0,893.0266760404393,13.276432999987264,5525.687417000086,4503.10773480663
1776351077,125,,Aggregated,162.900000,5.700000,610,930,1300,1600,2000,2200,2400,3200,5100,5200,5500,31331,82,610.0,889.4732129791573,13.276432999987264,5525.687417000086,4503.183268966838
1776351078,125,,Aggregated,183.200000,5.700000,610,920,1300,1500,2000,2200,2400,3200,5100,5200,5500,31540,82,610.0,885.6068250475578,13.276432999987264,5525.687417000086,4503.261572606214
1776351080,125,,Aggregated,207.200000,5.700000,600,920,1200,1500,2000,2200,2400,3100,5100,5200,5500,31719,82,600.0,882.5521051924072,13.276432999987264,5525.687417000086,4503.327816135439
1776351081,125,,Aggregated,207.200000,5.700000,600,910,1200,1500,2000,2200,2400,3100,5100,5200,5500,31922,82,600.0,879.1823033740659,13.276432999987264,5525.687417000086,4503.402042478541
1776351082,125,,Aggregated,223.100000,5.700000,590,900,1200,1500,2000,2200,2400,3100,5100,5200,5500,32120,82,590.0,875.6734877364543,13.276432999987264,5525.687417000086,4503.473536737235
1776351083,125,,Aggregated,228.800000,5.700000,590,900,1200,1500,2000,2200,2400,3100,5100,5200,5500,32332,82,590.0,872.0068068042788,13.276432999987264,5525.687417000086,4503.5491154274405
1776351084,125,,Aggregated,232.900000,5.700000,580,890,1200,1500,1900,2200,2400,3100,5100,5200,5500,32534,82,580.0,868.6809829819252,13.276432999987264,5525.687417000086,4503.620212700559
1776351085,125,,Aggregated,237.000000,3.000000,580,890,1200,1500,1900,2200,2400,3100,5100,5200,5500,32726,82,570.0,865.3877508989785,13.276432999987264,5525.687417000086,4503.686976715761
1776351086,125,,Aggregated,238.900000,0.000000,570,880,1200,1500,1900,2200,2400,3100,5100,5200,5500,32892,82,570.0,863.0892028054533,13.276432999987264,5525.687417000086,4503.74407150675
1776351087,125,,Aggregated,230.500000,0.000000,570,870,1200,1500,1900,2200,2400,3100,5100,5200,5500,33077,82,570.0,860.5906990202553,13.276432999987264,5525.687417000086,4503.807026030172
1776351088,125,,Aggregated,212.900000,0.000000,560,870,1200,1500,1900,2200,2400,3100,5100,5200,5500,33272,82,560.0,857.6804333003421,13.276432999987264,5525.687417000086,4503.872625631161
1776351089,125,,Aggregated,198.300000,0.000000,560,860,1200,1500,1900,2200,2400,3000,5100,5200,5500,33474,82,560.0,854.586469921371,13.276432999987264,5525.687417000086,4503.939774153074
1776351090,125,,Aggregated,198.300000,0.000000,550,860,1200,1500,1900,2200,2400,3000,5100,5200,5500,33685,82,550.0,851.0598347184797,13.276432999987264,5525.687417000086,4504.009054475286
1776351091,125,,Aggregated,197.300000,0.000000,540,850,1200,1500,1900,2200,2400,3000,5100,5200,5500,33872,82,540.0,848.1355933547461,13.276432999987264,5525.687417000086,4504.069733112896
1776351092,125,,Aggregated,195.600000,0.000000,540,850,1100,1500,1900,2200,2400,3000,5100,5200,5500,34031,82,540.0,846.16093666789,13.276432999987264,5525.687417000086,4504.120801622051
1776351093,125,,Aggregated,193.700000,0.000000,540,840,1100,1500,1900,2200,2400,3000,5100,5200,5500,34209,82,540.0,844.137549238797,13.276432999987264,5525.687417000086,4504.177409453652
1776351094,125,,Aggregated,191.100000,0.000000,540,840,1100,1500,1900,2200,2400,3000,5100,5200,5500,34393,82,540.0,841.8327783464084,13.276432999987264,5525.687417000086,4504.235309510656
1776351095,125,,Aggregated,186.800000,0.000000,530,830,1100,1500,1900,2200,2400,3000,5100,5200,5500,34592,82,530.0,839.0584113425363,13.276432999987264,5525.687417000086,4504.297236355226
1776351096,165,,Aggregated,185.000000,0.000000,530,830,1100,1500,1900,2200,2400,3000,5100,5200,5500,34819,82,530.0,836.0192047846587,13.276432999987264,5525.687417000086,4504.367012263419
1776351097,167,,Aggregated,184.300000,0.000000,520,820,1100,1500,1900,2200,2400,3000,5100,5200,5500,35075,82,520.0,832.4070170994167,13.276432999987264,5525.687417000086,4504.44461867427
1776351098,167,,Aggregated,191.500000,0.000000,520,820,1100,1400,1900,2200,2400,3000,5100,5200,5500,35309,82,520.0,829.2962026356752,13.276432999987264,5525.687417000086,4504.514571355745
1776351099,167,,Aggregated,199.300000,0.000000,520,810,1100,1400,1900,2200,2400,3000,5100,5200,5500,35532,82,520.0,827.2812259554786,13.276432999987264,5525.687417000086,4504.580378250591
1776351100,167,,Aggregated,202.400000,0.000000,510,810,1100,1400,1900,2200,2400,2900,5100,5200,5500,35768,82,510.0,824.5868041676929,13.276432999987264,5525.687417000086,4504.649127711921
1776351101,167,,Aggregated,205.100000,0.000000,510,800,1100,1400,1900,2200,2400,2900,5100,5200,5500,36007,82,510.0,821.904410519428,13.276432999987264,5525.687417000086,4504.717832643652
1776351102,167,,Aggregated,207.300000,0.000000,510,800,1100,1400,1900,2200,2400,2900,5100,5200,5500,36238,82,510.0,819.1473755087218,13.276432999987264,5525.687417000086,4504.783376566035
1776351103,167,,Aggregated,213.000000,0.000000,510,790,1100,1400,1900,2200,2400,2900,5100,5200,5500,36486,82,510.0,816.2071479177233,13.276432999987264,5525.687417000086,4504.852820259825
1776351104,167,,Aggregated,220.000000,0.000000,500,790,1100,1400,1900,2200,2400,2900,5100,5200,5500,36694,82,500.0,814.0169705805604,13.276432999987264,5525.687417000086,4504.910339565052
1776351105,167,,Aggregated,227.100000,0.000000,500,790,1100,1400,1900,2200,2400,2900,5100,5200,5500,36948,82,500.0,811.5020209513659,13.276432999987264,5525.687417000086,4504.979701201689
1776351106,167,,Aggregated,230.100000,0.000000,500,780,1100,1400,1900,2100,2400,2900,5100,5200,5500,37181,82,500.0,809.0178624229605,13.276432999987264,5525.687417000086,4505.042494822625
1776351104,167,,Aggregated,220.000000,0.000000,500,780,1100,1400,1900,2100,2400,2900,5100,5200,5500,37408,82,500.0,806.7539580795575,13.276432999987264,5525.687417000086,4505.102919161676
1776351105,167,,Aggregated,227.100000,0.000000,490,770,1100,1400,1900,2100,2400,2900,5100,5200,5500,37632,82,490.0,804.3865084106634,13.276432999987264,5525.687417000086,4505.161830357143
1776351106,167,,Aggregated,230.100000,0.000000,490,770,1000,1400,1900,2100,2400,2900,5100,5200,5500,37856,82,490.0,802.3394482367946,13.276432999987264,5525.687417000086,4505.220044378698
1776351107,167,,Aggregated,247.200000,0.000000,490,770,1000,1300,1900,2100,2400,2900,5100,5200,5500,38078,82,490.0,800.4708420859579,13.276432999987264,5525.687417000086,4505.2770628709495
1776351108,167,,Aggregated,269.100000,0.000000,490,760,1000,1300,1900,2100,2400,2900,5100,5200,5500,38322,82,490.0,797.9203248479497,13.276432999987264,5525.687417000086,4505.33896978237
1776351109,167,,Aggregated,287.200000,0.000000,490,760,1000,1300,1900,2100,2400,2800,5100,5200,5500,38571,82,490.0,795.2356350215732,13.276432999987264,5525.687417000086,4505.401337792642
1776351110,167,,Aggregated,287.300000,0.000000,490,750,1000,1300,1900,2100,2400,2800,5100,5200,5500,38818,82,490.0,792.5813101598767,13.276432999987264,5525.687417000086,4505.462414343861
1776351111,167,,Aggregated,289.600000,0.000000,490,750,1000,1300,1900,2100,2400,2800,5100,5200,5500,39075,82,490.0,789.7075885155239,13.276432999987264,5525.687417000086,4505.525143953935
1776351112,167,,Aggregated,291.600000,0.000000,480,740,1000,1300,1900,2100,2400,2800,5100,5200,5500,39320,82,480.0,787.0642425900081,13.276432999987264,5525.687417000086,4505.584181078331
1776351113,167,,Aggregated,291.500000,0.000000,480,740,1000,1200,1900,2100,2400,2800,5100,5200,5500,39578,82,480.0,784.3240387949901,13.276432999987264,5525.687417000086,4505.645560665016
1776351114,167,,Aggregated,293.400000,0.000000,470,730,1000,1200,1900,2100,2400,2800,5100,5200,5500,39833,82,470.0,781.4471782248916,13.276432999987264,5525.687417000086,4505.705445233852
1776351115,167,,Aggregated,292.900000,0.000000,470,730,1000,1200,1900,2100,2400,2800,5100,5200,5500,40110,82,470.0,778.2365578351059,13.276432999987264,5525.687417000086,4505.7696335078535
1776351116,167,,Aggregated,298.200000,0.000000,470,730,990,1200,1900,2100,2400,2800,5100,5200,5500,40372,82,470.0,775.2493682942409,13.276432999987264,5525.687417000086,4505.82953532151
1776351117,167,,Aggregated,289.400000,0.000000,460,720,990,1200,1900,2100,2400,2700,5100,5200,5500,40645,82,460.0,772.2486257529606,13.276432999987264,5525.687417000086,4505.891130520359
1776351118,207,,Aggregated,270.300000,0.000000,460,720,980,1200,1800,2100,2400,2700,5100,5200,5500,40951,96,460.0,768.9852779040095,13.276432999987264,5525.687417000086,4504.415643085639
1776351119,247,,Aggregated,253.200000,0.000000,460,710,970,1200,1800,2100,2400,2700,5100,5200,5500,41316,97,460.0,765.6470850879581,13.276432999987264,5525.687417000086,4504.399869300029
1776351120,287,,Aggregated,259.200000,1.200000,460,710,950,1200,1800,2100,2400,2700,5100,5200,5500,41776,97,460.0,761.090245131633,13.276432999987264,5525.687417000086,4504.51658847185
1776351121,287,,Aggregated,263.900000,1.500000,450,700,940,1200,1800,2100,2400,2700,5100,5200,5500,42247,97,450.0,755.9210269554075,13.276432999987264,5525.687417000086,4504.633465098113
1776351122,287,,Aggregated,278.200000,1.500000,450,690,930,1100,1800,2100,2400,2600,5100,5200,5500,42713,97,450.0,751.1773492246411,13.276432999987264,5525.687417000086,4504.746564277854
1776351123,287,,Aggregated,302.500000,1.500000,440,690,920,1100,1800,2100,2400,2600,5100,5200,5500,43125,97,440.0,747.199813098553,13.276432999987264,5525.687417000086,4504.844521739131
1776351124,287,,Aggregated,322.200000,1.500000,440,690,910,1100,1800,2100,2400,2600,5100,5200,5500,43560,97,440.0,743.4648355588175,13.276432999987264,5525.687417000086,4504.945936639118
1776351125,287,,Aggregated,344.800000,1.500000,440,680,910,1100,1800,2100,2300,2600,5100,5200,5500,43941,97,440.0,740.715515173325,13.276432999987264,5525.687417000086,4505.0331125827815
1776351126,287,,Aggregated,359.900000,1.500000,430,680,900,1100,1800,2100,2300,2600,5100,5200,5500,44389,97,430.0,737.0969947117536,13.276432999987264,5525.687417000086,4505.1337042961095
1776351127,287,,Aggregated,374.500000,1.500000,430,680,900,1100,1800,2100,2300,2600,5100,5200,5500,44841,97,430.0,733.1434122832455,13.276432999987264,5525.687417000086,4505.233157155282
1776351128,287,,Aggregated,387.700000,1.500000,430,670,890,1100,1800,2100,2300,2600,5100,5200,5500,45293,97,430.0,729.1584980841627,13.276432999987264,5525.687417000086,4505.330625041397
1776351129,287,,Aggregated,405.100000,1.500000,420,670,880,1100,1800,2100,2300,2500,5100,5200,5500,45735,97,420.0,725.450897053285,13.276432999987264,5525.687417000086,4505.42407346671
1776351130,287,,Aggregated,422.300000,0.300000,420,660,880,1100,1800,2100,2300,2500,5100,5200,5500,46152,97,420.0,722.1088420329125,13.276432999987264,5525.687417000086,4505.510595423817
1776351131,287,,Aggregated,436.700000,0.000000,420,660,870,1100,1800,2100,2300,2500,5100,5200,5500,46575,97,420.0,719.2977151615241,13.276432999987264,5525.687417000086,4505.596779388084
1776351132,287,,Aggregated,440.600000,0.000000,410,660,870,1100,1800,2100,2300,2500,5100,5200,5500,47027,97,410.0,715.7296179849445,13.276432999987264,5525.687417000086,4505.6871584408955
1776351133,287,,Aggregated,433.300000,0.000000,410,650,860,1100,1700,2100,2300,2500,5100,5200,5500,47471,97,410.0,712.1849384408187,13.276432999987264,5525.687417000086,4505.774262181121
1776351134,287,,Aggregated,432.100000,0.000000,410,650,860,1000,1700,2100,2300,2500,5100,5200,5500,47954,97,410.0,708.3640531959188,13.276432999987264,5525.687417000086,4505.867185219168
1776351135,287,,Aggregated,429.400000,0.000000,400,650,850,1000,1700,2100,2300,2500,5100,5200,5500,48404,97,400.0,704.5976145113449,13.276432999987264,5525.687417000086,4505.952090736303
1776351134,287,,Aggregated,432.100000,0.000000,400,650,850,1000,1700,2100,2300,2500,5100,5200,5500,48817,97,400.0,701.8210719140695,13.276432999987264,5525.687417000086,4506.028637564783
1776351135,287,,Aggregated,429.400000,0.000000,400,640,850,1000,1700,2100,2300,2500,5100,5200,5500,49231,97,400.0,699.2852793420032,13.276432999987264,5525.687417000086,4506.104080762121
1776351136,287,,Aggregated,434.500000,0.000000,400,640,840,1000,1700,2100,2300,2500,5100,5200,5500,49693,97,400.0,696.1597384506302,13.276432999987264,5525.687417000086,4506.186786871391
1776351137,287,,Aggregated,460.800000,0.000000,390,630,840,1000,1700,2000,2300,2500,5100,5200,5500,50150,97,390.0,692.8491955134036,13.276432999987264,5525.687417000086,4506.267098703888
1776351138,287,,Aggregated,513.200000,0.000000,390,630,830,1000,1700,2000,2300,2500,5100,5200,5500,50602,97,390.0,689.5871168619851,13.276432999987264,5525.687417000086,4506.345104936564
1776351139,287,,Aggregated,543.600000,0.000000,390,630,820,1000,1700,2000,2300,2500,5100,5200,5500,51039,97,390.0,686.6432719011754,13.276432999987264,5525.687417000086,4506.419208840299
1776351140,287,,Aggregated,541.700000,0.000000,390,620,820,1000,1700,2000,2300,2500,5100,5200,5500,51482,97,390.0,683.7575183334201,13.276432999987264,5525.687417000086,4506.493046113204
1776351141,327,,Aggregated,542.400000,0.000000,390,620,810,990,1700,2000,2300,2500,5100,5200,5500,51905,97,390.0,681.6100059966703,13.276432999987264,5525.687417000086,4506.562373567093
1776351142,367,,Aggregated,552.000000,0.000000,390,620,810,980,1700,2000,2300,2500,5100,5200,5500,52483,97,390.0,678.2481372232559,13.276432999987264,5525.687417000086,4506.655297905989
1776351143,407,,Aggregated,554.000000,0.000000,380,610,800,970,1700,2000,2300,2500,5100,5200,5500,53095,97,380.0,674.7745634758107,13.276432999987264,5525.687417000086,4506.751483190507
1776351144,432,,Aggregated,561.800000,0.000000,380,610,800,960,1700,2000,2300,2500,5100,5200,5500,53785,97,380.0,670.4243578799504,13.276432999987264,5525.687417000086,4506.857302221809
1776351145,432,,Aggregated,578.100000,0.000000,380,600,790,950,1700,2000,2300,2500,5100,5200,5500,54468,97,380.0,665.976056146582,13.276432999987264,5525.687417000086,4506.959407358449
1776351146,432,,Aggregated,599.700000,0.000000,370,600,780,940,1600,2000,2300,2500,5100,5200,5500,55122,97,370.0,661.8853537476685,13.276432999987264,5525.687417000086,4507.054805703712
1776351147,432,,Aggregated,598.800000,0.000000,370,590,780,940,1600,2000,2300,2500,5100,5200,5500,55764,97,370.0,658.4806922851478,13.276432999987264,5525.687417000086,4507.146277168065
1776351148,432,,Aggregated,572.400000,0.000000,370,580,770,930,1600,2000,2300,2500,5100,5200,5500,56430,97,370.0,655.1805685506125,13.276432999987264,5525.687417000086,4507.238968633706
1776351149,432,,Aggregated,564.500000,0.000000,370,580,770,930,1600,2000,2300,2400,5100,5200,5500,57108,97,370.0,651.6537316985016,13.276432999987264,5525.687417000086,4507.3311094767805
1776351150,432,,Aggregated,582.600000,0.000000,360,570,760,920,1600,2000,2300,2400,5100,5200,5500,57801,97,360.0,647.8537809809698,13.276432999987264,5525.687417000086,4507.423054964447
1776351151,432,,Aggregated,605.900000,0.000000,360,570,760,910,1600,2000,2300,2400,5100,5200,5500,58491,97,360.0,644.0193068376858,13.276432999987264,5525.687417000086,4507.512437810945
1776351152,432,,Aggregated,621.800000,0.000000,360,560,750,900,1600,2000,2300,2400,5100,5200,5500,59179,97,360.0,640.2805516310865,13.276432999987264,5525.687417000086,4507.599486304263
1776351153,432,,Aggregated,647.700000,0.000000,360,560,750,900,1600,2000,2300,2400,5100,5200,5500,59793,97,360.0,637.3843937182459,13.276432999987264,5525.687417000086,4507.675480407405
1776351154,432,,Aggregated,663.800000,0.000000,360,550,740,890,1600,2000,2300,2400,5100,5200,5500,60430,97,360.0,634.8010675828574,13.276432999987264,5525.687417000086,4507.752689061725
1776351155,432,,Aggregated,668.800000,0.000000,350,540,740,890,1600,2000,2300,2400,5100,5200,5500,61123,97,350.0,631.7465950086374,13.276432999987264,5525.687417000086,4507.834857582252
1776351156,432,,Aggregated,663.300000,0.000000,350,540,730,880,1600,2000,2300,2400,5100,5200,5500,61788,97,350.0,628.2290377473291,13.276432999987264,5525.687417000086,4507.911973198679
1776351157,432,,Aggregated,662.200000,0.000000,350,530,730,880,1600,2000,2300,2400,5100,5200,5500,62470,97,350.0,625.0468608988144,13.276432999987264,5525.687417000086,4507.989354890347
1776351158,432,,Aggregated,666.800000,0.000000,350,520,720,870,1600,2000,2300,2400,5000,5200,5500,63135,97,350.0,622.2830289160687,13.276432999987264,5525.687417000086,4508.063197909242
1776351159,432,,Aggregated,664.200000,0.000000,350,520,720,870,1500,2000,2300,2400,5000,5200,5500,63742,97,350.0,620.0456562405018,13.276432999987264,5525.687417000086,4508.129255435976
1776351160,432,,Aggregated,668.700000,0.000000,340,510,720,860,1500,2000,2300,2400,5000,5200,5500,64437,97,340.0,617.4251091984434,13.276432999987264,5525.687417000086,4508.203361422785
1776351161,432,,Aggregated,662.000000,0.000000,340,510,710,860,1500,1900,2300,2400,5000,5200,5500,65091,97,340.0,614.7479113567172,13.276432999987264,5525.687417000086,4508.271650458589
1776351162,432,,Aggregated,660.700000,0.000000,340,500,710,860,1500,1900,2300,2400,5000,5200,5500,65763,97,340.0,611.9580990769133,13.276432999987264,5525.687417000086,4508.340404178642
1776351163,432,,Aggregated,659.400000,0.000000,340,500,710,850,1500,1900,2300,2400,5000,5200,5500,66478,97,340.0,608.9604329965696,13.276432999987264,5525.687417000086,4508.412031047866
1776351164,432,,Aggregated,656.800000,0.000000,340,490,700,850,1500,1900,2200,2400,5000,5200,5500,67101,97,340.0,606.4178770824727,13.276432999987264,5525.687417000086,4508.473197120758
1776351165,432,,Aggregated,662.600000,0.000000,340,490,700,840,1500,1900,2200,2400,5000,5200,5500,67776,97,340.0,604.0743068622669,13.276432999987264,5525.687417000086,4508.538199362606
1776351166,472,,Aggregated,666.100000,0.000000,340,480,700,840,1500,1900,2200,2400,5000,5200,5500,68478,97,340.0,601.7702632964032,13.276432999987264,5525.687417000086,4508.604442302637
1776351164,486,,Aggregated,656.800000,0.000000,330,480,690,840,1500,1900,2200,2400,5000,5200,5500,69219,97,330.0,599.0181735579845,13.276432999987264,5525.687417000086,4508.672907727647
1776351165,486,,Aggregated,662.600000,0.000000,330,470,690,830,1500,1900,2200,2400,5000,5200,5500,69945,97,330.0,596.4376242598923,13.276432999987264,5525.687417000086,4508.738580313103
1776351166,486,,Aggregated,666.100000,0.000000,330,470,680,830,1500,1900,2200,2400,5000,5200,5500,70685,97,330.0,593.980763186944,13.276432999987264,5525.687417000086,4508.804131003749
1776351167,486,,Aggregated,702.000000,0.000000,330,460,680,820,1500,1900,2200,2400,5000,5200,5500,71382,97,330.0,591.9929176751157,13.276432999987264,5525.687417000086,4508.864629738589
1776351168,486,,Aggregated,771.200000,0.000000,330,460,670,820,1400,1900,2200,2400,5000,5200,5500,72162,97,330.0,589.6760067233196,13.276432999987264,5525.687417000086,4508.930947035836
1776351169,486,,Aggregated,852.000000,0.000000,330,450,670,810,1400,1900,2200,2400,5000,5200,5500,72918,97,330.0,586.9651956504325,13.276432999987264,5525.687417000086,4508.99386982638
1776351170,486,,Aggregated,851.900000,0.000000,330,450,660,810,1400,1900,2200,2400,5000,5200,5500,73656,97,330.0,584.4309846385385,13.276432999987264,5525.687417000086,4509.054048550016
1776351171,486,,Aggregated,870.400000,0.000000,330,450,660,800,1400,1900,2200,2400,5000,5200,5500,74422,97,330.0,581.9992679898567,13.276432999987264,5525.687417000086,4509.1152481793015
1776351172,486,,Aggregated,878.800000,0.000000,330,440,660,800,1400,1900,2200,2400,5000,5200,5500,75188,97,330.0,579.4630962654977,13.276432999987264,5525.687417000086,4509.17520082992
1776351173,486,,Aggregated,885.800000,0.000000,320,440,650,800,1400,1900,2200,2400,5000,5200,5500,75922,97,320.0,577.2917081852196,13.276432999987264,5525.687417000086,4509.231513922184
1776351174,486,,Aggregated,896.100000,0.000000,320,430,650,790,1400,1900,2200,2400,5000,5200,5500,76703,97,320.0,574.7661722165394,13.276432999987264,5525.687417000086,4509.290249403543
1776351175,486,,Aggregated,901.500000,0.000000,320,430,640,790,1400,1900,2200,2400,5000,5200,5500,77474,97,320.0,572.092451367751,13.276432999987264,5525.687417000086,4509.347071275524
1776351176,486,,Aggregated,908.000000,0.000000,320,430,640,780,1400,1900,2200,2400,5000,5200,5500,78289,97,320.0,569.5466786562367,13.276432999987264,5525.687417000086,4509.405919094636
1776351177,486,,Aggregated,885.200000,0.000000,320,420,630,780,1300,1900,2200,2400,5000,5200,5500,79063,97,320.0,567.2965666543009,13.276432999987264,5525.687417000086,4509.460683252596
1776351178,486,,Aggregated,821.900000,0.000000,320,420,630,770,1300,1900,2200,2400,5000,5200,5500,79828,97,320.0,564.79546761556,13.276432999987264,5525.687417000086,4509.5137670992635
1776351179,486,,Aggregated,757.500000,0.000000,320,420,630,770,1300,1900,2200,2400,5000,5200,5500,80547,97,320.0,562.9831767327752,13.276432999987264,5525.687417000086,4509.562739766844
1776351180,486,,Aggregated,769.400000,0.000000,320,420,620,770,1300,1900,2200,2400,5000,5200,5500,81265,97,320.0,561.4201439533726,13.276432999987264,5525.687417000086,4509.610779548391
1776351181,486,,Aggregated,766.000000,0.000000,320,410,620,760,1300,1800,2200,2400,5000,5200,5500,82025,97,320.0,559.3256739254117,13.276432999987264,5525.687417000086,4509.660713197196
1776351182,486,,Aggregated,761.300000,0.000000,320,410,610,760,1300,1800,2200,2400,5000,5200,5500,82780,97,320.0,557.38754314414,13.276432999987264,5525.687417000086,4509.709410485624
1776351183,486,,Aggregated,757.700000,0.000000,320,410,610,750,1300,1800,2200,2400,5000,5200,5500,83501,97,320.0,555.5204554016815,13.276432999987264,5525.687417000086,4509.75509275338
1776351184,486,,Aggregated,758.100000,0.000000,320,410,600,750,1300,1800,2200,2400,5000,5200,5500,84260,97,320.0,553.9614916948,13.276432999987264,5525.687417000086,4509.802338001424
1776351185,486,,Aggregated,757.100000,0.000000,320,400,600,740,1200,1800,2200,2400,5000,5200,5500,84920,97,320.0,552.8088390373982,13.276432999987264,5525.687417000086,4509.842734338201
1776351186,486,,Aggregated,755.900000,0.000000,320,400,590,740,1200,1800,2200,2400,5000,5200,5500,85693,97,320.0,551.0784772740459,13.276432999987264,5525.687417000086,4509.889255831865
1776351187,486,,Aggregated,751.500000,0.000000,320,400,590,740,1200,1800,2200,2400,5000,5200,5500,86436,97,320.0,549.5084559092145,13.276432999987264,5525.687417000086,4509.933187560739
1776351188,480,,Aggregated,742.400000,0.000000,320,400,590,730,1200,1800,2200,2400,5000,5200,5500,87172,97,320.0,547.9653857781034,13.276432999987264,5525.687417000086,4509.975967053641
1776351189,480,,Aggregated,738.000000,0.000000,320,400,580,730,1200,1800,2200,2300,5000,5200,5500,87912,97,320.0,546.3220120208812,13.276432999987264,5525.687417000086,4510.018256893257
1776351190,480,,Aggregated,731.900000,0.000000,310,390,580,730,1200,1800,2200,2300,5000,5200,5500,88693,97,310.0,544.4213273609724,13.276432999987264,5525.687417000086,4510.0621244066615
1776351192,480,,Aggregated,729.700000,0.000000,310,390,570,720,1200,1800,2200,2300,5000,5200,5500,89439,97,310.0,542.6646545194687,13.276432999987264,5525.687417000086,4510.103310636299
1776351193,480,,Aggregated,738.500000,0.000000,310,390,570,720,1200,1800,2200,2300,5000,5200,5500,90109,97,310.0,541.5082284064612,13.276432999987264,5525.687417000086,4510.13971967284
1776351194,480,,Aggregated,736.900000,0.000000,310,390,570,720,1200,1800,2200,2300,5000,5200,5500,90860,97,310.0,540.0407851298352,13.276432999987264,5525.687417000086,4510.179892141757
1776351195,480,,Aggregated,729.100000,0.000000,310,390,560,710,1200,1800,2200,2300,5000,5200,5500,91616,97,310.0,538.4200372208649,13.276432999987264,5525.687417000086,4510.2196668704155
1776351196,480,,Aggregated,731.900000,0.000000,310,390,560,710,1200,1800,2200,2300,5000,5200,5500,92388,97,310.0,536.6469003672867,13.276432999987264,5525.687417000086,4510.259611637875
1776351199,480,,Aggregated,738.000000,0.000000,310,390,560,710,1200,1800,2100,2300,5000,5200,5500,93170,97,310.0,534.9706121333138,13.276432999987264,5525.687417000086,4510.299398948159
1776351195,480,,Aggregated,729.100000,0.000000,310,390,550,700,1100,1800,2100,2300,5000,5200,5500,93969,97,310.0,533.0483877325271,13.276432999987264,5525.687417000086,4510.339367238132
1776351196,480,,Aggregated,731.900000,0.000000,310,380,550,700,1100,1700,2100,2300,5000,5200,5500,94647,97,310.0,531.7298863805063,13.276432999987264,5525.687417000086,4510.372753494564
1776351197,480,,Aggregated,772.500000,0.000000,310,380,550,700,1100,1700,2100,2300,5000,5200,5500,95391,97,310.0,530.5677544926641,13.276432999987264,5525.687417000086,4510.408843601597
1776351198,480,,Aggregated,859.900000,0.000000,310,380,540,700,1100,1700,2100,2300,5000,5200,5500,96127,97,310.0,529.1540631149076,13.276432999987264,5525.687417000086,4510.443995963673
1776351199,480,,Aggregated,910.000000,0.000000,310,380,540,690,1100,1700,2100,2300,5000,5200,5500,96849,97,310.0,527.7959993078988,13.276432999987264,5525.687417000086,4510.477960536506
1776351200,480,,Aggregated,910.900000,0.000000,310,380,540,690,1100,1700,2100,2300,5000,5200,5500,97605,97,310.0,526.4289419179005,13.276432999987264,5525.687417000086,4510.512986015061
1776351201,480,,Aggregated,912.700000,0.000000,310,380,530,690,1100,1700,2100,2300,4900,5200,5500,98372,97,310.0,524.9048215527055,13.276432999987264,5525.687417000086,4510.547970967348
1776351202,480,,Aggregated,930.700000,0.000000,310,380,530,690,1100,1700,2100,2300,4900,5200,5500,99085,97,310.0,523.8454830106349,13.276432999987264,5525.687417000086,4510.580007064642
1776351203,480,,Aggregated,927.800000,0.000000,310,380,530,680,1100,1700,2100,2300,4900,5200,5500,99872,97,310.0,522.3094289228295,13.276432999987264,5525.687417000086,4510.614836991349
1776351204,480,,Aggregated,926.000000,0.000000,310,380,520,680,1100,1700,2100,2300,4900,5200,5500,100654,97,310.0,520.7455005708151,13.276432999987264,5525.687417000086,4510.648906153754
1776351205,480,,Aggregated,933.100000,0.000000,310,380,520,670,1100,1700,2100,2300,4900,5200,5500,101438,97,310.0,519.044725018078,13.276432999987264,5525.687417000086,4510.6825351446205
1776351206,480,,Aggregated,937.000000,0.000000,310,380,510,670,1100,1700,2100,2300,4900,5200,5500,102207,97,310.0,517.669933763205,13.276432999987264,5525.687417000086,4510.715019519211
1776351207,480,,Aggregated,901.900000,0.000000,310,370,510,670,1100,1700,2100,2300,4900,5200,5500,102947,97,310.0,516.2163102528674,13.276432999987264,5525.687417000086,4510.745820665003
1776351208,480,,Aggregated,820.500000,0.000000,310,370,510,670,1100,1700,2100,2300,4900,5200,5500,103694,97,310.0,514.8461177025478,13.276432999987264,5525.687417000086,4510.776467298011
1776351209,480,,Aggregated,772.800000,0.000000,310,370,510,660,1100,1700,2100,2300,4900,5200,5500,104428,97,310.0,514.0157583263973,13.276432999987264,5525.687417000086,4510.806153522044
1776351210,480,,Aggregated,773.400000,0.000000,310,370,500,660,1100,1700,2100,2300,4900,5200,5500,105192,97,310.0,512.6559442590783,13.276432999987264,5525.687417000086,4510.836613050422
1776351211,520,,Aggregated,766.600000,0.000000,310,370,500,660,1100,1700,2100,2300,4900,5200,5500,106008,97,310.0,511.319849707333,13.276432999987264,5525.687417000086,4510.868660855785
1776351212,555,,Aggregated,752.900000,0.000000,310,370,500,650,1100,1700,2100,2300,4900,5200,5500,106864,97,310.0,509.88969623424,13.276432999987264,5525.687417000086,4510.901753630783
1776351213,555,,Aggregated,752.100000,0.000000,310,370,490,650,1100,1700,2100,2300,4900,5200,5500,107730,97,310.0,508.48728286210735,13.276432999987264,5525.687417000086,4510.9346978557505
1776351214,555,,Aggregated,764.400000,0.000000,310,370,490,650,1000,1700,2100,2300,4900,5200,5500,108583,97,310.0,507.13022829429855,13.276432999987264,5525.687417000086,4510.96663381929
1776351215,555,,Aggregated,778.400000,0.000000,310,370,490,650,1000,1700,2100,2300,4900,5200,5500,109419,97,310.0,506.10908603000274,13.276432999987264,5525.687417000086,4510.997450168617
1776351216,555,,Aggregated,786.500000,0.000000,310,370,480,640,1000,1600,2100,2300,4900,5200,5500,110309,97,310.0,504.7293283316312,13.276432999987264,5525.687417000086,4511.029743719914
1776351217,555,,Aggregated,787.900000,0.000000,310,370,480,640,1000,1600,2100,2300,4900,5200,5500,111237,97,310.0,503.11552386827094,13.276432999987264,5525.687417000086,4511.0628657730795
1776351218,555,,Aggregated,801.800000,0.000000,310,370,480,630,1000,1600,2100,2300,4900,5200,5500,112058,97,310.0,502.0035390885867,13.276432999987264,5525.687417000086,4511.09171143515
1776351219,555,,Aggregated,811.900000,0.000000,310,360,480,630,1000,1600,2100,2300,4900,5200,5500,112964,97,310.0,500.57733590064714,13.276432999987264,5525.687417000086,4511.123056903084
1776351220,555,,Aggregated,828.200000,0.000000,310,360,470,630,1000,1600,2100,2300,4900,5200,5500,113859,97,310.0,499.08747373328185,13.276432999987264,5525.687417000086,4511.153532000106
1776351221,555,,Aggregated,843.400000,0.000000,310,360,470,620,1000,1600,2100,2300,4900,5200,5500,114671,97,310.0,497.9772892365091,13.276432999987264,5525.687417000086,4511.180769331391
1776351222,555,,Aggregated,857.700000,0.000000,310,360,470,620,1000,1600,2100,2300,4900,5200,5500,115548,97,310.0,496.75629607971325,13.276432999987264,5525.687417000086,4511.209756984111
1776351223,555,,Aggregated,870.000000,0.000000,310,360,470,620,1000,1600,2100,2300,4900,5200,5500,116475,97,310.0,495.46235265816426,13.276432999987264,5525.687417000086,4511.239922730199
1776351224,555,,Aggregated,868.800000,0.000000,300,360,460,610,1000,1600,2100,2300,4900,5200,5500,117350,97,300.0,494.2503390521322,13.276432999987264,5525.687417000086,4511.267959096719
1776351225,555,,Aggregated,868.800000,0.000000,300,360,460,610,1000,1600,2100,2300,4900,5200,5500,118252,97,300.0,492.8971898474509,13.276432999987264,5525.687417000086,4511.296426276088
1776351226,555,,Aggregated,870.400000,0.000000,300,360,460,610,1000,1600,2100,2300,4900,5200,5500,119055,97,300.0,492.1153133752783,13.276432999987264,5525.687417000086,4511.321406072823
1776351225,555,,Aggregated,868.800000,0.000000,300,360,460,610,1000,1600,2100,2300,4900,5200,5500,119897,97,300.0,491.2951840199068,13.276432999987264,5525.687417000086,4511.347239714088
1776351226,555,,Aggregated,870.400000,0.000000,300,360,450,600,990,1600,2100,2300,4900,5200,5500,120822,97,300.0,489.9142098788532,13.276432999987264,5525.687417000086,4511.3752048467995
1776351227,555,,Aggregated,924.500000,0.000000,300,360,450,600,990,1600,2100,2300,4900,5200,5500,121691,97,300.0,488.80273285978274,13.276432999987264,5525.687417000086,4511.4010896450845
1776351228,555,,Aggregated,1013.200000,0.000000,300,360,450,600,980,1600,2100,2300,4900,5200,5500,122583,97,300.0,487.5214171082936,13.276432999987264,5525.687417000086,4511.427277844399
1776351229,555,,Aggregated,1086.500000,0.000000,300,360,450,590,980,1600,2100,2300,4900,5200,5500,123435,97,300.0,486.46429665532327,13.276432999987264,5525.687417000086,4511.451938267104
1776351230,555,,Aggregated,1087.200000,0.000000,300,360,450,590,980,1600,2100,2300,4900,5200,5500,124254,97,300.0,485.7323083920265,13.276432999987264,5525.687417000086,4511.475324738037
1776351231,555,,Aggregated,1088.900000,0.000000,300,360,440,590,970,1600,2000,2300,4900,5200,5500,125200,97,300.0,484.4950894711082,13.276432999987264,5525.687417000086,4511.5019568690095
1776351232,555,,Aggregated,1081.400000,0.000000,300,360,440,590,970,1600,2000,2300,4900,5200,5500,126117,97,300.0,483.09412264920456,13.276432999987264,5525.687417000086,4511.527391231952
1776351233,555,,Aggregated,1084.500000,0.000000,300,350,440,580,960,1600,2000,2300,4900,5200,5500,127024,97,300.0,481.9352898501125,13.276432999987264,5525.687417000086,4511.552186988286
1776351234,579,,Aggregated,1091.500000,0.000000,300,350,440,580,960,1500,2000,2300,4900,5200,5500,127979,97,300.0,480.6421955134795,13.276432999987264,5525.687417000086,4511.577915126701
1776351235,579,,Aggregated,1095.900000,0.000000,300,350,440,580,950,1500,2000,2300,4900,5200,5500,128829,97,300.0,479.9006839016336,13.276432999987264,5525.687417000086,4511.600493677665
1776351236,579,,Aggregated,1098.600000,0.000000,300,350,430,580,950,1500,2000,2300,4900,5200,5500,129688,97,300.0,479.1890628712493,13.276432999987264,5525.687417000086,4511.623010610079
1776351237,579,,Aggregated,1050.200000,0.000000,300,350,430,580,950,1500,2000,2300,4900,5200,5500,130594,97,300.0,478.3754132197774,13.276432999987264,5525.687417000086,4511.646438580639
1776351238,579,,Aggregated,958.000000,0.000000,300,350,430,570,940,1500,2000,2300,4900,5200,5500,131494,97,300.0,477.41916454263793,13.276432999987264,5525.687417000086,4511.66939175932
1776351239,579,,Aggregated,881.900000,0.000000,300,350,430,570,940,1500,2000,2300,4900,5200,5500,132447,97,300.0,476.18368824596706,13.276432999987264,5525.687417000086,4511.693356587918
1776351240,579,,Aggregated,884.400000,0.000000,300,350,430,560,940,1500,2000,2300,4900,5200,5500,133337,97,300.0,475.22365054064943,13.276432999987264,5525.687417000086,4511.715427825735
1776351241,579,,Aggregated,896.300000,0.000000,300,350,430,560,930,1500,2000,2200,4900,5200,5500,134205,97,300.0,474.588386112161,13.276432999987264,5525.687417000086,4511.736671510003
1776351242,579,,Aggregated,901.200000,0.000000,300,350,430,560,930,1500,2000,2200,4900,5200,5500,135089,97,300.0,473.8088705003263,13.276432999987264,5525.687417000086,4511.758026190141
1776351243,579,,Aggregated,897.000000,0.000000,300,350,430,550,930,1500,2000,2200,4900,5200,5500,135961,97,300.0,473.0425824247577,13.276432999987264,5525.687417000086,4511.778818926015
1776351244,579,,Aggregated,893.200000,0.000000,300,350,420,550,920,1500,2000,2200,4900,5200,5500,136769,97,300.0,472.6034560408098,13.276432999987264,5525.687417000086,4511.797848927754
1776351245,579,,Aggregated,890.400000,0.000000,300,350,430,550,920,1500,2000,2200,4900,5200,5500,137629,97,300.0,472.2215621436864,13.276432999987264,5525.687417000086,4511.817858154895
1776351246,579,,Aggregated,877.900000,0.000000,300,350,420,550,920,1500,2000,2200,4900,5200,5500,138535,97,300.0,471.3455198820618,13.276432999987264,5525.687417000086,4511.83866892843
1776351247,579,,Aggregated,873.300000,0.000000,300,350,420,550,920,1500,2000,2200,4800,5200,5500,139436,97,300.0,470.4199627093757,13.276432999987264,5525.687417000086,4511.85909664649
1776351248,579,,Aggregated,882.500000,0.000000,300,350,420,540,910,1500,2000,2200,4800,5200,5500,140251,97,300.0,470.00409556086197,13.276432999987264,5525.687417000086,4511.877348468103
1776351249,579,,Aggregated,887.700000,0.000000,300,350,420,540,910,1500,2000,2200,4800,5200,5500,141105,97,300.0,469.4801301915129,13.276432999987264,5525.687417000086,4511.896247475284
1776351250,579,,Aggregated,872.700000,0.000000,300,350,420,540,910,1500,2000,2200,4800,5200,5500,141995,97,300.0,468.7544938198068,13.276432999987264,5525.687417000086,4511.915701257087
1776351251,579,,Aggregated,862.000000,0.000000,300,350,420,540,910,1500,2000,2200,4800,5200,5500,142840,97,300.0,468.0677189393974,13.276432999987264,5525.687417000086,4511.933947073649
1776351252,579,,Aggregated,861.000000,0.000000,300,350,420,530,910,1500,2000,2200,4800,5200,5500,143716,97,300.0,467.3558514449792,13.276432999987264,5525.687417000086,4511.952635753848
1776351253,579,,Aggregated,860.400000,0.000000,300,350,410,530,900,1500,2000,2200,4800,5200,5500,144523,97,300.0,467.0298653419782,13.276432999987264,5525.687417000086,4511.969651889319
1776351254,579,,Aggregated,859.800000,0.000000,300,350,410,530,900,1500,2000,2200,4800,5200,5500,145374,97,300.0,466.76198992837595,13.276432999987264,5525.687417000086,4511.987391142845
1776351255,579,,Aggregated,849.100000,0.000000,300,350,410,530,900,1500,2000,2200,4800,5200,5500,146290,97,300.0,465.98130276506834,13.276432999987264,5525.687417000086,4512.00625469957
1776351256,579,,Aggregated,856.200000,0.000000,300,350,410,520,900,1500,2000,2200,4800,5200,5500,147136,97,300.0,465.50454778216505,13.276432999987264,5525.687417000086,4512.023468083949
1776351254,579,,Aggregated,859.800000,0.000000,300,350,410,520,900,1500,2000,2200,4800,5200,5500,148051,97,300.0,464.80126492426126,13.276432999987264,5525.687417000086,4512.041863952287
1776351255,579,,Aggregated,849.100000,0.000000,300,350,410,520,900,1400,2000,2200,4800,5200,5500,148872,97,300.0,464.1599727899997,13.276432999987264,5525.687417000086,4512.0581774947605
1776351256,600,,Aggregated,856.200000,0.000000,300,350,410,520,900,1400,2000,2200,4800,5200,5500,149718,97,300.0,464.1875199149268,13.276432999987264,5525.687417000086,4512.074800625175
1776351257,600,,Aggregated,910.400000,0.000000,300,350,410,510,900,1400,2000,2200,4800,5200,5500,150659,97,300.0,463.507183762012,13.276432999987264,5525.687417000086,4512.093071107601
1776351258,600,,Aggregated,986.400000,0.000000,300,350,410,510,890,1400,2000,2200,4800,5200,5500,151564,97,300.0,462.70419446616614,13.276432999987264,5525.687417000086,4512.11042859782
1776351259,600,,Aggregated,1046.200000,0.000000,300,350,410,510,890,1400,2000,2200,4800,5200,5500,152458,97,300.0,462.2112599226214,13.276432999987264,5525.687417000086,4512.127372784636
1776351260,600,,Aggregated,1062.400000,0.000000,300,350,410,510,890,1400,2000,2200,4800,5200,5500,153349,97,300.0,461.60833074250274,13.276432999987264,5525.687417000086,4512.144063541334
1776351261,600,,Aggregated,1063.300000,0.000000,300,350,410,510,890,1400,2000,2200,4800,5200,5500,154140,97,300.0,461.4943219505199,13.276432999987264,5525.687417000086,4512.158719346049
1776351262,600,,Aggregated,1087.300000,0.000000,310,350,410,500,890,1400,2000,2200,4800,5200,5500,155024,97,310.0,461.2006115290205,13.276432999987264,5525.687417000086,4512.174921302508
1776351263,600,,Aggregated,1089.900000,0.000000,310,350,410,500,890,1400,2000,2200,4800,5200,5500,155904,97,310.0,460.6592901101633,13.276432999987264,5525.687417000086,4512.190867456897
1776351264,600,,Aggregated,1082.100000,0.000000,310,350,400,500,890,1400,2000,2200,4800,5200,5500,156769,97,310.0,460.24526288467797,13.276432999987264,5525.687417000086,4512.2063673302755
1776351265,600,,Aggregated,1090.500000,0.000000,310,350,400,500,880,1400,2000,2200,4800,5200,5500,157701,97,310.0,459.677355696806,13.276432999987264,5525.687417000086,4512.222877470656
1776351266,600,,Aggregated,1091.800000,0.000000,310,350,400,500,880,1400,2000,2200,4800,5200,5500,158501,97,310.0,459.45020222893965,13.276432999987264,5525.687417000086,4512.236894404452
1776351267,600,,Aggregated,1045.100000,0.000000,310,350,410,500,880,1400,2000,2200,4800,5200,5500,159320,97,310.0,459.2847873895633,13.276432999987264,5525.687417000086,4512.251098418277
1776351268,600,,Aggregated,961.400000,0.000000,310,350,410,500,880,1400,2000,2200,4800,5200,5500,160149,97,310.0,459.178800452679,13.276432999987264,5525.687417000086,4512.265327913381
1776351269,600,,Aggregated,893.500000,0.000000,310,350,410,500,880,1400,2000,2200,4800,5200,5500,160949,97,310.0,459.1103183909998,13.276432999987264,5525.687417000086,4512.278920651884
1776351270,600,,Aggregated,880.400000,0.000000,310,350,410,500,880,1400,2000,2200,4800,5200,5500,161812,97,310.0,458.8281152484297,13.276432999987264,5525.687417000086,4512.293433119917
1776351271,600,,Aggregated,876.300000,0.000000,310,350,410,500,870,1400,2000,2200,4800,5200,5500,162618,97,310.0,458.5885118513756,13.276432999987264,5525.687417000086,4512.306847950412
1776351272,600,,Aggregated,845.800000,0.000000,310,350,410,500,870,1400,1900,2200,4800,5200,5500,163388,97,310.0,458.56311790596465,13.276432999987264,5525.687417000086,4512.319539990697
1776351273,600,,Aggregated,840.700000,0.000000,310,350,410,500,870,1400,1900,2200,4800,5200,5500,164325,97,310.0,458.2163876833512,13.276432999987264,5525.687417000086,4512.33482428115
1776351274,600,,Aggregated,843.800000,0.000000,310,350,410,500,870,1400,1900,2200,4800,5200,5500,165200,97,310.0,457.91447634039685,13.276432999987264,5525.687417000086,4512.348940677966
1776351275,600,,Aggregated,836.300000,0.000000,310,360,410,500,860,1300,1900,2200,4800,5200,5500,166093,97,310.0,457.45007064743504,13.276432999987264,5525.687417000086,4512.363194114141
1776351276,600,,Aggregated,838.600000,0.000000,310,350,410,490,860,1300,1900,2200,4800,5200,5500,167036,97,310.0,456.74607431224206,13.276432999987264,5525.687417000086,4512.378080174333
1776351277,600,,Aggregated,836.300000,0.000000,310,350,410,490,860,1300,1900,2200,4800,5200,5500,167979,97,310.0,456.08504820253455,13.276432999987264,5525.687417000086,4512.392799099887
1776351278,600,,Aggregated,841.600000,0.000000,310,350,410,490,860,1300,1900,2200,4800,5200,5500,168852,97,310.0,455.6609687250219,13.276432999987264,5525.687417000086,4512.406278871437
1776351279,600,,Aggregated,852.600000,0.000000,310,350,410,490,860,1300,1900,2200,4800,5200,5500,169708,97,310.0,455.2345096889444,13.276432999987264,5525.687417000086,4512.419361491503
1776351280,600,,Aggregated,863.000000,0.000000,310,350,410,490,860,1300,1900,2200,4800,5200,5500,170578,97,310.0,454.9944062197251,13.276432999987264,5525.687417000086,4512.432523537619
1776351281,587,,Aggregated,868.300000,0.000000,310,350,410,490,850,1300,1900,2200,4800,5200,5500,171470,97,310.0,454.5312835086162,13.276432999987264,5525.687417000086,4512.445879745728
1776351282,587,,Aggregated,872.500000,0.000000,310,350,400,480,850,1300,1900,2200,4800,5200,5500,172395,97,310.0,454.0534024359476,13.276432999987264,5525.687417000086,4512.459584094667
1776351283,587,,Aggregated,875.000000,0.000000,310,350,400,480,850,1300,1900,2200,4800,5200,5500,173298,97,310.0,453.53511905834984,13.276432999987264,5525.687417000086,4512.47282138282
1776351284,587,,Aggregated,882.800000,0.000000,310,350,400,480,850,1300,1900,2200,4800,5200,5500,174221,97,310.0,452.87882322946683,13.276432999987264,5525.687417000086,4512.486210043566
1776351285,587,,Aggregated,895.700000,0.000000,310,350,400,480,850,1300,1900,2200,4800,5200,5500,175032,97,310.0,452.4683881956504,13.276432999987264,5525.687417000086,4512.497857534622
1776351286,587,,Aggregated,895.100000,0.000000,310,350,400,480,850,1300,1900,2200,4800,5200,5500,175946,97,310.0,452.21831145359414,13.276432999987264,5525.687417000086,4512.510855603424
1776351285,587,,Aggregated,895.700000,0.000000,310,350,400,480,850,1300,1900,2200,4800,5200,5500,176905,97,310.0,451.5152512480594,13.276432999987264,5525.687417000086,4512.5243492269865
1776351286,587,,Aggregated,895.100000,0.000000,310,350,400,480,850,1300,1900,2200,4800,5200,5500,177786,97,310.0,450.9509827046174,13.276432999987264,5525.687417000086,4512.536617056461
1776351287,587,,Aggregated,950.900000,0.000000,310,350,400,480,840,1300,1900,2200,4800,5200,5500,178732,97,310.0,450.3836076285168,13.276432999987264,5525.687417000086,4512.54965534991
1776351288,587,,Aggregated,1030.100000,0.000000,310,350,400,470,840,1300,1900,2200,4800,5200,5500,179644,97,310.0,449.7909889707638,13.276432999987264,5525.687417000086,4512.562095032397
1776351289,587,,Aggregated,1117.800000,0.000000,310,350,400,470,840,1200,1900,2200,4800,5200,5500,180548,97,310.0,449.43443965562443,13.276432999987264,5525.687417000086,4512.574301570773
1776351290,587,,Aggregated,1120.100000,0.000000,310,350,400,470,840,1200,1900,2200,4800,5200,5500,181478,97,310.0,448.81319402234215,13.276432999987264,5525.687417000086,4512.586732276089
1776351291,587,,Aggregated,1115.100000,0.000000,310,350,400,470,830,1200,1900,2200,4700,5200,5500,182401,97,310.0,448.15633666369433,13.276432999987264,5525.687417000086,4512.598944084736
1776351292,587,,Aggregated,1122.200000,0.000000,310,350,400,470,830,1200,1900,2200,4700,5200,5500,183331,97,310.0,447.538612038927,13.276432999987264,5525.687417000086,4512.61112414158
1776351293,587,,Aggregated,1131.800000,0.000000,310,350,400,470,830,1200,1900,2200,4700,5200,5500,184277,97,310.0,446.9492824442428,13.276432999987264,5525.687417000086,4512.623387617554
1776351294,587,,Aggregated,1134.400000,0.000000,310,350,400,470,830,1200,1900,2200,4700,5200,5500,185205,97,310.0,446.50437817750884,13.276432999987264,5525.687417000086,4512.635296023325
1776351295,587,,Aggregated,1136.500000,0.000000,310,350,400,470,830,1200,1900,2100,4700,5200,5500,186151,97,310.0,445.78055805615105,13.276432999987264,5525.687417000086,4512.647313202722
1776351296,587,,Aggregated,1135.300000,0.000000,310,350,400,470,820,1200,1900,2100,4700,5200,5500,187077,97,310.0,445.2792091387914,13.276432999987264,5525.687417000086,4512.658958610626
1776351297,587,,Aggregated,1090.700000,0.000000,310,350,400,460,820,1200,1900,2100,4700,5200,5500,188006,97,310.0,444.62241716930174,13.276432999987264,5525.687417000086,4512.67052647256
1776351298,587,,Aggregated,1006.500000,0.000000,310,350,400,460,820,1200,1900,2100,4700,5200,5500,188950,97,310.0,444.01645319219296,13.276432999987264,5525.687417000086,4512.682164593808
1776351299,587,,Aggregated,924.700000,0.000000,310,350,400,460,820,1200,1900,2100,4700,5200,5500,189936,97,310.0,443.36841131995897,13.276432999987264,5525.687417000086,4512.694196992671
1776351300,587,,Aggregated,926.000000,0.000000,310,350,400,460,820,1200,1900,2100,4700,5200,5500,190745,97,310.0,443.11648712798217,13.276432999987264,5525.687417000086,4512.703976513146
1776351301,587,,Aggregated,934.000000,0.000000,310,350,400,460,810,1200,1900,2100,4700,5200,5500,191594,97,310.0,442.9440729123193,13.276432999987264,5525.687417000086,4512.7141507562865
1776351302,587,,Aggregated,926.800000,0.000000,310,350,400,460,810,1200,1900,2100,4700,5200,5500,192457,97,310.0,442.6732744842102,13.276432999987264,5525.687417000086,4512.724400775238
1776351303,593,,Aggregated,917.900000,0.000000,310,350,400,460,810,1200,1900,2100,4700,5200,5500,193201,97,310.0,442.5024744153121,13.276432999987264,5525.687417000086,4512.733163907019
1776351304,593,,Aggregated,909.900000,0.000000,310,350,400,460,810,1200,1900,2100,4700,5200,5500,193930,97,310.0,442.719295440946,13.276432999987264,5525.687417000086,4512.741685144124
1776351305,593,,Aggregated,901.800000,0.000000,310,350,400,470,810,1200,1900,2100,4700,5200,5500,194614,97,310.0,443.13436305984425,13.276432999987264,5525.687417000086,4512.749622329329
1776351306,593,,Aggregated,883.000000,0.000000,310,350,400,470,810,1200,1900,2100,4700,5200,5500,195394,97,310.0,443.3030204544389,13.276432999987264,5525.687417000086,4512.758605689018
1776351307,593,,Aggregated,854.200000,0.000000,310,350,400,470,810,1200,1900,2100,4700,5200,5500,196180,97,310.0,443.45564933068914,13.276432999987264,5525.687417000086,4512.767585890509
1776351308,593,,Aggregated,843.100000,0.000000,310,350,400,470,810,1200,1900,2100,4700,5200,5500,196854,97,310.0,443.6652318205792,13.276432999987264,5525.687417000086,4512.775229357798
1776351309,593,,Aggregated,816.400000,0.000000,310,350,400,470,810,1200,1900,2100,4700,5200,5500,197589,97,310.0,444.10836589614433,13.276432999987264,5525.687417000086,4512.783505154639
1776351310,593,,Aggregated,797.100000,0.000000,310,350,400,470,810,1200,1900,2100,4700,5200,5500,198370,97,310.0,444.2825942759755,13.276432999987264,5525.687417000086,4512.79223168826
1776351311,593,,Aggregated,771.500000,0.000000,310,350,400,470,810,1200,1900,2100,4700,5200,5500,199069,97,310.0,444.38512523645164,13.276432999987264,5525.687417000086,4512.799983925172
1776351312,593,,Aggregated,757.700000,0.000000,310,350,400,470,810,1200,1900,2100,4700,5200,5500,199935,97,310.0,444.45284595497134,13.276432999987264,5525.687417000086,4512.8095130917545
1776351313,593,,Aggregated,751.800000,0.000000,310,350,400,470,810,1200,1900,2100,4700,5200,5500,200809,97,310.0,444.2650468547577,13.276432999987264,5525.687417000086,4512.819046955066
1776351314,593,,Aggregated,747.200000,0.000000,310,350,400,470,810,1200,1900,2100,4700,5200,5500,201718,97,310.0,443.8983323474562,13.276432999987264,5525.687417000086,4512.828874964059
1776351315,593,,Aggregated,745.100000,0.000000,310,350,400,470,810,1200,1900,2100,4700,5200,5500,202627,97,310.0,443.4995956404585,13.276432999987264,5525.687417000086,4512.838614794672
1776351316,593,,Aggregated,764.100000,0.000000,310,350,400,470,810,1200,1900,2100,4700,5200,5500,203554,97,310.0,443.02253923412655,13.276432999987264,5525.687417000086,4512.848457903063
1776351315,593,,Aggregated,745.100000,0.000000,310,350,400,470,810,1200,1900,2100,4700,5200,5500,204468,97,310.0,442.5236175799553,13.276432999987264,5525.687417000086,4512.858075591291
1776351316,593,,Aggregated,764.100000,0.000000,310,350,400,470,810,1200,1800,2100,4700,5200,5500,205376,97,310.0,442.11000178847723,13.276432999987264,5525.687417000086,4512.867545380181
1776351317,593,,Aggregated,838.200000,0.000000,310,350,400,470,800,1200,1800,2100,4700,5200,5500,206308,97,310.0,441.72502932181646,13.276432999987264,5525.687417000086,4512.877178781239
1776351318,593,,Aggregated,940.300000,0.000000,310,350,400,470,800,1200,1800,2100,4700,5200,5500,207300,97,310.0,441.0344095306677,13.276432999987264,5525.687417000086,4512.887337192475
1776351319,593,,Aggregated,1032.100000,0.000000,310,350,400,470,800,1100,1800,2100,4700,5200,5500,208245,97,310.0,440.5134172736307,13.276432999987264,5525.687417000086,4512.896924295901
1776351320,593,,Aggregated,1053.500000,0.000000,310,350,400,470,800,1100,1800,2100,4700,5200,5500,209181,97,310.0,439.9951728133065,13.276432999987264,5525.687417000086,4512.906334705351
1776351321,593,,Aggregated,1081.600000,0.000000,310,350,400,470,800,1100,1800,2100,4700,5200,5500,210118,97,310.0,439.4691622015689,13.276432999987264,5525.687417000086,4512.9156711942815
1776351322,593,,Aggregated,1122.200000,0.000000,310,350,400,460,800,1100,1800,2100,4600,5200,5500,211103,97,310.0,438.97397006379026,13.276432999987264,5525.687417000086,4512.925396607343
1776351323,593,,Aggregated,1135.400000,0.000000,310,350,400,460,800,1100,1800,2100,4600,5200,5500,212101,97,310.0,438.3729360685159,13.276432999987264,5525.687417000086,4512.9351582500785
1776351324,593,,Aggregated,1153.800000,0.000000,310,350,400,460,790,1100,1800,2100,4600,5200,5500,213047,97,310.0,437.8230016172645,13.276432999987264,5525.687417000086,4512.9443268386785
1776351325,593,,Aggregated,1166.300000,0.000000,310,350,400,460,790,1100,1800,2100,4600,5200,5500,214013,97,310.0,437.20600673672243,13.276432999987264,5525.687417000086,4512.953605622089
1776351326,574,,Aggregated,1173.100000,0.000000,310,350,400,460,790,1100,1800,2100,4600,5200,5500,214935,97,310.0,436.7363772238647,13.276432999987264,5525.687417000086,4512.962383976551
1776351327,574,,Aggregated,1125.800000,0.000000,310,350,400,460,790,1100,1800,2100,4600,5200,5500,215863,97,310.0,436.16236700488525,13.276432999987264,5525.687417000086,4512.971143734683
1776351328,574,,Aggregated,1041.300000,0.000000,310,350,400,460,790,1100,1800,2100,4600,5200,5500,216743,97,310.0,435.83960068908993,13.276432999987264,5525.687417000086,4512.979381110347
1776351329,574,,Aggregated,971.100000,0.000000,310,350,400,460,790,1100,1800,2100,4600,5200,5500,217730,97,310.0,435.2008399801934,13.276432999987264,5525.687417000086,4512.98854085335
1776351330,574,,Aggregated,962.300000,0.000000,310,350,400,460,780,1100,1800,2100,4600,5200,5500,218674,97,310.0,434.6087347451299,13.276432999987264,5525.687417000086,4512.997224178457
1776351331,574,,Aggregated,963.800000,0.000000,310,350,400,460,780,1100,1800,2100,4600,5200,5500,219588,97,310.0,434.1824422896714,13.276432999987264,5525.687417000086,4513.005560413138
1776351332,574,,Aggregated,945.300000,0.000000,310,350,400,460,780,1100,1800,2100,4500,5200,5500,220497,97,310.0,433.7450408364764,13.276432999987264,5525.687417000086,4513.013782500442
1776351333,574,,Aggregated,942.000000,0.000000,310,350,390,450,780,1100,1800,2100,4400,5200,5500,221382,97,310.0,433.2957756775684,13.276432999987264,5525.687417000086,4513.021722633276
1776351334,574,,Aggregated,935.800000,0.000000,310,350,390,450,780,1100,1800,2100,4400,5200,5500,222289,97,310.0,433.0317020417765,13.276432999987264,5525.687417000086,4513.029794546739
1776351335,574,,Aggregated,932.500000,0.000000,310,350,390,450,780,1100,1800,2100,4300,5200,5500,223198,97,310.0,432.66332332960695,13.276432999987264,5525.687417000086,4513.037818439233
1776351336,574,,Aggregated,922.700000,0.000000,310,350,390,450,780,1100,1800,2100,4300,5200,5500,224144,97,310.0,432.1414387980825,13.276432999987264,5525.687417000086,4513.046099828682
1776351337,574,,Aggregated,916.400000,0.000000,310,350,390,450,780,1100,1800,2100,4100,5200,5500,225151,97,310.0,431.47025293977094,13.276432999987264,5525.687417000086,4513.05483875266
1776351338,574,,Aggregated,920.000000,0.000000,310,350,390,450,770,1100,1800,2100,4100,5200,5500,226021,97,310.0,430.9618194930614,13.276432999987264,5525.687417000086,4513.062326067047
1776351339,574,,Aggregated,921.400000,0.000000,310,350,390,450,770,1100,1800,2100,4100,5200,5500,227060,97,310.0,430.36557228200127,13.276432999987264,5525.687417000086,4513.071192636307
1776351340,574,,Aggregated,931.300000,0.000000,310,350,390,450,770,1100,1800,2100,4100,5200,5500,227993,97,310.0,429.85546529342247,13.276432999987264,5525.687417000086,4513.079085761405
1776351341,574,,Aggregated,927.200000,0.000000,310,350,390,450,770,1100,1800,2100,4000,5200,5500,228894,97,310.0,429.4100165136131,13.276432999987264,5525.687417000086,4513.086647094288
1776351342,574,,Aggregated,925.900000,0.000000,310,350,390,450,770,1100,1800,2100,4000,5200,5500,229862,97,310.0,428.9133897999921,13.276432999987264,5525.687417000086,4513.094704648876
1776351343,574,,Aggregated,930.900000,0.000000,310,350,390,450,770,1100,1800,2100,4000,5200,5500,230787,97,310.0,428.4144147481777,13.276432999987264,5525.687417000086,4513.102341119734
1776351344,574,,Aggregated,930.500000,0.000000,310,350,390,450,760,1100,1800,2100,4000,5200,5500,231756,97,310.0,427.8880525759794,13.276432999987264,5525.687417000086,4513.110275462124
1776351345,574,,Aggregated,928.300000,0.000000,300,350,390,440,760,1100,1800,2100,4000,5200,5500,232718,97,300.0,427.32711954490225,13.276432999987264,5525.687417000086,4513.118087126909
1776351346,574,,Aggregated,941.800000,0.000000,310,350,390,440,760,1100,1800,2100,4000,5200,5500,233543,97,310.0,427.07800658331576,13.276432999987264,5525.687417000086,4513.124735059497
1776351344,574,,Aggregated,930.500000,0.000000,300,350,390,440,760,1100,1800,2100,4000,5200,5500,234498,97,300.0,426.756650655337,13.276432999987264,5525.687417000086,4513.1323721311055
1776351345,574,,Aggregated,928.300000,0.000000,300,350,390,440,760,1100,1800,2100,4000,5200,5500,235445,97,300.0,426.2503227515863,13.276432999987264,5525.687417000086,4513.139884049353
1776351346,574,,Aggregated,941.800000,0.000000,300,350,390,440,760,1100,1800,2100,4000,5200,5500,236341,97,300.0,425.8299511618808,13.276432999987264,5525.687417000086,4513.146935995024
1776351347,574,,Aggregated,997.900000,0.000000,300,350,390,440,750,1100,1800,2100,4000,5200,5500,237248,97,300.0,425.4430589301617,13.276432999987264,5525.687417000086,4513.154020265713
1776351348,534,,Aggregated,1079.900000,0.000000,300,350,390,440,750,1100,1800,2100,3900,5200,5500,238166,97,300.0,425.02236269760635,13.276432999987264,5525.687417000086,4513.161135510526
1776351349,494,,Aggregated,1161.500000,0.000000,300,350,390,440,750,1100,1800,2100,3900,5200,5500,238940,97,300.0,424.7746386527875,13.276432999987264,5525.687417000086,4513.167092157027
1776351350,492,,Aggregated,1152.200000,0.000000,300,350,390,440,750,1100,1800,2100,3900,5200,5500,239785,97,300.0,424.3144540979589,13.276432999987264,5525.687417000086,4513.173551306379
1776351351,492,,Aggregated,1144.000000,0.000000,300,350,390,440,750,1100,1700,2100,3800,5200,5500,240605,97,300.0,423.8187290702112,13.276432999987264,5525.687417000086,4513.17977598138
1776351352,492,,Aggregated,1133.600000,0.000000,300,350,390,440,750,1100,1700,2100,3800,5200,5500,241462,97,300.0,423.35331714546953,13.276432999987264,5525.687417000086,4513.186236343607
1776351353,492,,Aggregated,1119.900000,0.000000,300,340,390,440,750,1100,1700,2100,3800,5200,5500,242300,97,300.0,422.85166021918394,13.276432999987264,5525.687417000086,4513.192509286009
1776351354,492,,Aggregated,1112.400000,0.000000,300,340,390,440,740,1100,1700,2100,3800,5200,5500,243098,97,300.0,422.4501077044361,13.276432999987264,5525.687417000086,4513.198442603394
1776351355,492,,Aggregated,1105.700000,0.000000,300,340,390,440,740,1100,1700,2100,3800,5200,5500,243928,97,300.0,422.12531126190015,13.276432999987264,5525.687417000086,4513.204572660785
1776351356,492,,Aggregated,1090.900000,0.000000,300,340,390,440,740,1000,1700,2100,3800,5200,5500,244745,97,300.0,421.72574094851655,13.276432999987264,5525.687417000086,4513.210566099409
1776351357,492,,Aggregated,1022.000000,0.000000,300,340,390,440,740,1000,1700,2100,3800,5200,5500,245571,97,300.0,421.3117171206601,13.276432999987264,5525.687417000086,4513.216585020218
1776351358,492,,Aggregated,923.900000,0.000000,300,340,390,440,740,1000,1700,2100,3800,5200,5500,246413,97,300.0,420.8073269285049,13.276432999987264,5525.687417000086,4513.222678998267
1776351359,492,,Aggregated,830.800000,0.000000,300,340,390,440,740,1000,1700,2100,3800,5200,5500,247215,97,300.0,420.4392019729891,13.276432999987264,5525.687417000086,4513.228444875917
1776351360,492,,Aggregated,822.900000,0.000000,300,340,390,440,740,1000,1700,2100,3800,5200,5500,247976,97,300.0,420.0842944621596,13.276432999987264,5525.687417000086,4513.233881504661
1776351361,492,,Aggregated,819.000000,0.000000,300,340,390,430,740,1000,1700,2100,3800,5200,5500,248734,97,300.0,419.9496853247423,13.276432999987264,5525.687417000086,4513.239263631028
1776351362,492,,Aggregated,821.400000,0.000000,300,340,390,430,740,1000,1700,2000,3800,5200,5500,249545,97,300.0,419.6312488735953,13.276432999987264,5525.687417000086,4513.244985874291
1776351363,492,,Aggregated,813.700000,0.000000,300,340,380,430,730,1000,1700,2000,3800,5200,5500,250331,97,300.0,419.3067449105563,13.276432999987264,5525.687417000086,4513.250496342842
1776351364,492,,Aggregated,807.200000,0.000000,300,340,380,430,730,1000,1700,2000,3800,5200,5500,251119,97,300.0,419.0241639843725,13.276432999987264,5525.687417000086,4513.255986205743
1776351365,492,,Aggregated,802.500000,0.000000,300,340,380,430,730,1000,1700,2000,3800,5200,5500,251943,97,300.0,418.687865816942,13.276432999987264,5525.687417000086,4513.261690144199
1776351366,492,,Aggregated,798.400000,0.000000,300,340,380,430,730,1000,1700,2000,3800,5200,5500,252730,97,300.0,418.4376602771719,13.276432999987264,5525.687417000086,4513.267103232699
1776351367,492,,Aggregated,801.800000,0.000000,300,340,380,430,730,1000,1700,2000,3800,5200,5500,253539,97,300.0,418.0570490560888,13.276432999987264,5525.687417000086,4513.272632612734
1776351368,492,,Aggregated,800.400000,0.000000,300,340,380,430,730,1000,1700,2000,3700,5200,5500,254361,97,300.0,417.6791215203144,13.276432999987264,5525.687417000086,4513.278214820668
1776351369,492,,Aggregated,795.700000,0.000000,300,340,380,430,730,1000,1700,2000,3700,5200,5500,255233,97,300.0,417.2070636419965,13.276432999987264,5525.687417000086,4513.284097275822
1776351370,492,,Aggregated,794.500000,0.000000,300,340,380,430,730,1000,1700,2000,3700,5200,5500,256079,97,300.0,416.7366774523934,13.276432999987264,5525.687417000086,4513.289766048759
1776351371,492,,Aggregated,797.200000,0.000000,300,340,380,430,730,1000,1700,2000,3700,5200,5500,256913,97,300.0,416.3309838913118,13.276432999987264,5525.687417000086,4513.295317870252
1776351372,492,,Aggregated,799.200000,0.000000,300,340,380,430,730,1000,1700,2000,3700,5200,5500,257731,97,300.0,415.8597811252297,13.276432999987264,5525.687417000086,4513.300728278709
1776351373,452,,Aggregated,810.300000,0.000000,300,340,380,430,720,1000,1700,2000,3700,5200,5500,258470,97,300.0,415.6561899925778,13.276432999987264,5525.687417000086,4513.305586721864
1776351374,450,,Aggregated,815.600000,0.000000,300,340,380,430,720,1000,1700,2000,3700,5200,5500,259240,97,300.0,415.3034751307116,13.276432999987264,5525.687417000086,4513.310619503163
1776351375,450,,Aggregated,814.400000,0.000000,300,340,380,430,720,1000,1700,2000,3700,5200,5500,259988,97,300.0,414.97394069384615,13.276432999987264,5525.687417000086,4513.315479945229
1776351374,450,,Aggregated,815.600000,0.000000,300,340,380,430,720,1000,1700,2000,3700,5200,5500,260728,97,300.0,414.64585041724575,13.276432999987264,5525.687417000086,4513.3202609616155
1776351375,450,,Aggregated,814.400000,0.000000,300,340,380,430,720,1000,1700,2000,3700,5200,5500,261513,97,300.0,414.26304541097227,13.276432999987264,5525.687417000086,4513.325303139805
1776351376,450,,Aggregated,807.500000,0.000000,300,340,380,430,720,1000,1700,2000,3700,5200,5500,262230,97,300.0,413.948080819264,13.276432999987264,5525.687417000086,4513.329882164512
1776351377,450,,Aggregated,844.500000,0.000000,300,340,380,430,720,1000,1700,2000,3700,5200,5500,262984,97,300.0,413.6919098942159,13.276432999987264,5525.687417000086,4513.3346705503
1776351378,450,,Aggregated,918.600000,0.000000,300,340,380,430,720,1000,1700,2000,3700,5200,5500,263773,97,300.0,413.29790257672136,13.276432999987264,5525.687417000086,4513.339651897654
1776351379,450,,Aggregated,963.100000,0.000000,300,340,380,430,720,1000,1700,2000,3700,5200,5500,264558,97,300.0,412.90723379659863,13.276432999987264,5525.687417000086,4513.344578504524
1776351380,450,,Aggregated,959.400000,0.000000,300,340,380,430,720,1000,1700,2000,3600,5200,5500,265314,97,300.0,412.5484244454902,13.276432999987264,5525.687417000086,4513.349295551686
1776351381,450,,Aggregated,955.200000,0.000000,300,340,380,430,720,1000,1700,2000,3600,5200,5500,266066,97,300.0,412.245130880454,13.276432999987264,5525.687417000086,4513.353961047259
1776351382,450,,Aggregated,963.800000,0.000000,300,340,380,420,720,1000,1700,2000,3600,5200,5500,266713,97,300.0,412.1109219077393,13.276432999987264,5525.687417000086,4513.357954055483
1776351383,450,,Aggregated,953.700000,0.000000,300,340,380,420,710,1000,1700,2000,3600,5200,5500,267463,97,300.0,411.87906616672916,13.276432999987264,5525.687417000086,4513.362558559502
1776351384,450,,Aggregated,938.500000,0.000000,300,340,380,420,710,1000,1700,2000,3600,5200,5500,268199,97,300.0,411.5662802025207,13.276432999987264,5525.687417000086,4513.367052077003
1776351385,450,,Aggregated,930.700000,0.000000,300,340,380,420,710,1000,1700,2000,3600,5200,5500,268920,97,300.0,411.30227837775055,13.276432999987264,5525.687417000086,4513.371430165105
1776351386,450,,Aggregated,934.300000,0.000000,300,340,380,420,710,1000,1700,2000,3600,5200,5500,269674,97,300.0,411.0037562349827,13.276432999987264,5525.687417000086,4513.375983595008
1776351387,450,,Aggregated,886.900000,0.000000,300,340,380,420,710,1000,1700,2000,3600,5100,5500,270410,97,300.0,410.7461912788124,13.276432999987264,5525.687417000086,4513.380403831219
1776351388,450,,Aggregated,808.400000,0.000000,300,340,380,420,710,1000,1700,2000,3600,5100,5500,271092,97,300.0,410.6024926933572,13.276432999987264,5525.687417000086,4513.384478332079
1776351389,450,,Aggregated,757.000000,0.000000,300,340,380,420,710,1000,1700,2000,3600,5100,5500,271825,97,300.0,410.4015995042022,13.276432999987264,5525.687417000086,4513.388834728225
1776351390,450,,Aggregated,748.900000,0.000000,300,340,380,420,710,1000,1700,2000,3600,5100,5500,272575,97,300.0,410.09211251129693,13.276432999987264,5525.687417000086,4513.393267907915
1776351391,450,,Aggregated,743.000000,0.000000,300,340,380,420,710,1000,1700,2000,3600,5100,5500,273283,97,300.0,409.851843316953,13.276432999987264,5525.687417000086,4513.397430502446
1776351392,450,,Aggregated,722.400000,0.000000,300,340,380,420,710,1000,1700,2000,3600,5100,5500,274024,97,300.0,409.5718858570998,13.276432999987264,5525.687417000086,4513.401764079059
1776351393,450,,Aggregated,722.000000,0.000000,300,340,380,420,710,1000,1700,2000,3600,5100,5500,274778,97,300.0,409.2944790994292,13.276432999987264,5525.687417000086,4513.406149691751
1776351394,450,,Aggregated,726.200000,0.000000,300,340,380,420,710,1000,1700,2000,3600,5100,5500,275507,97,300.0,409.0757543226155,13.276432999987264,5525.687417000086,4513.410367068714
1776351395,450,,Aggregated,729.200000,0.000000,300,340,380,420,710,1000,1700,2000,3600,5100,5500,276256,97,300.0,408.8602194035273,13.276432999987264,5525.687417000086,4513.414676966292
1776351397,450,,Aggregated,725.900000,0.000000,300,340,380,420,710,1000,1700,2000,3600,5100,5500,276261,97,300.0,408.8889690459741,13.276432999987264,5525.687417000086,4513.414705658779
1776351398,0,,Aggregated,725.900000,0.000000,300,340,380,420,710,1000,1700,2000,3600,5100,5500,276450,97,300.0,409.99648214860514,13.276432999987264,5525.687417000086,4513.4157894736845
1776351399,0,,Aggregated,725.900000,0.000000,300,340,380,420,710,1000,1700,2000,3600,5100,5500,276450,97,300.0,409.99648214860514,13.276432999987264,5525.687417000086,4513.4157894736845
1776351400,0,,Aggregated,725.900000,0.000000,300,340,380,420,710,1000,1700,2000,3600,5100,5500,276450,97,300.0,409.99648214860514,13.276432999987264,5525.687417000086,4513.4157894736845
1776351401,0,,Aggregated,725.900000,0.000000,300,340,380,420,710,1000,1700,2000,3600,5100,5500,276450,97,300.0,409.99648214860514,13.276432999987264,5525.687417000086,4513.4157894736845
1776351402,0,,Aggregated,725.900000,0.000000,300,340,380,420,710,1000,1700,2000,3600,5100,5500,276450,97,300.0,409.99648214860514,13.276432999987264,5525.687417000086,4513.4157894736845
1776351403,0,,Aggregated,725.900000,0.000000,300,340,380,420,710,1000,1700,2000,3600,5100,5500,276450,97,300.0,409.99648214860514,13.276432999987264,5525.687417000086,4513.4157894736845
1776351404,0,,Aggregated,725.900000,0.000000,300,340,380,420,710,1000,1700,2000,3600,5100,5500,276450,97,300.0,409.99648214860514,13.276432999987264,5525.687417000086,4513.4157894736845
1776351405,0,,Aggregated,725.900000,0.000000,300,340,380,420,710,1000,1700,2000,3600,5100,5500,276450,97,300.0,409.99648214860514,13.276432999987264,5525.687417000086,4513.4157894736845
1776351406,0,,Aggregated,725.900000,0.000000,300,340,380,420,710,1000,1700,2000,3600,5100,5500,276450,97,300.0,409.99648214860514,13.276432999987264,5525.687417000086,4513.4157894736845
1776351404,0,,Aggregated,725.900000,0.000000,300,340,380,420,710,1000,1700,2000,3600,5100,5500,276450,97,300.0,409.99648214860514,13.276432999987264,5525.687417000086,4513.4157894736845
1776351405,0,,Aggregated,725.900000,0.000000,300,340,380,420,710,1000,1700,2000,3600,5100,5500,276450,97,300.0,409.99648214860514,13.276432999987264,5525.687417000086,4513.4157894736845
1776351406,0,,Aggregated,725.900000,0.000000,300,340,380,420,710,1000,1700,2000,3600,5100,5500,276450,97,300.0,409.99648214860514,13.276432999987264,5525.687417000086,4513.4157894736845
1776351407,0,,Aggregated,725.900000,0.000000,300,340,380,420,710,1000,1700,2000,3600,5100,5500,276450,97,300.0,409.99648214860514,13.276432999987264,5525.687417000086,4513.4157894736845
1776351408,0,,Aggregated,725.900000,0.000000,300,340,380,420,710,1000,1700,2000,3600,5100,5500,276450,97,300.0,409.99648214860514,13.276432999987264,5525.687417000086,4513.4157894736845
1776351409,0,,Aggregated,725.900000,0.000000,300,340,380,420,710,1000,1700,2000,3600,5100,5500,276450,97,300.0,409.99648214860514,13.276432999987264,5525.687417000086,4513.4157894736845
1776351410,0,,Aggregated,725.900000,0.000000,300,340,380,420,710,1000,1700,2000,3600,5100,5500,276450,97,300.0,409.99648214860514,13.276432999987264,5525.687417000086,4513.4157894736845
1776351411,0,,Aggregated,725.900000,0.000000,300,340,380,420,710,1000,1700,2000,3600,5100,5500,276450,97,300.0,409.99648214860514,13.276432999987264,5525.687417000086,4513.4157894736845
1776351412,0,,Aggregated,725.900000,0.000000,300,340,380,420,710,1000,1700,2000,3600,5100,5500,276450,97,300.0,409.99648214860514,13.276432999987264,5525.687417000086,4513.4157894736845
1776351413,0,,Aggregated,725.900000,0.000000,300,340,380,420,710,1000,1700,2000,3600,5100,5500,276450,97,300.0,409.99648214860514,13.276432999987264,5525.687417000086,4513.4157894736845
1776351415,0,,Aggregated,725.900000,0.000000,300,340,380,420,710,1000,1700,2000,3600,5100,5500,276450,97,300.0,409.99648214860514,13.276432999987264,5525.687417000086,4513.4157894736845
1776351416,0,,Aggregated,725.900000,0.000000,300,340,380,420,710,1000,1700,2000,3600,5100,5500,276450,97,300.0,409.99648214860514,13.276432999987264,5525.687417000086,4513.4157894736845
1776351417,0,,Aggregated,725.900000,0.000000,300,340,380,420,710,1000,1700,2000,3600,5100,5500,276450,97,300.0,409.99648214860514,13.276432999987264,5525.687417000086,4513.4157894736845
1776351418,0,,Aggregated,725.900000,0.000000,300,340,380,420,710,1000,1700,2000,3600,5100,5500,276450,97,300.0,409.99648214860514,13.276432999987264,5525.687417000086,4513.4157894736845
1776351419,0,,Aggregated,725.900000,0.000000,300,340,380,420,710,1000,1700,2000,3600,5100,5500,276450,97,300.0,409.99648214860514,13.276432999987264,5525.687417000086,4513.4157894736845
1776351420,0,,Aggregated,725.900000,0.000000,300,340,380,420,710,1000,1700,2000,3600,5100,5500,276450,97,300.0,409.99648214860514,13.276432999987264,5525.687417000086,4513.4157894736845
1776351421,0,,Aggregated,725.900000,0.000000,300,340,380,420,710,1000,1700,2000,3600,5100,5500,276450,97,300.0,409.99648214860514,13.276432999987264,5525.687417000086,4513.4157894736845
1776351422,0,,Aggregated,725.900000,0.000000,300,340,380,420,710,1000,1700,2000,3600,5100,5500,276450,97,300.0,409.99648214860514,13.276432999987264,5525.687417000086,4513.4157894736845
1776351423,0,,Aggregated,725.900000,0.000000,300,340,380,420,710,1000,1700,2000,3600,5100,5500,276450,97,300.0,409.99648214860514,13.276432999987264,5525.687417000086,4513.4157894736845
1776351424,0,,Aggregated,725.900000,0.000000,300,340,380,420,710,1000,1700,2000,3600,5100,5500,276450,97,300.0,409.99648214860514,13.276432999987264,5525.687417000086,4513.4157894736845
1776351425,0,,Aggregated,725.900000,0.000000,300,340,380,420,710,1000,1700,2000,3600,5100,5500,276450,97,300.0,409.99648214860514,13.276432999987264,5525.687417000086,4513.4157894736845
1776351426,0,,Aggregated,725.900000,0.000000,300,340,380,420,710,1000,1700,2000,3600,5100,5500,276450,97,300.0,409.99648214860514,13.276432999987264,5525.687417000086,4513.4157894736845
1776351427,0,,Aggregated,725.900000,0.000000,300,340,380,420,710,1000,1700,2000,3600,5100,5500,276450,97,300.0,409.99648214860514,13.276432999987264,5525.687417000086,4513.4157894736845
1776351428,0,,Aggregated,725.900000,0.000000,300,340,380,420,710,1000,1700,2000,3600,5100,5500,276450,97,300.0,409.99648214860514,13.276432999987264,5525.687417000086,4513.4157894736845
1776351429,0,,Aggregated,725.900000,0.000000,300,340,380,420,710,1000,1700,2000,3600,5100,5500,276450,97,300.0,409.99648214860514,13.276432999987264,5525.687417000086,4513.4157894736845
1776351430,0,,Aggregated,725.900000,0.000000,300,340,380,420,710,1000,1700,2000,3600,5100,5500,276450,97,300.0,409.99648214860514,13.276432999987264,5525.687417000086,4513.4157894736845
1776351431,0,,Aggregated,725.900000,0.000000,300,340,380,420,710,1000,1700,2000,3600,5100,5500,276450,97,300.0,409.99648214860514,13.276432999987264,5525.687417000086,4513.4157894736845
1776351432,0,,Aggregated,725.900000,0.000000,300,340,380,420,710,1000,1700,2000,3600,5100,5500,276450,97,300.0,409.99648214860514,13.276432999987264,5525.687417000086,4513.4157894736845
1776351433,0,,Aggregated,725.900000,0.000000,300,340,380,420,710,1000,1700,2000,3600,5100,5500,276450,97,300.0,409.99648214860514,13.276432999987264,5525.687417000086,4513.4157894736845
1776351434,0,,Aggregated,725.900000,0.000000,300,340,380,420,710,1000,1700,2000,3600,5100,5500,276450,97,300.0,409.99648214860514,13.276432999987264,5525.687417000086,4513.4157894736845
1776351435,0,,Aggregated,725.900000,0.000000,300,340,380,420,710,1000,1700,2000,3600,5100,5500,276450,97,300.0,409.99648214860514,13.276432999987264,5525.687417000086,4513.4157894736845
1776351436,0,,Aggregated,725.900000,0.000000,300,340,380,420,710,1000,1700,2000,3600,5100,5500,276450,97,300.0,409.99648214860514,13.276432999987264,5525.687417000086,4513.4157894736845
1776351439,0,,Aggregated,725.900000,0.000000,300,340,380,420,710,1000,1700,2000,3600,5100,5500,276450,97,300.0,409.99648214860514,13.276432999987264,5525.687417000086,4513.4157894736845
1776351435,0,,Aggregated,725.900000,0.000000,300,340,380,420,710,1000,1700,2000,3600,5100,5500,276450,97,300.0,409.99648214860514,13.276432999987264,5525.687417000086,4513.4157894736845
1776351436,0,,Aggregated,725.900000,0.000000,300,340,380,420,710,1000,1700,2000,3600,5100,5500,276450,97,300.0,409.99648214860514,13.276432999987264,5525.687417000086,4513.4157894736845
1776351437,0,,Aggregated,725.900000,0.000000,300,340,380,420,710,1000,1700,2000,3600,5100,5500,276450,97,300.0,409.99648214860514,13.276432999987264,5525.687417000086,4513.4157894736845
1776351438,0,,Aggregated,725.900000,0.000000,300,340,380,420,710,1000,1700,2000,3600,5100,5500,276450,97,300.0,409.99648214860514,13.276432999987264,5525.687417000086,4513.4157894736845
1776351439,0,,Aggregated,725.900000,0.000000,300,340,380,420,710,1000,1700,2000,3600,5100,5500,276450,97,300.0,409.99648214860514,13.276432999987264,5525.687417000086,4513.4157894736845
1776351440,0,,Aggregated,725.900000,0.000000,300,340,380,420,710,1000,1700,2000,3600,5100,5500,276450,97,300.0,409.99648214860514,13.276432999987264,5525.687417000086,4513.4157894736845
1776351441,0,,Aggregated,725.900000,0.000000,300,340,380,420,710,1000,1700,2000,3600,5100,5500,276450,97,300.0,409.99648214860514,13.276432999987264,5525.687417000086,4513.4157894736845
1776351442,0,,Aggregated,725.900000,0.000000,300,340,380,420,710,1000,1700,2000,3600,5100,5500,276450,97,300.0,409.99648214860514,13.276432999987264,5525.687417000086,4513.4157894736845
1776351443,0,,Aggregated,725.900000,0.000000,300,340,380,420,710,1000,1700,2000,3600,5100,5500,276450,97,300.0,409.99648214860514,13.276432999987264,5525.687417000086,4513.4157894736845
1776351444,0,,Aggregated,725.900000,0.000000,300,340,380,420,710,1000,1700,2000,3600,5100,5500,276450,97,300.0,409.99648214860514,13.276432999987264,5525.687417000086,4513.4157894736845
1776351445,0,,Aggregated,725.900000,0.000000,300,340,380,420,710,1000,1700,2000,3600,5100,5500,276450,97,300.0,409.99648214860514,13.276432999987264,5525.687417000086,4513.4157894736845
1776351446,0,,Aggregated,725.900000,0.000000,300,340,380,420,710,1000,1700,2000,3600,5100,5500,276450,97,300.0,409.99648214860514,13.276432999987264,5525.687417000086,4513.4157894736845
1776351447,0,,Aggregated,725.900000,0.000000,300,340,380,420,710,1000,1700,2000,3600,5100,5500,276450,97,300.0,409.99648214860514,13.276432999987264,5525.687417000086,4513.4157894736845
1776351448,0,,Aggregated,725.900000,0.000000,300,340,380,420,710,1000,1700,2000,3600,5100,5500,276450,97,300.0,409.99648214860514,13.276432999987264,5525.687417000086,4513.4157894736845
1776351449,0,,Aggregated,725.900000,0.000000,300,340,380,420,710,1000,1700,2000,3600,5100,5500,276450,97,300.0,409.99648214860514,13.276432999987264,5525.687417000086,4513.4157894736845
1776351450,0,,Aggregated,725.900000,0.000000,300,340,380,420,710,1000,1700,2000,3600,5100,5500,276450,97,300.0,409.99648214860514,13.276432999987264,5525.687417000086,4513.4157894736845
1776351451,0,,Aggregated,725.900000,0.000000,300,340,380,420,710,1000,1700,2000,3600,5100,5500,276450,97,300.0,409.99648214860514,13.276432999987264,5525.687417000086,4513.4157894736845
1776351452,0,,Aggregated,725.900000,0.000000,300,340,380,420,710,1000,1700,2000,3600,5100,5500,276450,97,300.0,409.99648214860514,13.276432999987264,5525.687417000086,4513.4157894736845
1776351453,0,,Aggregated,725.900000,0.000000,300,340,380,420,710,1000,1700,2000,3600,5100,5500,276450,97,300.0,409.99648214860514,13.276432999987264,5525.687417000086,4513.4157894736845
1776351454,0,,Aggregated,725.900000,0.000000,300,340,380,420,710,1000,1700,2000,3600,5100,5500,276450,97,300.0,409.99648214860514,13.276432999987264,5525.687417000086,4513.4157894736845
1776351455,0,,Aggregated,725.900000,0.000000,300,340,380,420,710,1000,1700,2000,3600,5100,5500,276450,97,300.0,409.99648214860514,13.276432999987264,5525.687417000086,4513.4157894736845
1776351456,0,,Aggregated,725.900000,0.000000,300,340,380,420,710,1000,1700,2000,3600,5100,5500,276450,97,300.0,409.99648214860514,13.276432999987264,5525.687417000086,4513.4157894736845
1776351457,0,,Aggregated,725.900000,0.000000,300,340,380,420,710,1000,1700,2000,3600,5100,5500,276450,97,300.0,409.99648214860514,13.276432999987264,5525.687417000086,4513.4157894736845
1776351458,0,,Aggregated,725.900000,0.000000,300,340,380,420,710,1000,1700,2000,3600,5100,5500,276450,97,300.0,409.99648214860514,13.276432999987264,5525.687417000086,4513.4157894736845
1776351459,0,,Aggregated,725.900000,0.000000,300,340,380,420,710,1000,1700,2000,3600,5100,5500,276450,97,300.0,409.99648214860514,13.276432999987264,5525.687417000086,4513.4157894736845
1776351460,0,,Aggregated,725.900000,0.000000,300,340,380,420,710,1000,1700,2000,3600,5100,5500,276450,97,300.0,409.99648214860514,13.276432999987264,5525.687417000086,4513.4157894736845
1776351461,0,,Aggregated,725.900000,0.000000,300,340,380,420,710,1000,1700,2000,3600,5100,5500,276450,97,300.0,409.99648214860514,13.276432999987264,5525.687417000086,4513.4157894736845
1776351462,0,,Aggregated,725.900000,0.000000,300,340,380,420,710,1000,1700,2000,3600,5100,5500,276450,97,300.0,409.99648214860514,13.276432999987264,5525.687417000086,4513.4157894736845
1776351463,0,,Aggregated,725.900000,0.000000,300,340,380,420,710,1000,1700,2000,3600,5100,5500,276450,97,300.0,409.99648214860514,13.276432999987264,5525.687417000086,4513.4157894736845
1776351464,0,,Aggregated,725.900000,0.000000,300,340,380,420,710,1000,1700,2000,3600,5100,5500,276450,97,300.0,409.99648214860514,13.276432999987264,5525.687417000086,4513.4157894736845
1776351465,0,,Aggregated,725.900000,0.000000,300,340,380,420,710,1000,1700,2000,3600,5100,5500,276450,97,300.0,409.99648214860514,13.276432999987264,5525.687417000086,4513.4157894736845
1776351466,0,,Aggregated,725.900000,0.000000,300,340,380,420,710,1000,1700,2000,3600,5100,5500,276450,97,300.0,409.99648214860514,13.276432999987264,5525.687417000086,4513.4157894736845
1776351465,0,,Aggregated,725.900000,0.000000,300,340,380,420,710,1000,1700,2000,3600,5100,5500,276450,97,300.0,409.99648214860514,13.276432999987264,5525.687417000086,4513.4157894736845
1776351466,0,,Aggregated,725.900000,0.000000,300,340,380,420,710,1000,1700,2000,3600,5100,5500,276450,97,300.0,409.99648214860514,13.276432999987264,5525.687417000086,4513.4157894736845
1776351467,0,,Aggregated,725.900000,0.000000,300,340,380,420,710,1000,1700,2000,3600,5100,5500,276450,97,300.0,409.99648214860514,13.276432999987264,5525.687417000086,4513.4157894736845
1776351468,0,,Aggregated,725.900000,0.000000,300,340,380,420,710,1000,1700,2000,3600,5100,5500,276450,97,300.0,409.99648214860514,13.276432999987264,5525.687417000086,4513.4157894736845
1776351469,0,,Aggregated,725.900000,0.000000,300,340,380,420,710,1000,1700,2000,3600,5100,5500,276450,97,300.0,409.99648214860514,13.276432999987264,5525.687417000086,4513.4157894736845
1776351470,0,,Aggregated,725.900000,0.000000,300,340,380,420,710,1000,1700,2000,3600,5100,5500,276450,97,300.0,409.99648214860514,13.276432999987264,5525.687417000086,4513.4157894736845
1776351471,0,,Aggregated,725.900000,0.000000,300,340,380,420,710,1000,1700,2000,3600,5100,5500,276450,97,300.0,409.99648214860514,13.276432999987264,5525.687417000086,4513.4157894736845
1776351472,0,,Aggregated,725.900000,0.000000,300,340,380,420,710,1000,1700,2000,3600,5100,5500,276450,97,300.0,409.99648214860514,13.276432999987264,5525.687417000086,4513.4157894736845
1776351473,0,,Aggregated,725.900000,0.000000,300,340,380,420,710,1000,1700,2000,3600,5100,5500,276450,97,300.0,409.99648214860514,13.276432999987264,5525.687417000086,4513.4157894736845
1776351474,0,,Aggregated,725.900000,0.000000,300,340,380,420,710,1000,1700,2000,3600,5100,5500,276450,97,300.0,409.99648214860514,13.276432999987264,5525.687417000086,4513.4157894736845
1776351475,0,,Aggregated,725.900000,0.000000,300,340,380,420,710,1000,1700,2000,3600,5100,5500,276450,97,300.0,409.99648214860514,13.276432999987264,5525.687417000086,4513.4157894736845
1776351476,0,,Aggregated,725.900000,0.000000,300,340,380,420,710,1000,1700,2000,3600,5100,5500,276450,97,300.0,409.99648214860514,13.276432999987264,5525.687417000086,4513.4157894736845
1776351477,0,,Aggregated,725.900000,0.000000,300,340,380,420,710,1000,1700,2000,3600,5100,5500,276450,97,300.0,409.99648214860514,13.276432999987264,5525.687417000086,4513.4157894736845
1776351478,0,,Aggregated,725.900000,0.000000,300,340,380,420,710,1000,1700,2000,3600,5100,5500,276450,97,300.0,409.99648214860514,13.276432999987264,5525.687417000086,4513.4157894736845
1776351479,0,,Aggregated,725.900000,0.000000,300,340,380,420,710,1000,1700,2000,3600,5100,5500,276450,97,300.0,409.99648214860514,13.276432999987264,5525.687417000086,4513.4157894736845
1776351480,0,,Aggregated,725.900000,0.000000,300,340,380,420,710,1000,1700,2000,3600,5100,5500,276450,97,300.0,409.99648214860514,13.276432999987264,5525.687417000086,4513.4157894736845
1776351481,0,,Aggregated,725.900000,0.000000,300,340,380,420,710,1000,1700,2000,3600,5100,5500,276450,97,300.0,409.99648214860514,13.276432999987264,5525.687417000086,4513.4157894736845
1776351482,0,,Aggregated,725.900000,0.000000,300,340,380,420,710,1000,1700,2000,3600,5100,5500,276450,97,300.0,409.99648214860514,13.276432999987264,5525.687417000086,4513.4157894736845
1776351483,0,,Aggregated,725.900000,0.000000,300,340,380,420,710,1000,1700,2000,3600,5100,5500,276450,97,300.0,409.99648214860514,13.276432999987264,5525.687417000086,4513.4157894736845
1776351484,0,,Aggregated,725.900000,0.000000,300,340,380,420,710,1000,1700,2000,3600,5100,5500,276450,97,300.0,409.99648214860514,13.276432999987264,5525.687417000086,4513.4157894736845
1776351485,0,,Aggregated,725.900000,0.000000,300,340,380,420,710,1000,1700,2000,3600,5100,5500,276450,97,300.0,409.99648214860514,13.276432999987264,5525.687417000086,4513.4157894736845
1776351486,0,,Aggregated,725.900000,0.000000,300,340,380,420,710,1000,1700,2000,3600,5100,5500,276450,97,300.0,409.99648214860514,13.276432999987264,5525.687417000086,4513.4157894736845
1776351487,0,,Aggregated,725.900000,0.000000,300,340,380,420,710,1000,1700,2000,3600,5100,5500,276450,97,300.0,409.99648214860514,13.276432999987264,5525.687417000086,4513.4157894736845
1776351488,0,,Aggregated,725.900000,0.000000,300,340,380,420,710,1000,1700,2000,3600,5100,5500,276450,97,300.0,409.99648214860514,13.276432999987264,5525.687417000086,4513.4157894736845
1776351489,0,,Aggregated,725.900000,0.000000,300,340,380,420,710,1000,1700,2000,3600,5100,5500,276450,97,300.0,409.99648214860514,13.276432999987264,5525.687417000086,4513.4157894736845
1776351490,0,,Aggregated,725.900000,0.000000,300,340,380,420,710,1000,1700,2000,3600,5100,5500,276450,97,300.0,409.99648214860514,13.276432999987264,5525.687417000086,4513.4157894736845
1776351491,0,,Aggregated,725.900000,0.000000,300,340,380,420,710,1000,1700,2000,3600,5100,5500,276450,97,300.0,409.99648214860514,13.276432999987264,5525.687417000086,4513.4157894736845
1776351492,0,,Aggregated,725.900000,0.000000,300,340,380,420,710,1000,1700,2000,3600,5100,5500,276450,97,300.0,409.99648214860514,13.276432999987264,5525.687417000086,4513.4157894736845
1776351493,0,,Aggregated,725.900000,0.000000,300,340,380,420,710,1000,1700,2000,3600,5100,5500,276450,97,300.0,409.99648214860514,13.276432999987264,5525.687417000086,4513.4157894736845
1776351494,0,,Aggregated,725.900000,0.000000,300,340,380,420,710,1000,1700,2000,3600,5100,5500,276450,97,300.0,409.99648214860514,13.276432999987264,5525.687417000086,4513.4157894736845
1776351495,0,,Aggregated,725.900000,0.000000,300,340,380,420,710,1000,1700,2000,3600,5100,5500,276450,97,300.0,409.99648214860514,13.276432999987264,5525.687417000086,4513.4157894736845
1776351496,0,,Aggregated,725.900000,0.000000,300,340,380,420,710,1000,1700,2000,3600,5100,5500,276450,97,300.0,409.99648214860514,13.276432999987264,5525.687417000086,4513.4157894736845
1776351495,0,,Aggregated,725.900000,0.000000,300,340,380,420,710,1000,1700,2000,3600,5100,5500,276450,97,300.0,409.99648214860514,13.276432999987264,5525.687417000086,4513.4157894736845
1776351496,0,,Aggregated,725.900000,0.000000,300,340,380,420,710,1000,1700,2000,3600,5100,5500,276450,97,300.0,409.99648214860514,13.276432999987264,5525.687417000086,4513.4157894736845
1776351497,0,,Aggregated,725.900000,0.000000,300,340,380,420,710,1000,1700,2000,3600,5100,5500,276450,97,300.0,409.99648214860514,13.276432999987264,5525.687417000086,4513.4157894736845
1776351498,0,,Aggregated,725.900000,0.000000,300,340,380,420,710,1000,1700,2000,3600,5100,5500,276450,97,300.0,409.99648214860514,13.276432999987264,5525.687417000086,4513.4157894736845
1776351499,0,,Aggregated,725.900000,0.000000,300,340,380,420,710,1000,1700,2000,3600,5100,5500,276450,97,300.0,409.99648214860514,13.276432999987264,5525.687417000086,4513.4157894736845
1776351500,0,,Aggregated,725.900000,0.000000,300,340,380,420,710,1000,1700,2000,3600,5100,5500,276450,97,300.0,409.99648214860514,13.276432999987264,5525.687417000086,4513.4157894736845
1776351501,0,,Aggregated,725.900000,0.000000,300,340,380,420,710,1000,1700,2000,3600,5100,5500,276450,97,300.0,409.99648214860514,13.276432999987264,5525.687417000086,4513.4157894736845
1776351502,0,,Aggregated,725.900000,0.000000,300,340,380,420,710,1000,1700,2000,3600,5100,5500,276450,97,300.0,409.99648214860514,13.276432999987264,5525.687417000086,4513.4157894736845
1776351503,0,,Aggregated,725.900000,0.000000,300,340,380,420,710,1000,1700,2000,3600,5100,5500,276450,97,300.0,409.99648214860514,13.276432999987264,5525.687417000086,4513.4157894736845
1776351504,0,,Aggregated,725.900000,0.000000,300,340,380,420,710,1000,1700,2000,3600,5100,5500,276450,97,300.0,409.99648214860514,13.276432999987264,5525.687417000086,4513.4157894736845
1776351505,0,,Aggregated,725.900000,0.000000,300,340,380,420,710,1000,1700,2000,3600,5100,5500,276450,97,300.0,409.99648214860514,13.276432999987264,5525.687417000086,4513.4157894736845
1776351506,0,,Aggregated,725.900000,0.000000,300,340,380,420,710,1000,1700,2000,3600,5100,5500,276450,97,300.0,409.99648214860514,13.276432999987264,5525.687417000086,4513.4157894736845
1776351507,0,,Aggregated,725.900000,0.000000,300,340,380,420,710,1000,1700,2000,3600,5100,5500,276450,97,300.0,409.99648214860514,13.276432999987264,5525.687417000086,4513.4157894736845
1776351508,0,,Aggregated,725.900000,0.000000,300,340,380,420,710,1000,1700,2000,3600,5100,5500,276450,97,300.0,409.99648214860514,13.276432999987264,5525.687417000086,4513.4157894736845
1776351509,0,,Aggregated,725.900000,0.000000,300,340,380,420,710,1000,1700,2000,3600,5100,5500,276450,97,300.0,409.99648214860514,13.276432999987264,5525.687417000086,4513.4157894736845
1776351510,0,,Aggregated,725.900000,0.000000,300,340,380,420,710,1000,1700,2000,3600,5100,5500,276450,97,300.0,409.99648214860514,13.276432999987264,5525.687417000086,4513.4157894736845
1776351511,0,,Aggregated,725.900000,0.000000,300,340,380,420,710,1000,1700,2000,3600,5100,5500,276450,97,300.0,409.99648214860514,13.276432999987264,5525.687417000086,4513.4157894736845
1776351512,0,,Aggregated,725.900000,0.000000,300,340,380,420,710,1000,1700,2000,3600,5100,5500,276450,97,300.0,409.99648214860514,13.276432999987264,5525.687417000086,4513.4157894736845
1776351513,0,,Aggregated,725.900000,0.000000,300,340,380,420,710,1000,1700,2000,3600,5100,5500,276450,97,300.0,409.99648214860514,13.276432999987264,5525.687417000086,4513.4157894736845
1776351514,0,,Aggregated,725.900000,0.000000,300,340,380,420,710,1000,1700,2000,3600,5100,5500,276450,97,300.0,409.99648214860514,13.276432999987264,5525.687417000086,4513.4157894736845
1776351515,0,,Aggregated,725.900000,0.000000,300,340,380,420,710,1000,1700,2000,3600,5100,5500,276450,97,300.0,409.99648214860514,13.276432999987264,5525.687417000086,4513.4157894736845
1776351516,0,,Aggregated,725.900000,0.000000,300,340,380,420,710,1000,1700,2000,3600,5100,5500,276450,97,300.0,409.99648214860514,13.276432999987264,5525.687417000086,4513.4157894736845
1776351517,0,,Aggregated,725.900000,0.000000,300,340,380,420,710,1000,1700,2000,3600,5100,5500,276450,97,300.0,409.99648214860514,13.276432999987264,5525.687417000086,4513.4157894736845
1776351518,0,,Aggregated,725.900000,0.000000,300,340,380,420,710,1000,1700,2000,3600,5100,5500,276450,97,300.0,409.99648214860514,13.276432999987264,5525.687417000086,4513.4157894736845
1776351519,0,,Aggregated,725.900000,0.000000,300,340,380,420,710,1000,1700,2000,3600,5100,5500,276450,97,300.0,409.99648214860514,13.276432999987264,5525.687417000086,4513.4157894736845
1776351520,0,,Aggregated,725.900000,0.000000,300,340,380,420,710,1000,1700,2000,3600,5100,5500,276450,97,300.0,409.99648214860514,13.276432999987264,5525.687417000086,4513.4157894736845
1776351521,0,,Aggregated,725.900000,0.000000,300,340,380,420,710,1000,1700,2000,3600,5100,5500,276450,97,300.0,409.99648214860514,13.276432999987264,5525.687417000086,4513.4157894736845
1776351522,0,,Aggregated,725.900000,0.000000,300,340,380,420,710,1000,1700,2000,3600,5100,5500,276450,97,300.0,409.99648214860514,13.276432999987264,5525.687417000086,4513.4157894736845
1776351523,0,,Aggregated,725.900000,0.000000,300,340,380,420,710,1000,1700,2000,3600,5100,5500,276450,97,300.0,409.99648214860514,13.276432999987264,5525.687417000086,4513.4157894736845
1776351524,0,,Aggregated,725.900000,0.000000,300,340,380,420,710,1000,1700,2000,3600,5100,5500,276450,97,300.0,409.99648214860514,13.276432999987264,5525.687417000086,4513.4157894736845
1776351525,0,,Aggregated,725.900000,0.000000,300,340,380,420,710,1000,1700,2000,3600,5100,5500,276450,97,300.0,409.99648214860514,13.276432999987264,5525.687417000086,4513.4157894736845
1776351526,0,,Aggregated,725.900000,0.000000,300,340,380,420,710,1000,1700,2000,3600,5100,5500,276450,97,300.0,409.99648214860514,13.276432999987264,5525.687417000086,4513.4157894736845
1776351524,0,,Aggregated,725.900000,0.000000,300,340,380,420,710,1000,1700,2000,3600,5100,5500,276450,97,300.0,409.99648214860514,13.276432999987264,5525.687417000086,4513.4157894736845
1776351525,0,,Aggregated,725.900000,0.000000,300,340,380,420,710,1000,1700,2000,3600,5100,5500,276450,97,300.0,409.99648214860514,13.276432999987264,5525.687417000086,4513.4157894736845
1776351526,0,,Aggregated,725.900000,0.000000,300,340,380,420,710,1000,1700,2000,3600,5100,5500,276450,97,300.0,409.99648214860514,13.276432999987264,5525.687417000086,4513.4157894736845
1776351527,0,,Aggregated,725.900000,0.000000,300,340,380,420,710,1000,1700,2000,3600,5100,5500,276450,97,300.0,409.99648214860514,13.276432999987264,5525.687417000086,4513.4157894736845
1776351528,0,,Aggregated,725.900000,0.000000,300,340,380,420,710,1000,1700,2000,3600,5100,5500,276450,97,300.0,409.99648214860514,13.276432999987264,5525.687417000086,4513.4157894736845
1776351529,0,,Aggregated,725.900000,0.000000,300,340,380,420,710,1000,1700,2000,3600,5100,5500,276450,97,300.0,409.99648214860514,13.276432999987264,5525.687417000086,4513.4157894736845
1776351530,0,,Aggregated,725.900000,0.000000,300,340,380,420,710,1000,1700,2000,3600,5100,5500,276450,97,300.0,409.99648214860514,13.276432999987264,5525.687417000086,4513.4157894736845
1776351531,0,,Aggregated,725.900000,0.000000,300,340,380,420,710,1000,1700,2000,3600,5100,5500,276450,97,300.0,409.99648214860514,13.276432999987264,5525.687417000086,4513.4157894736845
1776351532,0,,Aggregated,725.900000,0.000000,300,340,380,420,710,1000,1700,2000,3600,5100,5500,276450,97,300.0,409.99648214860514,13.276432999987264,5525.687417000086,4513.4157894736845
1776351533,0,,Aggregated,725.900000,0.000000,300,340,380,420,710,1000,1700,2000,3600,5100,5500,276450,97,300.0,409.99648214860514,13.276432999987264,5525.687417000086,4513.4157894736845
1776351534,0,,Aggregated,725.900000,0.000000,300,340,380,420,710,1000,1700,2000,3600,5100,5500,276450,97,300.0,409.99648214860514,13.276432999987264,5525.687417000086,4513.4157894736845
1776351535,0,,Aggregated,725.900000,0.000000,300,340,380,420,710,1000,1700,2000,3600,5100,5500,276450,97,300.0,409.99648214860514,13.276432999987264,5525.687417000086,4513.4157894736845
1776351536,0,,Aggregated,725.900000,0.000000,300,340,380,420,710,1000,1700,2000,3600,5100,5500,276450,97,300.0,409.99648214860514,13.276432999987264,5525.687417000086,4513.4157894736845
1776351537,0,,Aggregated,725.900000,0.000000,300,340,380,420,710,1000,1700,2000,3600,5100,5500,276450,97,300.0,409.99648214860514,13.276432999987264,5525.687417000086,4513.4157894736845
1776351538,0,,Aggregated,725.900000,0.000000,300,340,380,420,710,1000,1700,2000,3600,5100,5500,276450,97,300.0,409.99648214860514,13.276432999987264,5525.687417000086,4513.4157894736845
