Timestamp,User Count,Type,Name,Requests/s,Failures/s,50%,66%,75%,80%,90%,95%,98%,99%,99.9%,99.99%,100%,Total Request Count,Total Failure Count,Total Median Response Time,Total Average Response Time,Total Min Response Time,Total Max Response Time,Total Average Content Size
1776010591,0,,Aggregated,0.000000,0.000000,N/A,N/A,N/A,N/A,N/A,N/A,N/A,N/A,N/A,N/A,N/A,0,0,0,0.0,0,0,0
1776010592,10,,Aggregated,0.000000,0.000000,420,420,430,430,440,440,440,440,440,440,440,16,0,420.0,344.68854749994193,205.89327000016056,436.88094999970417,4515.0
1776010593,20,,Aggregated,0.000000,0.000000,230,410,420,420,430,440,440,440,440,440,440,53,0,230.0,295.5065424527915,199.1501600000447,442.83415000018067,4515.0
1776010594,30,,Aggregated,10.000000,0.000000,220,230,410,420,420,430,440,440,440,440,440,104,0,220.0,277.82853999995564,198.3557399998972,444.2399499998828,4515.0
1776010595,40,,Aggregated,20.000000,0.000000,220,230,230,410,420,430,440,440,440,440,440,182,0,220.0,265.10748604393433,198.3557399998972,444.2399499998828,4515.0
1776010602,50,,Aggregated,28.666667,0.000000,220,230,230,240,420,430,440,470,470,470,470,277,0,220.0,258.9956361732653,198.3557399998972,473.5482400001274,4515.0
1776010596,50,,Aggregated,28.666667,0.000000,220,230,230,230,420,420,440,460,470,470,470,366,0,220.0,250.51509098360128,198.3557399998972,473.5482400001274,4515.0
1776010597,50,,Aggregated,37.500000,0.000000,220,230,230,230,410,420,430,440,470,470,470,464,0,220.0,244.9150922198176,198.3557399998972,473.5482400001274,4515.0
1776010598,50,,Aggregated,47.800000,0.000000,220,230,230,230,260,420,430,440,470,470,470,561,0,220.0,241.77601117646353,198.3557399998972,473.5482400001274,4515.0
1776010599,50,,Aggregated,57.333333,0.000000,220,230,230,230,250,420,430,440,470,470,470,659,0,220.0,239.35146924126687,198.3557399998972,473.5482400001274,4515.0
1776010600,50,,Aggregated,63.000000,0.000000,220,230,230,230,240,420,430,440,470,470,470,749,0,220.0,237.65151627502627,198.3557399998972,473.5482400001274,4515.0
1776010601,50,,Aggregated,66.625000,0.000000,220,230,230,230,240,410,430,440,470,470,470,839,0,220.0,236.3788582717452,198.3557399998972,473.5482400001274,4515.0
1776010602,50,,Aggregated,70.444444,0.000000,220,230,230,230,240,410,420,430,470,470,470,941,0,220.0,235.12187090329022,198.3557399998972,473.5482400001274,4515.0
1776010603,50,,Aggregated,72.200000,0.000000,220,230,230,230,240,300,420,430,470,470,470,1031,0,220.0,234.23378277400005,198.3557399998972,473.5482400001274,4515.0
1776010604,50,,Aggregated,82.200000,0.000000,220,230,230,230,240,270,420,430,470,470,470,1130,0,220.0,233.7895587256571,198.3557399998972,473.5482400001274,4515.0
1776010605,50,,Aggregated,91.900000,0.000000,220,230,230,230,240,260,420,430,470,470,470,1230,0,220.0,233.0392435853573,198.3557399998972,473.5482400001274,4515.0
1776010612,50,,Aggregated,66.700000,0.000000,220,230,230,230,240,260,420,430,470,470,470,1317,0,220.0,232.49512133636165,198.3557399998972,473.5482400001274,4515.0
1776010606,50,,Aggregated,97.100000,0.000000,220,230,230,230,240,250,420,430,470,470,470,1415,0,220.0,231.98587674910937,198.3557399998972,473.5482400001274,4515.0
1776010607,50,,Aggregated,100.700000,0.000000,220,230,230,230,240,250,420,430,470,470,470,1512,0,220.0,231.6436381547538,198.3557399998972,473.5482400001274,4515.0
1776010608,50,,Aggregated,100.900000,0.000000,220,230,230,230,240,250,420,430,470,470,470,1608,0,220.0,231.2985224191467,198.3557399998972,473.5482400001274,4515.0
1776010609,50,,Aggregated,101.800000,0.000000,220,230,230,230,240,240,420,430,470,1100,1100,1707,0,220.0,231.5984938254166,198.3557399998972,1076.8333399996664,4515.0
1776010610,50,,Aggregated,104.400000,0.000000,220,230,230,230,240,240,420,420,470,1100,1100,1805,0,220.0,231.40043723544775,198.3557399998972,1076.8333399996664,4515.0
1776010611,50,,Aggregated,104.900000,0.000000,220,230,230,230,240,240,420,420,470,1100,1100,1898,0,220.0,231.27218091674598,198.3557399998972,1076.8333399996664,4515.0
1776010612,50,,Aggregated,104.400000,0.000000,220,230,230,230,240,240,420,420,470,1100,1100,1993,0,220.0,230.9798308128368,198.3557399998972,1076.8333399996664,4515.0
1776010613,50,,Aggregated,105.500000,0.000000,220,230,230,230,240,240,420,420,470,1100,1100,2092,0,220.0,230.78868826481067,198.3557399998972,1076.8333399996664,4515.0
1776010614,50,,Aggregated,106.200000,0.000000,220,230,230,230,240,240,420,420,470,1100,1100,2191,0,220.0,230.806492428108,198.3557399998972,1076.8333399996664,4515.0
1776010615,50,,Aggregated,106.200000,0.000000,220,230,230,230,240,240,410,420,470,1100,1100,2284,0,220.0,230.79029583624452,198.3557399998972,1076.8333399996664,4515.0
1776010622,50,,Aggregated,68.000000,0.000000,220,230,230,230,240,240,410,420,470,1100,1100,2377,0,220.0,230.59835024820433,198.3557399998972,1076.8333399996664,4515.0
1776010616,50,,Aggregated,106.400000,0.000000,220,230,230,230,240,240,410,420,470,1100,1100,2471,0,220.0,230.6474992351195,198.3557399998972,1076.8333399996664,4515.0
1776010618,50,,Aggregated,105.100000,0.000000,220,230,230,230,240,240,410,420,1000,1100,1100,2561,0,220.0,231.2150595353317,198.3557399998972,1086.1920300003476,4515.0
1776010619,50,,Aggregated,105.800000,0.000000,220,230,230,230,240,240,410,420,1000,1100,1100,2660,0,220.0,231.208043992475,198.3557399998972,1086.1920300003476,4515.0
1776010620,50,,Aggregated,104.800000,0.000000,220,230,230,230,240,240,410,420,1000,1100,1100,2753,0,220.0,231.13095713766174,198.3557399998972,1086.1920300003476,4515.0
1776010621,50,,Aggregated,105.000000,0.000000,220,230,230,230,240,240,410,420,1000,1100,1100,2843,0,220.0,231.60666288427134,198.3557399998972,1086.1920300003476,4515.0
1776010621,50,,Aggregated,105.000000,0.000000,220,230,230,230,240,240,410,420,1000,1100,1100,2936,0,220.0,231.66901632833228,198.3557399998972,1086.1920300003476,4515.0
1776010622,50,,Aggregated,104.600000,0.000000,220,230,230,230,240,250,410,420,1000,1100,1100,3032,0,220.0,232.2379826649018,198.3557399998972,1086.1920300003476,4515.0
1776010623,50,,Aggregated,103.700000,0.000000,220,230,230,230,240,250,410,420,1000,1100,1100,3121,0,220.0,232.5785443031023,198.3557399998972,1086.1920300003476,4515.0
1776010624,50,,Aggregated,103.400000,0.000000,230,230,230,230,240,260,410,420,1000,1100,1100,3216,0,230.0,232.7291647014878,198.3557399998972,1086.1920300003476,4515.0
1776010625,50,,Aggregated,102.800000,0.000000,230,230,230,230,240,260,410,420,1000,1100,1100,3308,0,230.0,232.57502120011628,198.3557399998972,1086.1920300003476,4515.0
1776010632,50,,Aggregated,65.300000,0.000000,230,230,230,230,240,260,410,420,1000,1100,1100,3403,0,230.0,232.60973621803788,198.3557399998972,1086.1920300003476,4515.0
1776010627,50,,Aggregated,102.400000,0.000000,230,230,230,230,240,260,410,420,1000,1100,1100,3494,0,230.0,232.4578070807049,198.3557399998972,1086.1920300003476,4515.0
1776010628,50,,Aggregated,101.800000,0.000000,230,230,230,230,240,260,410,420,1000,1100,1100,3583,0,230.0,232.39809008372328,198.3557399998972,1086.1920300003476,4515.0
1776010629,50,,Aggregated,101.500000,0.000000,230,230,230,230,240,260,410,420,1000,1100,1100,3684,0,230.0,232.3633359690504,198.3557399998972,1086.1920300003476,4515.0
1776010630,50,,Aggregated,101.200000,0.000000,230,230,230,230,240,250,410,420,1000,1100,1100,3779,0,230.0,232.26115555966658,198.3557399998972,1086.1920300003476,4515.0
1776010631,50,,Aggregated,101.000000,0.000000,230,230,230,230,240,250,410,420,1000,1100,1100,3873,0,230.0,232.11250117479543,198.3557399998972,1086.1920300003476,4515.0
1776010631,50,,Aggregated,101.000000,0.000000,230,230,230,230,240,250,410,420,1000,1100,1100,3974,0,230.0,232.10391072973863,198.3557399998972,1086.1920300003476,4515.0
1776010632,50,,Aggregated,101.100000,0.000000,230,230,230,230,240,250,410,420,1000,1100,1100,4064,0,230.0,232.0327502928104,198.3557399998972,1086.1920300003476,4515.0
1776010633,50,,Aggregated,101.600000,0.000000,230,230,230,230,240,250,400,420,1000,1100,1100,4160,0,230.0,231.95743161778486,198.3557399998972,1086.1920300003476,4515.0
1776010634,50,,Aggregated,102.100000,0.000000,230,230,230,230,240,250,400,420,1000,1100,1100,4249,0,230.0,231.8319251070802,198.3557399998972,1086.1920300003476,4515.0
1776010635,50,,Aggregated,102.500000,0.000000,230,230,230,230,240,250,360,420,1000,1100,1100,4346,0,230.0,231.69455635066393,198.3557399998972,1086.1920300003476,4515.0
1776010642,50,,Aggregated,68.600000,0.000000,230,230,230,230,240,250,330,420,1000,1100,1100,4447,0,230.0,231.57989400269489,198.3557399998972,1086.1920300003476,4515.0
1776010637,50,,Aggregated,102.500000,0.000000,230,230,230,230,240,250,330,420,1000,1100,1100,4538,0,230.0,231.51001107315696,198.3557399998972,1086.1920300003476,4515.0
1776010638,50,,Aggregated,102.700000,0.000000,230,230,230,230,240,250,320,420,1000,1100,1100,4634,0,230.0,231.40617419291934,198.3557399998972,1086.1920300003476,4515.0
1776010639,50,,Aggregated,103.500000,0.000000,230,230,230,230,240,250,320,420,1000,1100,1100,4735,0,230.0,231.40289015839278,198.3557399998972,1086.1920300003476,4515.0
1776010640,50,,Aggregated,105.200000,0.000000,230,230,230,230,240,250,310,420,1000,1100,1100,4825,0,230.0,231.291657579273,198.3557399998972,1086.1920300003476,4515.0
1776010641,50,,Aggregated,105.100000,0.000000,230,230,230,230,240,250,310,420,1000,1100,1100,4924,0,230.0,231.29269778025832,198.3557399998972,1086.1920300003476,4515.0
1776010641,50,,Aggregated,105.100000,0.000000,230,230,230,230,240,250,310,420,680,1100,1100,5020,0,230.0,231.2126698366515,198.3557399998972,1086.1920300003476,4515.0
1776010642,50,,Aggregated,105.200000,0.000000,230,230,230,230,240,250,310,420,680,1100,1100,5114,0,230.0,231.2288745306985,198.3557399998972,1086.1920300003476,4515.0
1776010643,50,,Aggregated,105.700000,0.000000,230,230,230,230,240,250,310,420,680,1100,1100,5213,0,230.0,231.13411215614624,198.3557399998972,1086.1920300003476,4515.0
1776010644,50,,Aggregated,104.600000,0.000000,230,230,230,230,240,250,300,420,680,1100,1100,5307,0,230.0,231.03124856039054,198.3557399998972,1086.1920300003476,4515.0
1776010645,50,,Aggregated,104.800000,0.000000,230,230,230,230,240,250,300,420,680,1100,1100,5404,0,230.0,230.98249935418065,198.3557399998972,1086.1920300003476,4515.0
1776010646,50,,Aggregated,68.300000,0.000000,230,230,230,230,240,250,300,420,680,1100,1100,5493,0,230.0,230.95363675222848,198.3557399998972,1086.1920300003476,4515.0
1776010647,80,,Aggregated,105.700000,0.000000,230,230,230,230,240,250,410,430,680,1100,1100,5634,0,230.0,232.10565781504914,198.3557399998972,1086.1920300003476,4515.0
1776010648,140,,Aggregated,105.600000,0.000000,230,230,230,230,240,280,430,480,760,1100,1100,5847,0,230.0,236.68417986488575,198.3557399998972,1086.1920300003476,4515.0
1776010649,170,,Aggregated,109.500000,0.000000,230,230,230,230,250,360,450,520,930,1100,1100,6107,0,230.0,241.09546994596195,198.3557399998972,1086.1920300003476,4515.0
1776010650,230,,Aggregated,118.100000,0.000000,230,230,230,240,290,420,520,690,930,1100,1100,6422,0,230.0,249.3594879430066,198.3557399998972,1086.1920300003476,4515.0
1776010651,260,,Aggregated,134.900000,0.000000,230,230,240,240,360,460,590,700,930,1100,1100,6713,0,230.0,258.4753685043926,198.3557399998972,1086.1920300003476,4515.0
1776010651,290,,Aggregated,134.900000,0.000000,230,230,240,260,430,540,700,790,1400,1500,1500,7030,0,230.0,274.07983070696736,198.3557399998972,1547.8752300000451,4515.0
1776010652,320,,Aggregated,155.400000,0.000000,230,230,250,320,480,570,720,830,1400,1600,1600,7427,0,230.0,288.7136626174744,198.3557399998972,1581.690659999822,4515.0
1776010653,350,,Aggregated,176.100000,0.000000,230,240,290,390,520,630,750,1000,1400,1600,1600,7789,0,230.0,302.0262436281907,198.3557399998972,1581.690659999822,4515.0
1776010654,380,,Aggregated,204.500000,0.000000,230,240,340,430,560,680,850,1100,1800,1900,1900,8148,0,230.0,318.0303486229716,198.3557399998972,1939.4334300000082,4515.0
1776010655,417,,Aggregated,233.300000,0.000000,230,250,410,470,630,740,1100,1200,1800,1900,1900,8476,0,230.0,338.3658311550228,198.3557399998972,1939.4334300000082,4515.0
1776010656,428,,Aggregated,260.600000,0.000000,230,280,440,510,680,830,1100,1300,2700,2800,2800,8887,0,230.0,361.7838423888798,198.3557399998972,2813.748630000191,4515.0
1776010657,439,,Aggregated,282.500000,0.000000,230,330,470,530,710,910,1200,1300,2700,2800,2800,9249,0,230.0,379.8925101729888,198.3557399998972,2813.748630000191,4515.0
1776010658,450,,Aggregated,310.300000,0.000000,230,380,500,570,760,1000,1300,1400,2700,2800,2800,9656,0,230.0,397.47926225144715,198.3557399998972,2813.748630000191,4515.0
1776010659,460,,Aggregated,338.500000,0.000000,240,420,530,610,810,1100,1300,1400,2800,3000,3000,10019,0,240.0,416.47472050104534,198.3557399998972,2995.167009999932,4515.0
1776010660,470,,Aggregated,367.100000,0.000000,240,440,560,640,890,1100,1300,1400,2800,3000,3000,10356,0,240.0,433.7873678360341,198.3557399998972,2995.167009999932,4515.0
1776010661,480,,Aggregated,377.700000,0.000000,240,470,590,680,950,1200,1400,1600,2800,3000,3100,10679,0,240.0,454.32836409588646,198.3557399998972,3145.854469999904,4515.0
1776010661,488,,Aggregated,377.700000,0.000000,250,500,620,700,1000,1300,1500,1700,2800,3000,3100,10949,0,250.0,471.1908716732096,198.3557399998972,3145.854469999904,4515.0
1776010662,497,,Aggregated,383.300000,0.000000,250,510,650,720,1100,1300,1600,1900,3000,3800,3800,11165,2,250.0,491.45065841379017,198.3557399998972,3848.349230000167,4514.191222570533
1776010663,505,,Aggregated,383.400000,0.000000,260,530,670,740,1100,1400,1800,2300,3000,3800,3800,11398,12,260.0,513.9411325557093,198.3557399998972,3848.349230000167,4510.246534479733
1776010664,512,,Aggregated,376.600000,0.100000,270,540,690,770,1200,1400,2200,2600,3200,4100,4100,11593,25,270.0,534.8946668765609,198.3557399998972,4124.913210000159,4505.263521090313
1776010665,518,,Aggregated,371.300000,0.800000,290,560,710,810,1200,1600,2500,2900,3800,6000,6000,11867,44,290.0,563.0926140271321,198.3557399998972,6004.096890000255,4498.259459003961
1776010666,524,,Aggregated,356.800000,1.800000,310,580,720,850,1300,1800,2700,3100,4100,6000,6000,12153,64,310.0,595.89822694314,198.3557399998972,6031.778940000095,4491.223154776599
1776010667,530,,Aggregated,346.800000,3.400000,330,610,750,900,1300,2100,2800,3100,4700,6000,6000,12449,82,330.0,621.3625533785831,197.55592999990768,6031.778940000095,4485.260261868423
1776010668,535,,Aggregated,336.200000,5.100000,370,630,770,920,1400,2200,2800,3100,5300,6200,6300,12784,99,370.0,642.4397200414567,197.55592999990768,6290.600690000247,4480.035591364205
1776010669,539,,Aggregated,330.100000,7.200000,390,650,790,940,1500,2300,2800,3100,5300,6200,6300,13096,116,390.0,659.1710256536327,197.55592999990768,6290.600690000247,4475.0076359193645
1776010670,542,,Aggregated,318.500000,9.100000,410,660,810,960,1700,2300,2800,3100,5300,6200,6300,13446,135,410.0,676.8736641343135,197.55592999990768,6290.600690000247,4469.668674698795
1776010671,545,,Aggregated,313.800000,10.600000,430,680,830,980,1700,2300,2800,3100,5300,6200,6300,13783,153,430.0,692.82710822027,197.55592999990768,6290.600690000247,4464.880650076181
1776010671,547,,Aggregated,313.800000,10.600000,450,690,850,1000,1800,2300,2800,3100,5300,6200,6300,14094,161,440.0,708.1755651128133,197.55592999990768,6290.600690000247,4463.423797360579
1776010672,549,,Aggregated,312.900000,12.500000,460,700,870,1100,1800,2300,2800,3100,5300,6200,6300,14413,167,460.0,723.7408141004645,197.55592999990768,6290.600690000247,4462.685769791161
1776010673,549,,Aggregated,313.500000,14.300000,490,710,900,1100,1900,2300,2700,3100,5300,6200,6300,14743,168,490.0,740.1210421243981,197.55592999990768,6290.600690000247,4463.550498541681
1776010674,549,,Aggregated,320.900000,15.300000,500,720,930,1200,1900,2300,2700,3100,5300,6200,6300,15100,168,500.0,757.922945992716,197.55592999990768,6290.600690000247,4464.766887417219
1776010675,549,,Aggregated,320.300000,15.700000,520,740,960,1200,1900,2300,2700,3100,5300,6200,6300,15506,168,520.0,770.2254573790804,197.55592999990768,6290.600690000247,4466.082161743841
1776010676,547,,Aggregated,333.000000,14.700000,540,760,970,1200,1900,2300,2700,3100,5300,6200,6300,15878,168,540.0,777.3972290112124,197.55592999990768,6290.600690000247,4467.228240332535
1776010677,545,,Aggregated,347.700000,13.100000,560,780,990,1300,1900,2300,2700,3100,5300,6200,6300,16312,168,560.0,785.725623993381,197.55592999990768,6290.600690000247,4468.499264345267
1776010678,543,,Aggregated,360.100000,11.400000,580,800,1000,1300,1900,2300,2700,3000,5300,6200,6300,16709,168,580.0,791.4882666622783,197.55592999990768,6290.600690000247,4469.604105571848
1776010679,539,,Aggregated,374.100000,9.300000,600,820,1000,1300,1800,2300,2700,3000,5100,6200,6300,17111,168,600.0,797.3482524189131,197.55592999990768,6290.600690000247,4470.6706212378
1776010680,535,,Aggregated,386.100000,7.700000,620,830,1100,1300,1800,2300,2700,3000,5100,6200,6300,17513,168,620.0,803.1617962947518,197.55592999990768,6290.600690000247,4471.688174498943
1776010681,531,,Aggregated,394.300000,6.200000,640,850,1100,1300,1800,2300,2700,3000,5100,6200,6300,17880,168,640.0,809.404591742728,197.55592999990768,6290.600690000247,4472.577181208054
1776010681,525,,Aggregated,394.300000,6.200000,650,880,1100,1300,1800,2300,2700,3000,5100,6200,6300,18225,168,650.0,816.185338874074,197.55592999990768,6290.600690000247,4473.38024691358
1776010682,519,,Aggregated,399.700000,4.300000,660,910,1100,1300,1800,2300,2600,3000,5100,6200,6300,18474,168,660.0,823.6415029533393,197.55592999990768,6290.600690000247,4473.9412146800905
1776010683,513,,Aggregated,405.700000,2.500000,670,930,1200,1300,1800,2200,2600,3000,5100,6200,6300,18740,168,670.0,834.7023082582703,197.55592999990768,6290.600690000247,4474.52401280683
1776010684,506,,Aggregated,403.000000,1.400000,680,950,1200,1400,1800,2200,2600,3000,5100,6200,6300,18997,168,680.0,845.1718534221179,197.55592999990768,6290.600690000247,4475.071590251092
1776010685,498,,Aggregated,403.600000,0.300000,690,970,1200,1400,1800,2300,2600,3000,5100,6200,6300,19260,168,690.0,854.9888669335395,197.55592999990768,6290.600690000247,4475.616822429906
1776010686,490,,Aggregated,394.000000,0.300000,700,990,1200,1400,1900,2300,2600,3000,5100,6200,6300,19605,168,700.0,864.8069745467997,197.55592999990768,6290.600690000247,4476.30986993114
1776010687,481,,Aggregated,384.600000,0.300000,710,990,1200,1400,1900,2300,2600,3000,5100,6200,6300,19907,168,710.0,871.4660835238861,197.55592999990768,6290.600690000247,4476.896820213995
1776010688,472,,Aggregated,373.500000,0.300000,710,1000,1300,1400,1900,2300,2600,3000,5000,6200,6300,20256,168,710.0,877.4999724748235,197.55592999990768,6290.600690000247,4477.553317535545
1776010689,462,,Aggregated,360.000000,0.300000,720,1000,1300,1400,1800,2300,2600,3000,5000,6200,6300,20570,168,720.0,881.6787163743322,197.55592999990768,6290.600690000247,4478.124939231891
1776010690,452,,Aggregated,352.300000,0.000000,730,1000,1300,1400,1800,2300,2600,3000,5000,6200,6300,20940,168,730.0,884.8060081981845,197.55592999990768,6290.600690000247,4478.7765042979945
1776010691,441,,Aggregated,345.600000,0.000000,730,1000,1300,1400,1800,2200,2600,3000,4900,6200,6300,21305,168,730.0,885.9295718709204,197.55592999990768,6290.600690000247,4479.397089885004
1776010691,430,,Aggregated,345.600000,0.000000,740,1000,1300,1400,1800,2200,2600,3000,4900,6200,6300,21640,168,740.0,886.2543120277231,197.55592999990768,6290.600690000247,4479.948243992606
1776010692,419,,Aggregated,340.200000,0.000000,740,1000,1300,1400,1800,2200,2600,3000,4900,6200,6300,21979,168,740.0,888.4940981727984,197.55592999990768,6290.600690000247,4480.488875745029
1776010693,407,,Aggregated,339.200000,0.000000,750,1000,1300,1400,1800,2200,2600,3000,4700,6200,6300,22340,168,750.0,888.3931549109193,197.55592999990768,6290.600690000247,4481.046553267682
1776010694,395,,Aggregated,339.500000,0.000000,750,1000,1200,1400,1800,2200,2600,2900,4700,6200,6300,22654,168,750.0,888.2235680983478,197.55592999990768,6290.600690000247,4481.517171360466
1776010695,383,,Aggregated,349.200000,0.000000,750,1000,1200,1400,1800,2200,2600,2900,4700,6200,6300,22967,168,750.0,889.0484563538981,197.55592999990768,6290.600690000247,4481.973483693996
1776010696,370,,Aggregated,359.000000,0.000000,750,1000,1200,1400,1800,2200,2600,2900,4700,6200,6300,23317,168,750.0,887.9531906141438,197.55592999990768,6290.600690000247,4482.469228459922
1776010697,357,,Aggregated,363.500000,0.000000,750,1000,1200,1400,1800,2200,2600,2900,4700,6200,6300,23680,168,750.0,885.9136432706918,197.55592999990768,6290.600690000247,4482.967905405405
1776010698,344,,Aggregated,367.400000,0.000000,750,1000,1200,1400,1800,2200,2600,2900,4700,6200,6300,24037,168,750.0,883.0141562615952,197.55592999990768,6290.600690000247,4483.443649373882
1776010699,331,,Aggregated,371.100000,0.000000,750,990,1200,1300,1800,2200,2600,2900,4700,6200,6300,24410,168,750.0,879.3576195755804,197.55592999990768,6290.600690000247,4483.925850061451
1776010700,318,,Aggregated,375.500000,0.000000,740,980,1200,1300,1800,2200,2600,2900,4700,6200,6300,24796,168,740.0,873.4236896063859,197.55592999990768,6290.600690000247,4484.409582190676
1776010701,305,,Aggregated,378.900000,0.000000,740,970,1200,1300,1700,2200,2600,2900,4700,6200,6300,25178,168,740.0,868.2731290916657,197.55592999990768,6290.600690000247,4484.873699261259
1776010701,292,,Aggregated,378.900000,0.000000,740,970,1200,1300,1700,2200,2500,2900,4700,6200,6300,25521,168,740.0,863.9577824325049,197.55592999990768,6290.600690000247,4485.278594098977
1776010702,279,,Aggregated,383.100000,0.000000,740,960,1200,1300,1700,2200,2500,2900,4700,6200,6300,25848,168,740.0,859.7157304982962,197.55592999990768,6290.600690000247,4485.6545961002785
1776010703,266,,Aggregated,384.400000,0.000000,730,950,1200,1300,1700,2100,2500,2900,4700,6200,6300,26202,168,730.0,854.8742953988235,197.55592999990768,6290.600690000247,4486.051064804214
1776010704,253,,Aggregated,388.600000,0.000000,730,950,1200,1300,1700,2100,2500,2900,4700,6200,6300,26524,168,730.0,850.1001587524488,197.55592999990768,6290.600690000247,4486.402503393153
1776010705,240,,Aggregated,387.000000,0.000000,730,940,1100,1300,1700,2100,2500,2900,4700,6200,6300,26843,168,730.0,845.3082242595822,197.55592999990768,6290.600690000247,4486.74235368625
1776010706,227,,Aggregated,386.800000,0.000000,720,940,1100,1300,1700,2100,2500,2900,4600,6200,6300,27132,168,720.0,841.7899990302959,197.55592999990768,6290.600690000247,4487.043343653251
1776010707,215,,Aggregated,388.100000,0.000000,720,930,1100,1300,1700,2100,2500,2800,4600,6200,6300,27452,168,720.0,836.5556094790909,197.55592999990768,6290.600690000247,4487.36922628588
1776010708,203,,Aggregated,387.300000,0.000000,710,920,1100,1300,1700,2100,2500,2800,4600,6200,6300,27756,168,710.0,831.4195841594604,197.55592999990768,6290.600690000247,4487.671854734112
1776010709,191,,Aggregated,381.300000,0.000000,710,910,1100,1300,1700,2100,2500,2800,4600,6200,6300,28061,168,710.0,826.4455333790667,197.55592999990768,6290.600690000247,4487.968889205659
1776010710,179,,Aggregated,376.200000,0.000000,700,910,1100,1300,1700,2100,2500,2800,4600,6200,6300,28349,168,700.0,821.1182163402583,197.55592999990768,6290.600690000247,4488.24350065258
1776010717,168,,Aggregated,216.900000,0.000000,700,900,1100,1300,1700,2100,2500,2800,4600,6200,6300,28617,168,700.0,816.59080942377,197.55592999990768,6290.600690000247,4488.494076947269
1776010711,157,,Aggregated,368.100000,0.000000,690,890,1100,1200,1700,2100,2500,2800,4600,6200,6300,28907,168,690.0,811.1418699238935,197.55592999990768,6290.600690000247,4488.759988930017
1776010712,146,,Aggregated,359.800000,0.000000,690,890,1100,1200,1700,2100,2500,2800,4500,6200,6300,29162,168,690.0,806.3798572879097,197.55592999990768,6290.600690000247,4488.98943831013
1776010713,136,,Aggregated,349.900000,0.000000,680,880,1100,1200,1700,2000,2500,2800,4500,6200,6300,29411,168,680.0,801.681449261501,197.55592999990768,6290.600690000247,4489.209649450886
1776010714,126,,Aggregated,341.900000,0.000000,670,880,1100,1200,1700,2000,2400,2800,4500,6200,6300,29643,168,670.0,797.369522340181,197.55592999990768,6290.600690000247,4489.411496812064
1776010715,117,,Aggregated,331.700000,0.000000,670,870,1100,1200,1700,2000,2400,2800,4500,6200,6300,29843,168,670.0,793.9687585514188,197.55592999990768,6290.600690000247,4489.582984284421
1776010716,108,,Aggregated,322.100000,0.000000,660,870,1100,1200,1700,2000,2400,2800,4500,6000,6300,30041,168,660.0,790.5433336836319,197.55592999990768,6290.600690000247,4489.750507639559
1776010717,100,,Aggregated,312.700000,0.000000,660,860,1100,1200,1600,2000,2400,2700,4500,6000,6300,30223,168,660.0,787.2537920606817,197.55592999990768,6290.600690000247,4489.9025576547665
1776010718,93,,Aggregated,301.000000,0.000000,650,860,1000,1200,1600,2000,2400,2700,4500,6000,6300,30392,168,650.0,784.175511959067,197.55592999990768,6290.600690000247,4490.042116346407
1776010719,85,,Aggregated,288.400000,0.000000,650,850,1000,1200,1600,2000,2400,2700,4500,6000,6300,30556,168,650.0,781.2051536899444,197.55592999990768,6290.600690000247,4490.176070166252
1776010720,79,,Aggregated,272.100000,0.000000,650,850,1000,1200,1600,2000,2400,2700,4500,6000,6300,30699,175,650.0,778.6773205892689,40.34877000003689,6290.600690000247,4489.262190950845
1776010727,73,,Aggregated,125.600000,0.700000,640,850,1000,1200,1600,2000,2400,2700,4500,6000,6300,30832,175,640.0,776.4685057531125,40.34877000003689,6290.600690000247,4489.373216139076
1776010721,68,,Aggregated,260.300000,0.000000,640,850,1000,1200,1600,2000,2400,2700,4500,6000,6300,30967,175,640.0,774.1005320954555,40.34877000003689,6290.600690000247,4489.484935576582
1776010722,63,,Aggregated,245.200000,0.700000,640,850,1000,1200,1600,2000,2400,2700,4400,6000,6300,31083,175,640.0,772.0810132976225,40.34877000003689,6290.600690000247,4489.580156355564
1776010723,59,,Aggregated,230.600000,0.700000,630,840,1000,1200,1600,2000,2400,2700,4400,6000,6300,31198,175,630.0,770.1114777437655,40.34877000003689,6290.600690000247,4489.673857298545
1776010725,56,,Aggregated,212.900000,0.700000,630,840,1000,1200,1600,2000,2400,2700,4400,6000,6300,31303,175,630.0,768.2981461026096,40.34877000003689,6290.600690000247,4489.758809059835
1776010726,53,,Aggregated,181.700000,0.700000,630,840,1000,1200,1600,2000,2400,2700,4400,6000,6300,31406,175,630.0,766.5193980904913,40.34877000003689,6290.600690000247,4489.841590778832
1776010726,51,,Aggregated,181.700000,0.700000,620,840,1000,1200,1600,2000,2400,2700,4400,6000,6300,31502,175,620.0,764.8699850628525,40.34877000003689,6290.600690000247,4489.918259158148
1776010727,50,,Aggregated,169.000000,0.700000,620,830,1000,1200,1600,2000,2400,2700,4400,6000,6300,31593,175,620.0,763.3206860969196,40.34877000003689,6290.600690000247,4489.99050422562
1776010728,50,,Aggregated,160.000000,0.700000,620,830,1000,1200,1600,2000,2400,2700,4400,6000,6300,31691,175,620.0,761.6666679625123,40.34877000003689,6290.600690000247,4490.067842605156
1776010729,50,,Aggregated,147.400000,0.700000,620,830,1000,1200,1600,2000,2400,2700,4400,6000,6300,31787,175,620.0,760.0553696014085,40.34877000003689,6290.600690000247,4490.1431402774715
1776010730,50,,Aggregated,135.700000,0.700000,610,830,1000,1200,1600,2000,2400,2700,4400,6000,6300,31885,175,610.0,758.4298924277863,40.34877000003689,6290.600690000247,4490.2195389681665
1776010737,52,,Aggregated,71.300000,0.000000,610,830,1000,1200,1600,2000,2400,2700,4400,6000,6300,31983,175,610.0,756.8151238942554,40.34877000003689,6290.600690000247,4490.295469468155
1776010732,54,,Aggregated,122.200000,0.000000,610,830,1000,1200,1600,2000,2400,2700,4400,6000,6300,32076,175,610.0,755.2850706069951,40.34877000003689,6290.600690000247,4490.3670968948745
1776010733,57,,Aggregated,117.900000,0.000000,610,820,1000,1200,1600,2000,2400,2700,4400,6000,6300,32191,175,610.0,753.4126854335053,40.34877000003689,6290.600690000247,4490.455096144885
1776010734,61,,Aggregated,117.900000,0.000000,600,820,1000,1200,1600,2000,2400,2700,4400,6000,6300,32300,175,600.0,751.670740887306,40.34877000003689,6290.600690000247,4490.537925696594
1776010735,65,,Aggregated,111.000000,0.000000,600,820,1000,1200,1600,2000,2400,2700,4400,6000,6300,32423,180,600.0,749.6859173053072,18.09477999995579,6290.600690000247,4489.934460105481
1776010736,70,,Aggregated,111.300000,0.000000,590,820,1000,1200,1600,2000,2400,2700,4400,6000,6300,32548,180,590.0,747.8106287476949,18.09477999995579,6290.600690000247,4490.030723854
1776010736,75,,Aggregated,111.300000,0.000000,590,820,1000,1200,1600,2000,2400,2700,4400,6000,6300,32694,180,590.0,745.5270331831521,18.09477999995579,6290.600690000247,4490.14222793173
1776010737,81,,Aggregated,112.900000,0.500000,580,810,1000,1200,1600,2000,2400,2700,4400,6000,6300,32838,180,580.0,743.3010452171255,18.09477999995579,6290.600690000247,4490.2512333272425
1776010738,88,,Aggregated,115.000000,0.500000,580,810,1000,1200,1600,2000,2400,2700,4400,6000,6300,33000,180,580.0,740.834226146666,18.09477999995579,6290.600690000247,4490.372727272727
1776010739,95,,Aggregated,120.800000,0.500000,570,810,1000,1200,1600,2000,2400,2700,4300,6000,6300,33169,180,570.0,738.3570093207509,18.09477999995579,6290.600690000247,4490.4982061563505
1776010740,103,,Aggregated,124.700000,0.500000,560,810,990,1200,1600,2000,2400,2700,4300,6000,6300,33356,180,560.0,735.6109789968818,18.09477999995579,6290.600690000247,4490.635567813886
1776010747,111,,Aggregated,113.500000,0.000000,560,800,990,1100,1600,2000,2400,2700,4300,6000,6300,33551,180,560.0,732.9446667431658,18.09477999995579,6290.600690000247,4490.777175046944
1776010742,120,,Aggregated,139.700000,0.500000,550,800,990,1100,1600,2000,2400,2700,4300,6000,6300,33725,180,550.0,730.9225672492206,18.09477999995579,6290.600690000247,4490.902149740548
1776010743,130,,Aggregated,149.800000,0.500000,550,800,980,1100,1600,2000,2400,2700,4300,6000,6300,33913,180,550.0,728.838254145312,18.09477999995579,6290.600690000247,4491.035738507357
1776010744,140,,Aggregated,159.200000,0.500000,550,800,980,1100,1600,2000,2400,2700,4200,6000,6300,34089,180,550.0,727.3980260309766,18.09477999995579,6290.600690000247,4491.159464930036
1776010745,150,,Aggregated,167.200000,0.500000,540,790,980,1100,1600,2000,2400,2700,4200,6000,6300,34301,180,540.0,725.4778958954531,18.09477999995579,6290.600690000247,4491.306813212443
1776010746,161,,Aggregated,174.000000,0.500000,540,790,970,1100,1600,2000,2400,2700,4200,6000,6300,34519,180,540.0,723.6092059002265,18.09477999995579,6290.600690000247,4491.456444277065
1776010746,172,,Aggregated,174.000000,0.500000,540,790,970,1100,1600,2000,2400,2700,4200,6000,6300,34766,180,540.0,721.4730521817273,18.09477999995579,6290.600690000247,4491.623712822873
1776010747,183,,Aggregated,183.100000,0.000000,530,790,970,1100,1600,1900,2400,2700,4200,6000,6300,35023,180,530.0,719.1590473791489,18.09477999995579,6290.600690000247,4491.795248836479
1776010748,195,,Aggregated,192.000000,0.000000,530,780,960,1100,1600,1900,2400,2700,4200,6000,6300,35304,180,530.0,716.7104070060028,18.09477999995579,6290.600690000247,4491.979945615228
1776010749,207,,Aggregated,203.300000,0.000000,520,780,960,1100,1600,1900,2400,2700,4200,6000,6300,35587,180,520.0,714.0216128929077,18.09477999995579,6290.600690000247,4492.1630089639475
1776010750,220,,Aggregated,215.100000,0.000000,520,780,950,1100,1600,1900,2400,2700,4200,6000,6300,35893,180,520.0,711.4758196291731,18.09477999995579,6290.600690000247,4492.357702058897
1776010757,232,,Aggregated,195.900000,0.000000,510,770,950,1100,1600,1900,2400,2700,4200,6000,6300,36210,180,510.0,708.802467595966,18.09477999995579,6290.600690000247,4492.555923777962
1776010752,245,,Aggregated,240.700000,0.000000,510,770,950,1100,1500,1900,2400,2700,4200,6000,6300,36514,180,510.0,706.4899972470811,18.09477999995579,6290.600690000247,4492.742783589856
1776010753,258,,Aggregated,251.900000,0.000000,510,770,950,1100,1500,1900,2400,2600,4200,6000,6300,36824,180,510.0,704.8309812948056,18.09477999995579,6290.600690000247,4492.93015424723
1776010754,271,,Aggregated,268.300000,0.000000,500,770,950,1100,1500,1900,2400,2600,4200,6000,6300,37098,180,500.0,703.8359538848433,18.09477999995579,6290.600690000247,4493.093158660844
1776010755,284,,Aggregated,284.800000,0.000000,500,770,950,1100,1500,1900,2400,2600,4200,6000,6300,37414,195,500.0,702.462368880899,18.09477999995579,6290.600690000247,4491.4680333564975
1776010756,297,,Aggregated,297.100000,0.000000,500,770,950,1100,1500,1900,2400,2600,4200,6000,6300,37714,216,500.0,702.6277655488666,18.09477999995579,6290.600690000247,4489.141167736119
1776010756,310,,Aggregated,297.100000,0.000000,500,760,950,1100,1500,1900,2400,2600,4200,6000,6300,38015,251,500.0,701.9467407494406,18.09477999995579,6290.600690000247,4485.189004340392
1776010757,323,,Aggregated,306.100000,1.400000,500,760,940,1100,1500,1900,2400,2600,4200,6000,6300,38291,290,500.0,702.4766527233552,18.09477999995579,6290.600690000247,4480.805280614243
1776010758,336,,Aggregated,314.900000,3.600000,500,760,940,1100,1500,1900,2400,2600,4200,6000,6300,38575,338,500.0,703.0771800782887,18.09477999995579,6290.600690000247,4475.438885288399
1776010759,349,,Aggregated,323.700000,8.300000,490,760,940,1100,1500,1900,2400,2600,4200,6000,6300,38997,393,490.0,701.9702969046332,18.09477999995579,6290.600690000247,4469.499192245557
1776010760,362,,Aggregated,329.100000,12.900000,490,760,940,1100,1600,1900,2400,2600,4200,6000,6300,39406,453,490.0,701.4634583022884,18.09477999995579,6290.600690000247,4463.096863421814
1776010767,375,,Aggregated,246.000000,31.200000,490,760,930,1100,1600,1900,2400,2600,4400,6000,6300,39793,513,490.0,701.0130374460322,18.09477999995579,6290.600690000247,4456.793908476365
1776010762,387,,Aggregated,347.400000,23.200000,490,760,930,1100,1600,2000,2400,2600,4300,6000,6300,40099,585,490.0,700.9187260530165,18.09477999995579,6290.600690000247,4449.1311504027535
1776010763,399,,Aggregated,353.800000,29.400000,490,750,930,1100,1600,2000,2400,2600,4400,6000,6300,40484,661,490.0,701.165331972381,18.09477999995579,6290.600690000247,4441.281617429107
1776010764,411,,Aggregated,358.900000,37.000000,490,750,920,1100,1600,2000,2400,2700,4500,6000,6300,40867,736,490.0,701.0841216849748,18.09477999995579,6290.600690000247,4433.686470746568
1776010765,423,,Aggregated,362.300000,45.200000,490,750,920,1100,1600,2000,2400,2700,4400,6000,6300,41156,798,490.0,702.3925404393017,18.09477999995579,6290.600690000247,4427.455778015356
1776010766,434,,Aggregated,372.300000,53.000000,490,750,920,1100,1600,2000,2400,2900,4400,6000,6300,41499,827,490.0,704.802061589915,18.09477999995579,6290.600690000247,4425.024217451023
1776010766,445,,Aggregated,372.300000,53.000000,500,750,920,1100,1600,2000,2500,2900,4700,6300,7000,41919,842,500.0,707.685588674107,18.09477999995579,6991.769730000669,4424.310098046232
1776010767,455,,Aggregated,371.800000,58.200000,500,750,910,1100,1600,2000,2500,2900,4600,6300,7000,42379,848,500.0,707.7149662488471,18.09477999995579,6991.769730000669,4424.655253781354
1776010768,466,,Aggregated,377.000000,59.100000,500,750,910,1100,1600,2000,2500,2900,4900,6600,7900,42811,850,500.0,708.1489097902393,18.09477999995579,7880.178569999771,4425.355983275326
1776010769,475,,Aggregated,383.800000,56.400000,500,750,910,1000,1600,2000,2500,2900,4800,6600,7900,43314,851,500.0,708.6938546663878,18.09477999995579,7880.178569999771,4426.29276908159
1776010770,484,,Aggregated,403.800000,53.300000,500,750,900,1000,1600,2000,2500,2900,5100,6600,7900,43820,852,500.0,708.041343215197,18.09477999995579,7880.178569999771,4427.2140575079875
1776010777,493,,Aggregated,320.500000,7.600000,500,740,900,1000,1600,2000,2500,2900,5100,6600,7900,44269,852,500.0,708.5196490989161,18.09477999995579,7880.178569999771,4428.104429736384
1776010772,501,,Aggregated,420.300000,43.600000,500,740,900,1000,1600,2100,2500,2900,5100,6600,7900,44833,852,500.0,709.0002169910541,18.09477999995579,7880.178569999771,4429.197577677158
1776010773,509,,Aggregated,433.700000,37.400000,500,740,890,1000,1600,2100,2500,2900,5100,6600,7900,45355,852,500.0,708.2985149968006,18.09477999995579,7880.178569999771,4430.1850953588355
1776010774,515,,Aggregated,453.500000,29.800000,500,740,890,1000,1600,2000,2500,2900,5100,6600,7900,45900,852,500.0,707.7431501555532,18.09477999995579,7880.178569999771,4431.192156862745
1776010775,522,,Aggregated,475.400000,22.000000,500,740,890,1000,1600,2000,2500,2900,5100,6600,7900,46478,852,500.0,705.9181453300455,18.09477999995579,7880.178569999771,4432.234390464306
1776010776,527,,Aggregated,491.300000,14.200000,500,740,880,1000,1600,2000,2500,2900,5000,6600,7900,47056,852,500.0,704.7285837890985,18.09477999995579,7880.178569999771,4433.251020061203
1776010776,533,,Aggregated,491.300000,14.200000,500,730,880,1000,1600,2100,2500,2900,5000,6600,7900,47602,852,500.0,703.7359839952076,18.09477999995579,7880.178569999771,4434.18868955086
1776010777,537,,Aggregated,519.300000,7.600000,500,730,870,1000,1600,2100,2400,2800,5000,6600,7900,48232,852,500.0,702.4386671589385,18.09477999995579,7880.178569999771,4435.24423619174
1776010778,541,,Aggregated,539.300000,4.500000,490,730,870,1000,1600,2100,2400,2800,5000,6600,7900,48837,852,490.0,701.0506384343835,18.09477999995579,7880.178569999771,4436.232262423981
1776010779,544,,Aggregated,566.500000,2.500000,490,720,860,1000,1600,2100,2400,2800,5000,6600,7900,49496,852,490.0,698.7613456877311,18.09477999995579,7880.178569999771,4437.280992403426
1776010780,546,,Aggregated,582.400000,1.000000,490,720,860,1000,1600,2100,2400,2800,4900,6400,7900,50122,852,490.0,697.0832182967555,18.09477999995579,7880.178569999771,4438.251665935119
1776010788,548,,Aggregated,388.500000,0.000000,490,720,850,1000,1600,2100,2400,2800,4900,6400,7900,50757,852,490.0,695.7226156802021,18.09477999995579,7880.178569999771,4439.211832850641
1776010782,549,,Aggregated,621.800000,0.400000,490,720,850,1000,1600,2000,2400,2700,4900,6400,7900,51306,852,490.0,695.5159237734388,18.09477999995579,7880.178569999771,4440.0228043503685
1776010783,549,,Aggregated,632.800000,0.400000,490,720,850,1000,1600,2000,2400,2700,4900,6400,7900,51834,852,490.0,695.2842567297544,18.09477999995579,7880.178569999771,4440.78654936914
1776010784,549,,Aggregated,643.300000,0.400000,490,720,860,1000,1600,2000,2400,2700,4800,6400,7900,52417,852,490.0,695.2447430734309,18.09477999995579,7880.178569999771,4441.611977030353
1776010785,548,,Aggregated,638.800000,0.000000,490,720,860,1000,1600,2000,2400,2700,4800,6400,7900,52971,852,490.0,695.0199459794978,18.09477999995579,7880.178569999771,4442.379509542958
1776010786,546,,Aggregated,647.800000,0.000000,490,720,860,1000,1600,2000,2400,2700,4800,6400,7900,53524,852,490.0,694.901969201105,18.09477999995579,7880.178569999771,4443.12981092594
1776010786,544,,Aggregated,647.800000,0.000000,490,720,860,1000,1600,2000,2400,2700,4800,6400,7900,54092,852,490.0,694.6213255285427,18.09477999995579,7880.178569999771,4443.884493085854
1776010787,541,,Aggregated,645.000000,0.000000,490,720,860,1000,1600,2000,2400,2700,4800,6400,7900,54695,852,490.0,694.3941354749044,18.09477999995579,7880.178569999771,4444.668525459366
1776010788,537,,Aggregated,644.700000,0.000000,490,720,860,1000,1600,2000,2400,2700,4700,6400,7900,55279,852,490.0,693.563422614733,18.09477999995579,7880.178569999771,4445.411548689376
1776010789,533,,Aggregated,636.100000,0.000000,490,720,850,990,1600,2000,2400,2700,4700,6400,7900,55945,852,490.0,691.6677554810948,18.09477999995579,7880.178569999771,4446.239967825543
1776010790,528,,Aggregated,634.200000,0.000000,490,710,850,990,1600,2000,2400,2700,4700,6400,7900,56560,852,490.0,689.6313920781453,18.09477999995579,7880.178569999771,4446.987623762377
1776010798,522,,Aggregated,388.900000,0.000000,480,710,850,990,1600,2000,2400,2700,4700,6400,7900,57243,852,480.0,687.8370281416047,18.09477999995579,7880.178569999771,4447.799119543001
1776010792,516,,Aggregated,634.700000,0.000000,480,710,850,990,1600,2000,2400,2700,4700,6400,7900,57826,852,480.0,686.7559380992953,18.09477999995579,7880.178569999771,4448.476636806972
1776010793,509,,Aggregated,635.100000,0.000000,480,710,850,980,1600,2000,2400,2700,4700,6400,7900,58329,852,480.0,686.0182113403267,18.09477999995579,7880.178569999771,4449.050300879494
1776010794,502,,Aggregated,639.000000,0.000000,480,710,850,980,1600,2000,2400,2700,4700,6400,7900,58870,852,480.0,685.5171802704248,18.09477999995579,7880.178569999771,4449.6563614744355
1776010795,493,,Aggregated,642.700000,0.000000,480,710,850,980,1600,2000,2400,2700,4700,6400,7900,59377,852,480.0,685.4785170523938,18.09477999995579,7880.178569999771,4450.214308570658
1776010796,485,,Aggregated,641.400000,0.000000,480,710,850,980,1600,2000,2400,2600,4700,6400,7900,59931,852,480.0,685.2468578585381,18.09477999995579,7880.178569999771,4450.813185162938
1776010796,476,,Aggregated,641.400000,0.000000,480,710,850,980,1600,2000,2400,2600,4600,6400,7900,60434,852,480.0,684.5389137477257,18.09477999995579,7880.178569999771,4451.347420326307
1776010797,466,,Aggregated,635.300000,0.000000,480,710,840,980,1600,2000,2400,2600,4600,6400,7900,60965,852,480.0,683.9613926352821,18.09477999995579,7880.178569999771,4451.901828918231
1776010798,456,,Aggregated,632.900000,0.000000,480,710,840,970,1600,2000,2400,2600,4600,6400,7900,61441,852,480.0,683.2281969927234,18.09477999995579,7880.178569999771,4452.390667469605
1776010799,446,,Aggregated,636.100000,0.000000,490,710,840,970,1600,2000,2400,2600,4600,6400,7900,61935,852,490.0,683.0377394387646,18.09477999995579,7880.178569999771,4452.890046015985
1776010800,435,,Aggregated,627.300000,0.000000,490,710,840,970,1600,2000,2300,2600,4600,6400,7900,62365,852,490.0,682.4555319488476,18.09477999995579,7880.178569999771,4453.3182875010025
1776010808,424,,Aggregated,315.000000,0.000000,490,710,840,970,1600,2000,2300,2600,4600,6400,7900,62789,852,490.0,682.439881112614,18.09477999995579,7880.178569999771,4453.734810237462
1776010802,412,,Aggregated,597.600000,0.000000,490,710,840,970,1600,2000,2300,2600,4600,6400,7900,63100,852,490.0,682.5548965985723,18.09477999995579,7880.178569999771,4454.03676703645
1776010803,400,,Aggregated,580.100000,0.000000,480,710,850,980,1600,2000,2400,2600,4600,6400,7900,63405,852,480.0,683.6081213388522,18.09477999995579,7880.178569999771,4454.3300212916965
1776010804,388,,Aggregated,547.100000,0.000000,480,710,850,980,1600,2000,2400,2600,4600,6400,7900,63704,852,480.0,684.9252132472042,18.09477999995579,7880.178569999771,4454.614780861484
1776010805,376,,Aggregated,522.000000,0.000000,480,710,850,980,1600,2000,2400,2700,4500,6400,7900,64004,852,480.0,686.6481711247712,18.09477999995579,7880.178569999771,4454.897818886319
1776010806,363,,Aggregated,493.400000,0.000000,480,710,850,990,1600,2000,2400,2700,4500,6400,7900,64291,852,480.0,688.1916326916651,18.09477999995579,7880.178569999771,4455.1661196746045
1776010806,350,,Aggregated,493.400000,0.000000,480,710,850,990,1600,2000,2400,2700,4500,6400,7900,64605,852,480.0,689.1573608107708,18.09477999995579,7880.178569999771,4455.456930578129
1776010807,337,,Aggregated,474.300000,0.000000,480,710,860,1000,1600,2000,2400,2700,4500,6400,7900,64935,852,480.0,690.3759892059733,18.09477999995579,7880.178569999771,4455.759528759529
1776010808,324,,Aggregated,451.700000,0.000000,480,710,860,1000,1600,2000,2400,2700,4500,6400,7900,65256,852,480.0,690.5488697926613,18.09477999995579,7880.178569999771,4456.050937844796
1776010809,311,,Aggregated,426.000000,0.000000,480,710,860,1000,1600,2000,2400,2700,4500,6400,7900,65552,852,480.0,690.628039687575,18.09477999995579,7880.178569999771,4456.317122284599
1776010810,298,,Aggregated,404.200000,0.000000,480,720,860,1000,1600,2000,2400,2700,4500,6400,7900,65868,852,480.0,690.8478083884422,18.09477999995579,7880.178569999771,4456.598651849153
1776010818,285,,Aggregated,208.300000,0.000000,480,720,860,1000,1600,2000,2400,2700,4500,6400,7900,66236,852,480.0,690.3341591090917,18.09477999995579,7880.178569999771,4456.923123377015
1776010812,272,,Aggregated,368.000000,0.000000,480,710,860,1000,1600,2000,2400,2700,4500,6400,7900,66587,852,480.0,689.1705085003039,18.09477999995579,7880.178569999771,4457.229263970445
1776010813,259,,Aggregated,356.300000,0.000000,480,710,860,1000,1600,2000,2400,2700,4500,6400,7900,66929,852,480.0,688.1023720388724,18.09477999995579,7880.178569999771,4457.524466225403
1776010814,246,,Aggregated,356.300000,0.000000,480,710,850,990,1600,2000,2400,2700,4500,6400,7900,67282,852,480.0,686.659935199008,18.09477999995579,7880.178569999771,4457.826015873487
1776010815,233,,Aggregated,354.700000,0.000000,480,710,850,990,1600,2000,2400,2700,4500,6400,7900,67632,852,480.0,684.982820160717,18.09477999995579,7880.178569999771,4458.121894960966
1776010816,221,,Aggregated,357.100000,0.000000,480,710,850,990,1600,2000,2400,2700,4500,6400,7900,67949,852,480.0,683.6204121223212,18.09477999995579,7880.178569999771,4458.387246317091
1776010816,208,,Aggregated,357.100000,0.000000,480,710,850,980,1600,2000,2400,2700,4400,6400,7900,68282,852,480.0,682.140910913412,18.09477999995579,7880.178569999771,4458.66333733634
1776010817,196,,Aggregated,362.700000,0.000000,470,710,840,980,1600,2000,2400,2700,4400,6400,7900,68606,852,470.0,680.2872999198248,18.09477999995579,7880.178569999771,4458.92939393056
1776010818,184,,Aggregated,365.500000,0.000000,470,700,840,980,1600,2000,2400,2700,4400,6400,7900,68934,852,470.0,678.4177235990866,18.09477999995579,7880.178569999771,4459.19618765776
1776010819,173,,Aggregated,364.800000,0.000000,460,700,840,980,1600,2000,2400,2700,4400,6400,7900,69240,852,460.0,676.623383865531,18.09477999995579,7880.178569999771,4459.44280762565
1776010820,162,,Aggregated,363.800000,0.000000,460,700,840,970,1600,2000,2400,2700,4400,6400,7900,69534,852,460.0,674.8503658345467,18.09477999995579,7880.178569999771,4459.6777116230905
1776010821,151,,Aggregated,363.700000,0.000000,460,700,830,970,1600,2000,2300,2700,4400,6400,7900,69806,852,460.0,673.2513975322944,18.09477999995579,7880.178569999771,4459.893275649658
1776010822,141,,Aggregated,364.300000,0.000000,450,700,830,970,1600,1900,2300,2700,4400,6300,7900,70065,852,450.0,671.6680972653866,18.09477999995579,7880.178569999771,4460.096981374438
1776010823,131,,Aggregated,361.400000,0.000000,450,700,830,970,1600,1900,2300,2700,4400,6300,7900,70302,852,450.0,670.2435650378277,18.09477999995579,7880.178569999771,4460.282068788939
1776010824,121,,Aggregated,348.500000,0.000000,450,690,830,960,1600,1900,2300,2700,4400,6300,7900,70522,852,450.0,668.9469850269336,18.09477999995579,7880.178569999771,4460.452766512578
1776010825,112,,Aggregated,340.100000,0.000000,450,690,830,960,1600,1900,2300,2700,4400,6300,7900,70713,852,450.0,667.8691887999299,18.09477999995579,7880.178569999771,4460.600101820033
1776010826,104,,Aggregated,330.600000,0.000000,450,690,830,960,1600,1900,2300,2600,4400,6300,7900,70908,858,450.0,666.7993181011931,8.373310000024503,7880.178569999771,4460.3676595024535
1776010827,96,,Aggregated,330.600000,0.000000,440,690,830,960,1600,1900,2300,2600,4400,6300,7900,71073,862,440.0,665.89594991318,8.373310000024503,7880.178569999771,4460.240386644718
1776010828,89,,Aggregated,301.400000,0.000000,440,690,820,960,1600,1900,2300,2600,4400,6300,7900,71234,862,440.0,664.9691345952699,8.373310000024503,7880.178569999771,4460.3641519499115
1776010829,82,,Aggregated,285.000000,0.800000,440,690,820,960,1600,1900,2300,2600,4400,6300,7900,71383,862,440.0,664.0718661429117,8.373310000024503,7880.178569999771,4460.478195088466
1776010830,76,,Aggregated,285.000000,0.800000,440,690,820,960,1600,1900,2300,2600,4400,6300,7900,71518,862,440.0,663.3032043133121,8.373310000024503,7880.178569999771,4460.581112447216
1776010831,70,,Aggregated,248.700000,0.800000,440,680,820,950,1600,1900,2300,2600,4400,6300,7900,71648,862,440.0,662.5500347279675,8.373310000024503,7880.178569999771,4460.679851496204
1776010831,65,,Aggregated,248.700000,0.800000,440,680,820,950,1600,1900,2300,2600,4400,6300,7900,71778,862,440.0,661.7903313176657,8.373310000024503,7880.178569999771,4460.778232884728
1776010832,61,,Aggregated,232.400000,0.800000,440,680,820,950,1600,1900,2300,2600,4400,6300,7900,71886,862,440.0,661.1402148039872,8.373310000024503,7880.178569999771,4460.859694516317
1776010833,57,,Aggregated,216.000000,0.800000,440,680,820,950,1600,1900,2300,2600,4400,6300,7900,71994,862,440.0,660.4981489222629,8.373310000024503,7880.178569999771,4460.940911742645
1776010834,54,,Aggregated,200.100000,0.800000,430,680,820,950,1600,1900,2300,2600,4300,6300,7900,72102,862,430.0,659.8543732179328,8.373310000024503,7880.178569999771,4461.021885661979
1776010835,52,,Aggregated,184.000000,0.800000,430,680,820,950,1600,1900,2300,2600,4300,6300,7900,72188,862,430.0,659.3518739962238,8.373310000024503,7880.178569999771,4461.086191610794
1776010836,51,,Aggregated,169.400000,1.000000,430,680,820,950,1600,1900,2300,2600,4300,6300,7900,72291,862,430.0,658.7414836274144,8.373310000024503,7880.178569999771,4461.1630078433
1776010837,50,,Aggregated,158.100000,1.000000,430,680,820,950,1600,1900,2300,2600,4300,6300,7900,72385,862,430.0,658.1890249423147,8.373310000024503,7880.178569999771,4461.232921185328
1776010838,50,,Aggregated,149.200000,1.000000,430,680,820,950,1600,1900,2300,2600,4300,6300,7900,72479,862,430.0,657.636389402026,8.373310000024503,7880.178569999771,4461.302653182301
1776010839,50,,Aggregated,138.100000,0.200000,430,680,820,950,1600,1900,2300,2600,4300,6300,7900,72575,862,430.0,657.0690047389523,8.373310000024503,7880.178569999771,4461.37368239752
1776010840,51,,Aggregated,128.200000,0.200000,430,680,810,950,1600,1900,2300,2600,4300,6300,7900,72672,862,430.0,656.5007528837722,8.373310000024503,7880.178569999771,4461.445260898283
1776010841,53,,Aggregated,119.900000,0.200000,430,680,810,950,1600,1900,2300,2600,4300,6300,7900,72769,862,430.0,655.9373814884019,8.373310000024503,7880.178569999771,4461.516648572881
1776010841,56,,Aggregated,119.900000,0.200000,430,680,810,950,1600,1900,2300,2600,4300,6300,7900,72869,880,430.0,655.3552994953894,1.6083099999377737,7880.178569999771,4460.47475606911
1776010842,59,,Aggregated,115.200000,0.200000,430,670,810,950,1600,1900,2300,2600,4300,6300,7900,72983,880,430.0,654.7569343836172,1.6083099999377737,7880.178569999771,4460.559924914021
1776010843,63,,Aggregated,112.500000,0.200000,430,670,810,940,1600,1900,2300,2600,4300,6300,7900,73095,880,430.0,654.1107514762917,1.6083099999377737,7880.178569999771,4460.643340857788
1776010844,67,,Aggregated,110.400000,1.500000,420,670,810,940,1600,1900,2300,2600,4300,6300,7900,73229,880,420.0,653.3380111687932,1.6083099999377737,7880.178569999771,4460.742806811509
1776010845,73,,Aggregated,111.100000,1.500000,420,670,810,940,1600,1900,2300,2600,4300,6300,7900,73368,880,420.0,652.5540162076051,1.6083099999377737,7880.178569999771,4460.845600261695
1776010846,78,,Aggregated,111.500000,1.300000,420,670,810,940,1600,1900,2300,2600,4300,6300,7900,73516,880,420.0,651.7187110165075,1.6083099999377737,7880.178569999771,4460.954622123075
1776010847,85,,Aggregated,115.700000,1.300000,420,670,810,940,1600,1900,2300,2600,4300,6300,7900,73667,880,420.0,650.8883836090729,1.6083099999377737,7880.178569999771,4461.0654024189935
1776010848,92,,Aggregated,119.800000,1.300000,420,670,810,940,1600,1900,2300,2600,4300,6300,7900,73840,880,420.0,649.9660704608556,1.6083099999377737,7880.178569999771,4461.1917659804985
1776010849,100,,Aggregated,126.700000,1.300000,420,670,810,940,1600,1900,2300,2600,4300,6300,7900,74009,880,420.0,649.1471185100405,1.6083099999377737,7880.178569999771,4461.314637408964
1776010850,108,,Aggregated,135.100000,1.600000,420,660,800,940,1600,1900,2300,2600,4300,6300,7900,74187,880,420.0,648.2706594233435,1.6083099999377737,7880.178569999771,4461.443446965101
1776010851,116,,Aggregated,141.000000,1.800000,410,660,800,930,1600,1900,2300,2600,4300,6300,7900,74382,880,410.0,647.4247881277671,1.6083099999377737,7880.178569999771,4461.583850931677
1776010851,126,,Aggregated,141.000000,1.800000,410,660,800,930,1600,1900,2300,2600,4300,6300,7900,74599,880,410.0,646.4421192960963,1.6083099999377737,7880.178569999771,4461.739232429389
1776010852,135,,Aggregated,149.700000,1.800000,410,660,800,930,1600,1900,2300,2600,4300,6300,7900,74785,880,410.0,645.670435690439,1.6083099999377737,7880.178569999771,4461.871698870094
1776010853,145,,Aggregated,159.100000,1.800000,410,660,800,930,1500,1900,2300,2600,4300,6300,7900,74988,880,410.0,645.1186308070554,1.6083099999377737,7880.178569999771,4462.015522483597
1776010854,156,,Aggregated,170.900000,0.500000,410,660,800,930,1500,1900,2300,2600,4200,6300,7900,75220,880,410.0,644.3363007831626,1.6083099999377737,7880.178569999771,4462.178941770806
1776010855,167,,Aggregated,177.000000,0.500000,410,660,800,930,1500,1900,2300,2600,4200,6300,7900,75432,880,410.0,643.7024003135203,1.6083099999377737,7880.178569999771,4462.327394209354
1776010856,178,,Aggregated,186.000000,0.500000,410,650,800,920,1500,1900,2300,2600,4200,6300,7900,75673,880,410.0,642.956072701221,1.6083099999377737,7880.178569999771,4462.4951435782905
1776010857,190,,Aggregated,196.600000,0.500000,410,650,790,920,1500,1900,2300,2600,4200,6300,7900,75924,880,410.0,642.5933839074534,1.6083099999377737,7880.178569999771,4462.668721352932
1776010858,202,,Aggregated,207.300000,0.500000,410,650,790,920,1500,1900,2300,2600,4200,6300,7900,76187,880,410.0,641.8357228050653,1.6083099999377737,7880.178569999771,4462.849370627535
1776010859,214,,Aggregated,217.200000,0.500000,420,650,790,920,1500,1900,2300,2600,4200,6300,7900,76425,880,420.0,641.4805866135363,1.6083099999377737,7880.178569999771,4463.011776251226
1776010860,227,,Aggregated,227.000000,0.200000,420,650,790,910,1500,1900,2300,2600,4200,6300,7900,76721,895,420.0,641.0464133844637,1.6083099999377737,7880.178569999771,4462.329609885168
1776010861,239,,Aggregated,236.700000,0.000000,420,650,790,910,1500,1900,2300,2600,4200,6300,7900,76900,917,420.0,640.9661823949212,1.6083099999377737,7880.178569999771,4461.160533159948
1776010861,252,,Aggregated,236.700000,0.000000,420,650,790,920,1500,1900,2300,2600,4200,6300,7900,77091,949,420.0,641.6597172267773,1.6083099999377737,7880.178569999771,4459.419776627622
1776010862,265,,Aggregated,248.100000,1.400000,420,650,790,920,1500,1900,2300,2600,4200,6300,7900,77289,990,420.0,642.5400759119606,1.6083099999377737,7880.178569999771,4457.167061289446
1776010863,278,,Aggregated,249.100000,3.400000,420,660,800,930,1500,1900,2300,2600,4200,6300,7900,77460,1041,420.0,643.4404681278015,1.6083099999377737,7880.178569999771,4454.32203718048
1776010864,291,,Aggregated,247.800000,7.700000,420,660,800,930,1500,1900,2300,2600,4200,6300,7900,77721,1093,420.0,644.93632912211,1.6083099999377737,7880.178569999771,4451.504998649014
1776010865,304,,Aggregated,247.200000,11.900000,420,660,800,940,1500,1900,2300,2600,4200,6300,7900,77978,1143,420.0,645.9364324733843,1.6083099999377737,7880.178569999771,4448.819218241042
1776010866,317,,Aggregated,249.300000,17.300000,430,660,810,940,1500,1900,2300,2600,4200,6300,7900,78305,1189,430.0,646.3447848738853,1.6083099999377737,7880.178569999771,4446.443266713492
1776010867,331,,Aggregated,249.600000,22.500000,430,660,810,940,1500,1900,2300,2600,4200,6300,7900,78614,1218,430.0,646.5811323742536,1.6083099999377737,7880.178569999771,4445.047192612003
1776010868,344,,Aggregated,255.200000,27.400000,430,670,810,940,1500,1900,2300,2600,4200,6300,7900,78885,1220,430.0,647.212146312728,1.6083099999377737,7880.178569999771,4445.173036698992
1776010869,356,,Aggregated,263.900000,30.900000,430,670,810,940,1500,1900,2300,2600,4200,6300,7900,79157,1220,430.0,648.084970427247,1.6083099999377737,7880.178569999771,4445.412976742423
1776010870,369,,Aggregated,264.500000,31.600000,430,670,820,950,1500,1900,2300,2600,4200,6300,7900,79529,1220,430.0,649.2988864275866,1.6083099999377737,7880.178569999771,4445.738472758365
1776010871,382,,Aggregated,269.700000,32.500000,430,670,810,940,1500,1900,2300,2600,4200,6300,7900,79973,1220,430.0,649.1631749570419,1.6083099999377737,7880.178569999771,4446.123004013854
1776010871,394,,Aggregated,269.700000,32.500000,430,670,810,940,1500,1900,2300,2600,4100,6300,7900,80367,1220,430.0,648.6931575464989,1.6083099999377737,7880.178569999771,4446.460674157303
1776010872,406,,Aggregated,274.000000,31.100000,440,680,820,950,1500,1900,2300,2600,4100,6300,7900,80713,1220,440.0,649.128056641798,1.6083099999377737,7880.178569999771,4446.754488124589
1776010873,418,,Aggregated,297.400000,29.100000,440,680,820,950,1500,1900,2300,2600,4100,6300,7900,81128,1220,440.0,649.7844170370214,1.6083099999377737,7880.178569999771,4447.103589389607
1776010874,429,,Aggregated,318.600000,24.800000,440,680,820,950,1500,1900,2300,2600,4100,6300,7900,81509,1220,440.0,650.4171966931194,1.6083099999377737,7880.178569999771,4447.420959648628
1776010875,440,,Aggregated,338.200000,20.600000,440,680,820,950,1500,1900,2300,2600,4100,6300,7900,81916,1220,440.0,651.1319155002612,1.6083099999377737,7880.178569999771,4447.756726402657
1776010882,451,,Aggregated,288.900000,2.000000,440,680,830,960,1500,1900,2300,2600,4100,6300,7900,82246,1225,440.0,651.8400431838556,1.6083099999377737,7880.178569999771,4447.752048731853
1776010877,461,,Aggregated,374.600000,11.500000,440,690,830,960,1500,1900,2300,2600,4100,6300,7900,82705,1234,440.0,653.2557020452124,1.6083099999377737,7880.178569999771,4447.633939906898
1776010878,471,,Aggregated,384.900000,7.000000,440,690,830,970,1500,1900,2300,2600,4100,6300,7900,83068,1248,440.0,653.6620121314984,1.6083099999377737,7880.178569999771,4447.167380940916
1776010879,480,,Aggregated,394.400000,3.800000,440,690,840,970,1500,1900,2300,2600,4100,6300,7900,83572,1266,440.0,655.2344995730547,1.6083099999377737,7880.178569999771,4446.604006126454
1776010880,489,,Aggregated,404.400000,4.400000,440,690,840,970,1500,1900,2300,2600,4100,6300,7900,84079,1289,440.0,655.0012216729418,1.6083099999377737,7880.178569999771,4445.781348493679
1776010881,497,,Aggregated,425.700000,5.300000,440,690,840,970,1500,1900,2300,2600,4100,6300,7900,84582,1307,440.0,655.1285369320822,1.6083099999377737,7880.178569999771,4445.232141590409
1776010881,505,,Aggregated,425.700000,5.300000,440,690,840,970,1500,1900,2300,2600,4000,6300,7900,85043,1323,440.0,655.2428883157859,1.6083099999377737,7880.178569999771,4444.760885669602
1776010882,512,,Aggregated,446.900000,7.500000,440,690,840,980,1500,1900,2300,2600,4000,6300,7900,85477,1342,440.0,655.923249841119,1.6083099999377737,7880.178569999771,4444.113913684383
1776010883,519,,Aggregated,451.500000,9.500000,450,700,850,980,1500,1900,2300,2600,4000,6300,7900,86023,1363,450.0,657.1176976332994,1.6083099999377737,7880.178569999771,4443.461632354138
1776010884,525,,Aggregated,464.300000,11.300000,450,700,850,980,1500,1900,2300,2600,4000,6300,7900,86563,1382,450.0,657.0090282826304,1.6083099999377737,7880.178569999771,4442.916892898814
1776010885,530,,Aggregated,471.400000,13.000000,450,700,850,980,1500,1900,2300,2600,4000,6300,7900,87054,1395,450.0,657.1554809527344,1.6083099999377737,7880.178569999771,4442.649217726928
1776010893,535,,Aggregated,321.800000,11.000000,450,700,850,990,1500,1900,2300,2600,4000,6300,7900,87558,1410,450.0,657.7834440439395,1.6083099999377737,7880.178569999771,4442.29219488796
1776010887,539,,Aggregated,506.600000,15.700000,450,700,860,990,1500,1900,2300,2600,4000,6300,7900,88124,1419,450.0,658.4218355484227,1.6083099999377737,7880.178569999771,4442.298068630566
1776010888,543,,Aggregated,515.500000,16.700000,450,700,860,990,1500,1900,2300,2600,4000,6300,7900,88610,1423,450.0,658.4357708818333,1.6083099999377737,7880.178569999771,4442.4930030470605
1776010889,545,,Aggregated,533.600000,18.000000,450,700,860,990,1500,1900,2300,2600,4000,6300,7900,89125,1425,450.0,658.9754955332306,1.6083099999377737,7880.178569999771,4442.810659186536
1776010890,547,,Aggregated,546.000000,17.000000,450,700,860,1000,1500,1900,2300,2600,4000,6300,7900,89700,1426,450.0,659.3182641103587,1.6083099999377737,7880.178569999771,4443.223076923077
1776010891,549,,Aggregated,553.300000,16.200000,450,700,860,1000,1500,1800,2300,2600,4000,6300,7900,90208,1426,450.0,659.174435109848,1.6083099999377737,7880.178569999771,4443.627283611209
1776010891,549,,Aggregated,553.300000,16.200000,450,700,860,1000,1500,1800,2300,2600,4000,6300,7900,90857,1426,450.0,659.8460941859094,1.6083099999377737,7880.178569999771,4444.137105561486
1776010892,549,,Aggregated,556.300000,14.100000,450,700,870,1000,1500,1800,2300,2600,3900,6300,7900,91475,1426,450.0,659.4338549882393,1.6083099999377737,7880.178569999771,4444.615851325499
1776010893,549,,Aggregated,557.100000,12.100000,440,700,870,1000,1500,1800,2300,2600,3900,6300,7900,92075,1426,440.0,658.8028770868231,1.6083099999377737,7880.178569999771,4445.074504480043
1776010894,547,,Aggregated,571.100000,10.300000,440,710,870,1000,1500,1800,2300,2600,3900,6300,7900,92617,1426,440.0,658.7430880386895,1.6083099999377737,7880.178569999771,4445.4837124933865
1776010895,545,,Aggregated,591.500000,8.600000,440,710,870,1000,1400,1800,2300,2500,3800,6300,7900,93285,1426,440.0,658.5055754049343,1.6083099999377737,7880.178569999771,4445.981508281074
1776010903,542,,Aggregated,393.000000,0.500000,440,710,870,1000,1400,1800,2300,2500,3800,6300,7900,93860,1426,440.0,657.8030363340004,1.6083099999377737,7880.178569999771,4446.404325591307
1776010897,539,,Aggregated,604.500000,4.900000,440,710,880,1000,1400,1800,2300,2500,3800,6300,7900,94504,1426,440.0,657.6125401053845,1.6083099999377737,7880.178569999771,4446.871772623381
1776010898,535,,Aggregated,616.500000,3.500000,440,710,880,1000,1400,1800,2300,2500,3800,6300,7900,95054,1426,440.0,656.8382527143432,1.6083099999377737,7880.178569999771,4447.265975129926
1776010899,530,,Aggregated,622.200000,1.900000,440,710,880,1000,1400,1800,2300,2500,3800,6300,7900,95630,1426,440.0,657.0559243072178,1.6083099999377737,7880.178569999771,4447.673951688801
1776010900,525,,Aggregated,628.300000,1.600000,440,710,880,1000,1400,1800,2300,2500,3800,6300,7900,96255,1426,440.0,656.5559869760456,1.6083099999377737,7880.178569999771,4448.111111111111
1776010901,519,,Aggregated,641.000000,0.600000,440,710,880,1000,1400,1800,2300,2500,3800,6300,7900,96828,1426,440.0,655.9052225113527,1.6083099999377737,7880.178569999771,4448.506940141281
1776010901,512,,Aggregated,641.000000,0.600000,440,710,890,1000,1400,1800,2300,2500,3800,6300,7900,97377,1426,440.0,655.8168007426721,1.6083099999377737,7880.178569999771,4448.881820142334
1776010902,505,,Aggregated,647.000000,0.500000,440,710,890,1000,1400,1800,2200,2500,3800,6300,7900,97897,1426,440.0,655.7291935128674,1.6083099999377737,7880.178569999771,4449.23302041942
1776010903,497,,Aggregated,655.700000,0.500000,440,710,890,1000,1400,1800,2200,2500,3800,6300,7900,98534,1426,440.0,655.4790130123517,1.6083099999377737,7880.178569999771,4449.658189051495
1776010904,489,,Aggregated,651.100000,0.500000,430,710,890,1000,1400,1800,2200,2500,3800,6300,7900,99145,1426,430.0,654.5759069165276,1.6083099999377737,7880.178569999771,4450.060870442281
1776010905,480,,Aggregated,637.700000,0.500000,430,710,890,1000,1400,1800,2200,2500,3800,6300,7900,99727,1426,430.0,653.607488556951,1.6083099999377737,7880.178569999771,4450.439850792664
1776010913,471,,Aggregated,376.200000,0.000000,430,710,890,1000,1400,1800,2200,2500,3800,6200,7900,100247,1426,430.0,653.2507613396822,1.6083099999377737,7880.178569999771,4450.774736401089
1776010907,461,,Aggregated,647.700000,0.000000,430,710,890,1000,1400,1800,2200,2500,3800,6200,7900,100826,1426,430.0,652.6298993628533,1.6083099999377737,7880.178569999771,4451.143554241961
1776010908,451,,Aggregated,643.600000,0.000000,430,710,880,1000,1400,1800,2200,2500,3800,6200,7900,101444,1426,430.0,651.4895234319329,1.6083099999377737,7880.178569999771,4451.532569693624
1776010909,440,,Aggregated,639.700000,0.000000,430,710,880,1000,1400,1800,2200,2500,3700,6200,7900,102007,1426,430.0,650.5537181248246,1.6083099999377737,7880.178569999771,4451.8828609801285
1776010910,429,,Aggregated,641.800000,0.000000,430,710,870,1000,1400,1800,2200,2500,3700,6200,7900,102567,1426,430.0,649.4835695321018,1.6083099999377737,7880.178569999771,4452.227470823949
1776010911,418,,Aggregated,638.000000,0.000000,430,710,870,1000,1400,1800,2200,2500,3700,6200,7900,103099,1426,430.0,648.7932234768435,1.6083099999377737,7880.178569999771,4452.551382651626
1776010911,406,,Aggregated,638.000000,0.000000,430,710,870,1000,1400,1800,2200,2500,3700,6200,7900,103648,1426,430.0,647.6854782319881,1.6083099999377737,7880.178569999771,4452.882158845323
1776010912,394,,Aggregated,633.900000,0.000000,430,700,870,990,1400,1800,2200,2500,3700,6200,7900,104181,1426,430.0,646.6501363245609,1.6083099999377737,7880.178569999771,4453.199959685548
1776010913,382,,Aggregated,628.000000,0.000000,430,700,860,990,1400,1800,2200,2500,3700,6200,7900,104671,1426,430.0,645.8100373367878,1.6083099999377737,7880.178569999771,4453.489266367953
1776010914,369,,Aggregated,626.900000,0.000000,430,700,860,990,1400,1800,2200,2500,3700,6200,7900,105066,1426,430.0,645.3043392352322,1.6083099999377737,7880.178569999771,4453.720518531209
1776010915,356,,Aggregated,627.700000,0.000000,430,700,860,990,1400,1800,2200,2500,3700,6200,7900,105470,1426,430.0,645.1028142072515,1.6083099999377737,7880.178569999771,4453.955247937803
1776010923,343,,Aggregated,315.200000,0.000000,430,700,860,990,1400,1800,2200,2500,3700,6200,7900,105929,1426,430.0,644.722768397785,1.6083099999377737,7880.178569999771,4454.219760405555
1776010917,330,,Aggregated,587.500000,0.000000,430,700,860,990,1400,1800,2200,2500,3700,6200,7900,106329,1441,430.0,643.975309523075,1.6083099999377737,7880.178569999771,4453.811471940863
1776010918,317,,Aggregated,572.000000,0.000000,430,700,860,990,1400,1800,2200,2500,3700,6200,7900,106677,1441,430.0,643.6874944282168,1.6083099999377737,7880.178569999771,4454.011080176608
1776010919,304,,Aggregated,557.400000,0.000000,440,700,860,990,1400,1800,2200,2500,3600,6200,7900,107044,1441,440.0,643.4732698941444,1.6083099999377737,7880.178569999771,4454.220180486529
1776010920,291,,Aggregated,536.500000,1.500000,440,700,860,990,1400,1800,2200,2500,3600,6200,7900,107374,1441,440.0,643.1311955622289,1.6083099999377737,7880.178569999771,4454.40697934323
1776010921,278,,Aggregated,516.300000,1.500000,440,700,860,990,1400,1800,2200,2500,3600,6200,7900,107687,1441,440.0,643.0670919769217,1.6083099999377737,7880.178569999771,4454.583097309796
1776010921,265,,Aggregated,516.300000,1.500000,440,700,860,990,1400,1800,2200,2500,3600,6200,7900,107965,1441,440.0,642.93432105246,1.6083099999377737,7880.178569999771,4454.738665308202
1776010922,252,,Aggregated,491.700000,1.500000,430,700,860,990,1400,1800,2200,2500,3600,6200,7900,108173,1441,430.0,642.9018696557252,1.6083099999377737,7880.178569999771,4454.854538563228
1776010923,239,,Aggregated,472.100000,1.500000,440,700,860,990,1400,1800,2200,2500,3600,6200,7900,108415,1441,440.0,643.5143408293003,1.6083099999377737,7880.178569999771,4454.9887930636905
1776010924,226,,Aggregated,439.700000,1.500000,440,710,860,990,1400,1800,2200,2500,3600,6200,7900,108695,1441,440.0,643.68400251795,1.6083099999377737,7880.178569999771,4455.143382860298
1776010925,214,,Aggregated,407.000000,1.500000,440,700,860,990,1400,1800,2200,2500,3600,6200,7900,108968,1441,440.0,643.1642340953169,1.6083099999377737,7880.178569999771,4455.29334299978
1776010933,202,,Aggregated,180.000000,0.000000,440,700,860,990,1400,1800,2200,2500,3600,6200,7900,109293,1441,440.0,642.488555501345,1.6083099999377737,7880.178569999771,4455.470890175949
1776010927,190,,Aggregated,368.700000,1.500000,430,700,860,990,1400,1800,2200,2500,3600,6200,7900,109528,1441,430.0,641.8722905918904,1.6083099999377737,7880.178569999771,4455.598614053028
1776010928,178,,Aggregated,353.100000,1.500000,430,700,860,980,1400,1800,2200,2500,3600,6200,7900,109790,1441,430.0,641.5355822669521,1.6083099999377737,7880.178569999771,4455.740367975225
1776010929,167,,Aggregated,338.500000,1.500000,430,700,860,980,1400,1800,2200,2500,3600,6200,7900,110086,1441,430.0,640.5554339502637,1.6083099999377737,7880.178569999771,4455.8997056846465
1776010930,156,,Aggregated,321.400000,0.000000,430,700,860,980,1400,1800,2200,2500,3600,6200,7900,110349,1441,430.0,639.7416086726547,1.6083099999377737,7880.178569999771,4456.040562216242
1776010931,145,,Aggregated,309.900000,0.000000,430,700,850,980,1400,1800,2200,2500,3600,6200,7900,110579,1441,430.0,639.023248135891,1.6083099999377737,7880.178569999771,4456.163195543458
1776010932,135,,Aggregated,301.400000,0.000000,430,700,850,980,1400,1800,2200,2500,3600,6200,7900,110750,1441,430.0,638.7653912900109,1.6083099999377737,7880.178569999771,4456.254040632054
1776010933,125,,Aggregated,295.000000,0.000000,430,700,850,980,1400,1800,2200,2500,3600,6200,7900,110951,1441,430.0,638.2409267864086,1.6083099999377737,7880.178569999771,4456.3604654306855
1776010934,116,,Aggregated,284.400000,0.000000,430,700,850,980,1400,1800,2200,2500,3600,6200,7900,111147,1441,430.0,637.65318383869,1.6083099999377737,7880.178569999771,4456.463872169289
1776010935,107,,Aggregated,284.300000,0.000000,430,690,850,980,1400,1800,2200,2500,3600,6200,7900,111343,1441,430.0,636.9965568190094,1.6083099999377737,7880.178569999771,4456.56691484871
1776010936,99,,Aggregated,276.100000,0.000000,430,690,850,980,1400,1800,2200,2500,3600,6200,7900,111525,1441,430.0,636.3434046199413,1.6083099999377737,7880.178569999771,4456.662273032952
1776010943,92,,Aggregated,127.600000,0.000000,420,690,850,980,1300,1800,2200,2500,3600,6200,7900,111687,1441,420.0,635.7674071428991,1.6083099999377737,7880.178569999771,4456.746890864649
1776010937,85,,Aggregated,266.300000,0.000000,420,690,850,970,1300,1800,2200,2500,3600,6200,7900,111855,1441,420.0,635.1601797303556,1.6083099999377737,7880.178569999771,4456.834383800456
1776010938,78,,Aggregated,259.100000,0.000000,420,690,850,970,1300,1800,2200,2500,3600,6200,7900,112006,1441,420.0,634.6112245670669,1.6083099999377737,7880.178569999771,4456.912799314322
1776010939,72,,Aggregated,241.300000,0.000000,420,690,850,970,1300,1800,2200,2500,3600,6200,7900,112143,1441,420.0,634.1123957805554,1.6083099999377737,7880.178569999771,4456.983761804125
1776010940,67,,Aggregated,236.700000,0.000000,420,690,850,970,1300,1800,2200,2500,3600,6200,7900,112268,1441,420.0,633.6587089119683,1.6083099999377737,7880.178569999771,4457.048357501692
1776010941,63,,Aggregated,216.200000,0.000000,420,690,850,970,1300,1800,2200,2500,3600,6200,7900,112389,1441,420.0,633.2257176569672,1.6083099999377737,7880.178569999771,4457.110749272616
1776010942,59,,Aggregated,202.300000,0.000000,420,690,850,970,1300,1700,2200,2500,3600,6200,7900,112500,1441,420.0,632.823726864257,1.6083099999377737,7880.178569999771,4457.167866666667
1776010943,56,,Aggregated,189.000000,0.000000,420,690,840,970,1300,1700,2200,2500,3600,6200,7900,112605,1441,420.0,632.4463362267123,1.6083099999377737,7880.178569999771,4457.221792993207
1776010944,53,,Aggregated,179.600000,0.000000,420,690,840,970,1300,1700,2200,2400,3600,6200,7900,112702,1441,420.0,632.1044745151721,1.6083099999377737,7880.178569999771,4457.271521357207
1776010945,51,,Aggregated,170.000000,0.000000,420,690,840,970,1300,1700,2200,2400,3600,6200,7900,112797,1441,420.0,631.7655981676726,1.6083099999377737,7880.178569999771,4457.3201414931245
1776010946,50,,Aggregated,156.400000,0.000000,420,690,840,970,1300,1700,2200,2400,3600,6200,7900,112897,1441,420.0,631.4080734214275,1.6083099999377737,7880.178569999771,4457.371232185089
1776010953,50,,Aggregated,69.600000,0.000000,420,690,840,970,1300,1700,2200,2400,3600,6200,7900,112993,1441,420.0,631.0676130468162,1.6083099999377737,7880.178569999771,4457.42019417132
1776010947,50,,Aggregated,146.600000,0.000000,420,690,840,970,1300,1700,2200,2400,3600,6200,7900,113090,1441,420.0,630.7223832670338,1.6083099999377737,7880.178569999771,4457.469581749049
1776010948,51,,Aggregated,137.800000,0.000000,410,680,840,970,1300,1700,2200,2400,3600,6200,7900,113185,1441,410.0,630.3894631093241,1.6083099999377737,7880.178569999771,4457.517868975571
1776010949,52,,Aggregated,129.600000,0.000000,410,680,840,970,1300,1700,2200,2400,3600,6200,7900,113283,1441,410.0,630.04377942647,1.6083099999377737,7880.178569999771,4457.567596197135
1776010950,54,,Aggregated,122.900000,0.000000,410,680,840,970,1300,1700,2200,2400,3600,6200,7900,113383,1441,410.0,629.690762158867,1.6083099999377737,7880.178569999771,4457.618249649418
1776010951,57,,Aggregated,117.800000,0.000000,410,680,840,970,1300,1700,2200,2400,3600,6200,7900,113493,1441,410.0,629.3048559722519,1.6083099999377737,7880.178569999771,4457.673865348524
1776010952,61,,Aggregated,114.400000,0.000000,410,680,840,970,1300,1700,2200,2400,3600,6200,7900,113605,1441,410.0,628.916226948803,1.6083099999377737,7880.178569999771,4457.730381585317
1776010953,65,,Aggregated,112.200000,0.000000,410,680,840,970,1300,1700,2200,2400,3600,6200,7900,113726,1441,410.0,628.4988260954299,1.6083099999377737,7880.178569999771,4457.79131421135
1776010954,70,,Aggregated,111.400000,0.000000,410,680,840,970,1300,1700,2200,2400,3600,6200,7900,113865,1441,410.0,628.0187084948748,1.6083099999377737,7880.178569999771,4457.861151363457
1776010955,76,,Aggregated,113.800000,0.000000,410,680,840,970,1300,1700,2200,2400,3600,6200,7900,114011,1441,410.0,627.5184340078489,1.6083099999377737,7880.178569999771,4457.934322126813
1776010956,82,,Aggregated,114.800000,0.000000,410,680,840,960,1300,1700,2200,2400,3600,6200,7900,114155,1441,410.0,627.0220165932184,1.6083099999377737,7880.178569999771,4458.0063072138755
1776010956,89,,Aggregated,114.800000,0.000000,410,680,840,960,1300,1700,2200,2400,3600,6200,7900,114329,1441,410.0,626.425417363476,1.6083099999377737,7880.178569999771,4458.09304725835
1776010957,96,,Aggregated,119.300000,0.000000,410,680,840,960,1300,1700,2200,2400,3600,6200,7900,114511,1441,410.0,625.802786500239,1.6083099999377737,7880.178569999771,4458.183493288854
1776010958,104,,Aggregated,124.900000,0.000000,410,680,830,960,1300,1700,2200,2400,3600,6200,7900,114698,1441,410.0,625.1627466474473,1.6083099999377737,7880.178569999771,4458.276125128598
1776010959,113,,Aggregated,133.100000,0.000000,400,680,830,960,1300,1700,2200,2400,3600,6200,7900,114913,1441,400.0,624.4300555111158,1.6083099999377737,7880.178569999771,4458.3822544011555
1776010960,122,,Aggregated,142.000000,0.000000,400,680,830,960,1300,1700,2200,2400,3600,6200,7900,115146,1441,400.0,623.6424906146018,1.6083099999377737,7880.178569999771,4458.49682142671
1776010961,131,,Aggregated,152.700000,0.000000,400,670,830,960,1300,1700,2200,2400,3600,6200,7900,115390,1441,400.0,622.8218583498478,1.6083099999377737,7880.178569999771,4458.616301239275
1776010962,141,,Aggregated,164.800000,0.000000,400,670,830,960,1300,1700,2200,2400,3600,6200,7900,115647,1441,400.0,621.963942699845,1.6083099999377737,7880.178569999771,4458.741601597966
1776010963,151,,Aggregated,177.800000,0.000000,400,670,830,960,1300,1700,2200,2400,3600,6200,7900,115944,1449,400.0,620.9704358167667,1.6083099999377737,7880.178569999771,4458.5741823639
1776010964,162,,Aggregated,195.700000,0.000000,390,670,830,960,1300,1700,2200,2400,3500,6200,7900,116200,1480,390.0,620.2410983034353,1.6083099999377737,7880.178569999771,4457.493975903614
1776010965,173,,Aggregated,210.900000,0.000000,390,670,830,950,1300,1700,2200,2400,3500,6200,7900,116478,1480,390.0,619.5179875037281,1.6083099999377737,7880.178569999771,4457.631226497708
1776010966,185,,Aggregated,227.100000,3.900000,390,670,820,950,1300,1700,2200,2400,3500,6200,7900,116803,1480,390.0,618.5590436860276,1.6083099999377737,7880.178569999771,4457.790852974666
1776010973,197,,Aggregated,186.500000,3.900000,390,660,820,950,1300,1700,2200,2400,3500,6200,7900,117153,1480,390.0,617.5086303385239,1.6083099999377737,7880.178569999771,4457.961767944483
1776010967,209,,Aggregated,240.600000,3.900000,390,660,820,950,1300,1700,2200,2400,3500,6200,7900,117536,1480,390.0,616.2950484424268,1.6083099999377737,7880.178569999771,4458.147631364008
1776010968,221,,Aggregated,257.000000,3.900000,380,660,820,950,1300,1700,2200,2400,3500,6200,7900,117932,1480,380.0,615.0613015508012,1.6083099999377737,7880.178569999771,4458.338534070482
1776010969,234,,Aggregated,276.500000,3.900000,380,660,820,950,1300,1700,2200,2400,3500,6200,7900,118367,1480,380.0,613.6866572831873,1.6083099999377737,7880.178569999771,4458.546765568106
1776010970,246,,Aggregated,298.100000,3.900000,380,660,820,950,1300,1700,2200,2400,3500,6200,7900,118816,1480,380.0,612.3025182541815,1.6083099999377737,7880.178569999771,4458.760099649879
1776010971,259,,Aggregated,319.100000,3.900000,370,650,810,940,1300,1700,2200,2400,3500,6200,7900,119277,1480,370.0,610.9724029610805,1.6083099999377737,7880.178569999771,4458.977464221937
1776010972,272,,Aggregated,343.400000,3.900000,370,650,810,940,1300,1700,2200,2400,3500,6200,7900,119749,1480,370.0,609.6581951748137,1.6083099999377737,7880.178569999771,4459.198281405273
1776010973,285,,Aggregated,365.100000,3.900000,370,650,810,940,1300,1700,2200,2400,3500,6200,7900,120235,1480,370.0,608.3480302999018,1.6083099999377737,7880.178569999771,4459.423836653221
1776010974,299,,Aggregated,392.900000,3.900000,370,650,810,940,1300,1700,2200,2400,3500,6200,7900,120688,1480,370.0,607.3214861344027,1.6083099999377737,7880.178569999771,4459.632440673472
1776010975,312,,Aggregated,412.900000,3.900000,370,650,800,940,1300,1700,2200,2400,3500,6200,7900,121147,1480,370.0,606.4342490669914,1.6083099999377737,7880.178569999771,4459.842216480804
1776010976,325,,Aggregated,439.200000,0.000000,370,640,800,930,1300,1700,2200,2400,3500,6200,7900,121657,1480,370.0,605.4905315760602,1.6083099999377737,7880.178569999771,4460.0734441914565
1776010976,338,,Aggregated,439.200000,0.000000,360,640,800,930,1300,1700,2200,2400,3500,6200,7900,122231,1480,360.0,604.0291754187459,1.6083099999377737,7880.178569999771,4460.331380746292
1776010977,351,,Aggregated,457.900000,0.000000,360,640,800,930,1300,1700,2100,2400,3500,6200,7900,122815,1480,360.0,602.5473677509978,1.6083099999377737,7880.178569999771,4460.591336563123
1776010978,364,,Aggregated,472.900000,0.000000,360,640,790,930,1300,1700,2100,2400,3500,6200,7900,123343,1480,360.0,601.4199429412207,1.6083099999377737,7880.178569999771,4460.82424620773
1776010979,376,,Aggregated,500.800000,0.000000,360,630,790,920,1300,1700,2100,2400,3500,6200,7900,123787,1480,360.0,600.7916255894319,1.6083099999377737,7880.178569999771,4461.018564146478
1776010980,389,,Aggregated,519.200000,0.000000,360,640,790,920,1300,1700,2100,2400,3500,6200,7900,124243,1480,360.0,600.6718374140111,1.6083099999377737,7880.178569999771,4461.216688264128
1776010981,401,,Aggregated,537.700000,0.000000,360,640,790,920,1300,1700,2100,2400,3500,6200,7900,124688,1480,360.0,600.5212593255098,1.6083099999377737,7880.178569999771,4461.408635955345
1776010982,413,,Aggregated,535.300000,0.000000,360,640,790,920,1300,1700,2100,2400,3500,6200,7900,125018,1480,360.0,600.835231866764,1.6083099999377737,7880.178569999771,4461.550096786063
1776010983,424,,Aggregated,535.800000,0.000000,360,640,800,930,1300,1700,2100,2400,3500,6200,7900,125342,1480,360.0,601.7509333550544,1.6083099999377737,7880.178569999771,4461.688260918128
1776010984,435,,Aggregated,525.600000,0.000000,360,640,800,930,1300,1700,2100,2400,3500,6200,7900,125697,1485,360.0,602.3763585394174,1.6083099999377737,7880.178569999771,4461.65922814387
1776010985,446,,Aggregated,508.700000,0.000000,370,640,800,930,1300,1700,2100,2400,3500,6200,7900,126075,1494,370.0,603.3332989715572,1.6083099999377737,7880.178569999771,4461.496847114812
1776010986,457,,Aggregated,504.300000,0.500000,370,640,800,930,1300,1700,2100,2400,3500,6200,7900,126447,1509,370.0,604.1490715601717,1.6083099999377737,7880.178569999771,4461.118650501791
1776010986,467,,Aggregated,504.300000,0.500000,370,640,800,930,1300,1700,2100,2400,3500,6200,7900,126843,1528,370.0,605.266066315516,1.6083099999377737,7880.178569999771,4460.610557933824
1776010987,476,,Aggregated,491.900000,1.100000,370,640,800,940,1300,1700,2100,2400,3500,6200,7900,127194,1542,370.0,606.5100373055251,1.6083099999377737,7880.178569999771,4460.26369168357
1776010988,485,,Aggregated,484.000000,2.600000,370,650,810,940,1300,1700,2100,2400,3500,6200,7900,127588,1558,370.0,607.5795793997007,1.6083099999377737,7880.178569999771,4459.866523497508
1776010989,494,,Aggregated,461.200000,4.200000,380,650,810,940,1300,1700,2100,2400,3500,6200,7900,128094,1576,380.0,608.4011567407442,1.6083099999377737,7880.178569999771,4459.4498571361655
1776010990,502,,Aggregated,439.300000,5.600000,380,650,810,940,1300,1700,2100,2400,3500,6200,7900,128596,1594,380.0,608.8211082171978,1.6083099999377737,7880.178569999771,4459.034728918474
1776010991,509,,Aggregated,424.900000,7.400000,380,650,810,940,1300,1700,2100,2400,3500,6200,7900,129061,1609,380.0,609.1608708285908,1.6083099999377737,7880.178569999771,4458.711616987316
1776010992,516,,Aggregated,433.600000,9.100000,380,650,810,940,1300,1700,2100,2400,3500,6200,7900,129550,1631,380.0,609.8428034920007,1.6083099999377737,7880.178569999771,4458.157352373601
1776010993,522,,Aggregated,440.500000,10.900000,390,650,820,940,1300,1700,2100,2400,3500,6200,7900,130036,1645,390.0,610.2850178292061,1.6083099999377737,7880.178569999771,4457.883701436525
1776010994,528,,Aggregated,445.800000,13.100000,390,650,820,940,1300,1700,2100,2400,3500,6200,7900,130537,1653,390.0,610.7690123839108,1.6083099999377737,7880.178569999771,4457.826210193279
1776010995,533,,Aggregated,465.600000,14.500000,390,650,820,940,1300,1700,2100,2400,3500,6200,7900,130992,1661,390.0,611.1423764148836,1.6083099999377737,7880.178569999771,4457.749061011359
1776010996,537,,Aggregated,470.300000,15.700000,390,650,820,950,1300,1700,2100,2400,3500,6200,7900,131513,1668,390.0,611.9202391073774,1.6083099999377737,7880.178569999771,4457.735547056184
1776010996,541,,Aggregated,470.300000,15.700000,390,660,820,950,1300,1700,2100,2400,3500,6200,7900,132059,1673,390.0,612.6816374441594,1.6083099999377737,7880.178569999771,4457.801361512657
1776010997,544,,Aggregated,485.600000,15.800000,390,660,820,950,1300,1700,2100,2400,3500,6200,7900,132716,1673,390.0,612.768455855498,1.6083099999377737,7880.178569999771,4458.0845188221465
1776010998,547,,Aggregated,495.600000,14.900000,390,660,820,950,1300,1700,2100,2400,3500,6200,7900,133369,1673,390.0,612.5046069626242,1.6083099999377737,7880.178569999771,4458.363187847251
1776010999,548,,Aggregated,520.700000,14.000000,390,660,820,950,1300,1700,2100,2400,3500,6200,7900,133997,1673,390.0,612.1485382938281,1.6083099999377737,7880.178569999771,4458.628626014015
1776011000,549,,Aggregated,547.400000,12.600000,390,660,820,950,1300,1700,2100,2400,3500,6200,7900,134564,1673,390.0,612.241331753203,1.6083099999377737,7880.178569999771,4458.866152908653
1776011001,549,,Aggregated,578.800000,11.800000,390,660,820,950,1300,1700,2100,2400,3500,6200,7900,135141,1673,390.0,612.4668529817613,1.6083099999377737,7880.178569999771,4459.10582280729
1776011002,549,,Aggregated,589.100000,10.100000,390,660,820,950,1300,1700,2100,2400,3500,6200,7900,135788,1673,390.0,612.3853278917745,1.6083099999377737,7880.178569999771,4459.372146286859
1776011003,548,,Aggregated,592.200000,8.300000,390,660,820,940,1300,1700,2100,2400,3500,6200,7900,136428,1673,390.0,612.1130720506652,1.6083099999377737,7880.178569999771,4459.633103175302
1776011004,546,,Aggregated,606.400000,6.100000,400,660,820,940,1300,1700,2100,2400,3500,6200,7900,137029,1673,400.0,611.9409044687483,1.6083099999377737,7880.178569999771,4459.875938669917
1776011005,544,,Aggregated,620.100000,4.700000,400,660,820,940,1300,1700,2100,2400,3500,6200,7900,137664,1673,400.0,611.8829172512643,1.6083099999377737,7880.178569999771,4460.130208333333
1776011006,541,,Aggregated,636.500000,3.100000,400,660,820,940,1300,1700,2100,2400,3500,6200,7900,138320,1673,400.0,611.4997508725263,1.6083099999377737,7880.178569999771,4460.390435222672
1776011006,537,,Aggregated,636.500000,3.100000,400,660,820,940,1300,1700,2100,2400,3500,6200,7900,138983,1673,400.0,611.1228062427631,1.6083099999377737,7880.178569999771,4460.650942921076
1776011007,532,,Aggregated,648.200000,2.400000,400,660,820,940,1300,1700,2100,2400,3500,6200,7900,139629,1673,400.0,610.6982652135152,1.6083099999377737,7880.178569999771,4460.902391337043
1776011008,527,,Aggregated,664.000000,1.800000,400,660,820,940,1300,1700,2100,2400,3500,6100,7900,140307,1673,400.0,610.3155212380558,1.6083099999377737,7880.178569999771,4461.163805084565
1776011009,522,,Aggregated,671.200000,1.100000,400,660,810,930,1300,1700,2100,2400,3500,6100,7900,141004,1673,400.0,609.571842620335,1.6083099999377737,7880.178569999771,4461.429923973788
1776011010,515,,Aggregated,671.600000,1.100000,400,660,810,930,1300,1700,2100,2400,3500,6100,7900,141628,1673,400.0,608.8832971929115,1.6083099999377737,7880.178569999771,4461.665948823679
1776011011,508,,Aggregated,681.000000,0.100000,400,660,810,930,1300,1700,2100,2400,3500,6100,7900,142194,1673,400.0,608.7902603324158,1.6083099999377737,7880.178569999771,4461.878243807756
1776011012,501,,Aggregated,688.300000,0.100000,400,660,810,930,1300,1700,2100,2400,3500,6100,7900,142807,1673,400.0,608.4952453229009,1.6083099999377737,7880.178569999771,4462.106269300524
1776011013,493,,Aggregated,695.400000,0.100000,410,650,810,930,1300,1700,2100,2400,3500,6100,7900,143396,1673,410.0,608.2028267919438,1.6083099999377737,7880.178569999771,4462.323530642417
1776011014,484,,Aggregated,697.800000,0.100000,410,650,810,930,1300,1700,2100,2400,3500,6100,7900,144003,1673,410.0,607.7643035298406,1.6083099999377737,7880.178569999771,4462.545571967251
1776011015,475,,Aggregated,693.000000,0.100000,410,650,810,920,1300,1600,2100,2400,3500,6100,7900,144610,1673,410.0,607.2881675413716,1.6083099999377737,7880.178569999771,4462.765749256621
1776011016,465,,Aggregated,701.200000,0.000000,410,650,800,920,1300,1600,2100,2400,3500,6100,7900,145189,1673,410.0,606.8912231153722,1.6083099999377737,7880.178569999771,4462.974054508261
1776011016,455,,Aggregated,701.200000,0.000000,410,650,800,920,1300,1600,2100,2400,3500,6100,7900,145781,1673,410.0,606.4586767874267,1.6083099999377737,7880.178569999771,4463.185325934107
1776011017,445,,Aggregated,700.000000,0.000000,410,650,800,920,1300,1600,2100,2400,3500,6100,7900,146368,1673,410.0,605.8067707270554,1.6083099999377737,7880.178569999771,4463.393125546568
1776011018,434,,Aggregated,695.200000,0.000000,410,650,800,920,1300,1600,2100,2400,3500,6100,7900,146961,1673,410.0,605.2129840956297,1.6083099999377737,7880.178569999771,4463.6013636270845
1776011019,423,,Aggregated,688.300000,0.000000,410,650,800,910,1300,1600,2100,2400,3400,6100,7900,147553,1673,410.0,604.5430589816386,1.6083099999377737,7880.178569999771,4463.807581004791
1776011020,411,,Aggregated,682.900000,0.000000,410,650,800,910,1300,1600,2100,2400,3400,6100,7900,148074,1673,410.0,603.9975956543202,1.6083099999377737,7880.178569999771,4463.987702094899
1776011021,399,,Aggregated,669.000000,0.000000,410,650,790,910,1300,1600,2100,2400,3400,6100,7900,148550,1673,410.0,603.5592785661929,1.6083099999377737,7880.178569999771,4464.151161225177
1776011022,387,,Aggregated,657.700000,0.000000,410,650,790,910,1300,1600,2100,2400,3400,6100,7900,149073,1673,410.0,603.2059485961771,1.6083099999377737,7880.178569999771,4464.32955666016
1776011023,375,,Aggregated,647.500000,0.000000,410,640,790,910,1300,1600,2100,2400,3400,6100,7900,149632,1673,410.0,602.5508570675923,1.6083099999377737,7880.178569999771,4464.518852919162
1776011024,362,,Aggregated,635.400000,0.000000,410,640,790,910,1300,1600,2100,2400,3400,6100,7900,150183,1673,410.0,601.6263518244937,1.6083099999377737,7880.178569999771,4464.704061045524
1776011025,349,,Aggregated,628.000000,0.000000,410,640,790,900,1300,1600,2000,2300,3400,6100,7900,150716,1673,410.0,600.7563062288544,1.6083099999377737,7880.178569999771,4464.881930252926
1776011026,336,,Aggregated,618.900000,0.000000,410,640,790,900,1300,1600,2000,2300,3400,6100,7900,151261,1673,410.0,599.7884043596699,1.6083099999377737,7880.178569999771,4465.062507850669
1776011026,323,,Aggregated,618.900000,0.000000,400,640,790,900,1300,1600,2000,2300,3400,6100,7900,151786,1673,400.0,598.7887013065645,1.6083099999377737,7880.178569999771,4465.235232498386
1776011027,310,,Aggregated,614.000000,0.000000,400,640,780,900,1200,1600,2000,2300,3400,6100,7900,152327,1673,400.0,597.6860833288799,1.6083099999377737,7880.178569999771,4465.411975552594
1776011028,300,,Aggregated,608.100000,0.000000,400,630,780,900,1200,1600,2000,2300,3400,6100,7900,152830,1673,400.0,596.6974284009584,1.6083099999377737,7880.178569999771,4465.575181574298
1776011029,290,,Aggregated,601.700000,0.000000,400,630,780,890,1200,1600,2000,2300,3400,6100,7900,153364,1673,400.0,595.5631862748661,1.6083099999377737,7880.178569999771,4465.747274458152
1776011030,280,,Aggregated,597.800000,0.000000,400,630,780,890,1200,1600,2000,2300,3400,6100,7900,153871,1673,400.0,594.424087911033,1.6083099999377737,7880.178569999771,4465.909560605962
1776011031,270,,Aggregated,585.500000,0.000000,390,630,780,890,1200,1600,2000,2300,3400,6100,7900,154360,1673,390.0,593.3327608954306,1.6083099999377737,7880.178569999771,4466.065075149002
1776011032,260,,Aggregated,580.500000,0.000000,390,630,770,890,1200,1600,2000,2300,3400,6100,7900,154848,1673,390.0,592.2240240287169,1.6083099999377737,7880.178569999771,4466.219292467452
1776011033,250,,Aggregated,577.800000,0.000000,390,630,770,890,1200,1600,2000,2300,3400,6100,7900,155282,1673,390.0,591.2771461563394,1.6083099999377737,7880.178569999771,4466.355630401463
1776011034,240,,Aggregated,578.100000,0.000000,390,630,770,890,1200,1600,2000,2300,3400,6100,7900,155732,1673,390.0,590.2752971446367,1.6083099999377737,7880.178569999771,4466.496192176302
1776011035,230,,Aggregated,571.900000,0.000000,390,620,770,880,1200,1600,2000,2300,3400,6100,7900,156151,1673,390.0,589.3411211853811,1.6083099999377737,7880.178569999771,4466.626342450577
1776011036,220,,Aggregated,557.200000,0.000000,380,620,770,880,1200,1600,2000,2300,3400,6100,7900,156560,1673,380.0,588.4481023955577,1.6083099999377737,7880.178569999771,4466.752714614206
1776011037,210,,Aggregated,546.800000,0.000000,380,620,770,880,1200,1600,2000,2300,3400,6100,7900,156953,1673,380.0,587.5632506865016,1.6083099999377737,7880.178569999771,4466.873522646907
1776011038,200,,Aggregated,534.400000,0.000000,380,620,770,880,1200,1600,2000,2300,3400,6100,7900,157328,1673,380.0,586.7255942195198,1.6083099999377737,7880.178569999771,4466.98823477067
1776011039,190,,Aggregated,519.400000,0.000000,380,620,770,880,1200,1600,2000,2300,3400,6100,7900,157669,1673,380.0,585.9618920555637,1.6083099999377737,7880.178569999771,4467.092072633174
1776011040,180,,Aggregated,502.200000,0.000000,380,620,770,880,1200,1600,2000,2300,3400,6100,7900,158009,1674,380.0,585.2208245317589,1.6083099999377737,7880.178569999771,4467.166585447664
1776011041,170,,Aggregated,487.500000,0.000000,380,620,760,880,1200,1600,2000,2300,3400,6100,7900,158327,1674,380.0,584.5411546161349,1.6083099999377737,7880.178569999771,4467.26265892741
1776011048,160,,Aggregated,241.100000,0.100000,380,620,760,880,1200,1600,2000,2300,3400,6100,7900,158629,1674,380.0,583.8876231534516,1.6083099999377737,7880.178569999771,4467.353541912261
1776011042,150,,Aggregated,468.300000,0.100000,370,610,760,870,1200,1600,2000,2300,3400,6100,7900,158905,1674,370.0,583.3206177846436,1.6083099999377737,7880.178569999771,4467.436298417293
1776011043,140,,Aggregated,449.700000,0.100000,370,610,760,870,1200,1600,2000,2300,3400,6100,7900,159137,1674,370.0,582.8686603843155,1.6083099999377737,7880.178569999771,4467.505639794643
1776011044,130,,Aggregated,427.500000,0.100000,370,610,760,870,1200,1600,2000,2300,3400,6100,7900,159383,1674,370.0,582.355036036458,1.6083099999377737,7880.178569999771,4467.578945056875
1776011045,120,,Aggregated,405.600000,0.100000,370,610,760,870,1200,1600,2000,2300,3400,6100,7900,159609,1674,370.0,581.8640479118895,1.6083099999377737,7880.178569999771,4467.646091385825
1776011046,110,,Aggregated,382.000000,0.100000,370,610,760,870,1200,1600,2000,2300,3400,6100,7900,159811,1674,370.0,581.4185186641641,1.6083099999377737,7880.178569999771,4467.705946399184
1776011047,100,,Aggregated,360.000000,0.100000,370,610,760,870,1200,1600,2000,2300,3400,6100,7900,159996,1674,370.0,581.0124047322364,1.6083099999377737,7880.178569999771,4467.760631515788
1776011048,90,,Aggregated,340.700000,0.100000,370,610,760,870,1200,1600,2000,2300,3400,6100,7900,160160,1674,370.0,580.6611093798005,1.6083099999377737,7880.178569999771,4467.8090034965035
1776011049,80,,Aggregated,317.100000,0.100000,370,610,760,870,1200,1600,2000,2300,3400,6100,7900,160310,1674,370.0,580.3339977387491,1.6083099999377737,7880.178569999771,4467.853159503462
1776011050,70,,Aggregated,296.800000,0.100000,370,610,760,870,1200,1600,2000,2300,3400,6100,7900,160441,1674,370.0,580.046732894951,1.6083099999377737,7880.178569999771,4467.891654876247
1776011051,60,,Aggregated,270.100000,0.100000,370,610,760,870,1200,1600,2000,2300,3400,6100,7900,160555,1674,370.0,579.7963055504893,1.6083099999377737,7880.178569999771,4467.925103547071
1776011058,50,,Aggregated,102.500000,0.000000,370,610,760,870,1200,1600,2000,2300,3400,6100,7900,160651,1674,370.0,579.5869161888736,1.6083099999377737,7880.178569999771,4467.953234029044
1776011052,40,,Aggregated,249.800000,0.000000,370,610,760,870,1200,1600,2000,2300,3400,6100,7900,160723,1674,370.0,579.4349523071911,1.6083099999377737,7880.178569999771,4467.974309837422
1776011053,30,,Aggregated,229.600000,0.000000,370,610,760,870,1200,1600,2000,2300,3400,6100,7900,160784,1674,370.0,579.301609188468,1.6083099999377737,7880.178569999771,4467.992150960295
1776011054,20,,Aggregated,204.500000,0.000000,370,610,760,870,1200,1600,2000,2300,3400,6100,7900,160820,1674,370.0,579.222754064287,1.6083099999377737,7880.178569999771,4468.002673796792
1776011055,10,,Aggregated,187.000000,0.000000,370,610,760,870,1200,1600,2000,2300,3400,6100,7900,160838,1674,370.0,579.1836669492818,1.6083099999377737,7880.178569999771,4468.007933448564
1776011056,10,,Aggregated,160.300000,0.000000,370,610,760,870,1200,1600,2000,2300,3400,6100,7900,160856,1674,370.0,579.1458474138273,1.6083099999377737,7880.178569999771,4468.013191923211
1776011057,10,,Aggregated,140.500000,0.000000,370,610,760,870,1200,1600,2000,2300,3400,6100,7900,160875,1674,370.0,579.1068021278543,1.6083099999377737,7880.178569999771,4468.018741258741
1776011058,10,,Aggregated,120.300000,0.000000,370,610,760,870,1200,1600,2000,2300,3400,6100,7900,160893,1674,370.0,579.0673663390485,1.6083099999377737,7880.178569999771,4468.0239973149855
1776011059,10,,Aggregated,97.900000,0.000000,370,610,760,870,1200,1600,2000,2300,3400,6100,7900,160912,1674,370.0,579.0255963158035,1.6083099999377737,7880.178569999771,4468.029544098637
1776011060,10,,Aggregated,83.000000,0.000000,370,610,760,870,1200,1600,2000,2300,3400,6100,7900,160932,1674,370.0,578.9816643620197,1.6083099999377737,7880.178569999771,4468.035381403326
1776011061,10,,Aggregated,64.800000,0.000000,370,610,760,870,1200,1600,2000,2300,3400,6100,7900,160948,1674,370.0,578.9463984781951,1.6083099999377737,7880.178569999771,4468.0400502025495
1776011068,10,,Aggregated,14.500000,0.000000,370,610,760,870,1200,1600,2000,2300,3400,6100,7900,160969,1674,370.0,578.9000729265169,1.6083099999377737,7880.178569999771,4468.046176593009
1776011062,10,,Aggregated,53.300000,0.000000,370,610,760,870,1200,1600,2000,2300,3400,6100,7900,160987,1674,370.0,578.8604930985641,1.6083099999377737,7880.178569999771,4468.051426512699
1776011063,10,,Aggregated,43.400000,0.000000,370,610,760,870,1200,1600,2000,2300,3400,6100,7900,161009,1674,370.0,578.8122976197513,1.6083099999377737,7880.178569999771,4468.057841487122
1776011064,10,,Aggregated,34.900000,0.000000,370,610,760,870,1200,1600,2000,2300,3400,6100,7900,161027,1674,370.0,578.7726924713777,1.6083099999377737,7880.178569999771,4468.063088798773
1776011065,10,,Aggregated,30.000000,0.000000,370,610,760,870,1200,1600,2000,2300,3400,6100,7900,161047,1674,370.0,578.7286386515648,1.6083099999377737,7880.178569999771,4468.068917769347
1776011066,10,,Aggregated,23.200000,0.000000,370,610,760,870,1200,1600,2000,2300,3400,6100,7900,161067,1674,370.0,578.6845962318697,1.6083099999377737,7880.178569999771,4468.0747452923315
1776011067,10,,Aggregated,22.400000,0.000000,370,610,760,870,1200,1600,2000,2300,3400,6100,7900,161084,1674,370.0,578.647152224793,1.6083099999377737,7880.178569999771,4468.079697549105
1776011068,10,,Aggregated,22.400000,0.000000,370,610,760,870,1200,1600,2000,2300,3400,6100,7900,161102,1674,370.0,578.6076760884318,1.6083099999377737,7880.178569999771,4468.084939975916
1776011069,10,,Aggregated,22.800000,0.000000,370,610,760,870,1200,1600,2000,2300,3400,6100,7900,161122,1674,370.0,578.5637314662092,1.6083099999377737,7880.178569999771,4468.0907635208105
1776011070,10,,Aggregated,23.100000,0.000000,370,610,760,870,1200,1600,2000,2300,3400,6100,7900,161138,1676,370.0,578.5281737429319,1.6083099999377737,7880.178569999771,4468.039382392732
1776011071,10,,Aggregated,21.100000,0.000000,370,610,760,870,1200,1600,2000,2300,3400,6100,7900,161157,1676,370.0,578.489778002126,1.6083099999377737,7880.178569999771,4468.044918929988
1776011078,10,,Aggregated,12.900000,0.200000,370,610,760,870,1200,1600,2000,2300,3400,6100,7900,161176,1676,370.0,578.4480642014233,1.6083099999377737,7880.178569999771,4468.05045416191
1776011072,10,,Aggregated,20.800000,0.100000,370,610,760,870,1200,1600,2000,2300,3400,6100,7900,161194,1676,370.0,578.4087099133255,1.6083099999377737,7880.178569999771,4468.055696862166
1776011073,10,,Aggregated,21.100000,0.200000,360,610,760,870,1200,1600,2000,2300,3400,6100,7900,161215,1676,360.0,578.3623888202003,1.6083099999377737,7880.178569999771,4468.061811866141
1776011074,10,,Aggregated,20.700000,0.200000,360,610,760,870,1200,1600,2000,2300,3400,6100,7900,161232,1676,360.0,578.3249375751004,1.6083099999377737,7880.178569999771,4468.0667609407565
1776011075,10,,Aggregated,21.100000,0.200000,360,610,760,870,1200,1600,2000,2300,3400,6100,7900,161250,1676,360.0,578.2866450158054,1.6083099999377737,7880.178569999771,4468.072
1776011076,10,,Aggregated,20.800000,0.200000,360,610,760,870,1200,1600,2000,2300,3400,6100,7900,161268,1676,360.0,578.2471159674493,1.6083099999377737,7880.178569999771,4468.077237889724
1776011077,10,,Aggregated,20.700000,0.200000,360,610,760,870,1200,1600,2000,2300,3400,6100,7900,161289,1676,360.0,578.2009322931422,1.6083099999377737,7880.178569999771,4468.083347283447
1776011078,10,,Aggregated,20.800000,0.200000,360,610,760,870,1200,1600,2000,2300,3400,6100,7900,161308,1676,360.0,578.1590940479618,1.6083099999377737,7880.178569999771,4468.088873459469
1776011079,10,,Aggregated,20.500000,0.200000,360,610,760,870,1200,1600,2000,2300,3400,6100,7900,161327,1676,360.0,578.1173618107239,1.6083099999377737,7880.178569999771,4468.094398333819
1776011080,10,,Aggregated,20.100000,0.200000,360,610,760,870,1200,1600,2000,2300,3400,6100,7900,161346,1676,360.0,578.0756721337291,1.6083099999377737,7880.178569999771,4468.099921906958
1776011081,10,,Aggregated,20.200000,0.200000,360,610,760,870,1200,1600,2000,2300,3400,6100,7900,161365,1676,360.0,578.0338970354699,1.6083099999377737,7880.178569999771,4468.105444179345
1776011088,10,,Aggregated,12.800000,0.000000,360,610,760,870,1200,1600,2000,2300,3400,6100,7900,161385,1676,360.0,577.9899255705216,1.6083099999377737,7880.178569999771,4468.111255692908
1776011082,10,,Aggregated,20.100000,0.100000,360,610,760,870,1200,1600,2000,2300,3400,6100,7900,161405,1676,360.0,577.9460142783596,1.6083099999377737,7880.178569999771,4468.117065766241
1776011084,10,,Aggregated,20.100000,0.100000,360,610,760,870,1200,1600,2000,2300,3400,6100,7900,161405,1676,360.0,577.9460142783596,1.6083099999377737,7880.178569999771,4468.117065766241
1776011085,0,,Aggregated,20.300000,0.000000,360,610,760,870,1200,1600,2000,2300,3400,6100,7900,161406,1676,360.0,577.9541054987338,1.6083099999377737,7880.178569999771,4468.11735623211
1776011086,0,,Aggregated,20.300000,0.000000,360,610,760,870,1200,1600,2000,2300,3400,6100,7900,161406,1676,360.0,577.9541054987338,1.6083099999377737,7880.178569999771,4468.11735623211
1776011087,0,,Aggregated,20.300000,0.000000,360,610,760,870,1200,1600,2000,2300,3400,6100,7900,161406,1676,360.0,577.9541054987338,1.6083099999377737,7880.178569999771,4468.11735623211
1776011088,0,,Aggregated,20.300000,0.000000,360,610,760,870,1200,1600,2000,2300,3400,6100,7900,161406,1676,360.0,577.9541054987338,1.6083099999377737,7880.178569999771,4468.11735623211
1776011089,0,,Aggregated,20.300000,0.000000,360,610,760,870,1200,1600,2000,2300,3400,6100,7900,161406,1676,360.0,577.9541054987338,1.6083099999377737,7880.178569999771,4468.11735623211
1776011090,0,,Aggregated,20.300000,0.000000,360,610,760,870,1200,1600,2000,2300,3400,6100,7900,161406,1676,360.0,577.9541054987338,1.6083099999377737,7880.178569999771,4468.11735623211
1776011091,0,,Aggregated,20.300000,0.000000,360,610,760,870,1200,1600,2000,2300,3400,6100,7900,161406,1676,360.0,577.9541054987338,1.6083099999377737,7880.178569999771,4468.11735623211
1776011098,0,,Aggregated,20.300000,0.000000,360,610,760,870,1200,1600,2000,2300,3400,6100,7900,161406,1676,360.0,577.9541054987338,1.6083099999377737,7880.178569999771,4468.11735623211
1776011092,0,,Aggregated,20.300000,0.000000,360,610,760,870,1200,1600,2000,2300,3400,6100,7900,161406,1676,360.0,577.9541054987338,1.6083099999377737,7880.178569999771,4468.11735623211
1776011093,0,,Aggregated,20.300000,0.000000,360,610,760,870,1200,1600,2000,2300,3400,6100,7900,161406,1676,360.0,577.9541054987338,1.6083099999377737,7880.178569999771,4468.11735623211
1776011094,0,,Aggregated,20.300000,0.000000,360,610,760,870,1200,1600,2000,2300,3400,6100,7900,161406,1676,360.0,577.9541054987338,1.6083099999377737,7880.178569999771,4468.11735623211
1776011095,0,,Aggregated,20.300000,0.000000,360,610,760,870,1200,1600,2000,2300,3400,6100,7900,161406,1676,360.0,577.9541054987338,1.6083099999377737,7880.178569999771,4468.11735623211
1776011096,0,,Aggregated,20.300000,0.000000,360,610,760,870,1200,1600,2000,2300,3400,6100,7900,161406,1676,360.0,577.9541054987338,1.6083099999377737,7880.178569999771,4468.11735623211
1776011097,0,,Aggregated,20.300000,0.000000,360,610,760,870,1200,1600,2000,2300,3400,6100,7900,161406,1676,360.0,577.9541054987338,1.6083099999377737,7880.178569999771,4468.11735623211
1776011098,0,,Aggregated,20.300000,0.000000,360,610,760,870,1200,1600,2000,2300,3400,6100,7900,161406,1676,360.0,577.9541054987338,1.6083099999377737,7880.178569999771,4468.11735623211
1776011099,0,,Aggregated,20.300000,0.000000,360,610,760,870,1200,1600,2000,2300,3400,6100,7900,161406,1676,360.0,577.9541054987338,1.6083099999377737,7880.178569999771,4468.11735623211
1776011100,0,,Aggregated,20.300000,0.000000,360,610,760,870,1200,1600,2000,2300,3400,6100,7900,161406,1676,360.0,577.9541054987338,1.6083099999377737,7880.178569999771,4468.11735623211
1776011101,0,,Aggregated,20.300000,0.000000,360,610,760,870,1200,1600,2000,2300,3400,6100,7900,161406,1676,360.0,577.9541054987338,1.6083099999377737,7880.178569999771,4468.11735623211
1776011108,0,,Aggregated,20.300000,0.000000,360,610,760,870,1200,1600,2000,2300,3400,6100,7900,161406,1676,360.0,577.9541054987338,1.6083099999377737,7880.178569999771,4468.11735623211
1776011102,0,,Aggregated,20.300000,0.000000,360,610,760,870,1200,1600,2000,2300,3400,6100,7900,161406,1676,360.0,577.9541054987338,1.6083099999377737,7880.178569999771,4468.11735623211
1776011103,0,,Aggregated,20.300000,0.000000,360,610,760,870,1200,1600,2000,2300,3400,6100,7900,161406,1676,360.0,577.9541054987338,1.6083099999377737,7880.178569999771,4468.11735623211
1776011104,0,,Aggregated,20.300000,0.000000,360,610,760,870,1200,1600,2000,2300,3400,6100,7900,161406,1676,360.0,577.9541054987338,1.6083099999377737,7880.178569999771,4468.11735623211
1776011105,0,,Aggregated,20.300000,0.000000,360,610,760,870,1200,1600,2000,2300,3400,6100,7900,161406,1676,360.0,577.9541054987338,1.6083099999377737,7880.178569999771,4468.11735623211
1776011106,0,,Aggregated,20.300000,0.000000,360,610,760,870,1200,1600,2000,2300,3400,6100,7900,161406,1676,360.0,577.9541054987338,1.6083099999377737,7880.178569999771,4468.11735623211
1776011107,0,,Aggregated,20.300000,0.000000,360,610,760,870,1200,1600,2000,2300,3400,6100,7900,161406,1676,360.0,577.9541054987338,1.6083099999377737,7880.178569999771,4468.11735623211
1776011108,0,,Aggregated,20.300000,0.000000,360,610,760,870,1200,1600,2000,2300,3400,6100,7900,161406,1676,360.0,577.9541054987338,1.6083099999377737,7880.178569999771,4468.11735623211
1776011109,0,,Aggregated,20.300000,0.000000,360,610,760,870,1200,1600,2000,2300,3400,6100,7900,161406,1676,360.0,577.9541054987338,1.6083099999377737,7880.178569999771,4468.11735623211
1776011110,0,,Aggregated,20.300000,0.000000,360,610,760,870,1200,1600,2000,2300,3400,6100,7900,161406,1676,360.0,577.9541054987338,1.6083099999377737,7880.178569999771,4468.11735623211
1776011111,0,,Aggregated,20.300000,0.000000,360,610,760,870,1200,1600,2000,2300,3400,6100,7900,161406,1676,360.0,577.9541054987338,1.6083099999377737,7880.178569999771,4468.11735623211
1776011118,0,,Aggregated,20.300000,0.000000,360,610,760,870,1200,1600,2000,2300,3400,6100,7900,161406,1676,360.0,577.9541054987338,1.6083099999377737,7880.178569999771,4468.11735623211
1776011112,0,,Aggregated,20.300000,0.000000,360,610,760,870,1200,1600,2000,2300,3400,6100,7900,161406,1676,360.0,577.9541054987338,1.6083099999377737,7880.178569999771,4468.11735623211
1776011113,0,,Aggregated,20.300000,0.000000,360,610,760,870,1200,1600,2000,2300,3400,6100,7900,161406,1676,360.0,577.9541054987338,1.6083099999377737,7880.178569999771,4468.11735623211
1776011114,0,,Aggregated,20.300000,0.000000,360,610,760,870,1200,1600,2000,2300,3400,6100,7900,161406,1676,360.0,577.9541054987338,1.6083099999377737,7880.178569999771,4468.11735623211
1776011115,0,,Aggregated,20.300000,0.000000,360,610,760,870,1200,1600,2000,2300,3400,6100,7900,161406,1676,360.0,577.9541054987338,1.6083099999377737,7880.178569999771,4468.11735623211
1776011116,0,,Aggregated,20.300000,0.000000,360,610,760,870,1200,1600,2000,2300,3400,6100,7900,161406,1676,360.0,577.9541054987338,1.6083099999377737,7880.178569999771,4468.11735623211
1776011117,0,,Aggregated,20.300000,0.000000,360,610,760,870,1200,1600,2000,2300,3400,6100,7900,161406,1676,360.0,577.9541054987338,1.6083099999377737,7880.178569999771,4468.11735623211
1776011118,0,,Aggregated,20.300000,0.000000,360,610,760,870,1200,1600,2000,2300,3400,6100,7900,161406,1676,360.0,577.9541054987338,1.6083099999377737,7880.178569999771,4468.11735623211
1776011119,0,,Aggregated,20.300000,0.000000,360,610,760,870,1200,1600,2000,2300,3400,6100,7900,161406,1676,360.0,577.9541054987338,1.6083099999377737,7880.178569999771,4468.11735623211
1776011120,0,,Aggregated,20.300000,0.000000,360,610,760,870,1200,1600,2000,2300,3400,6100,7900,161406,1676,360.0,577.9541054987338,1.6083099999377737,7880.178569999771,4468.11735623211
1776011121,0,,Aggregated,20.300000,0.000000,360,610,760,870,1200,1600,2000,2300,3400,6100,7900,161406,1676,360.0,577.9541054987338,1.6083099999377737,7880.178569999771,4468.11735623211
1776011128,0,,Aggregated,20.300000,0.000000,360,610,760,870,1200,1600,2000,2300,3400,6100,7900,161406,1676,360.0,577.9541054987338,1.6083099999377737,7880.178569999771,4468.11735623211
1776011122,0,,Aggregated,20.300000,0.000000,360,610,760,870,1200,1600,2000,2300,3400,6100,7900,161406,1676,360.0,577.9541054987338,1.6083099999377737,7880.178569999771,4468.11735623211
1776011123,0,,Aggregated,20.300000,0.000000,360,610,760,870,1200,1600,2000,2300,3400,6100,7900,161406,1676,360.0,577.9541054987338,1.6083099999377737,7880.178569999771,4468.11735623211
1776011124,0,,Aggregated,20.300000,0.000000,360,610,760,870,1200,1600,2000,2300,3400,6100,7900,161406,1676,360.0,577.9541054987338,1.6083099999377737,7880.178569999771,4468.11735623211
1776011125,0,,Aggregated,20.300000,0.000000,360,610,760,870,1200,1600,2000,2300,3400,6100,7900,161406,1676,360.0,577.9541054987338,1.6083099999377737,7880.178569999771,4468.11735623211
1776011126,0,,Aggregated,20.300000,0.000000,360,610,760,870,1200,1600,2000,2300,3400,6100,7900,161406,1676,360.0,577.9541054987338,1.6083099999377737,7880.178569999771,4468.11735623211
1776011127,0,,Aggregated,20.300000,0.000000,360,610,760,870,1200,1600,2000,2300,3400,6100,7900,161406,1676,360.0,577.9541054987338,1.6083099999377737,7880.178569999771,4468.11735623211
1776011128,0,,Aggregated,20.300000,0.000000,360,610,760,870,1200,1600,2000,2300,3400,6100,7900,161406,1676,360.0,577.9541054987338,1.6083099999377737,7880.178569999771,4468.11735623211
1776011129,0,,Aggregated,20.300000,0.000000,360,610,760,870,1200,1600,2000,2300,3400,6100,7900,161406,1676,360.0,577.9541054987338,1.6083099999377737,7880.178569999771,4468.11735623211
1776011130,0,,Aggregated,20.300000,0.000000,360,610,760,870,1200,1600,2000,2300,3400,6100,7900,161406,1676,360.0,577.9541054987338,1.6083099999377737,7880.178569999771,4468.11735623211
1776011131,0,,Aggregated,20.300000,0.000000,360,610,760,870,1200,1600,2000,2300,3400,6100,7900,161406,1676,360.0,577.9541054987338,1.6083099999377737,7880.178569999771,4468.11735623211
1776011131,0,,Aggregated,20.300000,0.000000,360,610,760,870,1200,1600,2000,2300,3400,6100,7900,161406,1676,360.0,577.9541054987338,1.6083099999377737,7880.178569999771,4468.11735623211
1776011132,0,,Aggregated,20.300000,0.000000,360,610,760,870,1200,1600,2000,2300,3400,6100,7900,161406,1676,360.0,577.9541054987338,1.6083099999377737,7880.178569999771,4468.11735623211
1776011133,0,,Aggregated,20.300000,0.000000,360,610,760,870,1200,1600,2000,2300,3400,6100,7900,161406,1676,360.0,577.9541054987338,1.6083099999377737,7880.178569999771,4468.11735623211
1776011134,0,,Aggregated,20.300000,0.000000,360,610,760,870,1200,1600,2000,2300,3400,6100,7900,161406,1676,360.0,577.9541054987338,1.6083099999377737,7880.178569999771,4468.11735623211
1776011135,0,,Aggregated,20.300000,0.000000,360,610,760,870,1200,1600,2000,2300,3400,6100,7900,161406,1676,360.0,577.9541054987338,1.6083099999377737,7880.178569999771,4468.11735623211
1776011136,0,,Aggregated,20.300000,0.000000,360,610,760,870,1200,1600,2000,2300,3400,6100,7900,161406,1676,360.0,577.9541054987338,1.6083099999377737,7880.178569999771,4468.11735623211
1776011137,0,,Aggregated,20.300000,0.000000,360,610,760,870,1200,1600,2000,2300,3400,6100,7900,161406,1676,360.0,577.9541054987338,1.6083099999377737,7880.178569999771,4468.11735623211
1776011138,0,,Aggregated,20.300000,0.000000,360,610,760,870,1200,1600,2000,2300,3400,6100,7900,161406,1676,360.0,577.9541054987338,1.6083099999377737,7880.178569999771,4468.11735623211
1776011139,0,,Aggregated,20.300000,0.000000,360,610,760,870,1200,1600,2000,2300,3400,6100,7900,161406,1676,360.0,577.9541054987338,1.6083099999377737,7880.178569999771,4468.11735623211
1776011140,0,,Aggregated,20.300000,0.000000,360,610,760,870,1200,1600,2000,2300,3400,6100,7900,161406,1676,360.0,577.9541054987338,1.6083099999377737,7880.178569999771,4468.11735623211
1776011141,0,,Aggregated,20.300000,0.000000,360,610,760,870,1200,1600,2000,2300,3400,6100,7900,161406,1676,360.0,577.9541054987338,1.6083099999377737,7880.178569999771,4468.11735623211
1776011142,0,,Aggregated,20.300000,0.000000,360,610,760,870,1200,1600,2000,2300,3400,6100,7900,161406,1676,360.0,577.9541054987338,1.6083099999377737,7880.178569999771,4468.11735623211
1776011143,0,,Aggregated,20.300000,0.000000,360,610,760,870,1200,1600,2000,2300,3400,6100,7900,161406,1676,360.0,577.9541054987338,1.6083099999377737,7880.178569999771,4468.11735623211
1776011144,0,,Aggregated,20.300000,0.000000,360,610,760,870,1200,1600,2000,2300,3400,6100,7900,161406,1676,360.0,577.9541054987338,1.6083099999377737,7880.178569999771,4468.11735623211
1776011145,0,,Aggregated,20.300000,0.000000,360,610,760,870,1200,1600,2000,2300,3400,6100,7900,161406,1676,360.0,577.9541054987338,1.6083099999377737,7880.178569999771,4468.11735623211
1776011146,0,,Aggregated,20.300000,0.000000,360,610,760,870,1200,1600,2000,2300,3400,6100,7900,161406,1676,360.0,577.9541054987338,1.6083099999377737,7880.178569999771,4468.11735623211
1776011147,0,,Aggregated,20.300000,0.000000,360,610,760,870,1200,1600,2000,2300,3400,6100,7900,161406,1676,360.0,577.9541054987338,1.6083099999377737,7880.178569999771,4468.11735623211
1776011147,0,,Aggregated,20.300000,0.000000,360,610,760,870,1200,1600,2000,2300,3400,6100,7900,161406,1676,360.0,577.9541054987338,1.6083099999377737,7880.178569999771,4468.11735623211
1776011148,0,,Aggregated,20.300000,0.000000,360,610,760,870,1200,1600,2000,2300,3400,6100,7900,161406,1676,360.0,577.9541054987338,1.6083099999377737,7880.178569999771,4468.11735623211
1776011149,0,,Aggregated,20.300000,0.000000,360,610,760,870,1200,1600,2000,2300,3400,6100,7900,161406,1676,360.0,577.9541054987338,1.6083099999377737,7880.178569999771,4468.11735623211
1776011150,0,,Aggregated,20.300000,0.000000,360,610,760,870,1200,1600,2000,2300,3400,6100,7900,161406,1676,360.0,577.9541054987338,1.6083099999377737,7880.178569999771,4468.11735623211
1776011151,0,,Aggregated,20.300000,0.000000,360,610,760,870,1200,1600,2000,2300,3400,6100,7900,161406,1676,360.0,577.9541054987338,1.6083099999377737,7880.178569999771,4468.11735623211
1776011152,0,,Aggregated,20.300000,0.000000,360,610,760,870,1200,1600,2000,2300,3400,6100,7900,161406,1676,360.0,577.9541054987338,1.6083099999377737,7880.178569999771,4468.11735623211
1776011153,0,,Aggregated,20.300000,0.000000,360,610,760,870,1200,1600,2000,2300,3400,6100,7900,161406,1676,360.0,577.9541054987338,1.6083099999377737,7880.178569999771,4468.11735623211
1776011154,0,,Aggregated,20.300000,0.000000,360,610,760,870,1200,1600,2000,2300,3400,6100,7900,161406,1676,360.0,577.9541054987338,1.6083099999377737,7880.178569999771,4468.11735623211
1776011155,0,,Aggregated,20.300000,0.000000,360,610,760,870,1200,1600,2000,2300,3400,6100,7900,161406,1676,360.0,577.9541054987338,1.6083099999377737,7880.178569999771,4468.11735623211
1776011156,0,,Aggregated,20.300000,0.000000,360,610,760,870,1200,1600,2000,2300,3400,6100,7900,161406,1676,360.0,577.9541054987338,1.6083099999377737,7880.178569999771,4468.11735623211
1776011163,0,,Aggregated,20.300000,0.000000,360,610,760,870,1200,1600,2000,2300,3400,6100,7900,161406,1676,360.0,577.9541054987338,1.6083099999377737,7880.178569999771,4468.11735623211
1776011157,0,,Aggregated,20.300000,0.000000,360,610,760,870,1200,1600,2000,2300,3400,6100,7900,161406,1676,360.0,577.9541054987338,1.6083099999377737,7880.178569999771,4468.11735623211
1776011158,0,,Aggregated,20.300000,0.000000,360,610,760,870,1200,1600,2000,2300,3400,6100,7900,161406,1676,360.0,577.9541054987338,1.6083099999377737,7880.178569999771,4468.11735623211
1776011159,0,,Aggregated,20.300000,0.000000,360,610,760,870,1200,1600,2000,2300,3400,6100,7900,161406,1676,360.0,577.9541054987338,1.6083099999377737,7880.178569999771,4468.11735623211
1776011160,0,,Aggregated,20.300000,0.000000,360,610,760,870,1200,1600,2000,2300,3400,6100,7900,161406,1676,360.0,577.9541054987338,1.6083099999377737,7880.178569999771,4468.11735623211
1776011161,0,,Aggregated,20.300000,0.000000,360,610,760,870,1200,1600,2000,2300,3400,6100,7900,161406,1676,360.0,577.9541054987338,1.6083099999377737,7880.178569999771,4468.11735623211
1776011162,0,,Aggregated,20.300000,0.000000,360,610,760,870,1200,1600,2000,2300,3400,6100,7900,161406,1676,360.0,577.9541054987338,1.6083099999377737,7880.178569999771,4468.11735623211
1776011163,0,,Aggregated,20.300000,0.000000,360,610,760,870,1200,1600,2000,2300,3400,6100,7900,161406,1676,360.0,577.9541054987338,1.6083099999377737,7880.178569999771,4468.11735623211
1776011164,0,,Aggregated,20.300000,0.000000,360,610,760,870,1200,1600,2000,2300,3400,6100,7900,161406,1676,360.0,577.9541054987338,1.6083099999377737,7880.178569999771,4468.11735623211
1776011165,0,,Aggregated,20.300000,0.000000,360,610,760,870,1200,1600,2000,2300,3400,6100,7900,161406,1676,360.0,577.9541054987338,1.6083099999377737,7880.178569999771,4468.11735623211
1776011166,0,,Aggregated,20.300000,0.000000,360,610,760,870,1200,1600,2000,2300,3400,6100,7900,161406,1676,360.0,577.9541054987338,1.6083099999377737,7880.178569999771,4468.11735623211
1776011173,0,,Aggregated,20.300000,0.000000,360,610,760,870,1200,1600,2000,2300,3400,6100,7900,161406,1676,360.0,577.9541054987338,1.6083099999377737,7880.178569999771,4468.11735623211
1776011167,0,,Aggregated,20.300000,0.000000,360,610,760,870,1200,1600,2000,2300,3400,6100,7900,161406,1676,360.0,577.9541054987338,1.6083099999377737,7880.178569999771,4468.11735623211
1776011168,0,,Aggregated,20.300000,0.000000,360,610,760,870,1200,1600,2000,2300,3400,6100,7900,161406,1676,360.0,577.9541054987338,1.6083099999377737,7880.178569999771,4468.11735623211
1776011169,0,,Aggregated,20.300000,0.000000,360,610,760,870,1200,1600,2000,2300,3400,6100,7900,161406,1676,360.0,577.9541054987338,1.6083099999377737,7880.178569999771,4468.11735623211
1776011170,0,,Aggregated,20.300000,0.000000,360,610,760,870,1200,1600,2000,2300,3400,6100,7900,161406,1676,360.0,577.9541054987338,1.6083099999377737,7880.178569999771,4468.11735623211
1776011171,0,,Aggregated,20.300000,0.000000,360,610,760,870,1200,1600,2000,2300,3400,6100,7900,161406,1676,360.0,577.9541054987338,1.6083099999377737,7880.178569999771,4468.11735623211
1776011172,0,,Aggregated,20.300000,0.000000,360,610,760,870,1200,1600,2000,2300,3400,6100,7900,161406,1676,360.0,577.9541054987338,1.6083099999377737,7880.178569999771,4468.11735623211
1776011173,0,,Aggregated,20.300000,0.000000,360,610,760,870,1200,1600,2000,2300,3400,6100,7900,161406,1676,360.0,577.9541054987338,1.6083099999377737,7880.178569999771,4468.11735623211
1776011174,0,,Aggregated,20.300000,0.000000,360,610,760,870,1200,1600,2000,2300,3400,6100,7900,161406,1676,360.0,577.9541054987338,1.6083099999377737,7880.178569999771,4468.11735623211
1776011175,0,,Aggregated,20.300000,0.000000,360,610,760,870,1200,1600,2000,2300,3400,6100,7900,161406,1676,360.0,577.9541054987338,1.6083099999377737,7880.178569999771,4468.11735623211
1776011176,0,,Aggregated,20.300000,0.000000,360,610,760,870,1200,1600,2000,2300,3400,6100,7900,161406,1676,360.0,577.9541054987338,1.6083099999377737,7880.178569999771,4468.11735623211
1776011183,0,,Aggregated,20.300000,0.000000,360,610,760,870,1200,1600,2000,2300,3400,6100,7900,161406,1676,360.0,577.9541054987338,1.6083099999377737,7880.178569999771,4468.11735623211
1776011177,0,,Aggregated,20.300000,0.000000,360,610,760,870,1200,1600,2000,2300,3400,6100,7900,161406,1676,360.0,577.9541054987338,1.6083099999377737,7880.178569999771,4468.11735623211
1776011178,0,,Aggregated,20.300000,0.000000,360,610,760,870,1200,1600,2000,2300,3400,6100,7900,161406,1676,360.0,577.9541054987338,1.6083099999377737,7880.178569999771,4468.11735623211
1776011179,0,,Aggregated,20.300000,0.000000,360,610,760,870,1200,1600,2000,2300,3400,6100,7900,161406,1676,360.0,577.9541054987338,1.6083099999377737,7880.178569999771,4468.11735623211
1776011180,0,,Aggregated,20.300000,0.000000,360,610,760,870,1200,1600,2000,2300,3400,6100,7900,161406,1676,360.0,577.9541054987338,1.6083099999377737,7880.178569999771,4468.11735623211
1776011181,0,,Aggregated,20.300000,0.000000,360,610,760,870,1200,1600,2000,2300,3400,6100,7900,161406,1676,360.0,577.9541054987338,1.6083099999377737,7880.178569999771,4468.11735623211
1776011182,0,,Aggregated,20.300000,0.000000,360,610,760,870,1200,1600,2000,2300,3400,6100,7900,161406,1676,360.0,577.9541054987338,1.6083099999377737,7880.178569999771,4468.11735623211
1776011183,0,,Aggregated,20.300000,0.000000,360,610,760,870,1200,1600,2000,2300,3400,6100,7900,161406,1676,360.0,577.9541054987338,1.6083099999377737,7880.178569999771,4468.11735623211
1776011184,0,,Aggregated,20.300000,0.000000,360,610,760,870,1200,1600,2000,2300,3400,6100,7900,161406,1676,360.0,577.9541054987338,1.6083099999377737,7880.178569999771,4468.11735623211
1776011185,0,,Aggregated,20.300000,0.000000,360,610,760,870,1200,1600,2000,2300,3400,6100,7900,161406,1676,360.0,577.9541054987338,1.6083099999377737,7880.178569999771,4468.11735623211
1776011186,0,,Aggregated,20.300000,0.000000,360,610,760,870,1200,1600,2000,2300,3400,6100,7900,161406,1676,360.0,577.9541054987338,1.6083099999377737,7880.178569999771,4468.11735623211
1776011193,0,,Aggregated,20.300000,0.000000,360,610,760,870,1200,1600,2000,2300,3400,6100,7900,161406,1676,360.0,577.9541054987338,1.6083099999377737,7880.178569999771,4468.11735623211
1776011187,0,,Aggregated,20.300000,0.000000,360,610,760,870,1200,1600,2000,2300,3400,6100,7900,161406,1676,360.0,577.9541054987338,1.6083099999377737,7880.178569999771,4468.11735623211
1776011188,0,,Aggregated,20.300000,0.000000,360,610,760,870,1200,1600,2000,2300,3400,6100,7900,161406,1676,360.0,577.9541054987338,1.6083099999377737,7880.178569999771,4468.11735623211
1776011189,0,,Aggregated,20.300000,0.000000,360,610,760,870,1200,1600,2000,2300,3400,6100,7900,161406,1676,360.0,577.9541054987338,1.6083099999377737,7880.178569999771,4468.11735623211
1776011190,0,,Aggregated,20.300000,0.000000,360,610,760,870,1200,1600,2000,2300,3400,6100,7900,161406,1676,360.0,577.9541054987338,1.6083099999377737,7880.178569999771,4468.11735623211
1776011191,0,,Aggregated,20.300000,0.000000,360,610,760,870,1200,1600,2000,2300,3400,6100,7900,161406,1676,360.0,577.9541054987338,1.6083099999377737,7880.178569999771,4468.11735623211
1776011192,0,,Aggregated,20.300000,0.000000,360,610,760,870,1200,1600,2000,2300,3400,6100,7900,161406,1676,360.0,577.9541054987338,1.6083099999377737,7880.178569999771,4468.11735623211
1776011193,0,,Aggregated,20.300000,0.000000,360,610,760,870,1200,1600,2000,2300,3400,6100,7900,161406,1676,360.0,577.9541054987338,1.6083099999377737,7880.178569999771,4468.11735623211
1776011194,0,,Aggregated,20.300000,0.000000,360,610,760,870,1200,1600,2000,2300,3400,6100,7900,161406,1676,360.0,577.9541054987338,1.6083099999377737,7880.178569999771,4468.11735623211
1776011195,0,,Aggregated,20.300000,0.000000,360,610,760,870,1200,1600,2000,2300,3400,6100,7900,161406,1676,360.0,577.9541054987338,1.6083099999377737,7880.178569999771,4468.11735623211
1776011196,0,,Aggregated,20.300000,0.000000,360,610,760,870,1200,1600,2000,2300,3400,6100,7900,161406,1676,360.0,577.9541054987338,1.6083099999377737,7880.178569999771,4468.11735623211
1776011203,0,,Aggregated,20.300000,0.000000,360,610,760,870,1200,1600,2000,2300,3400,6100,7900,161406,1676,360.0,577.9541054987338,1.6083099999377737,7880.178569999771,4468.11735623211
1776011197,0,,Aggregated,20.300000,0.000000,360,610,760,870,1200,1600,2000,2300,3400,6100,7900,161406,1676,360.0,577.9541054987338,1.6083099999377737,7880.178569999771,4468.11735623211
1776011199,0,,Aggregated,20.300000,0.000000,360,610,760,870,1200,1600,2000,2300,3400,6100,7900,161406,1676,360.0,577.9541054987338,1.6083099999377737,7880.178569999771,4468.11735623211
1776011200,0,,Aggregated,20.300000,0.000000,360,610,760,870,1200,1600,2000,2300,3400,6100,7900,161406,1676,360.0,577.9541054987338,1.6083099999377737,7880.178569999771,4468.11735623211
1776011201,0,,Aggregated,20.300000,0.000000,360,610,760,870,1200,1600,2000,2300,3400,6100,7900,161406,1676,360.0,577.9541054987338,1.6083099999377737,7880.178569999771,4468.11735623211
1776011202,0,,Aggregated,20.300000,0.000000,360,610,760,870,1200,1600,2000,2300,3400,6100,7900,161406,1676,360.0,577.9541054987338,1.6083099999377737,7880.178569999771,4468.11735623211
1776011202,0,,Aggregated,20.300000,0.000000,360,610,760,870,1200,1600,2000,2300,3400,6100,7900,161406,1676,360.0,577.9541054987338,1.6083099999377737,7880.178569999771,4468.11735623211
1776011203,0,,Aggregated,20.300000,0.000000,360,610,760,870,1200,1600,2000,2300,3400,6100,7900,161406,1676,360.0,577.9541054987338,1.6083099999377737,7880.178569999771,4468.11735623211
1776011204,0,,Aggregated,20.300000,0.000000,360,610,760,870,1200,1600,2000,2300,3400,6100,7900,161406,1676,360.0,577.9541054987338,1.6083099999377737,7880.178569999771,4468.11735623211
1776011205,0,,Aggregated,20.300000,0.000000,360,610,760,870,1200,1600,2000,2300,3400,6100,7900,161406,1676,360.0,577.9541054987338,1.6083099999377737,7880.178569999771,4468.11735623211
1776011206,0,,Aggregated,20.300000,0.000000,360,610,760,870,1200,1600,2000,2300,3400,6100,7900,161406,1676,360.0,577.9541054987338,1.6083099999377737,7880.178569999771,4468.11735623211
1776011207,0,,Aggregated,20.300000,0.000000,360,610,760,870,1200,1600,2000,2300,3400,6100,7900,161406,1676,360.0,577.9541054987338,1.6083099999377737,7880.178569999771,4468.11735623211
1776011208,0,,Aggregated,20.300000,0.000000,360,610,760,870,1200,1600,2000,2300,3400,6100,7900,161406,1676,360.0,577.9541054987338,1.6083099999377737,7880.178569999771,4468.11735623211
1776011209,0,,Aggregated,20.300000,0.000000,360,610,760,870,1200,1600,2000,2300,3400,6100,7900,161406,1676,360.0,577.9541054987338,1.6083099999377737,7880.178569999771,4468.11735623211
