Timestamp,User Count,Type,Name,Requests/s,Failures/s,50%,66%,75%,80%,90%,95%,98%,99%,99.9%,99.99%,100%,Total Request Count,Total Failure Count,Total Median Response Time,Total Average Response Time,Total Min Response Time,Total Max Response Time,Total Average Content Size
1776008330,0,,Aggregated,0.000000,0.000000,N/A,N/A,N/A,N/A,N/A,N/A,N/A,N/A,N/A,N/A,N/A,0,0,0,0.0,0,0,0
1776008331,10,,Aggregated,0.000000,0.000000,430,430,440,440,440,510,510,510,510,510,510,12,0,420.0,396.34350249995504,208.55394999989585,511.34314000000813,4515.0
1776008332,20,,Aggregated,0.000000,0.000000,230,420,430,430,440,440,450,510,510,510,510,52,0,230.0,302.40141038461843,201.09012000011717,511.34314000000813,4515.0
1776008333,30,,Aggregated,9.000000,0.000000,230,230,420,430,430,440,440,450,510,510,510,104,0,230.0,283.51764903846055,201.09012000011717,511.34314000000813,4515.0
1776008334,40,,Aggregated,11.500000,0.000000,230,230,260,420,440,440,480,480,510,510,510,174,0,230.0,273.81222189655045,201.09012000011717,511.34314000000813,4515.0
1776008335,50,,Aggregated,29.000000,0.000000,230,230,290,350,430,460,510,560,570,570,570,261,0,230.0,275.3622544444386,199.36895000000732,565.0458000000071,4515.0
1776008336,50,,Aggregated,39.000000,0.000000,230,230,240,270,430,440,480,560,570,570,570,353,0,230.0,262.3948756373862,199.36895000000732,565.0458000000071,4515.0
1776008337,50,,Aggregated,48.600000,0.000000,230,230,230,240,410,440,480,560,570,570,570,453,0,230.0,255.2072857395104,199.36895000000732,565.0458000000071,4515.0
1776008344,50,,Aggregated,47.900000,0.000000,230,230,230,240,330,430,470,510,570,570,570,550,0,230.0,250.96350539999824,199.36895000000732,565.0458000000071,4515.0
1776008345,50,,Aggregated,41.500000,0.000000,230,230,230,240,310,430,470,490,570,570,570,641,0,230.0,248.30606918876487,199.36895000000732,565.0458000000071,4515.0
1776008346,50,,Aggregated,36.400000,0.000000,230,230,230,240,290,430,450,480,570,570,570,736,0,230.0,245.86624801629992,199.36895000000732,565.0458000000071,4515.0
1776008347,50,,Aggregated,37.000000,0.000000,230,230,230,240,290,420,440,480,570,570,570,827,0,230.0,244.85717232164205,199.36895000000732,565.0458000000071,4515.0
1776008348,50,,Aggregated,37.000000,0.000000,230,230,230,240,310,420,440,480,570,570,570,918,0,230.0,247.43186913943242,199.36895000000732,565.0458000000071,4515.0
1776008349,50,,Aggregated,36.200000,0.000000,230,230,240,250,320,420,440,480,570,570,570,1000,0,230.0,250.40655155999917,199.36895000000732,565.0458000000071,4515.0
1776008350,50,,Aggregated,39.300000,0.000000,230,230,240,260,330,420,440,480,560,570,570,1087,0,230.0,252.20973915363356,199.36895000000732,565.0458000000071,4515.0
1776008351,50,,Aggregated,47.500000,0.000000,230,230,250,270,360,430,480,510,560,570,570,1175,0,230.0,257.85092211063744,199.36895000000732,565.0458000000071,4515.0
1776008352,50,,Aggregated,55.900000,0.000000,230,240,250,270,350,430,470,500,560,570,570,1268,0,230.0,257.4934308596202,199.36895000000732,565.0458000000071,4515.0
1776008353,50,,Aggregated,63.600000,0.000000,230,240,260,280,350,430,470,500,560,570,570,1352,0,230.0,258.83818108727706,199.36895000000732,565.0458000000071,4515.0
1776008354,50,,Aggregated,73.700000,0.000000,230,240,260,290,350,430,470,490,560,570,570,1442,0,230.0,258.9950877253806,199.36895000000732,565.0458000000071,4515.0
1776008355,50,,Aggregated,82.200000,0.000000,230,240,260,280,340,430,470,490,560,570,570,1532,0,230.0,257.8850577806787,199.36895000000732,565.0458000000071,4515.0
1776008356,50,,Aggregated,89.000000,0.000000,230,240,260,280,330,420,460,480,560,570,570,1624,0,230.0,257.48408219827627,199.36895000000732,565.0458000000071,4515.0
1776008357,50,,Aggregated,88.300000,0.000000,230,240,250,280,330,420,460,480,560,570,570,1720,0,230.0,256.1949144418611,199.36895000000732,565.0458000000071,4515.0
1776008358,50,,Aggregated,88.300000,0.000000,230,240,250,270,320,410,460,480,560,570,570,1819,0,230.0,254.86769665200717,199.36895000000732,565.0458000000071,4515.0
1776008351,50,,Aggregated,47.500000,0.000000,230,240,250,270,320,410,450,480,560,570,570,1914,0,230.0,253.7650116091954,199.36895000000732,565.0458000000071,4515.0
1776008352,50,,Aggregated,55.900000,0.000000,230,240,250,260,320,410,450,480,560,570,570,2006,0,230.0,252.79016935194375,199.36895000000732,565.0458000000071,4515.0
1776008353,50,,Aggregated,63.600000,0.000000,230,240,240,260,310,400,440,480,560,570,570,2103,0,230.0,251.7090692391813,199.36895000000732,565.0458000000071,4515.0
1776008354,50,,Aggregated,82.900000,0.000000,230,240,240,260,310,400,440,480,560,570,570,2194,0,230.0,250.8043295077479,199.36895000000732,565.0458000000071,4515.0
1776008355,50,,Aggregated,98.200000,0.000000,230,240,240,260,310,390,440,480,560,570,570,2286,0,230.0,250.41557896762885,199.36895000000732,565.0458000000071,4515.0
1776008356,50,,Aggregated,114.600000,0.000000,230,240,240,260,310,380,440,480,560,570,570,2380,0,230.0,249.93222751680614,199.36895000000732,565.0458000000071,4515.0
1776008357,50,,Aggregated,122.600000,0.000000,230,240,240,250,300,380,440,480,560,570,570,2472,0,230.0,249.3431256472486,199.36895000000732,565.0458000000071,4515.0
1776008357,50,,Aggregated,122.600000,0.000000,230,240,240,250,300,380,440,480,560,570,570,2562,0,230.0,248.90331169008567,199.36895000000732,565.0458000000071,4515.0
1776008358,50,,Aggregated,132.200000,0.000000,230,230,240,250,300,370,440,480,560,570,570,2666,0,230.0,248.29441368717178,199.36895000000732,565.0458000000071,4515.0
1776008359,50,,Aggregated,141.400000,0.000000,230,230,240,250,300,360,440,470,560,570,570,2757,0,230.0,247.68361066739152,199.36895000000732,565.0458000000071,4515.0
1776008360,50,,Aggregated,155.200000,0.000000,230,230,240,250,300,360,440,470,560,570,570,2846,0,230.0,247.17166615600772,199.36895000000732,565.0458000000071,4515.0
1776008361,50,,Aggregated,166.700000,0.000000,230,230,240,250,290,350,430,470,560,570,570,2943,0,230.0,246.6307539857281,199.36895000000732,565.0458000000071,4515.0
1776008368,50,,Aggregated,100.400000,0.000000,230,230,240,250,290,350,430,470,560,570,570,3034,0,230.0,246.18506496703907,199.36895000000732,565.0458000000071,4515.0
1776008363,50,,Aggregated,172.400000,0.000000,230,230,240,250,290,340,430,470,560,570,570,3133,0,230.0,245.69373160548906,199.36895000000732,565.0458000000071,4515.0
1776008364,50,,Aggregated,162.300000,0.000000,230,230,240,250,290,340,430,470,560,570,570,3222,0,230.0,245.45476918063198,199.36895000000732,565.0458000000071,4515.0
1776008365,50,,Aggregated,157.300000,0.000000,230,230,240,250,290,330,430,470,560,570,570,3308,0,230.0,245.6354540114861,199.36895000000732,565.0458000000071,4515.0
1776008366,50,,Aggregated,149.000000,0.000000,230,230,240,250,290,330,430,460,560,570,570,3408,0,230.0,245.3276737793414,199.36895000000732,565.0458000000071,4515.0
1776008367,50,,Aggregated,141.700000,0.000000,230,230,240,250,290,330,430,460,560,570,570,3505,0,230.0,244.88408121255233,199.36895000000732,565.0458000000071,4515.0
1776008367,50,,Aggregated,141.700000,0.000000,230,230,240,250,290,330,430,460,560,570,570,3600,0,230.0,244.51309752222124,199.36895000000732,565.0458000000071,4515.0
1776008368,50,,Aggregated,132.300000,0.000000,230,230,240,250,290,330,430,460,560,570,570,3695,0,230.0,244.21266101488396,199.36895000000732,565.0458000000071,4515.0
1776008369,50,,Aggregated,123.400000,0.000000,230,230,240,240,290,330,430,460,560,660,660,3795,0,230.0,244.03736292753493,199.36895000000732,662.2790900000837,4515.0
1776008370,50,,Aggregated,113.700000,0.000000,230,230,240,240,290,320,430,460,560,660,660,3885,0,230.0,243.92005512483783,199.36895000000732,662.2790900000837,4515.0
1776008371,50,,Aggregated,103.200000,0.000000,230,230,240,240,280,320,430,450,560,660,660,3980,0,230.0,243.74883251256207,199.36895000000732,662.2790900000837,4515.0
1776008378,50,,Aggregated,71.800000,0.000000,230,230,240,240,280,320,430,450,560,660,660,4072,0,230.0,243.5341087598225,199.36895000000732,662.2790900000837,4515.0
1776008373,50,,Aggregated,102.400000,0.000000,230,230,240,240,280,320,420,450,560,660,660,4164,0,230.0,243.17217394812633,199.36895000000732,662.2790900000837,4515.0
1776008374,50,,Aggregated,102.500000,0.000000,230,230,240,240,280,320,420,450,560,660,660,4264,0,230.0,242.94982446059973,199.36895000000732,662.2790900000837,4515.0
1776008375,50,,Aggregated,102.900000,0.000000,230,230,240,240,280,320,420,440,560,660,660,4360,0,230.0,242.73594831421948,199.36895000000732,662.2790900000837,4515.0
1776008376,50,,Aggregated,103.500000,0.000000,230,230,240,240,280,320,420,440,560,660,660,4448,0,230.0,242.4334137994594,199.36895000000732,662.2790900000837,4515.0
1776008377,50,,Aggregated,104.700000,0.000000,230,230,240,240,280,320,420,440,560,680,680,4550,0,230.0,242.25728489889983,199.36895000000732,679.3516400000499,4515.0
1776008377,50,,Aggregated,104.700000,0.000000,230,230,240,240,280,320,420,440,560,680,680,4643,0,230.0,242.006184497091,199.36895000000732,679.3516400000499,4515.0
1776008378,50,,Aggregated,104.600000,0.000000,230,230,240,240,270,320,420,440,560,680,680,4737,0,230.0,241.7575400992174,199.36895000000732,679.3516400000499,4515.0
1776008379,50,,Aggregated,104.500000,0.000000,230,230,240,240,270,310,420,440,560,680,680,4828,0,230.0,241.58468809651902,199.36895000000732,679.3516400000499,4515.0
1776008380,50,,Aggregated,103.500000,0.000000,230,230,240,240,270,310,420,440,560,680,680,4921,0,230.0,241.44642731355324,199.36895000000732,679.3516400000499,4515.0
1776008381,50,,Aggregated,103.500000,0.000000,230,230,240,240,270,310,420,440,560,680,680,5017,0,230.0,241.23985632449552,199.36895000000732,679.3516400000499,4515.0
1776008388,50,,Aggregated,70.700000,0.000000,230,230,240,240,270,310,420,440,560,680,680,5109,0,230.0,241.135755750635,199.36895000000732,679.3516400000499,4515.0
1776008383,50,,Aggregated,102.600000,0.000000,230,230,240,240,270,310,410,440,560,680,680,5207,0,230.0,240.9393734088717,199.36895000000732,679.3516400000499,4515.0
1776008384,50,,Aggregated,103.100000,0.000000,230,230,240,240,270,310,410,440,560,680,680,5298,0,230.0,240.73267770856827,199.36895000000732,679.3516400000499,4515.0
1776008385,50,,Aggregated,103.200000,0.000000,230,230,240,240,270,310,410,440,560,680,680,5392,0,230.0,240.61857471068163,199.36895000000732,679.3516400000499,4515.0
1776008386,80,,Aggregated,102.300000,0.000000,230,230,240,240,270,310,430,450,560,680,680,5522,0,230.0,241.4897384262936,199.36895000000732,679.3516400000499,4515.0
1776008387,110,,Aggregated,103.200000,0.000000,230,230,240,240,270,320,430,460,570,1500,1500,5719,0,230.0,242.84314711487895,199.36895000000732,1458.6567599999398,4515.0
1776008387,140,,Aggregated,103.200000,0.000000,230,230,240,240,280,330,440,460,640,1500,1500,5951,0,230.0,244.3836056377072,199.36895000000732,1458.6567599999398,4515.0
1776008388,170,,Aggregated,105.600000,0.000000,230,230,240,250,290,360,440,480,750,1500,1500,6232,0,230.0,246.892023786906,199.36895000000732,1458.6567599999398,4515.0
1776008389,230,,Aggregated,114.000000,0.000000,230,230,240,250,300,410,460,530,940,1500,1500,6576,0,230.0,252.06390645681196,199.36895000000732,1458.6567599999398,4515.0
1776008390,260,,Aggregated,128.600000,0.000000,230,240,250,260,340,440,530,610,1100,1500,1500,6924,0,230.0,260.02900662478265,199.36895000000732,1458.6567599999398,4515.0
1776008391,290,,Aggregated,148.800000,0.000000,230,240,260,280,390,460,590,660,1100,1900,1900,7273,0,230.0,268.9040146005768,199.36895000000732,1948.802680000199,4515.0
1776008399,320,,Aggregated,210.700000,0.000000,230,240,270,300,430,550,720,910,1100,1900,1900,7596,0,230.0,282.46406873880926,199.36895000000732,1948.802680000199,4515.0
1776008393,350,,Aggregated,200.000000,0.000000,230,250,290,330,490,630,850,960,2000,2100,2100,7968,0,230.0,302.1046964508034,199.36895000000732,2122.54876399993,4515.0
1776008394,380,,Aggregated,224.900000,0.000000,230,260,310,370,560,740,890,980,2000,2100,2100,8318,0,230.0,317.1191925459245,199.36895000000732,2122.54876399993,4515.0
1776008395,410,,Aggregated,254.800000,0.000000,230,270,330,410,600,810,990,1200,2000,2100,2100,8692,0,230.0,334.57346935711007,199.36895000000732,2122.54876399993,4515.0
1776008396,439,,Aggregated,282.700000,0.000000,240,280,380,440,660,860,1100,1300,2000,3000,3000,9047,0,240.0,353.29975102619613,199.36895000000732,2994.8662480001076,4515.0
1776008397,450,,Aggregated,316.000000,0.000000,240,300,400,460,700,910,1300,1500,2200,3000,3000,9358,0,240.0,369.3973948531732,199.36895000000732,2994.8662480001076,4515.0
1776008398,460,,Aggregated,338.300000,0.000000,240,320,430,510,770,1100,1500,1800,2900,3900,3900,9646,2,240.0,393.28221217343923,192.31885399995008,3936.939399000039,4514.063860667634
1776008399,470,,Aggregated,355.200000,0.000000,240,340,450,550,830,1200,1700,1900,3000,3900,3900,9953,10,240.0,415.84832992856354,190.45207300018774,3936.939399000039,4510.463679292676
1776008400,479,,Aggregated,350.500000,0.100000,240,370,490,590,890,1200,1800,2300,3000,3900,3900,10312,27,240.0,439.8495372406893,190.45207300018774,3936.939399000039,4503.178335919317
1776008401,488,,Aggregated,355.000000,0.800000,250,390,520,610,930,1300,2000,2700,4700,5600,5600,10608,48,250.0,463.8666663611415,190.45207300018774,5600.034313999913,4494.570135746606
1776008402,497,,Aggregated,359.600000,2.400000,250,410,550,640,960,1400,2300,2700,4700,5600,5600,10866,81,250.0,484.9546993819241,188.25720199993157,5600.034313999913,4481.343180563224
1776008402,504,,Aggregated,359.600000,2.400000,250,420,570,670,1000,1700,2500,2800,4200,5600,5600,11072,119,250.0,505.23903093533113,188.25720199993157,5600.034313999913,4466.473536849711
1776008403,512,,Aggregated,355.500000,4.500000,250,430,590,700,1100,1700,2600,2900,4200,5600,5600,11261,158,250.0,527.533369198027,188.25720199993157,5600.034313999913,4451.651274309564
1776008404,518,,Aggregated,346.600000,7.500000,260,440,600,740,1200,2000,2700,3000,5500,6300,6300,11467,202,260.0,558.5020931611564,185.00216500001443,6310.905613999921,4435.464812069416
1776008405,524,,Aggregated,326.900000,11.000000,260,450,630,790,1400,2300,2900,3200,5500,7500,8600,11679,238,260.0,589.4648880547118,185.00216500001443,8580.668344999822,4422.991266375546
1776008406,530,,Aggregated,308.700000,15.000000,270,460,650,830,1600,2400,2900,3500,5500,7500,8600,11918,265,270.0,619.8505966576593,185.00216500001443,8580.668344999822,4414.6077361973485
1776008407,535,,Aggregated,294.100000,19.300000,270,490,690,880,1700,2400,3000,3600,5500,7500,8600,12159,300,270.0,646.6437295775133,185.00216500001443,8580.668344999822,4403.60103626943
1776008408,539,,Aggregated,282.100000,22.700000,280,510,740,940,1800,2500,3100,3600,6000,8700,8700,12405,331,280.0,673.8645249421987,185.00216500001443,8727.23305799991,4394.527206771463
1776008409,542,,Aggregated,270.100000,25.900000,280,530,800,990,1900,2500,3200,3600,6000,8700,8700,12648,355,280.0,696.9131495409538,185.00216500001443,8727.23305799991,4388.274430740038
1776008410,545,,Aggregated,272.700000,29.200000,290,560,850,1100,2000,2600,3200,3600,6200,8700,8700,12930,373,290.0,725.6295174959769,185.00216500001443,8727.23305799991,4384.752900232019
1776008411,547,,Aggregated,262.700000,30.700000,300,590,920,1200,2000,2600,3200,3600,6300,8700,8700,13229,383,300.0,749.2872376007991,185.00216500001443,8727.23305799991,4384.283770504196
1776008419,549,,Aggregated,157.900000,12.600000,310,620,970,1300,2000,2600,3200,3600,6300,8700,8700,13512,385,310.0,767.9196399792766,185.00216500001443,8727.23305799991,4386.353241563055
1776008413,549,,Aggregated,249.400000,32.500000,330,650,1100,1400,2000,2500,3200,3600,6300,8700,8700,13789,385,330.0,783.8563454011883,185.00216500001443,8727.23305799991,4388.93755892378
1776008414,549,,Aggregated,252.000000,30.000000,340,690,1200,1500,2100,2500,3200,3600,6200,8700,8700,14056,385,340.0,801.2948805953329,185.00216500001443,8727.23305799991,4391.332171314741
1776008415,549,,Aggregated,261.100000,26.500000,360,760,1200,1600,2100,2500,3200,3600,6200,8700,8700,14402,385,360.0,821.0170442442023,185.00216500001443,8727.23305799991,4394.303221774753
1776008416,548,,Aggregated,267.500000,22.700000,380,810,1300,1600,2000,2500,3100,3600,6200,8700,8700,14762,385,380.0,833.5894575188331,185.00216500001443,8727.23305799991,4397.2466467958275
1776008417,546,,Aggregated,273.300000,19.200000,400,850,1400,1600,2000,2500,3100,3600,6000,8700,8700,15042,385,400.0,843.4745379748059,185.00216500001443,8727.23305799991,4399.438571998405
1776008418,543,,Aggregated,287.200000,15.800000,410,910,1400,1600,2000,2500,3100,3600,6000,8700,8700,15390,385,410.0,856.4479637406773,185.00216500001443,8727.23305799991,4402.051656920078
1776008419,540,,Aggregated,295.400000,12.600000,430,950,1500,1600,2000,2500,3100,3600,6000,8700,8700,15769,385,430.0,866.8470759660727,185.00216500001443,8727.23305799991,4404.76631365337
1776008420,536,,Aggregated,299.900000,9.200000,450,980,1500,1600,2000,2500,3100,3600,5600,8700,8700,16163,385,450.0,871.6391990208502,185.00216500001443,8727.23305799991,4407.453443048939
1776008421,531,,Aggregated,309.700000,7.000000,470,1000,1400,1600,2000,2400,3100,3600,5600,8700,8700,16555,385,470.0,877.0119916669287,185.00216500001443,8727.23305799991,4410.0
1776008422,526,,Aggregated,326.300000,3.100000,490,1100,1400,1600,2000,2400,3100,3600,5600,8700,8700,16887,385,490.0,882.9790693974653,185.00216500001443,8727.23305799991,4412.064309824125
1776008423,520,,Aggregated,335.300000,1.500000,520,1100,1500,1600,1900,2400,3100,3500,5600,8700,8700,17213,385,520.0,889.7076750367743,185.00216500001443,8727.23305799991,4414.013826758845
1776008424,513,,Aggregated,342.800000,1.000000,540,1100,1500,1600,2000,2400,3000,3500,5600,8700,8700,17507,385,540.0,897.0493518179007,185.00216500001443,8727.23305799991,4415.709716113554
1776008425,506,,Aggregated,343.200000,1.000000,560,1200,1500,1600,2000,2400,3000,3500,5600,8700,8700,17853,385,560.0,905.045849439645,185.00216500001443,8727.23305799991,4417.634011090573
1776008426,498,,Aggregated,347.400000,0.800000,590,1200,1500,1600,2000,2400,3000,3500,5600,8700,8700,18228,385,590.0,910.6575261312811,185.00216500001443,8727.23305799991,4419.637096774193
1776008427,490,,Aggregated,358.300000,0.000000,610,1200,1500,1600,1900,2400,3000,3500,5600,8700,8700,18606,385,610.0,912.8950635284831,185.00216500001443,8727.23305799991,4421.574492099323
1776008427,481,,Aggregated,358.300000,0.000000,620,1200,1400,1600,1900,2400,3000,3500,5600,8700,8700,19019,385,620.0,912.9538822947563,185.00216500001443,8727.23305799991,4423.603238866397
1776008428,472,,Aggregated,357.500000,0.000000,640,1200,1400,1600,1900,2400,3000,3500,5600,8700,8700,19362,385,640.0,914.4418236213171,185.00216500001443,8727.23305799991,4425.222342733188
1776008429,462,,Aggregated,367.600000,0.000000,650,1200,1400,1600,1900,2300,3000,3500,5600,8700,8700,19757,385,650.0,915.4504940753127,185.00216500001443,8727.23305799991,4427.017259705421
1776008430,452,,Aggregated,376.200000,0.000000,650,1100,1400,1600,1900,2300,2900,3400,5500,8600,8700,20124,385,650.0,914.7041610446701,185.00216500001443,8727.23305799991,4428.621794871795
1776008431,441,,Aggregated,376.300000,0.000000,660,1200,1400,1600,1900,2300,2900,3400,5500,8600,8700,20424,385,660.0,916.0291226764076,185.00216500001443,8727.23305799991,4429.890569917744
1776008439,430,,Aggregated,217.500000,0.000000,670,1200,1400,1600,1900,2300,2900,3400,5500,8600,8700,20791,385,670.0,918.3370831005211,185.00216500001443,8727.23305799991,4431.392910393921
1776008433,419,,Aggregated,374.600000,0.000000,680,1200,1400,1600,1900,2300,2900,3400,5500,8600,8700,21167,385,680.0,917.7615748249134,185.00216500001443,8727.23305799991,4432.878064912364
1776008434,407,,Aggregated,372.800000,0.000000,690,1200,1400,1500,1900,2300,2900,3400,5500,8600,8700,21540,385,690.0,915.9985923047791,185.00216500001443,8727.23305799991,4434.300139275766
1776008435,395,,Aggregated,376.300000,0.000000,700,1100,1400,1500,1800,2300,2900,3400,5500,8600,8700,21922,385,700.0,913.7330749914216,185.00216500001443,8727.23305799991,4435.7063680321135
1776008436,383,,Aggregated,382.200000,0.000000,690,1100,1400,1500,1800,2300,2900,3400,5500,8600,8700,22345,385,690.0,909.0713323439667,185.00216500001443,8727.23305799991,4437.207428955024
1776008444,371,,Aggregated,232.500000,0.000000,680,1100,1400,1500,1800,2300,2900,3300,5500,8600,8700,22776,385,680.0,902.6828099842353,185.00216500001443,8727.23305799991,4438.679531085353
1776008438,358,,Aggregated,386.600000,0.000000,670,1100,1400,1500,1800,2200,2900,3300,5500,8600,8700,23198,385,670.0,896.045309443441,185.00216500001443,8727.23305799991,4440.067893783947
1776008439,345,,Aggregated,390.900000,0.000000,660,1100,1400,1500,1800,2200,2900,3300,5500,8600,8700,23581,385,660.0,890.9855378377913,185.00216500001443,8727.23305799991,4441.284932784869
1776008440,332,,Aggregated,391.700000,0.000000,660,1100,1400,1500,1800,2200,2900,3300,5500,8600,8700,23972,385,660.0,885.6190247511234,185.00216500001443,8727.23305799991,4442.48727682296
1776008441,319,,Aggregated,394.600000,0.000000,650,1000,1300,1500,1800,2200,2800,3300,5500,8600,8700,24346,385,650.0,880.2718670644025,185.00216500001443,8727.23305799991,4443.601207590569
1776008442,306,,Aggregated,393.900000,0.000000,650,1000,1300,1500,1800,2200,2800,3300,5500,8600,8700,24686,385,650.0,876.7375060290019,185.00216500001443,8727.23305799991,4444.5845823543705
1776008443,293,,Aggregated,398.800000,0.000000,640,1000,1300,1500,1800,2200,2800,3300,5500,8600,8700,25037,385,640.0,872.4892571301662,185.00216500001443,8727.23305799991,4445.571753804369
1776008444,280,,Aggregated,399.400000,0.000000,640,1000,1300,1400,1800,2200,2800,3300,5500,8600,8700,25397,385,640.0,867.1581602191587,185.00216500001443,8727.23305799991,4446.5558924282395
1776008445,267,,Aggregated,399.800000,0.000000,630,1000,1300,1400,1800,2200,2800,3300,5500,8600,8700,25721,385,630.0,862.9183805933664,185.00216500001443,8727.23305799991,4447.418063061312
1776008446,254,,Aggregated,397.500000,0.000000,620,990,1300,1400,1800,2200,2700,3300,5500,8600,8700,26055,385,620.0,858.0016116559563,185.00216500001443,8727.23305799991,4448.284398388026
1776008447,241,,Aggregated,397.300000,0.000000,610,980,1300,1400,1800,2200,2700,3200,5500,8600,8700,26433,385,610.0,851.3278397546217,185.00216500001443,8727.23305799991,4449.238451935081
1776008447,228,,Aggregated,397.300000,0.000000,600,970,1300,1400,1700,2200,2700,3200,5500,8600,8700,26791,385,600.0,844.2691487246044,185.00216500001443,8727.23305799991,4450.117203538502
1776008448,216,,Aggregated,391.800000,0.000000,590,960,1200,1400,1700,2200,2700,3200,5500,8600,8700,27163,385,590.0,836.8732747552876,185.00216500001443,8727.23305799991,4451.005779921216
1776008449,203,,Aggregated,383.900000,0.000000,580,950,1200,1400,1700,2100,2700,3200,5500,8600,8700,27493,385,580.0,830.394588032694,185.00216500001443,8727.23305799991,4451.773906085185
1776008450,191,,Aggregated,380.500000,0.000000,570,940,1200,1400,1700,2100,2700,3200,5500,8600,8700,27836,385,570.0,823.8241695717729,185.00216500001443,8727.23305799991,4452.552988935192
1776008451,180,,Aggregated,377.500000,0.000000,560,930,1200,1400,1700,2100,2700,3200,5500,8600,8700,28165,385,560.0,817.1247891222397,185.00216500001443,8727.23305799991,4453.282442748092
1776008452,168,,Aggregated,371.000000,0.000000,550,920,1200,1400,1700,2100,2700,3200,5500,8600,8700,28465,385,550.0,811.2506882009432,185.00216500001443,8727.23305799991,4453.932900052696
1776008453,157,,Aggregated,368.300000,0.000000,540,910,1200,1400,1700,2100,2700,3200,5500,8600,8700,28750,385,540.0,805.8252380454543,185.00216500001443,8727.23305799991,4454.538260869565
1776008454,147,,Aggregated,366.700000,0.000000,530,900,1200,1400,1700,2100,2700,3200,5400,8600,8700,29010,398,530.0,800.7959932750025,1.731629999994766,8727.23305799991,4453.0568769389865
1776008455,136,,Aggregated,358.900000,0.000000,530,900,1200,1400,1700,2100,2700,3100,5400,8600,8700,29257,398,530.0,796.2913068854914,1.731629999994766,8727.23305799991,4453.579827049937
1776008456,127,,Aggregated,352.300000,0.000000,520,890,1200,1400,1700,2100,2700,3100,5400,8600,8700,29490,398,520.0,791.8748820047072,1.731629999994766,8727.23305799991,4454.0651068158695
1776008464,117,,Aggregated,160.400000,1.300000,510,880,1200,1400,1700,2100,2700,3100,5400,8600,8700,29714,398,510.0,787.7228478353907,1.731629999994766,8727.23305799991,4454.52446658141
1776008458,109,,Aggregated,332.300000,1.300000,510,880,1200,1400,1700,2100,2700,3100,5400,8600,8700,29907,398,510.0,784.1721639436516,1.731629999994766,8727.23305799991,4454.91473568061
1776008459,101,,Aggregated,319.000000,1.300000,500,870,1100,1400,1700,2100,2700,3100,5400,7700,8700,30109,398,500.0,780.4702982524752,1.731629999994766,8727.23305799991,4455.317845162576
1776008460,93,,Aggregated,304.000000,1.300000,500,860,1100,1300,1700,2100,2700,3100,5400,7700,8700,30286,398,500.0,777.1956792594854,1.731629999994766,8727.23305799991,4455.666644654296
1776008461,86,,Aggregated,288.900000,1.300000,490,860,1100,1300,1700,2000,2700,3100,5400,7700,8700,30451,398,490.0,774.1897081058999,1.731629999994766,8727.23305799991,4455.98814488851
1776008462,79,,Aggregated,273.900000,1.300000,490,860,1100,1300,1700,2000,2700,3100,5400,7700,8700,30595,398,490.0,771.6079602905626,1.731629999994766,8727.23305799991,4456.265893119791
1776008463,73,,Aggregated,257.000000,1.300000,480,850,1100,1300,1700,2000,2700,3100,5400,7700,8700,30735,398,480.0,769.1405677412649,1.731629999994766,8727.23305799991,4456.533430941923
1776008464,68,,Aggregated,240.000000,1.300000,480,850,1100,1300,1700,2000,2600,3100,5400,7700,8700,30860,398,480.0,766.933750993837,1.731629999994766,8727.23305799991,4456.770252754374
1776008465,63,,Aggregated,225.700000,1.300000,480,840,1100,1300,1700,2000,2600,3100,5400,7700,8700,30987,398,480.0,764.6943864391131,1.731629999994766,8727.23305799991,4457.008906960984
1776008466,59,,Aggregated,212.500000,1.300000,470,840,1100,1300,1700,2000,2600,3100,5300,7700,8700,31096,398,470.0,762.7857885993,1.731629999994766,8727.23305799991,4457.212181631078
1776008467,56,,Aggregated,194.400000,0.000000,470,840,1100,1300,1700,2000,2600,3100,5300,7700,8700,31207,398,470.0,760.8428062713758,1.731629999994766,8727.23305799991,4457.417726792066
1776008468,53,,Aggregated,181.300000,0.000000,470,840,1100,1300,1700,2000,2600,3100,5300,7700,8700,31315,398,470.0,758.9772094716535,1.731629999994766,8727.23305799991,4457.616318058438
1776008469,51,,Aggregated,168.800000,0.000000,460,830,1100,1300,1700,2000,2600,3100,5300,7700,8700,31425,398,460.0,757.0822062122783,1.731629999994766,8727.23305799991,4457.817183770883
1776008470,50,,Aggregated,158.100000,0.000000,460,830,1100,1300,1700,2000,2600,3100,5300,7700,8700,31514,409,460.0,755.5295368911545,1.731629999994766,8727.23305799991,4456.402709906708
1776008471,50,,Aggregated,149.000000,0.000000,460,830,1100,1300,1700,2000,2600,3100,5300,7700,8700,31611,409,460.0,754.0157787181314,1.731629999994766,8727.23305799991,4456.582518743476
1776008472,50,,Aggregated,133.000000,1.100000,460,820,1100,1300,1700,2000,2600,3100,5300,7700,8700,31708,409,460.0,752.3769178690186,1.731629999994766,8727.23305799991,4456.761227450485
1776008472,50,,Aggregated,133.000000,1.100000,450,820,1100,1300,1700,2000,2600,3100,5300,7700,8700,31801,409,450.0,750.8147906107615,1.731629999994766,8727.23305799991,4456.931543033238
1776008473,52,,Aggregated,126.400000,1.100000,450,820,1100,1300,1700,2000,2600,3100,5300,7700,8700,31900,409,450.0,749.1738759105905,1.731629999994766,8727.23305799991,4457.111755485894
1776008474,54,,Aggregated,120.000000,1.100000,450,810,1100,1300,1700,2000,2600,3100,5300,7700,8700,32006,409,450.0,747.4233852820357,1.731629999994766,8727.23305799991,4457.30347434856
1776008475,57,,Aggregated,116.800000,1.100000,450,810,1100,1300,1700,2000,2600,3100,5300,7700,8700,32113,409,450.0,745.6887472786048,1.731629999994766,8727.23305799991,4457.495718244948
1776008476,60,,Aggregated,113.100000,1.100000,440,810,1100,1300,1700,2000,2600,3100,5300,7700,8700,32232,409,440.0,743.7852398692861,1.731629999994766,8727.23305799991,4457.7080230826505
1776008477,65,,Aggregated,108.700000,1.100000,440,800,1100,1300,1700,2000,2600,3100,5300,7700,8700,32353,409,440.0,741.8852221332135,1.731629999994766,8727.23305799991,4457.922294686737
1776008478,69,,Aggregated,107.900000,1.100000,440,800,1100,1300,1700,2000,2600,3100,5300,7700,8700,32487,409,440.0,739.756904186408,1.731629999994766,8727.23305799991,4458.157724628313
1776008479,75,,Aggregated,108.000000,1.100000,430,800,1100,1300,1700,2000,2600,3100,5300,7700,8700,32624,409,430.0,737.6017158110546,1.731629999994766,8727.23305799991,4458.39642594409
1776008480,81,,Aggregated,111.100000,1.100000,430,790,1100,1300,1700,2000,2600,3100,5300,7700,8700,32781,409,430.0,735.1895139780315,1.731629999994766,8727.23305799991,4458.667520819987
1776008481,88,,Aggregated,114.500000,1.100000,430,780,1100,1300,1700,2000,2600,3100,5300,7700,8700,32938,409,430.0,732.8597364313817,1.731629999994766,8727.23305799991,4458.936031331593
1776008489,95,,Aggregated,84.800000,0.000000,420,780,1100,1300,1700,2000,2600,3100,5300,7700,8700,33073,409,420.0,731.2833577336144,1.731629999994766,8727.23305799991,4459.164877694796
1776008483,103,,Aggregated,122.800000,0.000000,420,780,1100,1300,1700,2000,2600,3100,5300,7700,8700,33233,409,420.0,729.4597687144053,1.731629999994766,8727.23305799991,4459.433695423224
1776008484,111,,Aggregated,129.000000,0.000000,420,770,1000,1300,1700,2000,2600,3100,5300,7700,8700,33426,409,420.0,727.0271932770853,1.731629999994766,8727.23305799991,4459.754532399928
1776008485,120,,Aggregated,134.200000,0.000000,410,760,1000,1300,1700,2000,2600,3100,5300,7700,8700,33615,409,410.0,724.720718416566,1.731629999994766,8727.23305799991,4460.065149486836
1776008486,129,,Aggregated,140.600000,0.000000,410,760,1000,1300,1700,2000,2600,3100,5300,7700,8700,33807,409,410.0,722.7151702682843,1.731629999994766,8727.23305799991,4460.377140828822
1776008487,139,,Aggregated,148.600000,0.000000,410,750,1000,1200,1700,2000,2600,3100,5300,7700,8700,34026,415,410.0,720.1777445274462,1.731629999994766,8727.23305799991,4459.932551578205
1776008488,149,,Aggregated,157.000000,0.000000,400,740,1000,1200,1700,2000,2600,3100,5300,7700,8700,34257,428,400.0,717.6802618203836,1.731629999994766,8727.23305799991,4458.590507049654
1776008489,160,,Aggregated,167.200000,0.400000,400,730,1000,1200,1600,2000,2600,3100,5300,7700,8700,34483,435,400.0,715.4755748249835,1.731629999994766,8727.23305799991,4458.043673694284
1776008490,171,,Aggregated,173.700000,1.100000,400,730,1000,1200,1600,2000,2500,3000,5300,7700,8700,34687,439,400.0,713.9504722819478,1.731629999994766,8727.23305799991,4457.857987142157
1776008491,183,,Aggregated,182.500000,1.900000,400,720,1000,1200,1600,2000,2500,3000,5300,7700,8700,34904,453,400.0,712.7715533486117,1.731629999994766,8727.23305799991,4456.40227481091
1776008492,195,,Aggregated,192.000000,2.400000,410,710,1000,1200,1600,2000,2500,3000,5100,7700,8700,35109,462,410.0,712.3545783361232,1.731629999994766,8727.23305799991,4455.587028966932
1776008493,207,,Aggregated,192.000000,2.400000,410,710,990,1200,1600,2000,2500,3000,5100,7700,8700,35341,474,410.0,711.7740153946112,1.731629999994766,8727.23305799991,4454.443988568518
1776008494,219,,Aggregated,201.700000,4.600000,420,710,990,1200,1600,2000,2500,3000,5100,7700,8700,35567,478,420.0,711.1732681452169,1.731629999994766,8727.23305799991,4454.320999803188
1776008495,231,,Aggregated,209.100000,5.700000,420,700,980,1200,1600,2000,2500,3000,5100,7700,8700,35870,478,420.0,709.555372735571,1.731629999994766,8727.23305799991,4454.833565653749
1776008496,244,,Aggregated,214.100000,6.100000,420,690,980,1200,1600,2000,2500,3000,5000,7700,8700,36168,478,420.0,708.0400060150116,1.731629999994766,8727.23305799991,4455.329296615793
1776008497,257,,Aggregated,214.100000,6.100000,430,680,970,1200,1600,2000,2500,3000,5000,7700,8700,36450,478,430.0,706.6689273996425,1.731629999994766,8727.23305799991,4455.7909465020575
1776008497,270,,Aggregated,231.900000,6.700000,430,680,970,1200,1600,2000,2500,3000,5000,7700,8700,36779,478,430.0,705.2030431972858,1.731629999994766,8727.23305799991,4456.320590554393
1776008498,283,,Aggregated,241.400000,6.700000,440,680,960,1200,1600,2000,2500,3000,4900,7700,8700,37097,478,440.0,704.1559601957297,1.731629999994766,8727.23305799991,4456.823597595493
1776008499,296,,Aggregated,249.100000,6.300000,440,670,950,1200,1600,1900,2500,3000,4900,7700,8700,37453,478,440.0,702.5423110021347,1.731629999994766,8727.23305799991,4457.376578645235
1776008500,309,,Aggregated,257.500000,5.600000,440,670,950,1200,1600,1900,2500,3000,4900,7700,8700,37807,478,440.0,701.3452774098703,1.731629999994766,8727.23305799991,4457.916126643214
1776008501,323,,Aggregated,267.300000,4.800000,450,670,940,1100,1600,1900,2500,3000,4800,7700,8700,38106,478,450.0,700.5850326600004,1.731629999994766,8727.23305799991,4458.364037159502
1776008509,336,,Aggregated,194.500000,0.200000,450,680,950,1100,1600,1900,2500,3000,4800,7700,8700,38388,478,450.0,701.3896361922206,1.731629999994766,8727.23305799991,4458.780087527352
1776008503,349,,Aggregated,298.100000,3.500000,450,680,960,1100,1600,1900,2500,3000,4800,7700,8700,38725,478,450.0,702.7169809566674,1.731629999994766,8727.23305799991,4459.269335054874
1776008504,361,,Aggregated,306.800000,2.300000,460,690,950,1100,1600,1900,2500,3000,4800,7700,8700,39083,482,460.0,703.0380686826993,1.731629999994766,8727.23305799991,4459.317734053169
1776008505,374,,Aggregated,313.500000,1.200000,460,700,940,1100,1600,1900,2500,3000,4800,7700,8700,39453,498,460.0,702.9490389088268,1.731629999994766,8727.23305799991,4458.0088966618505
1776008506,386,,Aggregated,326.700000,1.100000,470,710,950,1100,1600,1900,2500,3000,4800,7700,8700,39801,529,470.0,703.179052515387,1.731629999994766,8727.23305799991,4454.990578126178
1776008507,399,,Aggregated,334.300000,1.300000,470,710,950,1100,1600,1900,2500,2900,4800,7500,8700,40157,554,470.0,704.2027934198761,1.731629999994766,8727.23305799991,4452.711731454043
1776008508,411,,Aggregated,341.700000,3.600000,480,720,940,1100,1600,1900,2500,2900,4800,7500,8700,40534,588,480.0,705.1054095762074,1.731629999994766,8727.23305799991,4449.503873291557
1776008509,422,,Aggregated,347.200000,6.500000,480,730,940,1100,1600,1900,2500,2900,4800,7500,8700,40943,628,480.0,705.6531120545637,1.731629999994766,8727.23305799991,4445.747136262609
1776008510,433,,Aggregated,349.800000,8.200000,490,740,930,1100,1600,1900,2500,2900,4700,7500,8700,41387,676,490.0,705.6081312742892,1.731629999994766,8727.23305799991,4441.2536545292
1776008511,444,,Aggregated,357.600000,12.400000,490,740,930,1100,1600,1900,2400,2900,4700,7500,8700,41824,734,490.0,705.301779698834,1.731629999994766,8727.23305799991,4435.762959066565
1776008512,455,,Aggregated,365.000000,16.400000,500,750,930,1100,1600,1900,2400,2900,4700,7500,8700,42230,794,500.0,705.6387034424586,1.731629999994766,8727.23305799991,4430.109874496803
1776008513,465,,Aggregated,374.400000,22.000000,500,760,940,1100,1600,1900,2400,2900,4700,7500,8700,42603,856,500.0,706.6791984310265,1.731629999994766,8727.23305799991,4424.2824448982465
1776008514,475,,Aggregated,387.800000,27.700000,500,760,940,1100,1600,1900,2400,2900,4700,7500,8700,43005,905,500.0,708.9841605075687,1.731629999994766,8727.23305799991,4419.986048133938
1776008515,484,,Aggregated,394.500000,33.200000,510,770,950,1100,1500,1900,2400,2900,4700,7500,8700,43398,931,510.0,710.8578246056273,1.731629999994766,8727.23305799991,4418.141504216785
1776008516,492,,Aggregated,397.500000,38.600000,510,770,960,1100,1500,1900,2400,2900,4700,7500,8700,43780,947,510.0,712.5306904589092,1.731629999994766,8727.23305799991,4417.336569209685
1776008517,500,,Aggregated,406.000000,42.300000,510,780,960,1100,1500,1900,2400,2900,4700,7500,8700,44227,950,510.0,714.5124531900208,1.731629999994766,8727.23305799991,4418.01738756868
1776008517,508,,Aggregated,406.000000,42.300000,510,780,970,1100,1500,1800,2400,2900,4700,7500,8700,44710,953,510.0,715.3101117169102,1.731629999994766,8727.23305799991,4418.762133750839
1776008518,515,,Aggregated,407.300000,41.800000,510,780,980,1100,1500,1800,2400,2900,4600,7500,8700,45228,955,510.0,715.6558315473611,1.731629999994766,8727.23305799991,4419.664698859114
1776008519,521,,Aggregated,415.700000,39.300000,510,790,980,1100,1500,1800,2400,2900,4600,7500,8700,45761,955,510.0,715.2577020666521,1.731629999994766,8727.23305799991,4420.775114180197
1776008520,527,,Aggregated,429.600000,37.800000,520,790,980,1100,1500,1800,2400,2900,4600,7500,8700,46249,955,520.0,714.8622017691217,1.731629999994766,8727.23305799991,4421.769335553201
1776008521,532,,Aggregated,440.400000,33.800000,520,790,980,1100,1500,1800,2400,2900,4600,7500,8700,46706,955,520.0,715.342392724599,1.731629999994766,8727.23305799991,4422.681561255513
1776008529,537,,Aggregated,297.700000,2.100000,520,790,990,1100,1500,1800,2400,2900,4500,7500,8700,47095,955,520.0,716.4281402367787,1.731629999994766,8727.23305799991,4423.444102346321
1776008523,540,,Aggregated,459.300000,25.600000,520,790,990,1100,1500,1800,2400,2900,4500,7500,8700,47500,955,520.0,718.7903301262331,1.731629999994766,8727.23305799991,4424.224736842105
1776008524,544,,Aggregated,463.900000,19.900000,520,800,1000,1100,1500,1900,2400,2900,4500,7500,8700,47991,955,520.0,722.6686357516016,1.731629999994766,8727.23305799991,4425.153466274926
1776008525,546,,Aggregated,467.100000,14.400000,520,800,1000,1100,1500,1900,2400,2900,4500,7500,8700,48525,955,520.0,723.7126344608774,1.731629999994766,8727.23305799991,4426.142194744977
1776008526,548,,Aggregated,471.300000,8.700000,520,800,1000,1100,1500,1900,2400,2800,4500,7500,8700,49057,955,520.0,723.3184346596829,1.731629999994766,8727.23305799991,4427.105815683796
1776008534,549,,Aggregated,300.000000,0.100000,520,810,1000,1100,1500,1900,2400,2800,4500,7500,8700,49582,955,520.0,723.1267928888115,1.731629999994766,8727.23305799991,4428.036485014723
1776008528,549,,Aggregated,498.900000,2.500000,520,810,1000,1100,1500,1800,2400,2800,4400,7400,8700,50092,955,520.0,723.8219825717481,1.731629999994766,8727.23305799991,4428.9218837339295
1776008529,549,,Aggregated,505.600000,2.100000,530,810,1000,1200,1500,1800,2300,2800,4400,7400,8700,50663,955,530.0,724.1553820341858,1.731629999994766,8727.23305799991,4429.892031660186
1776008530,548,,Aggregated,514.400000,1.900000,530,810,1000,1100,1500,1800,2300,2800,4300,7400,8700,51279,955,530.0,723.0133410053814,1.731629999994766,8727.23305799991,4430.91440940736
1776008531,547,,Aggregated,514.900000,1.700000,520,820,1000,1100,1500,1800,2300,2800,4300,7400,8700,51860,955,520.0,721.707419042788,1.731629999994766,8727.23305799991,4431.856440416506
1776008532,544,,Aggregated,519.100000,0.100000,520,820,1000,1100,1500,1800,2300,2800,4300,7400,8700,52396,955,520.0,720.9514252352286,1.731629999994766,8727.23305799991,4432.706981448966
1776008533,541,,Aggregated,533.700000,0.100000,530,820,1000,1100,1500,1800,2300,2700,4300,7400,8700,52935,955,530.0,720.9946469006907,1.731629999994766,8727.23305799991,4433.544913573251
1776008534,538,,Aggregated,543.700000,0.100000,530,820,1000,1100,1500,1800,2300,2700,4200,7400,8700,53473,955,530.0,720.8089191423533,1.731629999994766,8727.23305799991,4434.364445608064
1776008535,533,,Aggregated,560.100000,0.100000,530,830,1000,1100,1500,1800,2300,2700,4200,7400,8700,54039,955,530.0,720.7564141200268,1.731629999994766,8727.23305799991,4435.209015710875
1776008536,528,,Aggregated,570.300000,0.100000,530,830,1000,1100,1500,1800,2300,2700,4200,7400,8700,54542,955,530.0,720.281282062854,1.731629999994766,8727.23305799991,4435.944868174985
1776008537,523,,Aggregated,571.600000,0.000000,530,830,1000,1100,1500,1800,2300,2700,4200,7400,8700,55120,955,530.0,719.7033053254399,1.731629999994766,8727.23305799991,4436.7738570391875
1776008538,517,,Aggregated,570.500000,0.000000,530,830,1000,1100,1500,1800,2300,2700,4200,7400,8700,55673,955,530.0,719.1997492294138,1.731629999994766,8727.23305799991,4437.550877445081
1776008539,510,,Aggregated,576.300000,0.000000,530,840,1000,1100,1500,1800,2300,2700,4200,7400,8700,56163,955,530.0,718.2184678417489,1.731629999994766,8727.23305799991,4438.226590459912
1776008540,502,,Aggregated,572.200000,0.000000,530,840,1000,1100,1500,1800,2300,2700,4200,7400,8700,56731,955,530.0,718.0244726036062,1.731629999994766,8727.23305799991,4438.995258324373
1776008541,494,,Aggregated,570.500000,0.000000,530,840,1000,1100,1500,1800,2300,2700,4200,7400,8700,57223,955,530.0,717.1752262554243,1.731629999994766,8727.23305799991,4439.648742638449
1776008542,486,,Aggregated,564.000000,0.000000,530,840,1000,1100,1400,1800,2300,2700,4200,7400,8700,57755,955,530.0,716.5175711046165,1.731629999994766,8727.23305799991,4440.342827460826
1776008542,477,,Aggregated,564.000000,0.000000,530,840,1000,1100,1400,1800,2300,2700,4200,7400,8700,58257,955,530.0,716.2446462733928,1.731629999994766,8727.23305799991,4440.986147587414
1776008543,467,,Aggregated,555.100000,0.000000,520,840,1000,1100,1400,1800,2300,2700,4200,7400,8700,58753,955,520.0,715.3152154507173,1.731629999994766,8727.23305799991,4441.610981566899
1776008544,458,,Aggregated,552.100000,0.000000,520,840,1000,1100,1400,1800,2300,2700,4200,7400,8700,59245,955,520.0,714.4039946718206,1.731629999994766,8727.23305799991,4442.220440543506
1776008545,447,,Aggregated,550.300000,0.000000,520,840,1000,1100,1400,1800,2300,2700,4200,7400,8700,59690,955,520.0,713.9345791847712,1.731629999994766,8727.23305799991,4442.763025632435
1776008546,436,,Aggregated,547.400000,0.000000,520,840,1000,1100,1400,1800,2300,2700,4100,7000,8700,60211,955,520.0,713.4775122832888,1.731629999994766,8727.23305799991,4443.388085233595
1776008554,425,,Aggregated,310.500000,0.000000,520,840,1000,1100,1400,1800,2200,2700,4100,7000,8700,60698,955,520.0,712.517609138342,1.731629999994766,8727.23305799991,4443.962651158193
1776008548,414,,Aggregated,538.900000,0.000000,520,840,1000,1100,1400,1800,2200,2700,4100,7000,8700,61144,955,520.0,711.3316290767697,1.731629999994766,8727.23305799991,4444.480815779144
1776008549,402,,Aggregated,533.100000,0.000000,520,840,1000,1100,1400,1700,2200,2700,4100,7000,8700,61651,955,520.0,710.4931640326513,1.731629999994766,8727.23305799991,4445.060745162285
1776008550,390,,Aggregated,528.100000,0.000000,520,840,1000,1100,1400,1700,2200,2700,4100,7000,8700,62108,955,520.0,709.036114100341,1.731629999994766,8727.23305799991,4445.575368712565
1776008551,377,,Aggregated,523.100000,0.000000,520,840,1000,1100,1400,1700,2200,2600,4100,7000,8700,62515,955,520.0,708.2309623454693,1.731629999994766,8727.23305799991,4446.027353435175
1776008552,365,,Aggregated,519.300000,0.000000,520,840,1000,1100,1400,1700,2200,2600,4100,7000,8700,62944,955,520.0,707.2973592092494,1.731629999994766,8727.23305799991,4446.497442170818
1776008553,352,,Aggregated,512.500000,0.000000,520,830,1000,1100,1400,1700,2200,2600,4100,7000,8700,63400,955,520.0,706.0041087616232,1.731629999994766,8727.23305799991,4446.990141955836
1776008554,339,,Aggregated,499.200000,0.000000,520,830,1000,1100,1400,1700,2200,2600,4100,7000,8700,63828,955,520.0,704.3652717297562,1.731629999994766,8727.23305799991,4447.446183493138
1776008555,326,,Aggregated,495.200000,0.000000,520,830,1000,1100,1400,1700,2200,2600,4100,7000,8700,64243,955,520.0,703.368542986424,1.731629999994766,8727.23305799991,4447.882570863751
1776008556,313,,Aggregated,488.500000,0.000000,520,820,1000,1100,1400,1700,2200,2600,4100,7000,8700,64687,955,520.0,701.5653317244079,1.731629999994766,8727.23305799991,4448.343252894709
1776008557,300,,Aggregated,476.800000,0.000000,520,820,1000,1100,1400,1700,2200,2600,4100,7000,8700,65158,955,520.0,699.1094056749259,1.731629999994766,8727.23305799991,4448.8250867123
1776008557,287,,Aggregated,476.800000,0.000000,510,810,1000,1100,1400,1700,2200,2600,4100,7000,8700,65605,955,510.0,696.6984377873156,1.731629999994766,8727.23305799991,4449.275969819373
1776008558,273,,Aggregated,473.600000,0.000000,510,810,1000,1100,1400,1700,2200,2600,4100,7000,8700,66043,955,510.0,694.0866139454126,1.731629999994766,8727.23305799991,4449.711854397892
1776008559,260,,Aggregated,470.200000,0.000000,510,800,990,1100,1400,1700,2200,2600,4100,7000,8700,66461,955,510.0,691.8356119946571,1.731629999994766,8727.23305799991,4450.122477844149
1776008560,247,,Aggregated,483.300000,0.000000,500,800,990,1100,1400,1700,2200,2600,4100,7000,8700,66819,956,500.0,690.2302346870933,1.731629999994766,8727.23305799991,4450.402505275446
1776008561,235,,Aggregated,481.500000,0.000000,500,790,990,1100,1400,1700,2200,2600,4100,7000,8700,67180,966,500.0,688.5247803388932,1.731629999994766,8727.23305799991,4450.077552843108
1776008562,222,,Aggregated,472.800000,0.000000,500,790,990,1100,1400,1700,2200,2600,4100,7000,8700,67546,966,500.0,686.6253655193024,1.731629999994766,8727.23305799991,4450.429337044385
1776008570,210,,Aggregated,216.500000,1.100000,490,780,980,1100,1400,1700,2200,2600,4100,7000,8700,67925,966,490.0,684.3093774097432,1.731629999994766,8727.23305799991,4450.789620905411
1776008571,198,,Aggregated,173.600000,1.100000,490,780,980,1100,1400,1700,2200,2600,4100,7000,8700,68289,966,490.0,681.9846147718788,1.731629999994766,8727.23305799991,4451.131880683565
1776008572,186,,Aggregated,150.200000,1.100000,490,780,980,1100,1400,1700,2200,2600,4100,7000,8700,68600,966,490.0,680.0427214420819,1.731629999994766,8727.23305799991,4451.421428571429
1776008573,174,,Aggregated,151.900000,0.600000,490,770,980,1100,1400,1700,2200,2600,4100,7000,8700,68916,966,490.0,678.2520355130421,1.731629999994766,8727.23305799991,4451.712954901619
1776008574,163,,Aggregated,147.800000,0.000000,480,770,970,1100,1400,1700,2200,2600,4100,7000,8700,69209,966,480.0,676.4374053804679,1.731629999994766,8727.23305799991,4451.980883989077
1776008575,152,,Aggregated,143.000000,0.000000,480,770,970,1100,1400,1700,2200,2600,4100,7000,8700,69485,966,480.0,674.7185649165544,1.731629999994766,8727.23305799991,4452.231200978628
1776008576,142,,Aggregated,173.300000,0.000000,480,760,970,1100,1400,1700,2200,2600,4100,7000,8700,69748,966,480.0,673.1417096889776,1.731629999994766,8727.23305799991,4452.467884383782
1776008577,132,,Aggregated,186.200000,0.000000,480,760,970,1100,1400,1700,2200,2600,4100,6800,8700,70001,966,480.0,671.5620439456126,1.731629999994766,8727.23305799991,4452.693890087285
1776008578,122,,Aggregated,212.500000,0.000000,470,760,970,1100,1400,1700,2200,2600,4100,6800,8700,70230,966,470.0,670.1389385581207,1.731629999994766,8727.23305799991,4452.897052541649
1776008579,113,,Aggregated,237.400000,0.000000,470,750,970,1100,1400,1700,2200,2600,4100,6800,8700,70447,966,470.0,668.7916513635332,1.731629999994766,8727.23305799991,4453.088350107173
1776008580,105,,Aggregated,261.700000,0.000000,470,750,960,1100,1400,1700,2200,2600,4100,6800,8700,70637,966,470.0,667.6365432172489,1.731629999994766,8727.23305799991,4453.254880586662
1776008581,97,,Aggregated,282.500000,0.000000,470,750,960,1100,1400,1700,2200,2500,4100,6800,8700,70817,966,470.0,666.5242952536371,1.731629999994766,8727.23305799991,4453.411822020136
1776008582,89,,Aggregated,272.200000,0.000000,470,750,960,1100,1400,1700,2200,2500,4100,6800,8700,70987,966,470.0,665.4968669803886,1.731629999994766,8727.23305799991,4453.559313677152
1776008583,82,,Aggregated,253.600000,0.000000,470,740,960,1100,1400,1700,2200,2500,4100,6800,8700,71137,966,470.0,664.5772238573016,1.731629999994766,8727.23305799991,4453.688867959008
1776008584,76,,Aggregated,238.800000,0.000000,470,740,960,1100,1400,1700,2200,2500,4100,6800,8700,71282,966,470.0,663.701702391724,1.731629999994766,8727.23305799991,4453.8135854774
1776008577,71,,Aggregated,186.200000,0.000000,460,740,960,1100,1400,1700,2200,2500,4100,6800,8700,71418,966,460.0,662.873448099175,1.731629999994766,8727.23305799991,4453.930101655045
1776008577,66,,Aggregated,186.200000,0.000000,460,740,960,1100,1400,1700,2200,2500,4100,6800,8700,71545,966,460.0,662.1185886417903,1.731629999994766,8727.23305799991,4454.03850723321
1776008578,61,,Aggregated,212.500000,0.000000,460,740,960,1100,1400,1700,2200,2500,4100,6800,8700,71661,966,460.0,661.4158755378357,1.731629999994766,8727.23305799991,4454.1371875915775
1776008579,58,,Aggregated,242.300000,0.000000,460,740,960,1100,1400,1700,2200,2500,4100,6800,8700,71771,966,460.0,660.7536089447947,1.731629999994766,8727.23305799991,4454.230469130986
1776008580,55,,Aggregated,277.000000,0.000000,460,730,960,1100,1400,1700,2200,2500,4100,6800,8700,71868,966,460.0,660.1736732623262,1.731629999994766,8727.23305799991,4454.312489564201
1776008581,52,,Aggregated,309.000000,0.000000,460,730,950,1100,1400,1700,2200,2500,4100,6800,8700,71969,966,460.0,659.570170313841,1.731629999994766,8727.23305799991,4454.397657324682
1776008582,51,,Aggregated,310.100000,0.000000,460,730,950,1100,1400,1700,2200,2500,4100,6800,8700,72066,966,460.0,659.0043817705547,1.731629999994766,8727.23305799991,4454.479227374906
1776008583,50,,Aggregated,301.400000,0.000000,460,730,950,1100,1400,1700,2200,2500,4100,6800,8700,72160,966,460.0,658.4468204565796,1.731629999994766,8727.23305799991,4454.5580654102
1776008584,50,,Aggregated,296.400000,0.000000,460,730,950,1100,1400,1700,2200,2500,4100,6800,8700,72255,966,460.0,657.8882272793134,1.731629999994766,8727.23305799991,4454.63753373469
1776008585,50,,Aggregated,292.400000,0.000000,460,730,950,1100,1400,1700,2200,2500,4100,6800,8700,72347,966,460.0,657.3416977368346,1.731629999994766,8727.23305799991,4454.7142936127275
1776008586,51,,Aggregated,285.300000,0.000000,450,730,950,1100,1400,1700,2200,2500,4100,6800,8700,72448,968,450.0,656.7446207033572,1.731629999994766,8727.23305799991,4454.673696996467
1776008587,53,,Aggregated,282.100000,0.000000,450,720,950,1100,1400,1700,2200,2500,4100,6800,8700,72550,970,450.0,656.1417503858975,1.731629999994766,8727.23305799991,4454.634045485872
1776008587,55,,Aggregated,282.100000,0.000000,450,720,950,1100,1400,1700,2200,2500,4100,6800,8700,72651,972,450.0,655.5530962814942,1.731629999994766,8727.23305799991,4454.593673865466
1776008588,59,,Aggregated,265.500000,0.100000,450,720,950,1100,1400,1700,2200,2500,4100,6800,8700,72762,974,450.0,654.9176366675852,1.731629999994766,8727.23305799991,4454.561721777851
1776008589,62,,Aggregated,245.800000,0.400000,450,720,950,1100,1400,1700,2200,2500,4100,6800,8700,72874,975,450.0,654.2769881269977,1.731629999994766,8727.23305799991,4454.592653072426
1776008590,67,,Aggregated,222.900000,0.500000,450,720,950,1100,1400,1700,2200,2500,4100,6800,8700,73003,978,450.0,653.5320355443857,1.731629999994766,8727.23305799991,4454.513855594975
1776008591,72,,Aggregated,202.100000,0.700000,450,720,950,1100,1400,1700,2200,2500,4100,6800,8700,73140,980,450.0,652.7441595363251,1.731629999994766,8727.23305799991,4454.503691550452
1776008592,78,,Aggregated,185.600000,0.800000,450,720,940,1100,1400,1700,2200,2500,4100,6800,8700,73295,985,450.0,651.8534195725066,1.731629999994766,8727.23305799991,4454.323623712395
1776008593,84,,Aggregated,170.200000,1.100000,440,710,940,1100,1400,1700,2200,2500,4100,6800,8700,73452,988,440.0,650.9659344598775,1.731629999994766,8727.23305799991,4454.268910308773
1776008594,91,,Aggregated,157.300000,1.300000,440,710,940,1000,1400,1700,2200,2500,4100,6800,8700,73616,988,440.0,650.044335444834,1.731629999994766,8727.23305799991,4454.404205607477
1776008595,99,,Aggregated,147.900000,1.800000,440,710,940,1000,1400,1700,2200,2500,4100,6800,8700,73809,988,440.0,648.9576459023541,1.731629999994766,8727.23305799991,4454.562654960777
1776008596,107,,Aggregated,141.100000,1.800000,440,710,940,1000,1400,1700,2200,2500,4100,6800,8700,74008,988,440.0,647.8394733197337,1.731629999994766,8727.23305799991,4454.725164847044
1776008597,115,,Aggregated,138.100000,1.900000,440,710,940,1000,1400,1700,2100,2500,4100,6800,8700,74225,988,440.0,646.6348859179092,1.731629999994766,8727.23305799991,4454.901380936342
1776008598,124,,Aggregated,149.000000,1.800000,440,700,930,1000,1400,1700,2100,2500,4100,6800,8700,74457,988,440.0,645.3467324766887,1.731629999994766,8727.23305799991,4455.088641766389
1776008599,134,,Aggregated,158.800000,1.500000,430,700,930,1000,1300,1700,2100,2500,4100,6800,8700,74710,988,430.0,643.9517673976286,1.731629999994766,8727.23305799991,4455.291527238656
1776008600,144,,Aggregated,173.300000,1.400000,430,700,930,1000,1300,1700,2100,2500,4100,6800,8700,74977,988,430.0,642.4920575830841,1.731629999994766,8727.23305799991,4455.504154607413
1776008601,155,,Aggregated,188.800000,1.200000,430,690,930,1000,1300,1700,2100,2500,4100,6800,8700,75261,988,430.0,640.9641117450861,1.731629999994766,8727.23305799991,4455.728664248416
1776008602,166,,Aggregated,206.000000,1.400000,430,690,930,1000,1300,1700,2100,2500,4100,6800,8700,75579,988,430.0,639.2587744525184,1.731629999994766,8727.23305799991,4455.978049458183
1776008603,177,,Aggregated,221.600000,1.100000,420,680,920,1000,1300,1700,2100,2500,4100,6800,8700,75904,988,420.0,637.5292457331225,1.731629999994766,8727.23305799991,4456.230765177066
1776008603,189,,Aggregated,221.600000,1.100000,420,680,920,1000,1300,1700,2100,2500,4100,6800,8700,76259,988,420.0,635.6626702707475,1.731629999994766,8727.23305799991,4456.5043470278915
1776008604,200,,Aggregated,239.100000,0.900000,420,670,920,1000,1300,1700,2100,2500,4100,6800,8700,76636,988,420.0,633.6949095598272,1.731629999994766,8727.23305799991,4456.792108147607
1776008605,213,,Aggregated,261.300000,0.400000,420,670,920,1000,1300,1700,2100,2500,4100,6800,8700,77039,988,420.0,631.6201818829015,1.731629999994766,8727.23305799991,4457.096600423162
1776008606,225,,Aggregated,280.900000,0.400000,410,670,910,1000,1300,1700,2100,2500,4100,6800,8700,77466,988,410.0,629.4271351577065,1.731629999994766,8727.23305799991,4457.415769498877
1776008607,238,,Aggregated,306.200000,0.300000,410,660,910,1000,1300,1700,2100,2500,4100,6800,8700,77900,988,410.0,627.2497129691507,1.731629999994766,8727.23305799991,4457.736585365854
1776008608,251,,Aggregated,326.100000,0.300000,410,660,910,1000,1300,1700,2100,2500,4100,6800,8700,78378,988,410.0,624.8627861026932,1.731629999994766,8727.23305799991,4458.085814897037
1776008609,264,,Aggregated,349.400000,0.300000,400,650,900,1000,1300,1700,2100,2500,4100,6800,8700,78873,988,400.0,622.4285693527181,1.731629999994766,8727.23305799991,4458.443003309118
1776008610,277,,Aggregated,371.800000,0.300000,400,650,900,1000,1300,1700,2100,2500,4100,6800,8700,79394,988,400.0,619.8789953365103,1.731629999994766,8727.23305799991,4458.814142126609
1776008611,290,,Aggregated,397.100000,0.300000,400,640,890,1000,1300,1700,2100,2500,4100,6800,8700,79935,988,400.0,617.2845270710828,1.731629999994766,8727.23305799991,4459.194407956465
1776008612,303,,Aggregated,427.800000,0.000000,390,640,890,1000,1300,1600,2100,2500,4100,6700,8700,80494,988,390.0,614.6371505976476,1.731629999994766,8727.23305799991,4459.581956419112
1776008619,316,,Aggregated,352.100000,0.000000,390,630,880,1000,1300,1600,2100,2500,4100,6700,8700,81088,988,390.0,611.8900223898363,1.731629999994766,8727.23305799991,4459.987914364641
1776008613,329,,Aggregated,453.900000,0.000000,380,630,880,1000,1300,1600,2100,2500,4100,6700,8700,81711,988,380.0,609.0305405003857,1.731629999994766,8727.23305799991,4460.407350295553
1776008614,342,,Aggregated,476.800000,0.000000,380,620,870,1000,1300,1600,2100,2500,4100,6700,8700,82340,988,380.0,606.1859608072263,1.731629999994766,8727.23305799991,4460.824386689337
1776008615,355,,Aggregated,501.400000,0.000000,370,620,870,990,1300,1600,2100,2500,4100,6700,8700,83000,988,370.0,603.2515535405671,1.731629999994766,8727.23305799991,4461.255180722892
1776008616,368,,Aggregated,535.900000,0.000000,360,610,860,990,1300,1600,2100,2500,4000,6700,8700,83699,988,360.0,600.3077326843467,1.731629999994766,8727.23305799991,4461.704022748181
1776008617,380,,Aggregated,571.100000,0.000000,360,600,850,990,1300,1600,2100,2500,4000,6700,8700,84390,988,360.0,597.428591869855,1.731629999994766,8727.23305799991,4462.140419480981
1776008618,393,,Aggregated,596.800000,0.000000,350,600,850,980,1300,1600,2100,2400,4000,6700,8700,85093,988,350.0,594.6380491001265,1.731629999994766,8727.23305799991,4462.577121502356
1776008619,405,,Aggregated,622.700000,0.000000,350,590,840,980,1300,1600,2000,2400,4000,6700,8700,85799,988,350.0,591.9399244891783,1.731629999994766,8727.23305799991,4463.008484947377
1776008620,416,,Aggregated,652.200000,0.000000,340,590,830,970,1300,1600,2000,2400,3900,6700,8700,86523,988,340.0,589.1673986756931,1.731629999994766,8727.23305799991,4463.443535244964
1776008621,428,,Aggregated,675.800000,0.000000,340,580,830,970,1300,1600,2000,2400,3900,6700,8700,87299,988,340.0,586.2711765607507,1.731629999994766,8727.23305799991,4463.901820181216
1776008622,439,,Aggregated,703.300000,0.000000,330,580,820,970,1300,1600,2000,2400,3900,6700,8700,88102,988,330.0,583.2841191694508,1.731629999994766,8727.23305799991,4464.367551247417
1776008629,450,,Aggregated,511.000000,0.000000,320,570,810,960,1300,1600,2000,2400,3900,6700,8700,88921,988,320.0,580.2111923356347,1.731629999994766,8727.23305799991,4464.833897504526
1776008623,460,,Aggregated,726.400000,0.000000,320,560,810,960,1300,1600,2000,2400,3900,6700,8700,89741,988,320.0,577.2111170925991,1.731629999994766,8727.23305799991,4465.292285577384
1776008624,470,,Aggregated,748.800000,0.000000,310,560,800,950,1300,1600,2000,2400,3900,6600,8700,90605,988,310.0,574.1663906524689,1.731629999994766,8727.23305799991,4465.766293250925
1776008625,479,,Aggregated,771.400000,0.000000,310,550,790,950,1200,1600,2000,2400,3900,6600,8700,91470,988,310.0,571.0877872227715,1.731629999994766,8727.23305799991,4466.23187930469
1776008626,488,,Aggregated,791.500000,0.000000,300,550,790,940,1200,1600,2000,2400,3900,6600,8700,92373,988,300.0,567.8885670602544,1.731629999994766,8727.23305799991,4466.708616154071
1776008627,497,,Aggregated,817.400000,0.000000,300,540,780,930,1200,1600,2000,2400,3900,6600,8700,93307,988,300.0,564.737749564737,1.731629999994766,8727.23305799991,4467.192011317479
1776008628,504,,Aggregated,839.000000,0.000000,290,530,770,930,1200,1600,2000,2400,3900,6600,8700,94216,988,290.0,561.6603389952547,1.731629999994766,8727.23305799991,4467.6532648382445
1776008629,512,,Aggregated,857.800000,0.000000,290,530,760,920,1200,1600,2000,2400,3900,6600,8700,95159,988,290.0,558.6663663609014,1.731629999994766,8727.23305799991,4468.122458201537
1776008630,518,,Aggregated,884.400000,0.000000,290,520,750,920,1200,1600,2000,2400,3900,6600,8700,96100,988,290.0,555.5399923434652,1.731629999994766,8727.23305799991,4468.581477627471
1776008631,524,,Aggregated,911.500000,0.000000,280,510,740,910,1200,1600,2000,2400,3900,6600,8700,97069,988,280.0,552.4594634935663,1.731629999994766,8727.23305799991,4469.044854690993
1776008632,530,,Aggregated,945.500000,0.000000,280,510,730,910,1200,1600,2000,2400,3900,6600,8700,98002,988,280.0,549.7200460765811,1.731629999994766,8727.23305799991,4469.482357502908
1776008639,535,,Aggregated,650.300000,0.000000,280,500,720,900,1200,1500,2000,2400,3900,6600,8700,98957,988,280.0,546.9199265642369,1.731629999994766,8727.23305799991,4469.921632628313
1776008633,539,,Aggregated,965.200000,0.000000,280,500,710,890,1200,1500,2000,2400,3900,6600,8700,99863,988,280.0,544.4665266270521,1.731629999994766,8727.23305799991,4470.330602926008
1776008634,542,,Aggregated,979.100000,0.000000,280,490,710,890,1200,1500,2000,2300,3900,6600,8700,100860,988,280.0,541.6281208785188,1.731629999994766,8727.23305799991,4470.772159428911
1776008635,545,,Aggregated,991.100000,0.000000,280,490,700,880,1200,1500,2000,2300,3900,6600,8700,101779,988,280.0,539.0491095518476,1.731629999994766,8727.23305799991,4471.1715088574265
1776008636,547,,Aggregated,1003.700000,0.000000,270,480,690,870,1200,1500,2000,2300,3900,6600,8700,102809,988,270.0,536.2438702949894,1.731629999994766,8727.23305799991,4471.610608020698
1776008637,549,,Aggregated,1018.600000,0.000000,270,470,680,870,1200,1500,2000,2300,3900,6600,8700,103786,988,270.0,533.6347072240727,1.731629999994766,8727.23305799991,4472.019058447189
1776008638,549,,Aggregated,1027.800000,0.000000,270,470,670,860,1200,1500,2000,2300,3800,6600,8700,104735,988,270.0,531.2430943764512,1.731629999994766,8727.23305799991,4472.408507184799
1776008639,549,,Aggregated,1035.900000,0.000000,270,460,660,850,1200,1500,2000,2300,3800,6600,8700,105750,988,270.0,528.4889474489605,1.731629999994766,8727.23305799991,4472.817304964539
1776008640,549,,Aggregated,1038.900000,0.000000,270,460,660,840,1200,1500,1900,2300,3800,6600,8700,106717,988,270.0,526.0753732472579,1.731629999994766,8727.23305799991,4473.199537093434
1776008641,547,,Aggregated,1041.400000,0.000000,270,450,650,840,1200,1500,1900,2300,3800,6600,8700,107657,988,270.0,523.8461561188559,1.731629999994766,8727.23305799991,4473.564515080301
1776008642,545,,Aggregated,1042.600000,0.000000,270,450,640,830,1200,1500,1900,2300,3800,6600,8700,108614,988,270.0,521.6346912036909,1.731629999994766,8727.23305799991,4473.929603918464
1776008649,543,,Aggregated,663.500000,0.000000,270,440,640,830,1200,1500,1900,2300,3800,6600,8700,109516,988,270.0,519.9238777837737,1.731629999994766,8727.23305799991,4474.267869535045
1776008643,539,,Aggregated,1045.100000,0.000000,270,440,630,820,1200,1500,1900,2300,3800,6600,8700,110364,988,270.0,518.3359495719423,1.731629999994766,8727.23305799991,4474.580841578776
1776008644,535,,Aggregated,1048.000000,0.000000,270,440,630,810,1200,1500,1900,2300,3800,6600,8700,111267,988,270.0,516.5561969210796,1.731629999994766,8727.23305799991,4474.908867858395
1776008645,531,,Aggregated,1035.900000,0.000000,270,430,620,810,1200,1500,1900,2300,3800,6600,8700,112238,988,270.0,514.3792858873799,1.731629999994766,8727.23305799991,4475.255706623425
1776008646,525,,Aggregated,1027.500000,0.000000,270,430,610,800,1200,1500,1900,2300,3800,6600,8700,113175,988,270.0,512.1880655681712,1.731629999994766,8727.23305799991,4475.584758117959
1776008647,519,,Aggregated,1033.300000,0.000000,270,430,610,790,1100,1500,1900,2300,3700,6600,8700,114091,988,270.0,510.2826899431839,1.731629999994766,8727.23305799991,4475.901210437282
1776008648,513,,Aggregated,1031.500000,0.000000,270,420,600,790,1100,1500,1900,2300,3700,6600,8700,115039,988,270.0,508.16710523003326,1.731629999994766,8727.23305799991,4476.2234111909875
1776008649,506,,Aggregated,1028.100000,0.000000,270,420,600,780,1100,1500,1900,2300,3700,6600,8700,115929,988,270.0,506.23179073206757,1.731629999994766,8727.23305799991,4476.521103433998
1776008650,498,,Aggregated,1019.300000,0.000000,270,410,590,780,1100,1500,1900,2300,3700,6600,8700,116818,988,270.0,504.28034737110653,1.731629999994766,8727.23305799991,4476.813932784331
1776008651,489,,Aggregated,1017.000000,0.000000,260,410,590,770,1100,1400,1900,2300,3700,6600,8700,117719,988,260.0,502.4523145407098,1.731629999994766,8727.23305799991,4477.106202057442
1776008652,481,,Aggregated,1021.800000,0.000000,260,410,580,760,1100,1400,1900,2300,3700,6600,8700,118586,988,260.0,500.63661608417453,1.731629999994766,8727.23305799991,4477.383249287437
1776008659,471,,Aggregated,629.000000,0.000000,260,400,580,760,1100,1400,1900,2300,3700,6600,8700,119454,988,260.0,498.80344903626445,1.731629999994766,8727.23305799991,4477.656587473002
1776008653,462,,Aggregated,1007.200000,0.000000,260,400,570,750,1100,1400,1900,2300,3700,6300,8700,120304,988,260.0,497.05834460656337,1.731629999994766,8727.23305799991,4477.920434898258
1776008654,451,,Aggregated,999.600000,0.000000,260,400,570,740,1100,1400,1900,2300,3700,6300,8700,121116,988,260.0,495.4397733622972,1.731629999994766,8727.23305799991,4478.169028039235
1776008655,441,,Aggregated,1009.200000,0.000000,260,390,570,740,1100,1400,1900,2200,3700,6300,8700,121941,988,260.0,493.7194152084873,1.731629999994766,8727.23305799991,4478.418210446035
1776008656,430,,Aggregated,1009.400000,0.000000,260,390,560,730,1100,1400,1900,2200,3700,6300,8700,122746,988,260.0,492.04416689479206,1.731629999994766,8727.23305799991,4478.658123278967
1776008657,418,,Aggregated,988.700000,0.000000,260,380,560,720,1100,1400,1900,2200,3700,6300,8700,123502,988,260.0,490.53879992816456,1.731629999994766,8727.23305799991,4478.880584929799
1776008658,407,,Aggregated,974.000000,0.000000,260,380,550,720,1100,1400,1900,2200,3700,6300,8700,124257,988,260.0,488.98303068630486,1.731629999994766,8727.23305799991,4479.100050701369
1776008659,395,,Aggregated,961.100000,0.000000,260,380,550,710,1100,1400,1900,2200,3700,6300,8700,124997,988,260.0,487.45946399352107,1.731629999994766,8727.23305799991,4479.312583502004
1776008660,382,,Aggregated,943.800000,0.000000,260,370,550,710,1100,1400,1800,2200,3700,6300,8700,125712,988,260.0,486.03171228918643,1.731629999994766,8727.23305799991,4479.515559373806
1776008661,370,,Aggregated,925.500000,0.000000,260,370,540,700,1100,1400,1800,2200,3700,6300,8700,126416,988,260.0,484.6217109822979,1.731629999994766,8727.23305799991,4479.713169219086
1776008662,357,,Aggregated,891.800000,0.000000,260,370,540,700,1100,1400,1800,2200,3700,6300,8700,127091,988,260.0,483.2783611324813,1.731629999994766,8727.23305799991,4479.900583046793
1776008669,344,,Aggregated,497.600000,0.000000,260,370,540,700,1100,1400,1800,2200,3700,6300,8700,127746,988,260.0,481.98947798411007,1.731629999994766,8727.23305799991,4480.0805504673335
1776008663,331,,Aggregated,875.700000,0.000000,260,360,530,690,1100,1400,1800,2200,3600,6300,8700,128366,988,260.0,480.80624516879925,1.731629999994766,8727.23305799991,4480.24920929218
1776008664,318,,Aggregated,858.200000,0.000000,260,360,530,690,1100,1400,1800,2200,3600,6300,8700,128965,988,260.0,479.63727165531793,1.731629999994766,8727.23305799991,4480.410615283216
1776008665,305,,Aggregated,828.800000,0.000000,250,360,530,680,1100,1400,1800,2200,3600,6300,8700,129536,988,250.0,478.525565257752,1.731629999994766,8727.23305799991,4480.563086709486
1776008666,292,,Aggregated,807.700000,0.000000,250,350,520,680,1100,1400,1800,2200,3600,6300,8700,130087,988,250.0,477.4667081177835,1.731629999994766,8727.23305799991,4480.708948626689
1776008667,279,,Aggregated,781.500000,0.000000,250,350,520,670,1100,1400,1800,2200,3600,6300,8700,130626,1032,250.0,476.4310689372568,1.731629999994766,8727.23305799991,4479.329612787653
1776008668,265,,Aggregated,758.800000,0.000000,250,350,520,670,1100,1400,1800,2200,3600,6300,8700,131072,1032,250.0,475.7371140382241,1.731629999994766,8727.23305799991,4479.450988769531
1776008669,253,,Aggregated,733.100000,0.000000,250,350,520,670,1100,1400,1800,2200,3600,6300,8700,131554,1032,250.0,474.8364086105938,1.731629999994766,8727.23305799991,4479.58123660246
1776008670,240,,Aggregated,705.300000,4.400000,250,350,520,660,1100,1400,1800,2200,3600,6300,8700,132023,1032,250.0,473.97149502895724,1.731629999994766,8727.23305799991,4479.707058618574
1776008671,227,,Aggregated,675.300000,4.400000,250,350,510,660,1100,1400,1800,2200,3600,6300,8700,132457,1032,250.0,473.18288762547843,1.731629999994766,8727.23305799991,4479.822697177197
1776008672,215,,Aggregated,646.000000,4.400000,250,340,510,660,1100,1400,1800,2200,3600,6300,8700,132847,1032,250.0,472.4816260217999,1.731629999994766,8727.23305799991,4479.9259674663335
1776008679,202,,Aggregated,319.500000,4.400000,250,340,510,660,1100,1400,1800,2200,3600,6300,8700,133235,1032,250.0,471.7792206650514,1.731629999994766,8727.23305799991,4480.02810822982
1776008673,190,,Aggregated,621.300000,4.400000,250,340,510,650,1100,1400,1800,2200,3600,6300,8700,133603,1032,250.0,471.1071568759542,1.731629999994766,8727.23305799991,4480.124435828537
1776008674,179,,Aggregated,594.800000,4.400000,250,340,510,650,1100,1400,1800,2200,3600,6300,8700,133940,1032,250.0,470.49533143017885,1.731629999994766,8727.23305799991,4480.2121845602505
1776008675,167,,Aggregated,567.500000,4.400000,250,340,510,650,1100,1400,1800,2200,3600,6300,8700,134259,1032,250.0,469.92217534406007,1.731629999994766,8727.23305799991,4480.294840569347
1776008676,156,,Aggregated,537.200000,4.400000,250,340,500,650,1100,1400,1800,2200,3600,6300,8700,134549,1032,250.0,469.39966309885665,1.731629999994766,8727.23305799991,4480.369642286453
1776008677,146,,Aggregated,502.500000,4.400000,250,340,500,650,1100,1400,1800,2200,3600,6300,8700,134833,1032,250.0,468.8905144254598,1.731629999994766,8727.23305799991,4480.442584530493
1776008678,136,,Aggregated,476.200000,4.400000,250,340,500,650,1100,1400,1800,2200,3600,6300,8700,135089,1032,250.0,468.42280342145534,1.731629999994766,8727.23305799991,4480.508072455937
1776008679,126,,Aggregated,451.700000,4.400000,250,340,500,650,1100,1400,1800,2200,3600,6300,8700,135323,1032,250.0,467.98521158735025,1.731629999994766,8727.23305799991,4480.567715761548
1776008680,117,,Aggregated,427.100000,0.000000,250,330,500,640,1100,1400,1800,2200,3600,6300,8700,135542,1032,250.0,467.5782357894748,1.731629999994766,8727.23305799991,4480.623349220168
1776008681,108,,Aggregated,401.200000,0.000000,250,330,500,640,1100,1400,1800,2200,3600,6300,8700,135761,1032,250.0,467.17646530728314,1.731629999994766,8727.23305799991,4480.678803190902
1776008682,100,,Aggregated,368.800000,0.000000,250,330,500,640,1100,1400,1800,2200,3600,6300,8700,135957,1032,250.0,466.8178249195335,1.731629999994766,8727.23305799991,4480.728281736137
1776008683,92,,Aggregated,345.200000,0.000000,250,330,500,640,1100,1400,1800,2200,3600,6300,8700,136136,1032,250.0,466.493476937577,1.731629999994766,8727.23305799991,4480.773344302756
1776008684,85,,Aggregated,323.800000,0.000000,250,330,500,640,1100,1400,1800,2200,3600,6300,8700,136293,1032,250.0,466.20412838650566,1.731629999994766,8727.23305799991,4480.812771015386
1776008685,79,,Aggregated,302.100000,0.000000,250,330,500,640,1100,1400,1800,2200,3600,6300,8700,136455,1032,250.0,465.9080601698729,1.731629999994766,8727.23305799991,4480.853358249972
1776008686,73,,Aggregated,274.600000,0.000000,250,330,500,640,1100,1400,1800,2200,3600,6300,8700,136598,1032,250.0,465.645633397883,1.731629999994766,8727.23305799991,4480.889105257764
1776008687,68,,Aggregated,250.200000,0.000000,250,330,490,640,1100,1400,1800,2200,3600,6300,8700,136726,1032,250.0,465.4118601245704,1.731629999994766,8727.23305799991,4480.921039158609
1776008688,63,,Aggregated,233.600000,0.000000,250,330,490,640,1100,1400,1800,2200,3600,6300,8700,136851,1032,250.0,465.18788496057044,1.731629999994766,8727.23305799991,4480.952166955301
1776008689,59,,Aggregated,218.100000,0.000000,250,330,490,640,1100,1400,1800,2200,3600,6300,8700,136966,1032,250.0,464.97823348203224,1.731629999994766,8727.23305799991,4480.980754347795
1776008690,56,,Aggregated,200.200000,0.000000,250,330,490,640,1100,1400,1800,2200,3600,6300,8700,137076,1032,250.0,464.78023865483436,1.731629999994766,8727.23305799991,4481.008053926289
1776008691,53,,Aggregated,182.800000,0.000000,250,330,490,630,1100,1400,1800,2200,3600,6300,8700,137180,1032,250.0,464.59042018452465,1.731629999994766,8727.23305799991,4481.0338241726195
1776008692,51,,Aggregated,164.600000,0.000000,250,330,490,630,1100,1400,1800,2200,3600,6300,8700,137279,1032,250.0,464.4107799557844,1.731629999994766,8727.23305799991,4481.058319189388
1776008699,50,,Aggregated,72.600000,0.000000,250,330,490,630,1100,1400,1800,2200,3600,6300,8700,137374,1032,250.0,464.2394981824083,1.731629999994766,8727.23305799991,4481.081791314223
1776008693,50,,Aggregated,154.400000,0.000000,250,330,490,630,1100,1400,1800,2200,3600,6300,8700,137468,1032,250.0,464.0681606650433,1.731629999994766,8727.23305799991,4481.104984432741
1776008694,50,,Aggregated,143.300000,0.000000,250,330,490,630,1100,1400,1800,2200,3600,6300,8700,137564,1032,250.0,463.8949137270884,1.731629999994766,8727.23305799991,4481.1286383065335
1776008695,51,,Aggregated,135.300000,0.000000,250,330,490,630,1100,1400,1800,2200,3600,6300,8700,137665,1033,250.0,463.71170625363163,1.731629999994766,8727.23305799991,4481.120691533796
1776008696,52,,Aggregated,127.800000,0.000000,250,330,490,630,1100,1400,1800,2200,3600,6300,8700,137767,1035,250.0,463.5271136310885,1.731629999994766,8727.23305799991,4481.080229663127
1776008697,54,,Aggregated,119.800000,0.000000,250,330,490,630,1100,1400,1800,2200,3600,6300,8700,137876,1037,250.0,463.33670182261693,1.731629999994766,8727.23305799991,4481.04155182918
1776008698,57,,Aggregated,114.900000,0.100000,250,330,490,630,1100,1400,1800,2200,3600,6300,8700,137984,1043,250.0,463.161504309167,1.731629999994766,8727.23305799991,4480.871803977273
1776008699,61,,Aggregated,111.600000,0.300000,250,330,490,630,1100,1400,1800,2200,3600,6300,8700,138099,1043,250.0,462.95967272313396,1.731629999994766,8727.23305799991,4480.900223752526
1776008700,65,,Aggregated,110.500000,0.800000,250,330,490,630,1100,1400,1800,2200,3600,6300,8700,138224,1043,250.0,462.74208146187425,1.731629999994766,8727.23305799991,4480.931061176062
1776008701,70,,Aggregated,110.400000,0.800000,250,330,490,630,1100,1400,1800,2200,3600,6300,8700,138356,1043,250.0,462.5176776621622,1.731629999994766,8727.23305799991,4480.9635650062155
1776008702,75,,Aggregated,108.600000,0.800000,250,330,490,630,1100,1400,1800,2200,3600,6300,8700,138482,1043,250.0,462.34862832857783,1.731629999994766,8727.23305799991,4480.994533585593
1776008703,82,,Aggregated,110.900000,0.800000,250,330,490,630,1100,1400,1800,2200,3600,6300,8700,138610,1043,250.0,462.23956619143024,1.731629999994766,8727.23305799991,4481.025936079648
1776008704,88,,Aggregated,115.000000,0.800000,250,330,490,630,1100,1400,1800,2200,3600,6300,8700,138763,1043,250.0,462.04037469511417,1.731629999994766,8727.23305799991,4481.063395862009
1776008705,96,,Aggregated,117.300000,0.800000,250,330,490,630,1100,1400,1800,2200,3600,6300,8700,138942,1043,250.0,461.77416302086584,1.731629999994766,8727.23305799991,4481.107116638597
1776008706,103,,Aggregated,121.300000,0.800000,250,330,490,630,1100,1400,1800,2200,3600,6300,8700,139137,1043,250.0,461.475895696329,1.731629999994766,8727.23305799991,4481.154617391492
1776008707,112,,Aggregated,126.400000,1.100000,250,330,490,620,1100,1400,1800,2200,3600,6300,8700,139315,1043,250.0,461.2362499254648,1.731629999994766,8727.23305799991,4481.197860962567
1776008708,121,,Aggregated,134.300000,1.000000,250,330,480,620,1100,1400,1800,2200,3600,6300,8700,139505,1043,250.0,461.0315491945385,1.731629999994766,8727.23305799991,4481.24389806817
1776008709,130,,Aggregated,143.500000,0.800000,250,320,480,620,1100,1400,1800,2200,3600,6300,8700,139733,1043,250.0,460.8020565051713,1.731629999994766,8727.23305799991,4481.2989773353465
1776008710,140,,Aggregated,153.100000,0.300000,250,330,480,620,1100,1400,1800,2200,3600,6300,8700,139916,1043,250.0,460.62116776481633,1.731629999994766,8727.23305799991,4481.3430558335
1776008711,151,,Aggregated,162.900000,0.300000,250,330,480,620,1100,1400,1800,2200,3600,6200,8700,140163,1043,250.0,460.5079920219964,1.731629999994766,8727.23305799991,4481.402367243852
1776008712,161,,Aggregated,173.300000,0.300000,250,330,480,620,1100,1400,1800,2200,3600,6200,8700,140355,1043,250.0,460.4179753202812,1.731629999994766,8727.23305799991,4481.448327455381
1776008719,172,,Aggregated,131.500000,0.000000,250,330,480,620,1100,1400,1800,2200,3600,6200,8700,140550,1043,250.0,460.57230706676,1.731629999994766,8727.23305799991,4481.494877267876
1776008714,184,,Aggregated,189.500000,0.300000,250,330,490,620,1100,1400,1800,2200,3600,6200,8700,140778,1043,250.0,460.68675126452393,1.731629999994766,8727.23305799991,4481.54914120104
1776008715,196,,Aggregated,189.500000,0.300000,250,330,490,620,1100,1400,1800,2200,3600,6200,8700,141018,1043,250.0,460.78092161012916,1.731629999994766,8727.23305799991,4481.606071565332
1776008716,208,,Aggregated,207.100000,0.300000,250,330,490,620,1100,1400,1800,2200,3600,6200,8700,141289,1043,250.0,460.82883206370053,1.731629999994766,8727.23305799991,4481.670122939507
1776008717,220,,Aggregated,215.900000,0.000000,250,330,490,620,1100,1400,1800,2200,3600,6200,8700,141488,1043,250.0,460.98528308390246,1.731629999994766,8727.23305799991,4481.717000735045
1776008718,233,,Aggregated,225.000000,0.000000,250,330,490,620,1100,1400,1800,2200,3600,6200,8700,141711,1053,250.0,461.4259103701775,1.731629999994766,8727.23305799991,4481.45076952389
1776008718,246,,Aggregated,225.000000,0.000000,250,340,490,620,1100,1400,1800,2200,3600,6200,8700,141951,1079,250.0,461.92416878449745,1.731629999994766,8727.23305799991,4480.680516516262
1776008719,258,,Aggregated,224.800000,0.000000,250,340,490,630,1100,1400,1800,2200,3600,6200,8700,142285,1122,250.0,462.24280601537873,1.731629999994766,8727.23305799991,4479.396598376497
1776008720,271,,Aggregated,226.500000,1.000000,250,340,500,630,1100,1400,1800,2200,3600,6200,8700,142625,1179,250.0,462.2123165163057,1.731629999994766,8727.23305799991,4477.677055214724
1776008721,285,,Aggregated,232.800000,4.000000,250,340,500,630,1100,1400,1800,2200,3600,6200,8700,142978,1250,250.0,462.27466249799414,1.731629999994766,8727.23305799991,4475.527144036146
1776008722,298,,Aggregated,247.900000,9.100000,250,340,500,630,1100,1400,1800,2200,3600,6200,8700,143330,1341,250.0,462.39064688863607,1.731629999994766,8727.23305799991,4472.757517616688
1776008723,311,,Aggregated,258.500000,15.300000,250,340,500,630,1100,1400,1800,2200,3600,6200,8700,143666,1433,250.0,462.5356263138684,1.731629999994766,8727.23305799991,4469.96502303955
1776008724,324,,Aggregated,274.300000,22.100000,250,340,500,630,1100,1400,1800,2200,3600,6200,8700,144030,1542,250.0,463.0276298344666,1.731629999994766,8727.23305799991,4466.661945428036
1776008725,337,,Aggregated,291.200000,31.600000,250,350,510,630,1100,1400,1800,2200,3600,6200,8700,144437,1649,250.0,463.3105668790423,1.731629999994766,8727.23305799991,4463.453408752605
1776008726,350,,Aggregated,310.500000,42.800000,250,350,510,640,1100,1400,1800,2200,3600,6200,8700,144794,1773,250.0,463.75835938601216,1.731629999994766,8727.23305799991,4459.713903891045
1776008727,363,,Aggregated,328.000000,55.300000,250,350,510,640,1100,1400,1800,2200,3600,6200,8700,145219,1887,250.0,464.15669057849294,1.731629999994766,8727.23305799991,4456.3313340540835
1776008734,375,,Aggregated,335.100000,67.100000,250,350,520,640,1100,1400,1800,2200,3600,6200,8700,145630,1961,250.0,464.4630133370055,1.731629999994766,8727.23305799991,4454.2026711529215
1776008728,388,,Aggregated,335.100000,67.100000,250,350,520,650,1100,1400,1800,2200,3600,6200,8700,146040,1997,250.0,464.8061834188447,1.731629999994766,8727.23305799991,4453.260373870173
1776008729,400,,Aggregated,357.000000,79.200000,250,360,520,650,1100,1400,1800,2200,3600,6200,8700,146448,2014,250.0,465.3230519988543,1.731629999994766,8727.23305799991,4452.908267781056
1776008730,412,,Aggregated,376.300000,86.500000,250,360,520,650,1100,1400,1800,2200,3600,6200,8700,146857,2023,250.0,465.92326706100704,1.731629999994766,8727.23305799991,4452.804496891534
1776008731,423,,Aggregated,398.300000,87.000000,250,360,530,660,1100,1400,1800,2200,3600,6200,8700,147322,2023,250.0,466.58297814032045,1.731629999994766,8727.23305799991,4453.000807754443
1776008732,435,,Aggregated,407.500000,86.400000,250,360,530,660,1100,1400,1800,2200,3600,6200,8700,147754,2023,250.0,467.00887112679317,1.731629999994766,8727.23305799991,4453.18207967297
1776008733,446,,Aggregated,416.500000,80.800000,250,360,530,660,1100,1400,1800,2100,3600,6200,8700,148234,2023,250.0,467.7036111263817,1.731629999994766,8727.23305799991,4453.382253733961
1776008734,456,,Aggregated,426.400000,74.000000,250,360,530,670,1100,1400,1800,2100,3600,6200,8700,148768,2023,250.0,468.1796210303159,1.731629999994766,8727.23305799991,4453.603429500968
1776008735,466,,Aggregated,432.100000,64.500000,250,360,540,670,1100,1400,1800,2100,3600,6200,8700,149324,2023,250.0,468.4682071563708,1.731629999994766,8727.23305799991,4453.832036377274
1776008736,476,,Aggregated,450.800000,53.300000,250,370,540,680,1100,1400,1800,2100,3600,6200,8700,149893,2023,250.0,468.81868071322816,1.731629999994766,8727.23305799991,4454.06423248584
1776008737,485,,Aggregated,470.600000,42.700000,250,370,540,680,1000,1400,1800,2100,3600,6000,8700,150484,2023,250.0,468.9385334631445,1.731629999994766,8727.23305799991,4454.303547220967
1776008744,493,,Aggregated,383.400000,1.900000,250,370,540,680,1000,1300,1800,2100,3600,6000,8700,151126,2023,250.0,469.0168185105667,1.731629999994766,8727.23305799991,4454.561392480447
1776008738,501,,Aggregated,491.100000,30.900000,250,370,550,690,1000,1300,1800,2100,3600,6000,8700,151733,2023,250.0,469.16661566401393,1.731629999994766,8727.23305799991,4454.803173996428
1776008739,509,,Aggregated,510.500000,18.800000,250,370,550,690,1000,1300,1800,2100,3600,6000,8700,152391,2023,250.0,469.29626021423724,1.731629999994766,8727.23305799991,4455.063094277221
1776008740,516,,Aggregated,531.000000,10.500000,250,370,550,700,1000,1300,1800,2100,3600,6000,8700,153060,2023,250.0,469.42371820167045,1.731629999994766,8727.23305799991,4455.325068600549
1776008741,522,,Aggregated,559.800000,7.000000,250,370,550,700,1000,1300,1800,2100,3600,6000,8700,153625,2023,250.0,469.47626264779734,1.731629999994766,8727.23305799991,4455.544540276647
1776008742,528,,Aggregated,589.400000,2.500000,250,370,560,700,1000,1300,1800,2100,3600,6000,8700,154204,2023,250.0,469.9020072459062,1.731629999994766,8727.23305799991,4455.7677816399055
1776008743,533,,Aggregated,611.800000,1.900000,250,370,560,700,1000,1300,1800,2100,3600,6000,8700,154781,2023,250.0,470.27038673291753,1.731629999994766,8727.23305799991,4455.988590330855
1776008744,537,,Aggregated,622.200000,1.900000,250,370,560,710,1100,1300,1700,2100,3600,6000,8700,155436,2023,250.0,470.9301822172965,1.731629999994766,8727.23305799991,4456.237261638231
1776008745,541,,Aggregated,642.000000,1.900000,250,380,560,710,1100,1300,1700,2100,3600,6000,8700,156095,2023,250.0,471.2896749999515,1.731629999994766,8727.23305799991,4456.485345462699
1776008746,544,,Aggregated,654.300000,1.900000,250,380,560,710,1100,1300,1700,2100,3600,6000,8700,156760,2023,250.0,471.35458317209367,1.731629999994766,8727.23305799991,4456.733573615718
1776008747,546,,Aggregated,671.900000,0.000000,250,380,570,720,1000,1300,1700,2100,3600,6000,8700,157449,2023,250.0,471.6161987577399,1.731629999994766,8727.23305799991,4456.988548672904
1776008754,548,,Aggregated,455.000000,0.000000,250,380,570,720,1000,1300,1700,2100,3600,6000,8700,158114,2023,250.0,471.91676858973517,1.731629999994766,8727.23305799991,4457.232534753406
1776008748,549,,Aggregated,685.000000,0.000000,250,380,570,720,1000,1300,1700,2100,3600,6000,8700,158806,2023,250.0,472.0555688385022,1.731629999994766,8727.23305799991,4457.484257521756
1776008749,549,,Aggregated,688.000000,0.000000,250,380,570,720,1000,1300,1700,2100,3600,6000,8700,159549,2023,250.0,472.03173747918885,1.731629999994766,8727.23305799991,4457.752101235357
1776008750,549,,Aggregated,692.500000,0.000000,250,380,570,720,1000,1300,1700,2100,3600,5600,8700,160250,2023,250.0,471.9243298953316,1.731629999994766,8727.23305799991,4458.002527301092
1776008751,548,,Aggregated,699.300000,0.000000,250,380,580,720,1000,1300,1700,2100,3600,5600,8700,160871,2023,250.0,472.00351175380894,1.731629999994766,8727.23305799991,4458.222550988059
1776008752,546,,Aggregated,711.700000,0.000000,250,380,580,730,1000,1300,1700,2100,3600,5600,8700,161461,2023,250.0,472.4599379444389,1.731629999994766,8727.23305799991,4458.430023349291
1776008753,544,,Aggregated,716.000000,0.000000,250,380,580,730,1000,1300,1700,2100,3600,5600,8700,162149,2023,250.0,472.95584239672837,1.731629999994766,8727.23305799991,4458.670050385756
1776008754,541,,Aggregated,720.600000,0.000000,250,380,580,730,1000,1300,1700,2100,3600,5600,8700,162830,2023,250.0,473.1342657979302,1.731629999994766,8727.23305799991,4458.905637781736
1776008755,537,,Aggregated,720.600000,0.000000,250,380,580,730,1000,1300,1700,2100,3600,5600,8700,163474,2023,250.0,473.3421015300717,1.731629999994766,8727.23305799991,4459.126619523594
1776008756,533,,Aggregated,730.200000,0.000000,250,380,580,740,1000,1300,1700,2100,3600,5600,8700,164081,2023,250.0,473.49595949602235,1.731629999994766,8727.23305799991,4459.3333170811975
1776008757,528,,Aggregated,732.700000,0.000000,250,390,590,740,1000,1300,1700,2100,3600,5600,8700,164737,2023,250.0,473.840947707599,1.731629999994766,8727.23305799991,4459.554987646977
1776008764,522,,Aggregated,464.300000,0.000000,250,390,590,740,1000,1300,1700,2100,3600,5600,8700,165394,2023,250.0,473.9692375155489,1.731629999994766,8727.23305799991,4459.775233684414
1776008758,516,,Aggregated,728.100000,0.000000,250,390,590,740,1000,1300,1700,2100,3600,5600,8700,166008,2023,250.0,474.14567373160736,1.731629999994766,8727.23305799991,4459.979488940292
1776008759,509,,Aggregated,728.800000,0.000000,250,390,590,750,1000,1300,1700,2100,3600,5600,8700,166627,2023,250.0,474.29341427791866,1.731629999994766,8727.23305799991,4460.183883764336
1776008760,501,,Aggregated,727.800000,0.000000,250,390,590,750,1000,1300,1700,2100,3600,5600,8700,167207,2023,250.0,474.6055552448554,1.731629999994766,8727.23305799991,4460.374027403159
1776008761,493,,Aggregated,715.400000,0.000000,250,390,600,750,1000,1300,1700,2100,3600,5600,8700,167772,2023,250.0,474.85111190852217,1.731629999994766,8727.23305799991,4460.557989414205
1776008762,485,,Aggregated,703.800000,0.000000,250,390,600,750,1000,1300,1700,2100,3600,5600,8700,168229,2023,250.0,474.960345045424,1.731629999994766,8727.23305799991,4460.705883052268
1776008763,476,,Aggregated,691.700000,0.000000,250,390,600,750,1000,1300,1700,2100,3600,5600,8700,168678,2023,250.0,475.4760103920294,1.731629999994766,8727.23305799991,4460.850407284886
1776008764,466,,Aggregated,687.300000,0.000000,250,390,600,750,1000,1300,1700,2100,3600,5600,8700,169148,2023,250.0,476.2950119094924,1.731629999994766,8727.23305799991,4461.000869061414
1776008765,456,,Aggregated,670.900000,0.000000,250,390,600,750,1100,1300,1700,2100,3600,5600,8700,169621,2023,250.0,477.1524997956434,1.731629999994766,8727.23305799991,4461.151449407797
1776008766,446,,Aggregated,645.300000,0.000000,250,390,600,760,1100,1300,1700,2100,3600,5600,8700,170142,2023,250.0,477.79957453313546,1.731629999994766,8727.23305799991,4461.316341644038
1776008767,435,,Aggregated,626.000000,0.000000,250,390,600,760,1100,1300,1700,2100,3600,5600,8700,170644,2023,250.0,478.0212458526329,1.731629999994766,8727.23305799991,4461.474268066852
1776008774,424,,Aggregated,354.000000,0.000000,250,390,600,760,1100,1300,1700,2100,3500,5600,8700,171171,2023,250.0,478.3321470765876,1.731629999994766,8727.23305799991,4461.639062691695
1776008768,412,,Aggregated,612.600000,0.000000,250,390,600,760,1100,1300,1700,2100,3500,5600,8700,171688,2023,250.0,478.4745966426694,1.731629999994766,8727.23305799991,4461.79974721588
1776008769,400,,Aggregated,600.400000,0.000000,250,390,610,760,1100,1300,1700,2100,3500,5600,8700,172239,2023,250.0,478.43104798487417,1.731629999994766,8727.23305799991,4461.969937122254
1776008770,388,,Aggregated,584.900000,0.000000,250,390,610,760,1100,1300,1700,2100,3500,5600,8700,172738,2023,250.0,478.2817085895797,1.731629999994766,8727.23305799991,4462.123128668851
1776008771,376,,Aggregated,577.900000,0.000000,250,390,610,760,1100,1300,1700,2100,3500,5600,8700,173200,2023,250.0,478.33391660979686,1.731629999994766,8727.23305799991,4462.2641743648965
1776008772,363,,Aggregated,566.400000,0.000000,250,390,610,760,1000,1300,1700,2100,3500,5600,8700,173663,2023,250.0,478.39115273262945,1.731629999994766,8727.23305799991,4462.404772461607
1776008773,350,,Aggregated,559.400000,0.000000,250,390,610,760,1000,1300,1700,2100,3500,5600,8700,174111,2023,250.0,478.33116673769405,1.731629999994766,8727.23305799991,4462.540103726933
1776008774,337,,Aggregated,550.000000,0.000000,250,400,610,760,1000,1300,1700,2100,3500,5600,8700,174596,2023,250.0,478.408581183972,1.731629999994766,8727.23305799991,4462.685828999519
1776008775,324,,Aggregated,550.100000,0.000000,250,400,610,760,1000,1300,1700,2100,3500,5600,8700,175070,2023,250.0,478.09424823069014,1.731629999994766,8727.23305799991,4462.827469012395
1776008776,311,,Aggregated,548.700000,0.000000,250,400,610,760,1000,1300,1700,2100,3500,5600,8700,175503,2023,250.0,477.94489713513127,1.731629999994766,8727.23305799991,4462.956188783098
1776008777,301,,Aggregated,545.900000,0.000000,250,400,610,760,1000,1300,1700,2100,3500,5600,8700,175948,2023,250.0,477.7418047645715,1.731629999994766,8727.23305799991,4463.087815718281
1776008784,291,,Aggregated,323.300000,0.000000,250,400,610,750,1000,1300,1700,2100,3500,5600,8700,176373,2023,250.0,477.52359637238635,1.731629999994766,8727.23305799991,4463.212906737426
1776008779,281,,Aggregated,530.800000,0.000000,250,400,600,750,1000,1300,1700,2100,3500,5600,8700,176854,2023,250.0,477.11280686123513,1.731629999994766,8727.23305799991,4463.353755074808
1776008780,271,,Aggregated,525.300000,0.000000,250,400,600,750,1000,1300,1700,2000,3500,5600,8700,177326,2023,250.0,476.54017570433473,1.731629999994766,8727.23305799991,4463.491225201042
1776008781,261,,Aggregated,513.000000,0.000000,250,400,600,750,1000,1300,1700,2000,3500,5600,8700,177796,2023,250.0,476.02068112706064,1.731629999994766,8727.23305799991,4463.627387567774
1776008782,251,,Aggregated,504.300000,0.000000,250,400,600,750,1000,1300,1700,2000,3500,5600,8700,178203,2023,250.0,475.6252073508122,1.731629999994766,8727.23305799991,4463.744718102389
1776008783,241,,Aggregated,500.400000,0.000000,250,400,600,750,1000,1300,1700,2000,3500,5600,8700,178612,2023,250.0,475.27286758620204,1.731629999994766,8727.23305799991,4463.86208653394
1776008783,231,,Aggregated,500.400000,0.000000,250,390,600,750,1000,1300,1700,2000,3500,5600,8700,179021,2023,250.0,474.78270490661214,1.731629999994766,8727.23305799991,4463.978918674346
1776008784,221,,Aggregated,493.100000,0.000000,250,390,590,740,1000,1300,1700,2000,3500,5600,8700,179405,2023,250.0,474.31750492609825,1.731629999994766,8727.23305799991,4464.088124634208
1776008785,211,,Aggregated,487.400000,0.000000,250,390,590,740,1000,1300,1700,2000,3500,5600,8700,179776,2023,250.0,473.8739734009911,1.731629999994766,8727.23305799991,4464.193190414739
1776008786,201,,Aggregated,483.400000,0.000000,250,390,590,740,1000,1300,1700,2000,3500,5600,8700,180116,2023,250.0,473.5000117776681,1.731629999994766,8727.23305799991,4464.289097026361
1776008787,191,,Aggregated,474.200000,0.000000,250,390,590,740,1000,1300,1700,2000,3500,5600,8700,180465,2023,250.0,473.12050675630496,1.731629999994766,8727.23305799991,4464.3871664865765
1776008794,181,,Aggregated,273.600000,0.000000,250,390,590,740,1000,1300,1700,2000,3500,5600,8700,180804,2023,250.0,472.6831450613733,1.731629999994766,8727.23305799991,4464.482063449924
1776008789,171,,Aggregated,455.100000,0.000000,250,390,590,740,1000,1300,1700,2000,3500,5600,8700,181122,2023,250.0,472.2716476614466,1.731629999994766,8727.23305799991,4464.570758935965
1776008790,161,,Aggregated,446.600000,0.000000,250,390,590,740,1000,1300,1700,2000,3500,5600,8700,181418,2023,250.0,471.89621986906786,1.731629999994766,8727.23305799991,4464.653038838484
1776008791,151,,Aggregated,429.700000,0.000000,250,380,590,740,1000,1300,1700,2000,3500,5600,8700,181685,2023,250.0,471.56967986381136,1.731629999994766,8727.23305799991,4464.7270275476785
1776008792,141,,Aggregated,412.000000,0.000000,250,380,580,740,1000,1300,1700,2000,3500,5600,8700,181926,2023,250.0,471.3031495883301,1.731629999994766,8727.23305799991,4464.793624880446
1776008793,131,,Aggregated,392.500000,0.000000,250,380,580,740,1000,1300,1700,2000,3500,5600,8700,182129,2023,250.0,471.15055876794224,1.731629999994766,8727.23305799991,4464.849584635066
1776008793,121,,Aggregated,392.500000,0.000000,250,380,580,740,1000,1300,1700,2000,3500,5600,8700,182349,2023,250.0,470.9283077788556,1.731629999994766,8727.23305799991,4464.910089992268
1776008794,111,,Aggregated,378.600000,0.000000,250,380,580,730,1000,1300,1700,2000,3500,5600,8700,182550,2023,250.0,470.6791642744265,1.731629999994766,8727.23305799991,4464.965242399343
1776008795,101,,Aggregated,357.900000,0.000000,250,380,580,730,1000,1300,1700,2000,3500,5600,8700,182743,2023,250.0,470.44611391914657,1.731629999994766,8727.23305799991,4465.018085508063
1776008796,91,,Aggregated,332.700000,0.000000,250,380,580,730,1000,1300,1700,2000,3500,5600,8700,182913,2023,250.0,470.2199292005852,1.731629999994766,8727.23305799991,4465.064538879139
1776008797,81,,Aggregated,309.700000,0.000000,250,380,580,730,1000,1300,1700,2000,3500,5600,8700,183066,2023,250.0,470.02044425391165,1.731629999994766,8727.23305799991,4465.106273147389
1776008804,71,,Aggregated,136.900000,0.000000,250,380,580,730,1000,1300,1700,2000,3500,5600,8700,183196,2023,250.0,469.8549101917436,1.731629999994766,8727.23305799991,4465.141678857617
1776008799,61,,Aggregated,275.900000,0.000000,250,380,580,730,1000,1300,1700,2000,3500,5600,8700,183315,2023,250.0,469.6988870800352,1.731629999994766,8727.23305799991,4465.174044677195
1776008800,51,,Aggregated,254.900000,0.000000,250,380,580,730,1000,1300,1700,2000,3500,5600,8700,183408,2023,250.0,469.57696946450903,1.731629999994766,8727.23305799991,4465.199309735672
1776008801,41,,Aggregated,232.800000,0.000000,250,380,580,730,1000,1300,1700,2000,3500,5600,8700,183483,2023,250.0,469.4788109120554,1.731629999994766,8727.23305799991,4465.219666127107
1776008802,31,,Aggregated,208.200000,0.000000,250,380,580,730,1000,1300,1700,2000,3500,5600,8700,183542,2023,250.0,469.401696161133,1.731629999994766,8727.23305799991,4465.235668130455
1776008803,21,,Aggregated,189.700000,0.000000,250,380,580,730,1000,1300,1700,2000,3500,5600,8700,183581,2023,250.0,469.3515466800849,1.731629999994766,8727.23305799991,4465.246240079311
1776008803,11,,Aggregated,189.700000,0.000000,250,380,580,730,1000,1300,1700,2000,3500,5600,8700,183603,2023,250.0,469.3226103184405,1.731629999994766,8727.23305799991,4465.252201761409
1776008804,10,,Aggregated,169.800000,0.000000,250,380,580,730,1000,1300,1700,2000,3500,5600,8700,183620,2023,250.0,469.30126809822815,1.731629999994766,8727.23305799991,4465.256807537306
1776008805,10,,Aggregated,154.400000,0.000000,250,380,580,730,1000,1300,1700,2000,3500,5600,8700,183640,2023,250.0,469.2752505912473,1.731629999994766,8727.23305799991,4465.2622250054455
1776008806,10,,Aggregated,130.900000,0.000000,250,380,580,730,1000,1300,1700,2000,3500,5600,8700,183661,2023,250.0,469.24762945446594,1.731629999994766,8727.23305799991,4465.267912077142
1776008807,10,,Aggregated,106.000000,0.000000,250,380,580,730,1000,1300,1700,2000,3500,5600,8700,183679,2023,250.0,469.2238971230608,1.731629999994766,8727.23305799991,4465.272785675009
1776008814,10,,Aggregated,19.500000,0.000000,250,380,580,730,1000,1300,1700,2000,3500,5600,8700,183697,2023,250.0,469.20021636012933,1.731629999994766,8727.23305799991,4465.277658317773
1776008809,10,,Aggregated,75.700000,0.000000,250,380,580,730,1000,1300,1700,2000,3500,5600,8700,183714,2023,250.0,469.1779809171685,1.731629999994766,8727.23305799991,4465.28225938143
1776008810,10,,Aggregated,63.200000,0.000000,250,380,580,730,1000,1300,1700,2000,3500,5600,8700,183734,2023,250.0,469.15151773578503,1.731629999994766,8727.23305799991,4465.287671307434
1776008811,10,,Aggregated,50.700000,0.000000,250,380,580,730,1000,1300,1700,2000,3500,5600,8700,183753,2023,250.0,469.12642360025006,1.731629999994766,8727.23305799991,4465.292811545934
1776008812,10,,Aggregated,36.300000,0.000000,250,380,580,730,1000,1300,1700,2000,3500,5600,8700,183774,2023,250.0,469.09994726091156,1.731629999994766,8727.23305799991,4465.298491625584
1776008813,10,,Aggregated,30.100000,0.000000,250,380,580,730,1000,1300,1700,2000,3500,5600,8700,183792,2023,250.0,469.0762629568035,1.731629999994766,8727.23305799991,4465.303359232175
1776008813,10,,Aggregated,30.100000,0.000000,250,380,580,730,1000,1300,1700,2000,3500,5600,8700,183809,2023,250.0,469.0538062402104,1.731629999994766,8727.23305799991,4465.307955540806
1776008814,10,,Aggregated,26.600000,0.000000,250,380,580,730,1000,1300,1700,2000,3500,5600,8700,183831,2023,250.0,469.02493716846925,1.731629999994766,8727.23305799991,4465.313902443005
1776008815,10,,Aggregated,24.300000,0.000000,250,380,580,730,1000,1300,1700,2000,3500,5600,8700,183849,2023,250.0,469.0022928682063,1.731629999994766,8727.23305799991,4465.31876703164
1776008816,10,,Aggregated,24.400000,0.000000,250,380,580,730,1000,1300,1700,2000,3500,5600,8700,183867,2023,250.0,468.97867932563685,1.731629999994766,8727.23305799991,4465.32363066782
1776008817,10,,Aggregated,21.100000,0.000000,250,380,580,730,1000,1300,1700,2000,3500,5600,8700,183884,2023,250.0,468.95621661774186,1.731629999994766,8727.23305799991,4465.328223227687
1776008824,10,,Aggregated,13.500000,0.000000,250,380,580,730,1000,1300,1700,2000,3500,5600,8700,183905,2023,250.0,468.9332638002056,1.731629999994766,8727.23305799991,4465.333895217639
1776008819,10,,Aggregated,21.000000,0.000000,250,380,580,730,1000,1300,1700,2000,3500,5600,8700,183921,2023,250.0,468.91323755338874,1.731629999994766,8727.23305799991,4465.33821586442
1776008820,10,,Aggregated,20.900000,0.000000,250,380,580,730,1000,1300,1700,2000,3500,5600,8700,183940,2024,250.0,468.88914335966524,1.731629999994766,8727.23305799991,4465.318799608568
1776008821,10,,Aggregated,20.700000,0.000000,250,380,580,730,1000,1300,1700,2000,3500,5600,8700,183960,2024,250.0,468.8643815174323,1.731629999994766,8727.23305799991,4465.324200913242
1776008822,10,,Aggregated,20.400000,0.100000,250,380,580,730,1000,1300,1700,2000,3500,5600,8700,183977,2024,250.0,468.8421395290544,1.731629999994766,8727.23305799991,4465.328791098887
1776008823,10,,Aggregated,20.200000,0.100000,250,380,580,730,1000,1300,1700,2000,3500,5600,8700,183997,2024,250.0,468.81631938236404,1.731629999994766,8727.23305799991,4465.334190231362
1776008823,10,,Aggregated,20.200000,0.100000,250,380,580,730,1000,1300,1700,2000,3500,5600,8700,184015,2024,250.0,468.79301265617937,1.731629999994766,8727.23305799991,4465.339048447137
1776008824,10,,Aggregated,20.300000,0.100000,250,380,580,730,1000,1300,1700,2000,3500,5600,8700,184034,2024,250.0,468.76826871429637,1.731629999994766,8727.23305799991,4465.344175532782
1776008825,10,,Aggregated,20.300000,0.100000,250,380,580,730,1000,1300,1700,2000,3500,5600,8700,184053,2024,250.0,468.7434413817042,1.731629999994766,8727.23305799991,4465.349301559877
1776008826,10,,Aggregated,20.000000,0.100000,250,380,580,730,1000,1300,1700,2000,3500,5600,8700,184072,2024,250.0,468.71868087588973,1.731629999994766,8727.23305799991,4465.354426528749
1776008827,10,,Aggregated,20.100000,0.100000,250,380,580,730,1000,1300,1700,2000,3500,5600,8700,184091,2024,250.0,468.693781831794,1.731629999994766,8727.23305799991,4465.359550439728
1776008834,10,,Aggregated,13.900000,0.000000,250,380,580,730,1000,1300,1700,2000,3500,5600,8700,184110,2024,250.0,468.66895334846987,1.731629999994766,8727.23305799991,4465.36467329314
1776008829,10,,Aggregated,20.300000,0.100000,250,380,580,730,1000,1300,1700,2000,3500,5600,8700,184128,2024,250.0,468.6452238664233,1.731629999994766,8727.23305799991,4465.369525547445
1776008830,10,,Aggregated,20.200000,0.100000,250,380,580,730,1000,1300,1700,2000,3500,5600,8700,184148,2024,250.0,468.6202457696897,1.731629999994766,8727.23305799991,4465.374915828573
1776008831,10,,Aggregated,20.900000,0.100000,250,380,580,730,1000,1300,1700,2000,3500,5600,8700,184164,2024,250.0,468.59928202122467,1.731629999994766,8727.23305799991,4465.37922721053
1776008833,10,,Aggregated,20.900000,0.100000,250,380,580,730,1000,1300,1700,2000,3500,5600,8700,184164,2024,250.0,468.59928202122467,1.731629999994766,8727.23305799991,4465.37922721053
1776008833,0,,Aggregated,21.000000,0.000000,250,380,580,730,1000,1300,1700,2000,3500,5600,8700,184170,2024,250.0,468.6449853626911,1.731629999994766,8727.23305799991,4465.380843785633
1776008834,0,,Aggregated,21.000000,0.000000,250,380,580,730,1000,1300,1700,2000,3500,5600,8700,184170,2024,250.0,468.6449853626911,1.731629999994766,8727.23305799991,4465.380843785633
1776008835,0,,Aggregated,21.000000,0.000000,250,380,580,730,1000,1300,1700,2000,3500,5600,8700,184170,2024,250.0,468.6449853626911,1.731629999994766,8727.23305799991,4465.380843785633
1776008836,0,,Aggregated,21.000000,0.000000,250,380,580,730,1000,1300,1700,2000,3500,5600,8700,184170,2024,250.0,468.6449853626911,1.731629999994766,8727.23305799991,4465.380843785633
1776008837,0,,Aggregated,21.000000,0.000000,250,380,580,730,1000,1300,1700,2000,3500,5600,8700,184170,2024,250.0,468.6449853626911,1.731629999994766,8727.23305799991,4465.380843785633
1776008844,0,,Aggregated,21.000000,0.000000,250,380,580,730,1000,1300,1700,2000,3500,5600,8700,184170,2024,250.0,468.6449853626911,1.731629999994766,8727.23305799991,4465.380843785633
1776008839,0,,Aggregated,21.000000,0.000000,250,380,580,730,1000,1300,1700,2000,3500,5600,8700,184170,2024,250.0,468.6449853626911,1.731629999994766,8727.23305799991,4465.380843785633
1776008840,0,,Aggregated,21.000000,0.000000,250,380,580,730,1000,1300,1700,2000,3500,5600,8700,184170,2024,250.0,468.6449853626911,1.731629999994766,8727.23305799991,4465.380843785633
1776008841,0,,Aggregated,21.000000,0.000000,250,380,580,730,1000,1300,1700,2000,3500,5600,8700,184170,2024,250.0,468.6449853626911,1.731629999994766,8727.23305799991,4465.380843785633
1776008842,0,,Aggregated,21.000000,0.000000,250,380,580,730,1000,1300,1700,2000,3500,5600,8700,184170,2024,250.0,468.6449853626911,1.731629999994766,8727.23305799991,4465.380843785633
1776008843,0,,Aggregated,21.000000,0.000000,250,380,580,730,1000,1300,1700,2000,3500,5600,8700,184170,2024,250.0,468.6449853626911,1.731629999994766,8727.23305799991,4465.380843785633
1776008843,0,,Aggregated,21.000000,0.000000,250,380,580,730,1000,1300,1700,2000,3500,5600,8700,184170,2024,250.0,468.6449853626911,1.731629999994766,8727.23305799991,4465.380843785633
1776008844,0,,Aggregated,21.000000,0.000000,250,380,580,730,1000,1300,1700,2000,3500,5600,8700,184170,2024,250.0,468.6449853626911,1.731629999994766,8727.23305799991,4465.380843785633
1776008845,0,,Aggregated,21.000000,0.000000,250,380,580,730,1000,1300,1700,2000,3500,5600,8700,184170,2024,250.0,468.6449853626911,1.731629999994766,8727.23305799991,4465.380843785633
1776008846,0,,Aggregated,21.000000,0.000000,250,380,580,730,1000,1300,1700,2000,3500,5600,8700,184170,2024,250.0,468.6449853626911,1.731629999994766,8727.23305799991,4465.380843785633
1776008847,0,,Aggregated,21.000000,0.000000,250,380,580,730,1000,1300,1700,2000,3500,5600,8700,184170,2024,250.0,468.6449853626911,1.731629999994766,8727.23305799991,4465.380843785633
1776008854,0,,Aggregated,21.000000,0.000000,250,380,580,730,1000,1300,1700,2000,3500,5600,8700,184170,2024,250.0,468.6449853626911,1.731629999994766,8727.23305799991,4465.380843785633
1776008849,0,,Aggregated,21.000000,0.000000,250,380,580,730,1000,1300,1700,2000,3500,5600,8700,184170,2024,250.0,468.6449853626911,1.731629999994766,8727.23305799991,4465.380843785633
1776008850,0,,Aggregated,21.000000,0.000000,250,380,580,730,1000,1300,1700,2000,3500,5600,8700,184170,2024,250.0,468.6449853626911,1.731629999994766,8727.23305799991,4465.380843785633
1776008851,0,,Aggregated,21.000000,0.000000,250,380,580,730,1000,1300,1700,2000,3500,5600,8700,184170,2024,250.0,468.6449853626911,1.731629999994766,8727.23305799991,4465.380843785633
1776008852,0,,Aggregated,21.000000,0.000000,250,380,580,730,1000,1300,1700,2000,3500,5600,8700,184170,2024,250.0,468.6449853626911,1.731629999994766,8727.23305799991,4465.380843785633
1776008853,0,,Aggregated,21.000000,0.000000,250,380,580,730,1000,1300,1700,2000,3500,5600,8700,184170,2024,250.0,468.6449853626911,1.731629999994766,8727.23305799991,4465.380843785633
1776008853,0,,Aggregated,21.000000,0.000000,250,380,580,730,1000,1300,1700,2000,3500,5600,8700,184170,2024,250.0,468.6449853626911,1.731629999994766,8727.23305799991,4465.380843785633
1776008854,0,,Aggregated,21.000000,0.000000,250,380,580,730,1000,1300,1700,2000,3500,5600,8700,184170,2024,250.0,468.6449853626911,1.731629999994766,8727.23305799991,4465.380843785633
1776008855,0,,Aggregated,21.000000,0.000000,250,380,580,730,1000,1300,1700,2000,3500,5600,8700,184170,2024,250.0,468.6449853626911,1.731629999994766,8727.23305799991,4465.380843785633
1776008856,0,,Aggregated,21.000000,0.000000,250,380,580,730,1000,1300,1700,2000,3500,5600,8700,184170,2024,250.0,468.6449853626911,1.731629999994766,8727.23305799991,4465.380843785633
1776008857,0,,Aggregated,21.000000,0.000000,250,380,580,730,1000,1300,1700,2000,3500,5600,8700,184170,2024,250.0,468.6449853626911,1.731629999994766,8727.23305799991,4465.380843785633
1776008864,0,,Aggregated,21.000000,0.000000,250,380,580,730,1000,1300,1700,2000,3500,5600,8700,184170,2024,250.0,468.6449853626911,1.731629999994766,8727.23305799991,4465.380843785633
1776008859,0,,Aggregated,21.000000,0.000000,250,380,580,730,1000,1300,1700,2000,3500,5600,8700,184170,2024,250.0,468.6449853626911,1.731629999994766,8727.23305799991,4465.380843785633
1776008860,0,,Aggregated,21.000000,0.000000,250,380,580,730,1000,1300,1700,2000,3500,5600,8700,184170,2024,250.0,468.6449853626911,1.731629999994766,8727.23305799991,4465.380843785633
1776008861,0,,Aggregated,21.000000,0.000000,250,380,580,730,1000,1300,1700,2000,3500,5600,8700,184170,2024,250.0,468.6449853626911,1.731629999994766,8727.23305799991,4465.380843785633
1776008862,0,,Aggregated,21.000000,0.000000,250,380,580,730,1000,1300,1700,2000,3500,5600,8700,184170,2024,250.0,468.6449853626911,1.731629999994766,8727.23305799991,4465.380843785633
1776008863,0,,Aggregated,21.000000,0.000000,250,380,580,730,1000,1300,1700,2000,3500,5600,8700,184170,2024,250.0,468.6449853626911,1.731629999994766,8727.23305799991,4465.380843785633
1776008863,0,,Aggregated,21.000000,0.000000,250,380,580,730,1000,1300,1700,2000,3500,5600,8700,184170,2024,250.0,468.6449853626911,1.731629999994766,8727.23305799991,4465.380843785633
1776008864,0,,Aggregated,21.000000,0.000000,250,380,580,730,1000,1300,1700,2000,3500,5600,8700,184170,2024,250.0,468.6449853626911,1.731629999994766,8727.23305799991,4465.380843785633
1776008865,0,,Aggregated,21.000000,0.000000,250,380,580,730,1000,1300,1700,2000,3500,5600,8700,184170,2024,250.0,468.6449853626911,1.731629999994766,8727.23305799991,4465.380843785633
1776008866,0,,Aggregated,21.000000,0.000000,250,380,580,730,1000,1300,1700,2000,3500,5600,8700,184170,2024,250.0,468.6449853626911,1.731629999994766,8727.23305799991,4465.380843785633
1776008867,0,,Aggregated,21.000000,0.000000,250,380,580,730,1000,1300,1700,2000,3500,5600,8700,184170,2024,250.0,468.6449853626911,1.731629999994766,8727.23305799991,4465.380843785633
1776008875,0,,Aggregated,21.000000,0.000000,250,380,580,730,1000,1300,1700,2000,3500,5600,8700,184170,2024,250.0,468.6449853626911,1.731629999994766,8727.23305799991,4465.380843785633
1776008869,0,,Aggregated,21.000000,0.000000,250,380,580,730,1000,1300,1700,2000,3500,5600,8700,184170,2024,250.0,468.6449853626911,1.731629999994766,8727.23305799991,4465.380843785633
1776008870,0,,Aggregated,21.000000,0.000000,250,380,580,730,1000,1300,1700,2000,3500,5600,8700,184170,2024,250.0,468.6449853626911,1.731629999994766,8727.23305799991,4465.380843785633
1776008871,0,,Aggregated,21.000000,0.000000,250,380,580,730,1000,1300,1700,2000,3500,5600,8700,184170,2024,250.0,468.6449853626911,1.731629999994766,8727.23305799991,4465.380843785633
1776008872,0,,Aggregated,21.000000,0.000000,250,380,580,730,1000,1300,1700,2000,3500,5600,8700,184170,2024,250.0,468.6449853626911,1.731629999994766,8727.23305799991,4465.380843785633
1776008873,0,,Aggregated,21.000000,0.000000,250,380,580,730,1000,1300,1700,2000,3500,5600,8700,184170,2024,250.0,468.6449853626911,1.731629999994766,8727.23305799991,4465.380843785633
1776008873,0,,Aggregated,21.000000,0.000000,250,380,580,730,1000,1300,1700,2000,3500,5600,8700,184170,2024,250.0,468.6449853626911,1.731629999994766,8727.23305799991,4465.380843785633
1776008874,0,,Aggregated,21.000000,0.000000,250,380,580,730,1000,1300,1700,2000,3500,5600,8700,184170,2024,250.0,468.6449853626911,1.731629999994766,8727.23305799991,4465.380843785633
1776008875,0,,Aggregated,21.000000,0.000000,250,380,580,730,1000,1300,1700,2000,3500,5600,8700,184170,2024,250.0,468.6449853626911,1.731629999994766,8727.23305799991,4465.380843785633
1776008876,0,,Aggregated,21.000000,0.000000,250,380,580,730,1000,1300,1700,2000,3500,5600,8700,184170,2024,250.0,468.6449853626911,1.731629999994766,8727.23305799991,4465.380843785633
1776008877,0,,Aggregated,21.000000,0.000000,250,380,580,730,1000,1300,1700,2000,3500,5600,8700,184170,2024,250.0,468.6449853626911,1.731629999994766,8727.23305799991,4465.380843785633
1776008878,0,,Aggregated,21.000000,0.000000,250,380,580,730,1000,1300,1700,2000,3500,5600,8700,184170,2024,250.0,468.6449853626911,1.731629999994766,8727.23305799991,4465.380843785633
1776008879,0,,Aggregated,21.000000,0.000000,250,380,580,730,1000,1300,1700,2000,3500,5600,8700,184170,2024,250.0,468.6449853626911,1.731629999994766,8727.23305799991,4465.380843785633
1776008880,0,,Aggregated,21.000000,0.000000,250,380,580,730,1000,1300,1700,2000,3500,5600,8700,184170,2024,250.0,468.6449853626911,1.731629999994766,8727.23305799991,4465.380843785633
1776008881,0,,Aggregated,21.000000,0.000000,250,380,580,730,1000,1300,1700,2000,3500,5600,8700,184170,2024,250.0,468.6449853626911,1.731629999994766,8727.23305799991,4465.380843785633
1776008882,0,,Aggregated,21.000000,0.000000,250,380,580,730,1000,1300,1700,2000,3500,5600,8700,184170,2024,250.0,468.6449853626911,1.731629999994766,8727.23305799991,4465.380843785633
1776008883,0,,Aggregated,21.000000,0.000000,250,380,580,730,1000,1300,1700,2000,3500,5600,8700,184170,2024,250.0,468.6449853626911,1.731629999994766,8727.23305799991,4465.380843785633
1776008883,0,,Aggregated,21.000000,0.000000,250,380,580,730,1000,1300,1700,2000,3500,5600,8700,184170,2024,250.0,468.6449853626911,1.731629999994766,8727.23305799991,4465.380843785633
1776008884,0,,Aggregated,21.000000,0.000000,250,380,580,730,1000,1300,1700,2000,3500,5600,8700,184170,2024,250.0,468.6449853626911,1.731629999994766,8727.23305799991,4465.380843785633
1776008885,0,,Aggregated,21.000000,0.000000,250,380,580,730,1000,1300,1700,2000,3500,5600,8700,184170,2024,250.0,468.6449853626911,1.731629999994766,8727.23305799991,4465.380843785633
1776008886,0,,Aggregated,21.000000,0.000000,250,380,580,730,1000,1300,1700,2000,3500,5600,8700,184170,2024,250.0,468.6449853626911,1.731629999994766,8727.23305799991,4465.380843785633
1776008887,0,,Aggregated,21.000000,0.000000,250,380,580,730,1000,1300,1700,2000,3500,5600,8700,184170,2024,250.0,468.6449853626911,1.731629999994766,8727.23305799991,4465.380843785633
1776008888,0,,Aggregated,21.000000,0.000000,250,380,580,730,1000,1300,1700,2000,3500,5600,8700,184170,2024,250.0,468.6449853626911,1.731629999994766,8727.23305799991,4465.380843785633
1776008889,0,,Aggregated,21.000000,0.000000,250,380,580,730,1000,1300,1700,2000,3500,5600,8700,184170,2024,250.0,468.6449853626911,1.731629999994766,8727.23305799991,4465.380843785633
1776008890,0,,Aggregated,21.000000,0.000000,250,380,580,730,1000,1300,1700,2000,3500,5600,8700,184170,2024,250.0,468.6449853626911,1.731629999994766,8727.23305799991,4465.380843785633
1776008891,0,,Aggregated,21.000000,0.000000,250,380,580,730,1000,1300,1700,2000,3500,5600,8700,184170,2024,250.0,468.6449853626911,1.731629999994766,8727.23305799991,4465.380843785633
1776008892,0,,Aggregated,21.000000,0.000000,250,380,580,730,1000,1300,1700,2000,3500,5600,8700,184170,2024,250.0,468.6449853626911,1.731629999994766,8727.23305799991,4465.380843785633
1776008893,0,,Aggregated,21.000000,0.000000,250,380,580,730,1000,1300,1700,2000,3500,5600,8700,184170,2024,250.0,468.6449853626911,1.731629999994766,8727.23305799991,4465.380843785633
1776008893,0,,Aggregated,21.000000,0.000000,250,380,580,730,1000,1300,1700,2000,3500,5600,8700,184170,2024,250.0,468.6449853626911,1.731629999994766,8727.23305799991,4465.380843785633
1776008894,0,,Aggregated,21.000000,0.000000,250,380,580,730,1000,1300,1700,2000,3500,5600,8700,184170,2024,250.0,468.6449853626911,1.731629999994766,8727.23305799991,4465.380843785633
1776008895,0,,Aggregated,21.000000,0.000000,250,380,580,730,1000,1300,1700,2000,3500,5600,8700,184170,2024,250.0,468.6449853626911,1.731629999994766,8727.23305799991,4465.380843785633
1776008896,0,,Aggregated,21.000000,0.000000,250,380,580,730,1000,1300,1700,2000,3500,5600,8700,184170,2024,250.0,468.6449853626911,1.731629999994766,8727.23305799991,4465.380843785633
1776008898,0,,Aggregated,21.000000,0.000000,250,380,580,730,1000,1300,1700,2000,3500,5600,8700,184170,2024,250.0,468.6449853626911,1.731629999994766,8727.23305799991,4465.380843785633
1776008898,0,,Aggregated,21.000000,0.000000,250,380,580,730,1000,1300,1700,2000,3500,5600,8700,184170,2024,250.0,468.6449853626911,1.731629999994766,8727.23305799991,4465.380843785633
1776008899,0,,Aggregated,21.000000,0.000000,250,380,580,730,1000,1300,1700,2000,3500,5600,8700,184170,2024,250.0,468.6449853626911,1.731629999994766,8727.23305799991,4465.380843785633
1776008900,0,,Aggregated,21.000000,0.000000,250,380,580,730,1000,1300,1700,2000,3500,5600,8700,184170,2024,250.0,468.6449853626911,1.731629999994766,8727.23305799991,4465.380843785633
1776008901,0,,Aggregated,21.000000,0.000000,250,380,580,730,1000,1300,1700,2000,3500,5600,8700,184170,2024,250.0,468.6449853626911,1.731629999994766,8727.23305799991,4465.380843785633
1776008902,0,,Aggregated,21.000000,0.000000,250,380,580,730,1000,1300,1700,2000,3500,5600,8700,184170,2024,250.0,468.6449853626911,1.731629999994766,8727.23305799991,4465.380843785633
1776008903,0,,Aggregated,21.000000,0.000000,250,380,580,730,1000,1300,1700,2000,3500,5600,8700,184170,2024,250.0,468.6449853626911,1.731629999994766,8727.23305799991,4465.380843785633
1776008904,0,,Aggregated,21.000000,0.000000,250,380,580,730,1000,1300,1700,2000,3500,5600,8700,184170,2024,250.0,468.6449853626911,1.731629999994766,8727.23305799991,4465.380843785633
1776008905,0,,Aggregated,21.000000,0.000000,250,380,580,730,1000,1300,1700,2000,3500,5600,8700,184170,2024,250.0,468.6449853626911,1.731629999994766,8727.23305799991,4465.380843785633
1776008906,0,,Aggregated,21.000000,0.000000,250,380,580,730,1000,1300,1700,2000,3500,5600,8700,184170,2024,250.0,468.6449853626911,1.731629999994766,8727.23305799991,4465.380843785633
1776008907,0,,Aggregated,21.000000,0.000000,250,380,580,730,1000,1300,1700,2000,3500,5600,8700,184170,2024,250.0,468.6449853626911,1.731629999994766,8727.23305799991,4465.380843785633
1776008908,0,,Aggregated,21.000000,0.000000,250,380,580,730,1000,1300,1700,2000,3500,5600,8700,184170,2024,250.0,468.6449853626911,1.731629999994766,8727.23305799991,4465.380843785633
1776008908,0,,Aggregated,21.000000,0.000000,250,380,580,730,1000,1300,1700,2000,3500,5600,8700,184170,2024,250.0,468.6449853626911,1.731629999994766,8727.23305799991,4465.380843785633
1776008909,0,,Aggregated,21.000000,0.000000,250,380,580,730,1000,1300,1700,2000,3500,5600,8700,184170,2024,250.0,468.6449853626911,1.731629999994766,8727.23305799991,4465.380843785633
1776008910,0,,Aggregated,21.000000,0.000000,250,380,580,730,1000,1300,1700,2000,3500,5600,8700,184170,2024,250.0,468.6449853626911,1.731629999994766,8727.23305799991,4465.380843785633
1776008911,0,,Aggregated,21.000000,0.000000,250,380,580,730,1000,1300,1700,2000,3500,5600,8700,184170,2024,250.0,468.6449853626911,1.731629999994766,8727.23305799991,4465.380843785633
1776008912,0,,Aggregated,21.000000,0.000000,250,380,580,730,1000,1300,1700,2000,3500,5600,8700,184170,2024,250.0,468.6449853626911,1.731629999994766,8727.23305799991,4465.380843785633
1776008919,0,,Aggregated,21.000000,0.000000,250,380,580,730,1000,1300,1700,2000,3500,5600,8700,184170,2024,250.0,468.6449853626911,1.731629999994766,8727.23305799991,4465.380843785633
1776008914,0,,Aggregated,21.000000,0.000000,250,380,580,730,1000,1300,1700,2000,3500,5600,8700,184170,2024,250.0,468.6449853626911,1.731629999994766,8727.23305799991,4465.380843785633
1776008915,0,,Aggregated,21.000000,0.000000,250,380,580,730,1000,1300,1700,2000,3500,5600,8700,184170,2024,250.0,468.6449853626911,1.731629999994766,8727.23305799991,4465.380843785633
1776008916,0,,Aggregated,21.000000,0.000000,250,380,580,730,1000,1300,1700,2000,3500,5600,8700,184170,2024,250.0,468.6449853626911,1.731629999994766,8727.23305799991,4465.380843785633
1776008917,0,,Aggregated,21.000000,0.000000,250,380,580,730,1000,1300,1700,2000,3500,5600,8700,184170,2024,250.0,468.6449853626911,1.731629999994766,8727.23305799991,4465.380843785633
1776008918,0,,Aggregated,21.000000,0.000000,250,380,580,730,1000,1300,1700,2000,3500,5600,8700,184170,2024,250.0,468.6449853626911,1.731629999994766,8727.23305799991,4465.380843785633
1776008918,0,,Aggregated,21.000000,0.000000,250,380,580,730,1000,1300,1700,2000,3500,5600,8700,184170,2024,250.0,468.6449853626911,1.731629999994766,8727.23305799991,4465.380843785633
1776008919,0,,Aggregated,21.000000,0.000000,250,380,580,730,1000,1300,1700,2000,3500,5600,8700,184170,2024,250.0,468.6449853626911,1.731629999994766,8727.23305799991,4465.380843785633
1776008920,0,,Aggregated,21.000000,0.000000,250,380,580,730,1000,1300,1700,2000,3500,5600,8700,184170,2024,250.0,468.6449853626911,1.731629999994766,8727.23305799991,4465.380843785633
1776008921,0,,Aggregated,21.000000,0.000000,250,380,580,730,1000,1300,1700,2000,3500,5600,8700,184170,2024,250.0,468.6449853626911,1.731629999994766,8727.23305799991,4465.380843785633
1776008922,0,,Aggregated,21.000000,0.000000,250,380,580,730,1000,1300,1700,2000,3500,5600,8700,184170,2024,250.0,468.6449853626911,1.731629999994766,8727.23305799991,4465.380843785633
1776008929,0,,Aggregated,21.000000,0.000000,250,380,580,730,1000,1300,1700,2000,3500,5600,8700,184170,2024,250.0,468.6449853626911,1.731629999994766,8727.23305799991,4465.380843785633
1776008924,0,,Aggregated,21.000000,0.000000,250,380,580,730,1000,1300,1700,2000,3500,5600,8700,184170,2024,250.0,468.6449853626911,1.731629999994766,8727.23305799991,4465.380843785633
1776008925,0,,Aggregated,21.000000,0.000000,250,380,580,730,1000,1300,1700,2000,3500,5600,8700,184170,2024,250.0,468.6449853626911,1.731629999994766,8727.23305799991,4465.380843785633
1776008926,0,,Aggregated,21.000000,0.000000,250,380,580,730,1000,1300,1700,2000,3500,5600,8700,184170,2024,250.0,468.6449853626911,1.731629999994766,8727.23305799991,4465.380843785633
1776008927,0,,Aggregated,21.000000,0.000000,250,380,580,730,1000,1300,1700,2000,3500,5600,8700,184170,2024,250.0,468.6449853626911,1.731629999994766,8727.23305799991,4465.380843785633
1776008928,0,,Aggregated,21.000000,0.000000,250,380,580,730,1000,1300,1700,2000,3500,5600,8700,184170,2024,250.0,468.6449853626911,1.731629999994766,8727.23305799991,4465.380843785633
1776008928,0,,Aggregated,21.000000,0.000000,250,380,580,730,1000,1300,1700,2000,3500,5600,8700,184170,2024,250.0,468.6449853626911,1.731629999994766,8727.23305799991,4465.380843785633
1776008929,0,,Aggregated,21.000000,0.000000,250,380,580,730,1000,1300,1700,2000,3500,5600,8700,184170,2024,250.0,468.6449853626911,1.731629999994766,8727.23305799991,4465.380843785633
1776008930,0,,Aggregated,21.000000,0.000000,250,380,580,730,1000,1300,1700,2000,3500,5600,8700,184170,2024,250.0,468.6449853626911,1.731629999994766,8727.23305799991,4465.380843785633
1776008931,0,,Aggregated,21.000000,0.000000,250,380,580,730,1000,1300,1700,2000,3500,5600,8700,184170,2024,250.0,468.6449853626911,1.731629999994766,8727.23305799991,4465.380843785633
1776008932,0,,Aggregated,21.000000,0.000000,250,380,580,730,1000,1300,1700,2000,3500,5600,8700,184170,2024,250.0,468.6449853626911,1.731629999994766,8727.23305799991,4465.380843785633
1776008939,0,,Aggregated,21.000000,0.000000,250,380,580,730,1000,1300,1700,2000,3500,5600,8700,184170,2024,250.0,468.6449853626911,1.731629999994766,8727.23305799991,4465.380843785633
1776008934,0,,Aggregated,21.000000,0.000000,250,380,580,730,1000,1300,1700,2000,3500,5600,8700,184170,2024,250.0,468.6449853626911,1.731629999994766,8727.23305799991,4465.380843785633
1776008935,0,,Aggregated,21.000000,0.000000,250,380,580,730,1000,1300,1700,2000,3500,5600,8700,184170,2024,250.0,468.6449853626911,1.731629999994766,8727.23305799991,4465.380843785633
1776008936,0,,Aggregated,21.000000,0.000000,250,380,580,730,1000,1300,1700,2000,3500,5600,8700,184170,2024,250.0,468.6449853626911,1.731629999994766,8727.23305799991,4465.380843785633
1776008937,0,,Aggregated,21.000000,0.000000,250,380,580,730,1000,1300,1700,2000,3500,5600,8700,184170,2024,250.0,468.6449853626911,1.731629999994766,8727.23305799991,4465.380843785633
1776008938,0,,Aggregated,21.000000,0.000000,250,380,580,730,1000,1300,1700,2000,3500,5600,8700,184170,2024,250.0,468.6449853626911,1.731629999994766,8727.23305799991,4465.380843785633
1776008938,0,,Aggregated,21.000000,0.000000,250,380,580,730,1000,1300,1700,2000,3500,5600,8700,184170,2024,250.0,468.6449853626911,1.731629999994766,8727.23305799991,4465.380843785633
1776008939,0,,Aggregated,21.000000,0.000000,250,380,580,730,1000,1300,1700,2000,3500,5600,8700,184170,2024,250.0,468.6449853626911,1.731629999994766,8727.23305799991,4465.380843785633
1776008940,0,,Aggregated,21.000000,0.000000,250,380,580,730,1000,1300,1700,2000,3500,5600,8700,184170,2024,250.0,468.6449853626911,1.731629999994766,8727.23305799991,4465.380843785633
1776008941,0,,Aggregated,21.000000,0.000000,250,380,580,730,1000,1300,1700,2000,3500,5600,8700,184170,2024,250.0,468.6449853626911,1.731629999994766,8727.23305799991,4465.380843785633
1776008942,0,,Aggregated,21.000000,0.000000,250,380,580,730,1000,1300,1700,2000,3500,5600,8700,184170,2024,250.0,468.6449853626911,1.731629999994766,8727.23305799991,4465.380843785633
1776008950,0,,Aggregated,21.000000,0.000000,250,380,580,730,1000,1300,1700,2000,3500,5600,8700,184170,2024,250.0,468.6449853626911,1.731629999994766,8727.23305799991,4465.380843785633
1776008944,0,,Aggregated,21.000000,0.000000,250,380,580,730,1000,1300,1700,2000,3500,5600,8700,184170,2024,250.0,468.6449853626911,1.731629999994766,8727.23305799991,4465.380843785633
1776008945,0,,Aggregated,21.000000,0.000000,250,380,580,730,1000,1300,1700,2000,3500,5600,8700,184170,2024,250.0,468.6449853626911,1.731629999994766,8727.23305799991,4465.380843785633
1776008946,0,,Aggregated,21.000000,0.000000,250,380,580,730,1000,1300,1700,2000,3500,5600,8700,184170,2024,250.0,468.6449853626911,1.731629999994766,8727.23305799991,4465.380843785633
1776008947,0,,Aggregated,21.000000,0.000000,250,380,580,730,1000,1300,1700,2000,3500,5600,8700,184170,2024,250.0,468.6449853626911,1.731629999994766,8727.23305799991,4465.380843785633
1776008948,0,,Aggregated,21.000000,0.000000,250,380,580,730,1000,1300,1700,2000,3500,5600,8700,184170,2024,250.0,468.6449853626911,1.731629999994766,8727.23305799991,4465.380843785633
1776008948,0,,Aggregated,21.000000,0.000000,250,380,580,730,1000,1300,1700,2000,3500,5600,8700,184170,2024,250.0,468.6449853626911,1.731629999994766,8727.23305799991,4465.380843785633
1776008949,0,,Aggregated,21.000000,0.000000,250,380,580,730,1000,1300,1700,2000,3500,5600,8700,184170,2024,250.0,468.6449853626911,1.731629999994766,8727.23305799991,4465.380843785633
1776008950,0,,Aggregated,21.000000,0.000000,250,380,580,730,1000,1300,1700,2000,3500,5600,8700,184170,2024,250.0,468.6449853626911,1.731629999994766,8727.23305799991,4465.380843785633
1776008951,0,,Aggregated,21.000000,0.000000,250,380,580,730,1000,1300,1700,2000,3500,5600,8700,184170,2024,250.0,468.6449853626911,1.731629999994766,8727.23305799991,4465.380843785633
1776008952,0,,Aggregated,21.000000,0.000000,250,380,580,730,1000,1300,1700,2000,3500,5600,8700,184170,2024,250.0,468.6449853626911,1.731629999994766,8727.23305799991,4465.380843785633
1776008960,0,,Aggregated,21.000000,0.000000,250,380,580,730,1000,1300,1700,2000,3500,5600,8700,184170,2024,250.0,468.6449853626911,1.731629999994766,8727.23305799991,4465.380843785633
1776008954,0,,Aggregated,21.000000,0.000000,250,380,580,730,1000,1300,1700,2000,3500,5600,8700,184170,2024,250.0,468.6449853626911,1.731629999994766,8727.23305799991,4465.380843785633
1776008955,0,,Aggregated,21.000000,0.000000,250,380,580,730,1000,1300,1700,2000,3500,5600,8700,184170,2024,250.0,468.6449853626911,1.731629999994766,8727.23305799991,4465.380843785633
1776008956,0,,Aggregated,21.000000,0.000000,250,380,580,730,1000,1300,1700,2000,3500,5600,8700,184170,2024,250.0,468.6449853626911,1.731629999994766,8727.23305799991,4465.380843785633
1776008957,0,,Aggregated,21.000000,0.000000,250,380,580,730,1000,1300,1700,2000,3500,5600,8700,184170,2024,250.0,468.6449853626911,1.731629999994766,8727.23305799991,4465.380843785633
1776008958,0,,Aggregated,21.000000,0.000000,250,380,580,730,1000,1300,1700,2000,3500,5600,8700,184170,2024,250.0,468.6449853626911,1.731629999994766,8727.23305799991,4465.380843785633
1776008958,0,,Aggregated,21.000000,0.000000,250,380,580,730,1000,1300,1700,2000,3500,5600,8700,184170,2024,250.0,468.6449853626911,1.731629999994766,8727.23305799991,4465.380843785633
1776008959,0,,Aggregated,21.000000,0.000000,250,380,580,730,1000,1300,1700,2000,3500,5600,8700,184170,2024,250.0,468.6449853626911,1.731629999994766,8727.23305799991,4465.380843785633
1776008960,0,,Aggregated,21.000000,0.000000,250,380,580,730,1000,1300,1700,2000,3500,5600,8700,184170,2024,250.0,468.6449853626911,1.731629999994766,8727.23305799991,4465.380843785633
1776008961,0,,Aggregated,21.000000,0.000000,250,380,580,730,1000,1300,1700,2000,3500,5600,8700,184170,2024,250.0,468.6449853626911,1.731629999994766,8727.23305799991,4465.380843785633
1776008962,0,,Aggregated,21.000000,0.000000,250,380,580,730,1000,1300,1700,2000,3500,5600,8700,184170,2024,250.0,468.6449853626911,1.731629999994766,8727.23305799991,4465.380843785633
1776008963,0,,Aggregated,21.000000,0.000000,250,380,580,730,1000,1300,1700,2000,3500,5600,8700,184170,2024,250.0,468.6449853626911,1.731629999994766,8727.23305799991,4465.380843785633
1776008964,0,,Aggregated,21.000000,0.000000,250,380,580,730,1000,1300,1700,2000,3500,5600,8700,184170,2024,250.0,468.6449853626911,1.731629999994766,8727.23305799991,4465.380843785633
1776008965,0,,Aggregated,21.000000,0.000000,250,380,580,730,1000,1300,1700,2000,3500,5600,8700,184170,2024,250.0,468.6449853626911,1.731629999994766,8727.23305799991,4465.380843785633
1776008966,0,,Aggregated,21.000000,0.000000,250,380,580,730,1000,1300,1700,2000,3500,5600,8700,184170,2024,250.0,468.6449853626911,1.731629999994766,8727.23305799991,4465.380843785633
1776008967,0,,Aggregated,21.000000,0.000000,250,380,580,730,1000,1300,1700,2000,3500,5600,8700,184170,2024,250.0,468.6449853626911,1.731629999994766,8727.23305799991,4465.380843785633
1776008968,0,,Aggregated,21.000000,0.000000,250,380,580,730,1000,1300,1700,2000,3500,5600,8700,184170,2024,250.0,468.6449853626911,1.731629999994766,8727.23305799991,4465.380843785633
1776008968,0,,Aggregated,21.000000,0.000000,250,380,580,730,1000,1300,1700,2000,3500,5600,8700,184170,2024,250.0,468.6449853626911,1.731629999994766,8727.23305799991,4465.380843785633
1776008969,0,,Aggregated,21.000000,0.000000,250,380,580,730,1000,1300,1700,2000,3500,5600,8700,184170,2024,250.0,468.6449853626911,1.731629999994766,8727.23305799991,4465.380843785633
1776008970,0,,Aggregated,21.000000,0.000000,250,380,580,730,1000,1300,1700,2000,3500,5600,8700,184170,2024,250.0,468.6449853626911,1.731629999994766,8727.23305799991,4465.380843785633
1776008971,0,,Aggregated,21.000000,0.000000,250,380,580,730,1000,1300,1700,2000,3500,5600,8700,184170,2024,250.0,468.6449853626911,1.731629999994766,8727.23305799991,4465.380843785633
1776008973,0,,Aggregated,21.000000,0.000000,250,380,580,730,1000,1300,1700,2000,3500,5600,8700,184170,2024,250.0,468.6449853626911,1.731629999994766,8727.23305799991,4465.380843785633
1776008973,0,,Aggregated,21.000000,0.000000,250,380,580,730,1000,1300,1700,2000,3500,5600,8700,184170,2024,250.0,468.6449853626911,1.731629999994766,8727.23305799991,4465.380843785633
1776008974,0,,Aggregated,21.000000,0.000000,250,380,580,730,1000,1300,1700,2000,3500,5600,8700,184170,2024,250.0,468.6449853626911,1.731629999994766,8727.23305799991,4465.380843785633
1776008975,0,,Aggregated,21.000000,0.000000,250,380,580,730,1000,1300,1700,2000,3500,5600,8700,184170,2024,250.0,468.6449853626911,1.731629999994766,8727.23305799991,4465.380843785633
1776008976,0,,Aggregated,21.000000,0.000000,250,380,580,730,1000,1300,1700,2000,3500,5600,8700,184170,2024,250.0,468.6449853626911,1.731629999994766,8727.23305799991,4465.380843785633
1776008977,0,,Aggregated,21.000000,0.000000,250,380,580,730,1000,1300,1700,2000,3500,5600,8700,184170,2024,250.0,468.6449853626911,1.731629999994766,8727.23305799991,4465.380843785633
1776008978,0,,Aggregated,21.000000,0.000000,250,380,580,730,1000,1300,1700,2000,3500,5600,8700,184170,2024,250.0,468.6449853626911,1.731629999994766,8727.23305799991,4465.380843785633
1776008979,0,,Aggregated,21.000000,0.000000,250,380,580,730,1000,1300,1700,2000,3500,5600,8700,184170,2024,250.0,468.6449853626911,1.731629999994766,8727.23305799991,4465.380843785633
1776008980,0,,Aggregated,21.000000,0.000000,250,380,580,730,1000,1300,1700,2000,3500,5600,8700,184170,2024,250.0,468.6449853626911,1.731629999994766,8727.23305799991,4465.380843785633
1776008981,0,,Aggregated,21.000000,0.000000,250,380,580,730,1000,1300,1700,2000,3500,5600,8700,184170,2024,250.0,468.6449853626911,1.731629999994766,8727.23305799991,4465.380843785633
1776008982,0,,Aggregated,21.000000,0.000000,250,380,580,730,1000,1300,1700,2000,3500,5600,8700,184170,2024,250.0,468.6449853626911,1.731629999994766,8727.23305799991,4465.380843785633
1776008983,0,,Aggregated,21.000000,0.000000,250,380,580,730,1000,1300,1700,2000,3500,5600,8700,184170,2024,250.0,468.6449853626911,1.731629999994766,8727.23305799991,4465.380843785633
1776008983,0,,Aggregated,21.000000,0.000000,250,380,580,730,1000,1300,1700,2000,3500,5600,8700,184170,2024,250.0,468.6449853626911,1.731629999994766,8727.23305799991,4465.380843785633
1776008984,0,,Aggregated,21.000000,0.000000,250,380,580,730,1000,1300,1700,2000,3500,5600,8700,184170,2024,250.0,468.6449853626911,1.731629999994766,8727.23305799991,4465.380843785633
1776008985,0,,Aggregated,21.000000,0.000000,250,380,580,730,1000,1300,1700,2000,3500,5600,8700,184170,2024,250.0,468.6449853626911,1.731629999994766,8727.23305799991,4465.380843785633
1776008986,0,,Aggregated,21.000000,0.000000,250,380,580,730,1000,1300,1700,2000,3500,5600,8700,184170,2024,250.0,468.6449853626911,1.731629999994766,8727.23305799991,4465.380843785633
1776008987,0,,Aggregated,21.000000,0.000000,250,380,580,730,1000,1300,1700,2000,3500,5600,8700,184170,2024,250.0,468.6449853626911,1.731629999994766,8727.23305799991,4465.380843785633
1776008988,0,,Aggregated,21.000000,0.000000,250,380,580,730,1000,1300,1700,2000,3500,5600,8700,184170,2024,250.0,468.6449853626911,1.731629999994766,8727.23305799991,4465.380843785633
1776008989,0,,Aggregated,21.000000,0.000000,250,380,580,730,1000,1300,1700,2000,3500,5600,8700,184170,2024,250.0,468.6449853626911,1.731629999994766,8727.23305799991,4465.380843785633
1776008990,0,,Aggregated,21.000000,0.000000,250,380,580,730,1000,1300,1700,2000,3500,5600,8700,184170,2024,250.0,468.6449853626911,1.731629999994766,8727.23305799991,4465.380843785633
1776008991,0,,Aggregated,21.000000,0.000000,250,380,580,730,1000,1300,1700,2000,3500,5600,8700,184170,2024,250.0,468.6449853626911,1.731629999994766,8727.23305799991,4465.380843785633
1776008992,0,,Aggregated,21.000000,0.000000,250,380,580,730,1000,1300,1700,2000,3500,5600,8700,184170,2024,250.0,468.6449853626911,1.731629999994766,8727.23305799991,4465.380843785633
1776008993,0,,Aggregated,21.000000,0.000000,250,380,580,730,1000,1300,1700,2000,3500,5600,8700,184170,2024,250.0,468.6449853626911,1.731629999994766,8727.23305799991,4465.380843785633
1776008993,0,,Aggregated,21.000000,0.000000,250,380,580,730,1000,1300,1700,2000,3500,5600,8700,184170,2024,250.0,468.6449853626911,1.731629999994766,8727.23305799991,4465.380843785633
1776008994,0,,Aggregated,21.000000,0.000000,250,380,580,730,1000,1300,1700,2000,3500,5600,8700,184170,2024,250.0,468.6449853626911,1.731629999994766,8727.23305799991,4465.380843785633
1776008995,0,,Aggregated,21.000000,0.000000,250,380,580,730,1000,1300,1700,2000,3500,5600,8700,184170,2024,250.0,468.6449853626911,1.731629999994766,8727.23305799991,4465.380843785633
1776008996,0,,Aggregated,21.000000,0.000000,250,380,580,730,1000,1300,1700,2000,3500,5600,8700,184170,2024,250.0,468.6449853626911,1.731629999994766,8727.23305799991,4465.380843785633
1776008997,0,,Aggregated,21.000000,0.000000,250,380,580,730,1000,1300,1700,2000,3500,5600,8700,184170,2024,250.0,468.6449853626911,1.731629999994766,8727.23305799991,4465.380843785633
1776008998,0,,Aggregated,21.000000,0.000000,250,380,580,730,1000,1300,1700,2000,3500,5600,8700,184170,2024,250.0,468.6449853626911,1.731629999994766,8727.23305799991,4465.380843785633
1776008999,0,,Aggregated,21.000000,0.000000,250,380,580,730,1000,1300,1700,2000,3500,5600,8700,184170,2024,250.0,468.6449853626911,1.731629999994766,8727.23305799991,4465.380843785633
1776009000,0,,Aggregated,21.000000,0.000000,250,380,580,730,1000,1300,1700,2000,3500,5600,8700,184170,2024,250.0,468.6449853626911,1.731629999994766,8727.23305799991,4465.380843785633
1776009001,0,,Aggregated,21.000000,0.000000,250,380,580,730,1000,1300,1700,2000,3500,5600,8700,184170,2024,250.0,468.6449853626911,1.731629999994766,8727.23305799991,4465.380843785633
1776009002,0,,Aggregated,21.000000,0.000000,250,380,580,730,1000,1300,1700,2000,3500,5600,8700,184170,2024,250.0,468.6449853626911,1.731629999994766,8727.23305799991,4465.380843785633
1776009003,0,,Aggregated,21.000000,0.000000,250,380,580,730,1000,1300,1700,2000,3500,5600,8700,184170,2024,250.0,468.6449853626911,1.731629999994766,8727.23305799991,4465.380843785633
1776009003,0,,Aggregated,21.000000,0.000000,250,380,580,730,1000,1300,1700,2000,3500,5600,8700,184170,2024,250.0,468.6449853626911,1.731629999994766,8727.23305799991,4465.380843785633
1776009004,0,,Aggregated,21.000000,0.000000,250,380,580,730,1000,1300,1700,2000,3500,5600,8700,184170,2024,250.0,468.6449853626911,1.731629999994766,8727.23305799991,4465.380843785633
1776009005,0,,Aggregated,21.000000,0.000000,250,380,580,730,1000,1300,1700,2000,3500,5600,8700,184170,2024,250.0,468.6449853626911,1.731629999994766,8727.23305799991,4465.380843785633
1776009006,0,,Aggregated,21.000000,0.000000,250,380,580,730,1000,1300,1700,2000,3500,5600,8700,184170,2024,250.0,468.6449853626911,1.731629999994766,8727.23305799991,4465.380843785633
1776009007,0,,Aggregated,21.000000,0.000000,250,380,580,730,1000,1300,1700,2000,3500,5600,8700,184170,2024,250.0,468.6449853626911,1.731629999994766,8727.23305799991,4465.380843785633
1776009015,0,,Aggregated,21.000000,0.000000,250,380,580,730,1000,1300,1700,2000,3500,5600,8700,184170,2024,250.0,468.6449853626911,1.731629999994766,8727.23305799991,4465.380843785633
1776009009,0,,Aggregated,21.000000,0.000000,250,380,580,730,1000,1300,1700,2000,3500,5600,8700,184170,2024,250.0,468.6449853626911,1.731629999994766,8727.23305799991,4465.380843785633
1776009010,0,,Aggregated,21.000000,0.000000,250,380,580,730,1000,1300,1700,2000,3500,5600,8700,184170,2024,250.0,468.6449853626911,1.731629999994766,8727.23305799991,4465.380843785633
1776009011,0,,Aggregated,21.000000,0.000000,250,380,580,730,1000,1300,1700,2000,3500,5600,8700,184170,2024,250.0,468.6449853626911,1.731629999994766,8727.23305799991,4465.380843785633
1776009012,0,,Aggregated,21.000000,0.000000,250,380,580,730,1000,1300,1700,2000,3500,5600,8700,184170,2024,250.0,468.6449853626911,1.731629999994766,8727.23305799991,4465.380843785633
1776009013,0,,Aggregated,21.000000,0.000000,250,380,580,730,1000,1300,1700,2000,3500,5600,8700,184170,2024,250.0,468.6449853626911,1.731629999994766,8727.23305799991,4465.380843785633
1776009013,0,,Aggregated,21.000000,0.000000,250,380,580,730,1000,1300,1700,2000,3500,5600,8700,184170,2024,250.0,468.6449853626911,1.731629999994766,8727.23305799991,4465.380843785633
1776009014,0,,Aggregated,21.000000,0.000000,250,380,580,730,1000,1300,1700,2000,3500,5600,8700,184170,2024,250.0,468.6449853626911,1.731629999994766,8727.23305799991,4465.380843785633
1776009015,0,,Aggregated,21.000000,0.000000,250,380,580,730,1000,1300,1700,2000,3500,5600,8700,184170,2024,250.0,468.6449853626911,1.731629999994766,8727.23305799991,4465.380843785633
1776009016,0,,Aggregated,21.000000,0.000000,250,380,580,730,1000,1300,1700,2000,3500,5600,8700,184170,2024,250.0,468.6449853626911,1.731629999994766,8727.23305799991,4465.380843785633
1776009017,0,,Aggregated,21.000000,0.000000,250,380,580,730,1000,1300,1700,2000,3500,5600,8700,184170,2024,250.0,468.6449853626911,1.731629999994766,8727.23305799991,4465.380843785633
1776009025,0,,Aggregated,21.000000,0.000000,250,380,580,730,1000,1300,1700,2000,3500,5600,8700,184170,2024,250.0,468.6449853626911,1.731629999994766,8727.23305799991,4465.380843785633
1776009019,0,,Aggregated,21.000000,0.000000,250,380,580,730,1000,1300,1700,2000,3500,5600,8700,184170,2024,250.0,468.6449853626911,1.731629999994766,8727.23305799991,4465.380843785633
1776009020,0,,Aggregated,21.000000,0.000000,250,380,580,730,1000,1300,1700,2000,3500,5600,8700,184170,2024,250.0,468.6449853626911,1.731629999994766,8727.23305799991,4465.380843785633
1776009021,0,,Aggregated,21.000000,0.000000,250,380,580,730,1000,1300,1700,2000,3500,5600,8700,184170,2024,250.0,468.6449853626911,1.731629999994766,8727.23305799991,4465.380843785633
1776009022,0,,Aggregated,21.000000,0.000000,250,380,580,730,1000,1300,1700,2000,3500,5600,8700,184170,2024,250.0,468.6449853626911,1.731629999994766,8727.23305799991,4465.380843785633
1776009023,0,,Aggregated,21.000000,0.000000,250,380,580,730,1000,1300,1700,2000,3500,5600,8700,184170,2024,250.0,468.6449853626911,1.731629999994766,8727.23305799991,4465.380843785633
1776009023,0,,Aggregated,21.000000,0.000000,250,380,580,730,1000,1300,1700,2000,3500,5600,8700,184170,2024,250.0,468.6449853626911,1.731629999994766,8727.23305799991,4465.380843785633
1776009024,0,,Aggregated,21.000000,0.000000,250,380,580,730,1000,1300,1700,2000,3500,5600,8700,184170,2024,250.0,468.6449853626911,1.731629999994766,8727.23305799991,4465.380843785633
1776009025,0,,Aggregated,21.000000,0.000000,250,380,580,730,1000,1300,1700,2000,3500,5600,8700,184170,2024,250.0,468.6449853626911,1.731629999994766,8727.23305799991,4465.380843785633
1776009026,0,,Aggregated,21.000000,0.000000,250,380,580,730,1000,1300,1700,2000,3500,5600,8700,184170,2024,250.0,468.6449853626911,1.731629999994766,8727.23305799991,4465.380843785633
1776009027,0,,Aggregated,21.000000,0.000000,250,380,580,730,1000,1300,1700,2000,3500,5600,8700,184170,2024,250.0,468.6449853626911,1.731629999994766,8727.23305799991,4465.380843785633
1776009035,0,,Aggregated,21.000000,0.000000,250,380,580,730,1000,1300,1700,2000,3500,5600,8700,184170,2024,250.0,468.6449853626911,1.731629999994766,8727.23305799991,4465.380843785633
1776009029,0,,Aggregated,21.000000,0.000000,250,380,580,730,1000,1300,1700,2000,3500,5600,8700,184170,2024,250.0,468.6449853626911,1.731629999994766,8727.23305799991,4465.380843785633
1776009030,0,,Aggregated,21.000000,0.000000,250,380,580,730,1000,1300,1700,2000,3500,5600,8700,184170,2024,250.0,468.6449853626911,1.731629999994766,8727.23305799991,4465.380843785633
1776009031,0,,Aggregated,21.000000,0.000000,250,380,580,730,1000,1300,1700,2000,3500,5600,8700,184170,2024,250.0,468.6449853626911,1.731629999994766,8727.23305799991,4465.380843785633
1776009032,0,,Aggregated,21.000000,0.000000,250,380,580,730,1000,1300,1700,2000,3500,5600,8700,184170,2024,250.0,468.6449853626911,1.731629999994766,8727.23305799991,4465.380843785633
1776009033,0,,Aggregated,21.000000,0.000000,250,380,580,730,1000,1300,1700,2000,3500,5600,8700,184170,2024,250.0,468.6449853626911,1.731629999994766,8727.23305799991,4465.380843785633
1776009033,0,,Aggregated,21.000000,0.000000,250,380,580,730,1000,1300,1700,2000,3500,5600,8700,184170,2024,250.0,468.6449853626911,1.731629999994766,8727.23305799991,4465.380843785633
1776009034,0,,Aggregated,21.000000,0.000000,250,380,580,730,1000,1300,1700,2000,3500,5600,8700,184170,2024,250.0,468.6449853626911,1.731629999994766,8727.23305799991,4465.380843785633
1776009035,0,,Aggregated,21.000000,0.000000,250,380,580,730,1000,1300,1700,2000,3500,5600,8700,184170,2024,250.0,468.6449853626911,1.731629999994766,8727.23305799991,4465.380843785633
1776009036,0,,Aggregated,21.000000,0.000000,250,380,580,730,1000,1300,1700,2000,3500,5600,8700,184170,2024,250.0,468.6449853626911,1.731629999994766,8727.23305799991,4465.380843785633
1776009037,0,,Aggregated,21.000000,0.000000,250,380,580,730,1000,1300,1700,2000,3500,5600,8700,184170,2024,250.0,468.6449853626911,1.731629999994766,8727.23305799991,4465.380843785633
1776009045,0,,Aggregated,21.000000,0.000000,250,380,580,730,1000,1300,1700,2000,3500,5600,8700,184170,2024,250.0,468.6449853626911,1.731629999994766,8727.23305799991,4465.380843785633
1776009039,0,,Aggregated,21.000000,0.000000,250,380,580,730,1000,1300,1700,2000,3500,5600,8700,184170,2024,250.0,468.6449853626911,1.731629999994766,8727.23305799991,4465.380843785633
1776009040,0,,Aggregated,21.000000,0.000000,250,380,580,730,1000,1300,1700,2000,3500,5600,8700,184170,2024,250.0,468.6449853626911,1.731629999994766,8727.23305799991,4465.380843785633
1776009041,0,,Aggregated,21.000000,0.000000,250,380,580,730,1000,1300,1700,2000,3500,5600,8700,184170,2024,250.0,468.6449853626911,1.731629999994766,8727.23305799991,4465.380843785633
1776009042,0,,Aggregated,21.000000,0.000000,250,380,580,730,1000,1300,1700,2000,3500,5600,8700,184170,2024,250.0,468.6449853626911,1.731629999994766,8727.23305799991,4465.380843785633
1776009043,0,,Aggregated,21.000000,0.000000,250,380,580,730,1000,1300,1700,2000,3500,5600,8700,184170,2024,250.0,468.6449853626911,1.731629999994766,8727.23305799991,4465.380843785633
1776009044,0,,Aggregated,21.000000,0.000000,250,380,580,730,1000,1300,1700,2000,3500,5600,8700,184170,2024,250.0,468.6449853626911,1.731629999994766,8727.23305799991,4465.380843785633
1776009045,0,,Aggregated,21.000000,0.000000,250,380,580,730,1000,1300,1700,2000,3500,5600,8700,184170,2024,250.0,468.6449853626911,1.731629999994766,8727.23305799991,4465.380843785633
1776009046,0,,Aggregated,21.000000,0.000000,250,380,580,730,1000,1300,1700,2000,3500,5600,8700,184170,2024,250.0,468.6449853626911,1.731629999994766,8727.23305799991,4465.380843785633
1776009047,0,,Aggregated,21.000000,0.000000,250,380,580,730,1000,1300,1700,2000,3500,5600,8700,184170,2024,250.0,468.6449853626911,1.731629999994766,8727.23305799991,4465.380843785633
1776009048,0,,Aggregated,21.000000,0.000000,250,380,580,730,1000,1300,1700,2000,3500,5600,8700,184170,2024,250.0,468.6449853626911,1.731629999994766,8727.23305799991,4465.380843785633
1776009055,0,,Aggregated,21.000000,0.000000,250,380,580,730,1000,1300,1700,2000,3500,5600,8700,184170,2024,250.0,468.6449853626911,1.731629999994766,8727.23305799991,4465.380843785633
1776009049,0,,Aggregated,21.000000,0.000000,250,380,580,730,1000,1300,1700,2000,3500,5600,8700,184170,2024,250.0,468.6449853626911,1.731629999994766,8727.23305799991,4465.380843785633
1776009050,0,,Aggregated,21.000000,0.000000,250,380,580,730,1000,1300,1700,2000,3500,5600,8700,184170,2024,250.0,468.6449853626911,1.731629999994766,8727.23305799991,4465.380843785633
1776009051,0,,Aggregated,21.000000,0.000000,250,380,580,730,1000,1300,1700,2000,3500,5600,8700,184170,2024,250.0,468.6449853626911,1.731629999994766,8727.23305799991,4465.380843785633
1776009052,0,,Aggregated,21.000000,0.000000,250,380,580,730,1000,1300,1700,2000,3500,5600,8700,184170,2024,250.0,468.6449853626911,1.731629999994766,8727.23305799991,4465.380843785633
1776009053,0,,Aggregated,21.000000,0.000000,250,380,580,730,1000,1300,1700,2000,3500,5600,8700,184170,2024,250.0,468.6449853626911,1.731629999994766,8727.23305799991,4465.380843785633
1776009054,0,,Aggregated,21.000000,0.000000,250,380,580,730,1000,1300,1700,2000,3500,5600,8700,184170,2024,250.0,468.6449853626911,1.731629999994766,8727.23305799991,4465.380843785633
1776009055,0,,Aggregated,21.000000,0.000000,250,380,580,730,1000,1300,1700,2000,3500,5600,8700,184170,2024,250.0,468.6449853626911,1.731629999994766,8727.23305799991,4465.380843785633
1776009056,0,,Aggregated,21.000000,0.000000,250,380,580,730,1000,1300,1700,2000,3500,5600,8700,184170,2024,250.0,468.6449853626911,1.731629999994766,8727.23305799991,4465.380843785633
1776009057,0,,Aggregated,21.000000,0.000000,250,380,580,730,1000,1300,1700,2000,3500,5600,8700,184170,2024,250.0,468.6449853626911,1.731629999994766,8727.23305799991,4465.380843785633
1776009058,0,,Aggregated,21.000000,0.000000,250,380,580,730,1000,1300,1700,2000,3500,5600,8700,184170,2024,250.0,468.6449853626911,1.731629999994766,8727.23305799991,4465.380843785633
1776009058,0,,Aggregated,21.000000,0.000000,250,380,580,730,1000,1300,1700,2000,3500,5600,8700,184170,2024,250.0,468.6449853626911,1.731629999994766,8727.23305799991,4465.380843785633
1776009059,0,,Aggregated,21.000000,0.000000,250,380,580,730,1000,1300,1700,2000,3500,5600,8700,184170,2024,250.0,468.6449853626911,1.731629999994766,8727.23305799991,4465.380843785633
1776009060,0,,Aggregated,21.000000,0.000000,250,380,580,730,1000,1300,1700,2000,3500,5600,8700,184170,2024,250.0,468.6449853626911,1.731629999994766,8727.23305799991,4465.380843785633
1776009061,0,,Aggregated,21.000000,0.000000,250,380,580,730,1000,1300,1700,2000,3500,5600,8700,184170,2024,250.0,468.6449853626911,1.731629999994766,8727.23305799991,4465.380843785633
1776009062,0,,Aggregated,21.000000,0.000000,250,380,580,730,1000,1300,1700,2000,3500,5600,8700,184170,2024,250.0,468.6449853626911,1.731629999994766,8727.23305799991,4465.380843785633
1776009063,0,,Aggregated,21.000000,0.000000,250,380,580,730,1000,1300,1700,2000,3500,5600,8700,184170,2024,250.0,468.6449853626911,1.731629999994766,8727.23305799991,4465.380843785633
1776009064,0,,Aggregated,21.000000,0.000000,250,380,580,730,1000,1300,1700,2000,3500,5600,8700,184170,2024,250.0,468.6449853626911,1.731629999994766,8727.23305799991,4465.380843785633
1776009065,0,,Aggregated,21.000000,0.000000,250,380,580,730,1000,1300,1700,2000,3500,5600,8700,184170,2024,250.0,468.6449853626911,1.731629999994766,8727.23305799991,4465.380843785633
1776009066,0,,Aggregated,21.000000,0.000000,250,380,580,730,1000,1300,1700,2000,3500,5600,8700,184170,2024,250.0,468.6449853626911,1.731629999994766,8727.23305799991,4465.380843785633
1776009067,0,,Aggregated,21.000000,0.000000,250,380,580,730,1000,1300,1700,2000,3500,5600,8700,184170,2024,250.0,468.6449853626911,1.731629999994766,8727.23305799991,4465.380843785633
1776009068,0,,Aggregated,21.000000,0.000000,250,380,580,730,1000,1300,1700,2000,3500,5600,8700,184170,2024,250.0,468.6449853626911,1.731629999994766,8727.23305799991,4465.380843785633
1776009068,0,,Aggregated,21.000000,0.000000,250,380,580,730,1000,1300,1700,2000,3500,5600,8700,184170,2024,250.0,468.6449853626911,1.731629999994766,8727.23305799991,4465.380843785633
1776009069,0,,Aggregated,21.000000,0.000000,250,380,580,730,1000,1300,1700,2000,3500,5600,8700,184170,2024,250.0,468.6449853626911,1.731629999994766,8727.23305799991,4465.380843785633
1776009070,0,,Aggregated,21.000000,0.000000,250,380,580,730,1000,1300,1700,2000,3500,5600,8700,184170,2024,250.0,468.6449853626911,1.731629999994766,8727.23305799991,4465.380843785633
1776009071,0,,Aggregated,21.000000,0.000000,250,380,580,730,1000,1300,1700,2000,3500,5600,8700,184170,2024,250.0,468.6449853626911,1.731629999994766,8727.23305799991,4465.380843785633
1776009072,0,,Aggregated,21.000000,0.000000,250,380,580,730,1000,1300,1700,2000,3500,5600,8700,184170,2024,250.0,468.6449853626911,1.731629999994766,8727.23305799991,4465.380843785633
1776009073,0,,Aggregated,21.000000,0.000000,250,380,580,730,1000,1300,1700,2000,3500,5600,8700,184170,2024,250.0,468.6449853626911,1.731629999994766,8727.23305799991,4465.380843785633
1776009074,0,,Aggregated,21.000000,0.000000,250,380,580,730,1000,1300,1700,2000,3500,5600,8700,184170,2024,250.0,468.6449853626911,1.731629999994766,8727.23305799991,4465.380843785633
1776009075,0,,Aggregated,21.000000,0.000000,250,380,580,730,1000,1300,1700,2000,3500,5600,8700,184170,2024,250.0,468.6449853626911,1.731629999994766,8727.23305799991,4465.380843785633
1776009076,0,,Aggregated,21.000000,0.000000,250,380,580,730,1000,1300,1700,2000,3500,5600,8700,184170,2024,250.0,468.6449853626911,1.731629999994766,8727.23305799991,4465.380843785633
1776009077,0,,Aggregated,21.000000,0.000000,250,380,580,730,1000,1300,1700,2000,3500,5600,8700,184170,2024,250.0,468.6449853626911,1.731629999994766,8727.23305799991,4465.380843785633
1776009078,0,,Aggregated,21.000000,0.000000,250,380,580,730,1000,1300,1700,2000,3500,5600,8700,184170,2024,250.0,468.6449853626911,1.731629999994766,8727.23305799991,4465.380843785633
1776009078,0,,Aggregated,21.000000,0.000000,250,380,580,730,1000,1300,1700,2000,3500,5600,8700,184170,2024,250.0,468.6449853626911,1.731629999994766,8727.23305799991,4465.380843785633
1776009079,0,,Aggregated,21.000000,0.000000,250,380,580,730,1000,1300,1700,2000,3500,5600,8700,184170,2024,250.0,468.6449853626911,1.731629999994766,8727.23305799991,4465.380843785633
1776009080,0,,Aggregated,21.000000,0.000000,250,380,580,730,1000,1300,1700,2000,3500,5600,8700,184170,2024,250.0,468.6449853626911,1.731629999994766,8727.23305799991,4465.380843785633
1776009081,0,,Aggregated,21.000000,0.000000,250,380,580,730,1000,1300,1700,2000,3500,5600,8700,184170,2024,250.0,468.6449853626911,1.731629999994766,8727.23305799991,4465.380843785633
1776009082,0,,Aggregated,21.000000,0.000000,250,380,580,730,1000,1300,1700,2000,3500,5600,8700,184170,2024,250.0,468.6449853626911,1.731629999994766,8727.23305799991,4465.380843785633
1776009083,0,,Aggregated,21.000000,0.000000,250,380,580,730,1000,1300,1700,2000,3500,5600,8700,184170,2024,250.0,468.6449853626911,1.731629999994766,8727.23305799991,4465.380843785633
1776009084,0,,Aggregated,21.000000,0.000000,250,380,580,730,1000,1300,1700,2000,3500,5600,8700,184170,2024,250.0,468.6449853626911,1.731629999994766,8727.23305799991,4465.380843785633
1776009085,0,,Aggregated,21.000000,0.000000,250,380,580,730,1000,1300,1700,2000,3500,5600,8700,184170,2024,250.0,468.6449853626911,1.731629999994766,8727.23305799991,4465.380843785633
1776009086,0,,Aggregated,21.000000,0.000000,250,380,580,730,1000,1300,1700,2000,3500,5600,8700,184170,2024,250.0,468.6449853626911,1.731629999994766,8727.23305799991,4465.380843785633
1776009087,0,,Aggregated,21.000000,0.000000,250,380,580,730,1000,1300,1700,2000,3500,5600,8700,184170,2024,250.0,468.6449853626911,1.731629999994766,8727.23305799991,4465.380843785633
1776009088,0,,Aggregated,21.000000,0.000000,250,380,580,730,1000,1300,1700,2000,3500,5600,8700,184170,2024,250.0,468.6449853626911,1.731629999994766,8727.23305799991,4465.380843785633
1776009088,0,,Aggregated,21.000000,0.000000,250,380,580,730,1000,1300,1700,2000,3500,5600,8700,184170,2024,250.0,468.6449853626911,1.731629999994766,8727.23305799991,4465.380843785633
1776009089,0,,Aggregated,21.000000,0.000000,250,380,580,730,1000,1300,1700,2000,3500,5600,8700,184170,2024,250.0,468.6449853626911,1.731629999994766,8727.23305799991,4465.380843785633
1776009090,0,,Aggregated,21.000000,0.000000,250,380,580,730,1000,1300,1700,2000,3500,5600,8700,184170,2024,250.0,468.6449853626911,1.731629999994766,8727.23305799991,4465.380843785633
1776009091,0,,Aggregated,21.000000,0.000000,250,380,580,730,1000,1300,1700,2000,3500,5600,8700,184170,2024,250.0,468.6449853626911,1.731629999994766,8727.23305799991,4465.380843785633
1776009092,0,,Aggregated,21.000000,0.000000,250,380,580,730,1000,1300,1700,2000,3500,5600,8700,184170,2024,250.0,468.6449853626911,1.731629999994766,8727.23305799991,4465.380843785633
1776009100,0,,Aggregated,21.000000,0.000000,250,380,580,730,1000,1300,1700,2000,3500,5600,8700,184170,2024,250.0,468.6449853626911,1.731629999994766,8727.23305799991,4465.380843785633
1776009094,0,,Aggregated,21.000000,0.000000,250,380,580,730,1000,1300,1700,2000,3500,5600,8700,184170,2024,250.0,468.6449853626911,1.731629999994766,8727.23305799991,4465.380843785633
1776009095,0,,Aggregated,21.000000,0.000000,250,380,580,730,1000,1300,1700,2000,3500,5600,8700,184170,2024,250.0,468.6449853626911,1.731629999994766,8727.23305799991,4465.380843785633
1776009096,0,,Aggregated,21.000000,0.000000,250,380,580,730,1000,1300,1700,2000,3500,5600,8700,184170,2024,250.0,468.6449853626911,1.731629999994766,8727.23305799991,4465.380843785633
1776009097,0,,Aggregated,21.000000,0.000000,250,380,580,730,1000,1300,1700,2000,3500,5600,8700,184170,2024,250.0,468.6449853626911,1.731629999994766,8727.23305799991,4465.380843785633
1776009098,0,,Aggregated,21.000000,0.000000,250,380,580,730,1000,1300,1700,2000,3500,5600,8700,184170,2024,250.0,468.6449853626911,1.731629999994766,8727.23305799991,4465.380843785633
1776009098,0,,Aggregated,21.000000,0.000000,250,380,580,730,1000,1300,1700,2000,3500,5600,8700,184170,2024,250.0,468.6449853626911,1.731629999994766,8727.23305799991,4465.380843785633
1776009099,0,,Aggregated,21.000000,0.000000,250,380,580,730,1000,1300,1700,2000,3500,5600,8700,184170,2024,250.0,468.6449853626911,1.731629999994766,8727.23305799991,4465.380843785633
1776009100,0,,Aggregated,21.000000,0.000000,250,380,580,730,1000,1300,1700,2000,3500,5600,8700,184170,2024,250.0,468.6449853626911,1.731629999994766,8727.23305799991,4465.380843785633
1776009101,0,,Aggregated,21.000000,0.000000,250,380,580,730,1000,1300,1700,2000,3500,5600,8700,184170,2024,250.0,468.6449853626911,1.731629999994766,8727.23305799991,4465.380843785633
1776009102,0,,Aggregated,21.000000,0.000000,250,380,580,730,1000,1300,1700,2000,3500,5600,8700,184170,2024,250.0,468.6449853626911,1.731629999994766,8727.23305799991,4465.380843785633
1776009110,0,,Aggregated,21.000000,0.000000,250,380,580,730,1000,1300,1700,2000,3500,5600,8700,184170,2024,250.0,468.6449853626911,1.731629999994766,8727.23305799991,4465.380843785633
1776009104,0,,Aggregated,21.000000,0.000000,250,380,580,730,1000,1300,1700,2000,3500,5600,8700,184170,2024,250.0,468.6449853626911,1.731629999994766,8727.23305799991,4465.380843785633
1776009105,0,,Aggregated,21.000000,0.000000,250,380,580,730,1000,1300,1700,2000,3500,5600,8700,184170,2024,250.0,468.6449853626911,1.731629999994766,8727.23305799991,4465.380843785633
1776009106,0,,Aggregated,21.000000,0.000000,250,380,580,730,1000,1300,1700,2000,3500,5600,8700,184170,2024,250.0,468.6449853626911,1.731629999994766,8727.23305799991,4465.380843785633
1776009107,0,,Aggregated,21.000000,0.000000,250,380,580,730,1000,1300,1700,2000,3500,5600,8700,184170,2024,250.0,468.6449853626911,1.731629999994766,8727.23305799991,4465.380843785633
1776009108,0,,Aggregated,21.000000,0.000000,250,380,580,730,1000,1300,1700,2000,3500,5600,8700,184170,2024,250.0,468.6449853626911,1.731629999994766,8727.23305799991,4465.380843785633
1776009109,0,,Aggregated,21.000000,0.000000,250,380,580,730,1000,1300,1700,2000,3500,5600,8700,184170,2024,250.0,468.6449853626911,1.731629999994766,8727.23305799991,4465.380843785633
1776009110,0,,Aggregated,21.000000,0.000000,250,380,580,730,1000,1300,1700,2000,3500,5600,8700,184170,2024,250.0,468.6449853626911,1.731629999994766,8727.23305799991,4465.380843785633
1776009111,0,,Aggregated,21.000000,0.000000,250,380,580,730,1000,1300,1700,2000,3500,5600,8700,184170,2024,250.0,468.6449853626911,1.731629999994766,8727.23305799991,4465.380843785633
1776009112,0,,Aggregated,21.000000,0.000000,250,380,580,730,1000,1300,1700,2000,3500,5600,8700,184170,2024,250.0,468.6449853626911,1.731629999994766,8727.23305799991,4465.380843785633
1776009113,0,,Aggregated,21.000000,0.000000,250,380,580,730,1000,1300,1700,2000,3500,5600,8700,184170,2024,250.0,468.6449853626911,1.731629999994766,8727.23305799991,4465.380843785633
1776009120,0,,Aggregated,21.000000,0.000000,250,380,580,730,1000,1300,1700,2000,3500,5600,8700,184170,2024,250.0,468.6449853626911,1.731629999994766,8727.23305799991,4465.380843785633
1776009114,0,,Aggregated,21.000000,0.000000,250,380,580,730,1000,1300,1700,2000,3500,5600,8700,184170,2024,250.0,468.6449853626911,1.731629999994766,8727.23305799991,4465.380843785633
1776009115,0,,Aggregated,21.000000,0.000000,250,380,580,730,1000,1300,1700,2000,3500,5600,8700,184170,2024,250.0,468.6449853626911,1.731629999994766,8727.23305799991,4465.380843785633
1776009116,0,,Aggregated,21.000000,0.000000,250,380,580,730,1000,1300,1700,2000,3500,5600,8700,184170,2024,250.0,468.6449853626911,1.731629999994766,8727.23305799991,4465.380843785633
1776009117,0,,Aggregated,21.000000,0.000000,250,380,580,730,1000,1300,1700,2000,3500,5600,8700,184170,2024,250.0,468.6449853626911,1.731629999994766,8727.23305799991,4465.380843785633
1776009118,0,,Aggregated,21.000000,0.000000,250,380,580,730,1000,1300,1700,2000,3500,5600,8700,184170,2024,250.0,468.6449853626911,1.731629999994766,8727.23305799991,4465.380843785633
1776009119,0,,Aggregated,21.000000,0.000000,250,380,580,730,1000,1300,1700,2000,3500,5600,8700,184170,2024,250.0,468.6449853626911,1.731629999994766,8727.23305799991,4465.380843785633
1776009120,0,,Aggregated,21.000000,0.000000,250,380,580,730,1000,1300,1700,2000,3500,5600,8700,184170,2024,250.0,468.6449853626911,1.731629999994766,8727.23305799991,4465.380843785633
1776009121,0,,Aggregated,21.000000,0.000000,250,380,580,730,1000,1300,1700,2000,3500,5600,8700,184170,2024,250.0,468.6449853626911,1.731629999994766,8727.23305799991,4465.380843785633
1776009122,0,,Aggregated,21.000000,0.000000,250,380,580,730,1000,1300,1700,2000,3500,5600,8700,184170,2024,250.0,468.6449853626911,1.731629999994766,8727.23305799991,4465.380843785633
1776009123,0,,Aggregated,21.000000,0.000000,250,380,580,730,1000,1300,1700,2000,3500,5600,8700,184170,2024,250.0,468.6449853626911,1.731629999994766,8727.23305799991,4465.380843785633
1776009130,0,,Aggregated,21.000000,0.000000,250,380,580,730,1000,1300,1700,2000,3500,5600,8700,184170,2024,250.0,468.6449853626911,1.731629999994766,8727.23305799991,4465.380843785633
1776009124,0,,Aggregated,21.000000,0.000000,250,380,580,730,1000,1300,1700,2000,3500,5600,8700,184170,2024,250.0,468.6449853626911,1.731629999994766,8727.23305799991,4465.380843785633
1776009125,0,,Aggregated,21.000000,0.000000,250,380,580,730,1000,1300,1700,2000,3500,5600,8700,184170,2024,250.0,468.6449853626911,1.731629999994766,8727.23305799991,4465.380843785633
1776009126,0,,Aggregated,21.000000,0.000000,250,380,580,730,1000,1300,1700,2000,3500,5600,8700,184170,2024,250.0,468.6449853626911,1.731629999994766,8727.23305799991,4465.380843785633
1776009127,0,,Aggregated,21.000000,0.000000,250,380,580,730,1000,1300,1700,2000,3500,5600,8700,184170,2024,250.0,468.6449853626911,1.731629999994766,8727.23305799991,4465.380843785633
1776009128,0,,Aggregated,21.000000,0.000000,250,380,580,730,1000,1300,1700,2000,3500,5600,8700,184170,2024,250.0,468.6449853626911,1.731629999994766,8727.23305799991,4465.380843785633
1776009129,0,,Aggregated,21.000000,0.000000,250,380,580,730,1000,1300,1700,2000,3500,5600,8700,184170,2024,250.0,468.6449853626911,1.731629999994766,8727.23305799991,4465.380843785633
1776009130,0,,Aggregated,21.000000,0.000000,250,380,580,730,1000,1300,1700,2000,3500,5600,8700,184170,2024,250.0,468.6449853626911,1.731629999994766,8727.23305799991,4465.380843785633
1776009131,0,,Aggregated,21.000000,0.000000,250,380,580,730,1000,1300,1700,2000,3500,5600,8700,184170,2024,250.0,468.6449853626911,1.731629999994766,8727.23305799991,4465.380843785633
1776009132,0,,Aggregated,21.000000,0.000000,250,380,580,730,1000,1300,1700,2000,3500,5600,8700,184170,2024,250.0,468.6449853626911,1.731629999994766,8727.23305799991,4465.380843785633
1776009133,0,,Aggregated,21.000000,0.000000,250,380,580,730,1000,1300,1700,2000,3500,5600,8700,184170,2024,250.0,468.6449853626911,1.731629999994766,8727.23305799991,4465.380843785633
1776009140,0,,Aggregated,21.000000,0.000000,250,380,580,730,1000,1300,1700,2000,3500,5600,8700,184170,2024,250.0,468.6449853626911,1.731629999994766,8727.23305799991,4465.380843785633
1776009134,0,,Aggregated,21.000000,0.000000,250,380,580,730,1000,1300,1700,2000,3500,5600,8700,184170,2024,250.0,468.6449853626911,1.731629999994766,8727.23305799991,4465.380843785633
1776009135,0,,Aggregated,21.000000,0.000000,250,380,580,730,1000,1300,1700,2000,3500,5600,8700,184170,2024,250.0,468.6449853626911,1.731629999994766,8727.23305799991,4465.380843785633
1776009136,0,,Aggregated,21.000000,0.000000,250,380,580,730,1000,1300,1700,2000,3500,5600,8700,184170,2024,250.0,468.6449853626911,1.731629999994766,8727.23305799991,4465.380843785633
1776009137,0,,Aggregated,21.000000,0.000000,250,380,580,730,1000,1300,1700,2000,3500,5600,8700,184170,2024,250.0,468.6449853626911,1.731629999994766,8727.23305799991,4465.380843785633
1776009138,0,,Aggregated,21.000000,0.000000,250,380,580,730,1000,1300,1700,2000,3500,5600,8700,184170,2024,250.0,468.6449853626911,1.731629999994766,8727.23305799991,4465.380843785633
1776009139,0,,Aggregated,21.000000,0.000000,250,380,580,730,1000,1300,1700,2000,3500,5600,8700,184170,2024,250.0,468.6449853626911,1.731629999994766,8727.23305799991,4465.380843785633
1776009140,0,,Aggregated,21.000000,0.000000,250,380,580,730,1000,1300,1700,2000,3500,5600,8700,184170,2024,250.0,468.6449853626911,1.731629999994766,8727.23305799991,4465.380843785633
1776009141,0,,Aggregated,21.000000,0.000000,250,380,580,730,1000,1300,1700,2000,3500,5600,8700,184170,2024,250.0,468.6449853626911,1.731629999994766,8727.23305799991,4465.380843785633
1776009142,0,,Aggregated,21.000000,0.000000,250,380,580,730,1000,1300,1700,2000,3500,5600,8700,184170,2024,250.0,468.6449853626911,1.731629999994766,8727.23305799991,4465.380843785633
1776009143,0,,Aggregated,21.000000,0.000000,250,380,580,730,1000,1300,1700,2000,3500,5600,8700,184170,2024,250.0,468.6449853626911,1.731629999994766,8727.23305799991,4465.380843785633
1776009143,0,,Aggregated,21.000000,0.000000,250,380,580,730,1000,1300,1700,2000,3500,5600,8700,184170,2024,250.0,468.6449853626911,1.731629999994766,8727.23305799991,4465.380843785633
1776009144,0,,Aggregated,21.000000,0.000000,250,380,580,730,1000,1300,1700,2000,3500,5600,8700,184170,2024,250.0,468.6449853626911,1.731629999994766,8727.23305799991,4465.380843785633
1776009145,0,,Aggregated,21.000000,0.000000,250,380,580,730,1000,1300,1700,2000,3500,5600,8700,184170,2024,250.0,468.6449853626911,1.731629999994766,8727.23305799991,4465.380843785633
1776009146,0,,Aggregated,21.000000,0.000000,250,380,580,730,1000,1300,1700,2000,3500,5600,8700,184170,2024,250.0,468.6449853626911,1.731629999994766,8727.23305799991,4465.380843785633
1776009147,0,,Aggregated,21.000000,0.000000,250,380,580,730,1000,1300,1700,2000,3500,5600,8700,184170,2024,250.0,468.6449853626911,1.731629999994766,8727.23305799991,4465.380843785633
1776009148,0,,Aggregated,21.000000,0.000000,250,380,580,730,1000,1300,1700,2000,3500,5600,8700,184170,2024,250.0,468.6449853626911,1.731629999994766,8727.23305799991,4465.380843785633
1776009149,0,,Aggregated,21.000000,0.000000,250,380,580,730,1000,1300,1700,2000,3500,5600,8700,184170,2024,250.0,468.6449853626911,1.731629999994766,8727.23305799991,4465.380843785633
1776009150,0,,Aggregated,21.000000,0.000000,250,380,580,730,1000,1300,1700,2000,3500,5600,8700,184170,2024,250.0,468.6449853626911,1.731629999994766,8727.23305799991,4465.380843785633
1776009151,0,,Aggregated,21.000000,0.000000,250,380,580,730,1000,1300,1700,2000,3500,5600,8700,184170,2024,250.0,468.6449853626911,1.731629999994766,8727.23305799991,4465.380843785633
1776009152,0,,Aggregated,21.000000,0.000000,250,380,580,730,1000,1300,1700,2000,3500,5600,8700,184170,2024,250.0,468.6449853626911,1.731629999994766,8727.23305799991,4465.380843785633
1776009153,0,,Aggregated,21.000000,0.000000,250,380,580,730,1000,1300,1700,2000,3500,5600,8700,184170,2024,250.0,468.6449853626911,1.731629999994766,8727.23305799991,4465.380843785633
1776009153,0,,Aggregated,21.000000,0.000000,250,380,580,730,1000,1300,1700,2000,3500,5600,8700,184170,2024,250.0,468.6449853626911,1.731629999994766,8727.23305799991,4465.380843785633
1776009154,0,,Aggregated,21.000000,0.000000,250,380,580,730,1000,1300,1700,2000,3500,5600,8700,184170,2024,250.0,468.6449853626911,1.731629999994766,8727.23305799991,4465.380843785633
1776009155,0,,Aggregated,21.000000,0.000000,250,380,580,730,1000,1300,1700,2000,3500,5600,8700,184170,2024,250.0,468.6449853626911,1.731629999994766,8727.23305799991,4465.380843785633
1776009156,0,,Aggregated,21.000000,0.000000,250,380,580,730,1000,1300,1700,2000,3500,5600,8700,184170,2024,250.0,468.6449853626911,1.731629999994766,8727.23305799991,4465.380843785633
1776009157,0,,Aggregated,21.000000,0.000000,250,380,580,730,1000,1300,1700,2000,3500,5600,8700,184170,2024,250.0,468.6449853626911,1.731629999994766,8727.23305799991,4465.380843785633
1776009158,0,,Aggregated,21.000000,0.000000,250,380,580,730,1000,1300,1700,2000,3500,5600,8700,184170,2024,250.0,468.6449853626911,1.731629999994766,8727.23305799991,4465.380843785633
1776009159,0,,Aggregated,21.000000,0.000000,250,380,580,730,1000,1300,1700,2000,3500,5600,8700,184170,2024,250.0,468.6449853626911,1.731629999994766,8727.23305799991,4465.380843785633
1776009160,0,,Aggregated,21.000000,0.000000,250,380,580,730,1000,1300,1700,2000,3500,5600,8700,184170,2024,250.0,468.6449853626911,1.731629999994766,8727.23305799991,4465.380843785633
1776009161,0,,Aggregated,21.000000,0.000000,250,380,580,730,1000,1300,1700,2000,3500,5600,8700,184170,2024,250.0,468.6449853626911,1.731629999994766,8727.23305799991,4465.380843785633
1776009162,0,,Aggregated,21.000000,0.000000,250,380,580,730,1000,1300,1700,2000,3500,5600,8700,184170,2024,250.0,468.6449853626911,1.731629999994766,8727.23305799991,4465.380843785633
1776009163,0,,Aggregated,21.000000,0.000000,250,380,580,730,1000,1300,1700,2000,3500,5600,8700,184170,2024,250.0,468.6449853626911,1.731629999994766,8727.23305799991,4465.380843785633
1776009163,0,,Aggregated,21.000000,0.000000,250,380,580,730,1000,1300,1700,2000,3500,5600,8700,184170,2024,250.0,468.6449853626911,1.731629999994766,8727.23305799991,4465.380843785633
1776009164,0,,Aggregated,21.000000,0.000000,250,380,580,730,1000,1300,1700,2000,3500,5600,8700,184170,2024,250.0,468.6449853626911,1.731629999994766,8727.23305799991,4465.380843785633
1776009166,0,,Aggregated,21.000000,0.000000,250,380,580,730,1000,1300,1700,2000,3500,5600,8700,184170,2024,250.0,468.6449853626911,1.731629999994766,8727.23305799991,4465.380843785633
1776009167,0,,Aggregated,21.000000,0.000000,250,380,580,730,1000,1300,1700,2000,3500,5600,8700,184170,2024,250.0,468.6449853626911,1.731629999994766,8727.23305799991,4465.380843785633
1776009168,0,,Aggregated,21.000000,0.000000,250,380,580,730,1000,1300,1700,2000,3500,5600,8700,184170,2024,250.0,468.6449853626911,1.731629999994766,8727.23305799991,4465.380843785633
1776009175,0,,Aggregated,21.000000,0.000000,250,380,580,730,1000,1300,1700,2000,3500,5600,8700,184170,2024,250.0,468.6449853626911,1.731629999994766,8727.23305799991,4465.380843785633
1776009169,0,,Aggregated,21.000000,0.000000,250,380,580,730,1000,1300,1700,2000,3500,5600,8700,184170,2024,250.0,468.6449853626911,1.731629999994766,8727.23305799991,4465.380843785633
1776009170,0,,Aggregated,21.000000,0.000000,250,380,580,730,1000,1300,1700,2000,3500,5600,8700,184170,2024,250.0,468.6449853626911,1.731629999994766,8727.23305799991,4465.380843785633
1776009171,0,,Aggregated,21.000000,0.000000,250,380,580,730,1000,1300,1700,2000,3500,5600,8700,184170,2024,250.0,468.6449853626911,1.731629999994766,8727.23305799991,4465.380843785633
1776009172,0,,Aggregated,21.000000,0.000000,250,380,580,730,1000,1300,1700,2000,3500,5600,8700,184170,2024,250.0,468.6449853626911,1.731629999994766,8727.23305799991,4465.380843785633
1776009173,0,,Aggregated,21.000000,0.000000,250,380,580,730,1000,1300,1700,2000,3500,5600,8700,184170,2024,250.0,468.6449853626911,1.731629999994766,8727.23305799991,4465.380843785633
1776009174,0,,Aggregated,21.000000,0.000000,250,380,580,730,1000,1300,1700,2000,3500,5600,8700,184170,2024,250.0,468.6449853626911,1.731629999994766,8727.23305799991,4465.380843785633
1776009175,0,,Aggregated,21.000000,0.000000,250,380,580,730,1000,1300,1700,2000,3500,5600,8700,184170,2024,250.0,468.6449853626911,1.731629999994766,8727.23305799991,4465.380843785633
1776009176,0,,Aggregated,21.000000,0.000000,250,380,580,730,1000,1300,1700,2000,3500,5600,8700,184170,2024,250.0,468.6449853626911,1.731629999994766,8727.23305799991,4465.380843785633
1776009177,0,,Aggregated,21.000000,0.000000,250,380,580,730,1000,1300,1700,2000,3500,5600,8700,184170,2024,250.0,468.6449853626911,1.731629999994766,8727.23305799991,4465.380843785633
1776009178,0,,Aggregated,21.000000,0.000000,250,380,580,730,1000,1300,1700,2000,3500,5600,8700,184170,2024,250.0,468.6449853626911,1.731629999994766,8727.23305799991,4465.380843785633
1776009185,0,,Aggregated,21.000000,0.000000,250,380,580,730,1000,1300,1700,2000,3500,5600,8700,184170,2024,250.0,468.6449853626911,1.731629999994766,8727.23305799991,4465.380843785633
1776009179,0,,Aggregated,21.000000,0.000000,250,380,580,730,1000,1300,1700,2000,3500,5600,8700,184170,2024,250.0,468.6449853626911,1.731629999994766,8727.23305799991,4465.380843785633
1776009180,0,,Aggregated,21.000000,0.000000,250,380,580,730,1000,1300,1700,2000,3500,5600,8700,184170,2024,250.0,468.6449853626911,1.731629999994766,8727.23305799991,4465.380843785633
1776009181,0,,Aggregated,21.000000,0.000000,250,380,580,730,1000,1300,1700,2000,3500,5600,8700,184170,2024,250.0,468.6449853626911,1.731629999994766,8727.23305799991,4465.380843785633
1776009182,0,,Aggregated,21.000000,0.000000,250,380,580,730,1000,1300,1700,2000,3500,5600,8700,184170,2024,250.0,468.6449853626911,1.731629999994766,8727.23305799991,4465.380843785633
1776009183,0,,Aggregated,21.000000,0.000000,250,380,580,730,1000,1300,1700,2000,3500,5600,8700,184170,2024,250.0,468.6449853626911,1.731629999994766,8727.23305799991,4465.380843785633
1776009184,0,,Aggregated,21.000000,0.000000,250,380,580,730,1000,1300,1700,2000,3500,5600,8700,184170,2024,250.0,468.6449853626911,1.731629999994766,8727.23305799991,4465.380843785633
1776009185,0,,Aggregated,21.000000,0.000000,250,380,580,730,1000,1300,1700,2000,3500,5600,8700,184170,2024,250.0,468.6449853626911,1.731629999994766,8727.23305799991,4465.380843785633
1776009186,0,,Aggregated,21.000000,0.000000,250,380,580,730,1000,1300,1700,2000,3500,5600,8700,184170,2024,250.0,468.6449853626911,1.731629999994766,8727.23305799991,4465.380843785633
1776009187,0,,Aggregated,21.000000,0.000000,250,380,580,730,1000,1300,1700,2000,3500,5600,8700,184170,2024,250.0,468.6449853626911,1.731629999994766,8727.23305799991,4465.380843785633
1776009188,0,,Aggregated,21.000000,0.000000,250,380,580,730,1000,1300,1700,2000,3500,5600,8700,184170,2024,250.0,468.6449853626911,1.731629999994766,8727.23305799991,4465.380843785633
1776009195,0,,Aggregated,21.000000,0.000000,250,380,580,730,1000,1300,1700,2000,3500,5600,8700,184170,2024,250.0,468.6449853626911,1.731629999994766,8727.23305799991,4465.380843785633
1776009189,0,,Aggregated,21.000000,0.000000,250,380,580,730,1000,1300,1700,2000,3500,5600,8700,184170,2024,250.0,468.6449853626911,1.731629999994766,8727.23305799991,4465.380843785633
1776009190,0,,Aggregated,21.000000,0.000000,250,380,580,730,1000,1300,1700,2000,3500,5600,8700,184170,2024,250.0,468.6449853626911,1.731629999994766,8727.23305799991,4465.380843785633
1776009191,0,,Aggregated,21.000000,0.000000,250,380,580,730,1000,1300,1700,2000,3500,5600,8700,184170,2024,250.0,468.6449853626911,1.731629999994766,8727.23305799991,4465.380843785633
1776009192,0,,Aggregated,21.000000,0.000000,250,380,580,730,1000,1300,1700,2000,3500,5600,8700,184170,2024,250.0,468.6449853626911,1.731629999994766,8727.23305799991,4465.380843785633
1776009193,0,,Aggregated,21.000000,0.000000,250,380,580,730,1000,1300,1700,2000,3500,5600,8700,184170,2024,250.0,468.6449853626911,1.731629999994766,8727.23305799991,4465.380843785633
1776009194,0,,Aggregated,21.000000,0.000000,250,380,580,730,1000,1300,1700,2000,3500,5600,8700,184170,2024,250.0,468.6449853626911,1.731629999994766,8727.23305799991,4465.380843785633
1776009195,0,,Aggregated,21.000000,0.000000,250,380,580,730,1000,1300,1700,2000,3500,5600,8700,184170,2024,250.0,468.6449853626911,1.731629999994766,8727.23305799991,4465.380843785633
1776009196,0,,Aggregated,21.000000,0.000000,250,380,580,730,1000,1300,1700,2000,3500,5600,8700,184170,2024,250.0,468.6449853626911,1.731629999994766,8727.23305799991,4465.380843785633
1776009197,0,,Aggregated,21.000000,0.000000,250,380,580,730,1000,1300,1700,2000,3500,5600,8700,184170,2024,250.0,468.6449853626911,1.731629999994766,8727.23305799991,4465.380843785633
1776009198,0,,Aggregated,21.000000,0.000000,250,380,580,730,1000,1300,1700,2000,3500,5600,8700,184170,2024,250.0,468.6449853626911,1.731629999994766,8727.23305799991,4465.380843785633
1776009205,0,,Aggregated,21.000000,0.000000,250,380,580,730,1000,1300,1700,2000,3500,5600,8700,184170,2024,250.0,468.6449853626911,1.731629999994766,8727.23305799991,4465.380843785633
1776009199,0,,Aggregated,21.000000,0.000000,250,380,580,730,1000,1300,1700,2000,3500,5600,8700,184170,2024,250.0,468.6449853626911,1.731629999994766,8727.23305799991,4465.380843785633
1776009200,0,,Aggregated,21.000000,0.000000,250,380,580,730,1000,1300,1700,2000,3500,5600,8700,184170,2024,250.0,468.6449853626911,1.731629999994766,8727.23305799991,4465.380843785633
1776009201,0,,Aggregated,21.000000,0.000000,250,380,580,730,1000,1300,1700,2000,3500,5600,8700,184170,2024,250.0,468.6449853626911,1.731629999994766,8727.23305799991,4465.380843785633
1776009202,0,,Aggregated,21.000000,0.000000,250,380,580,730,1000,1300,1700,2000,3500,5600,8700,184170,2024,250.0,468.6449853626911,1.731629999994766,8727.23305799991,4465.380843785633
1776009203,0,,Aggregated,21.000000,0.000000,250,380,580,730,1000,1300,1700,2000,3500,5600,8700,184170,2024,250.0,468.6449853626911,1.731629999994766,8727.23305799991,4465.380843785633
1776009204,0,,Aggregated,21.000000,0.000000,250,380,580,730,1000,1300,1700,2000,3500,5600,8700,184170,2024,250.0,468.6449853626911,1.731629999994766,8727.23305799991,4465.380843785633
1776009205,0,,Aggregated,21.000000,0.000000,250,380,580,730,1000,1300,1700,2000,3500,5600,8700,184170,2024,250.0,468.6449853626911,1.731629999994766,8727.23305799991,4465.380843785633
1776009206,0,,Aggregated,21.000000,0.000000,250,380,580,730,1000,1300,1700,2000,3500,5600,8700,184170,2024,250.0,468.6449853626911,1.731629999994766,8727.23305799991,4465.380843785633
1776009207,0,,Aggregated,21.000000,0.000000,250,380,580,730,1000,1300,1700,2000,3500,5600,8700,184170,2024,250.0,468.6449853626911,1.731629999994766,8727.23305799991,4465.380843785633
1776009208,0,,Aggregated,21.000000,0.000000,250,380,580,730,1000,1300,1700,2000,3500,5600,8700,184170,2024,250.0,468.6449853626911,1.731629999994766,8727.23305799991,4465.380843785633
1776009215,0,,Aggregated,21.000000,0.000000,250,380,580,730,1000,1300,1700,2000,3500,5600,8700,184170,2024,250.0,468.6449853626911,1.731629999994766,8727.23305799991,4465.380843785633
1776009209,0,,Aggregated,21.000000,0.000000,250,380,580,730,1000,1300,1700,2000,3500,5600,8700,184170,2024,250.0,468.6449853626911,1.731629999994766,8727.23305799991,4465.380843785633
1776009210,0,,Aggregated,21.000000,0.000000,250,380,580,730,1000,1300,1700,2000,3500,5600,8700,184170,2024,250.0,468.6449853626911,1.731629999994766,8727.23305799991,4465.380843785633
1776009211,0,,Aggregated,21.000000,0.000000,250,380,580,730,1000,1300,1700,2000,3500,5600,8700,184170,2024,250.0,468.6449853626911,1.731629999994766,8727.23305799991,4465.380843785633
1776009212,0,,Aggregated,21.000000,0.000000,250,380,580,730,1000,1300,1700,2000,3500,5600,8700,184170,2024,250.0,468.6449853626911,1.731629999994766,8727.23305799991,4465.380843785633
1776009213,0,,Aggregated,21.000000,0.000000,250,380,580,730,1000,1300,1700,2000,3500,5600,8700,184170,2024,250.0,468.6449853626911,1.731629999994766,8727.23305799991,4465.380843785633
1776009214,0,,Aggregated,21.000000,0.000000,250,380,580,730,1000,1300,1700,2000,3500,5600,8700,184170,2024,250.0,468.6449853626911,1.731629999994766,8727.23305799991,4465.380843785633
1776009215,0,,Aggregated,21.000000,0.000000,250,380,580,730,1000,1300,1700,2000,3500,5600,8700,184170,2024,250.0,468.6449853626911,1.731629999994766,8727.23305799991,4465.380843785633
1776009216,0,,Aggregated,21.000000,0.000000,250,380,580,730,1000,1300,1700,2000,3500,5600,8700,184170,2024,250.0,468.6449853626911,1.731629999994766,8727.23305799991,4465.380843785633
1776009217,0,,Aggregated,21.000000,0.000000,250,380,580,730,1000,1300,1700,2000,3500,5600,8700,184170,2024,250.0,468.6449853626911,1.731629999994766,8727.23305799991,4465.380843785633
1776009218,0,,Aggregated,21.000000,0.000000,250,380,580,730,1000,1300,1700,2000,3500,5600,8700,184170,2024,250.0,468.6449853626911,1.731629999994766,8727.23305799991,4465.380843785633
1776009225,0,,Aggregated,21.000000,0.000000,250,380,580,730,1000,1300,1700,2000,3500,5600,8700,184170,2024,250.0,468.6449853626911,1.731629999994766,8727.23305799991,4465.380843785633
1776009219,0,,Aggregated,21.000000,0.000000,250,380,580,730,1000,1300,1700,2000,3500,5600,8700,184170,2024,250.0,468.6449853626911,1.731629999994766,8727.23305799991,4465.380843785633
1776009220,0,,Aggregated,21.000000,0.000000,250,380,580,730,1000,1300,1700,2000,3500,5600,8700,184170,2024,250.0,468.6449853626911,1.731629999994766,8727.23305799991,4465.380843785633
1776009221,0,,Aggregated,21.000000,0.000000,250,380,580,730,1000,1300,1700,2000,3500,5600,8700,184170,2024,250.0,468.6449853626911,1.731629999994766,8727.23305799991,4465.380843785633
1776009222,0,,Aggregated,21.000000,0.000000,250,380,580,730,1000,1300,1700,2000,3500,5600,8700,184170,2024,250.0,468.6449853626911,1.731629999994766,8727.23305799991,4465.380843785633
1776009223,0,,Aggregated,21.000000,0.000000,250,380,580,730,1000,1300,1700,2000,3500,5600,8700,184170,2024,250.0,468.6449853626911,1.731629999994766,8727.23305799991,4465.380843785633
1776009224,0,,Aggregated,21.000000,0.000000,250,380,580,730,1000,1300,1700,2000,3500,5600,8700,184170,2024,250.0,468.6449853626911,1.731629999994766,8727.23305799991,4465.380843785633
1776009225,0,,Aggregated,21.000000,0.000000,250,380,580,730,1000,1300,1700,2000,3500,5600,8700,184170,2024,250.0,468.6449853626911,1.731629999994766,8727.23305799991,4465.380843785633
1776009226,0,,Aggregated,21.000000,0.000000,250,380,580,730,1000,1300,1700,2000,3500,5600,8700,184170,2024,250.0,468.6449853626911,1.731629999994766,8727.23305799991,4465.380843785633
1776009227,0,,Aggregated,21.000000,0.000000,250,380,580,730,1000,1300,1700,2000,3500,5600,8700,184170,2024,250.0,468.6449853626911,1.731629999994766,8727.23305799991,4465.380843785633
1776009228,0,,Aggregated,21.000000,0.000000,250,380,580,730,1000,1300,1700,2000,3500,5600,8700,184170,2024,250.0,468.6449853626911,1.731629999994766,8727.23305799991,4465.380843785633
1776009228,0,,Aggregated,21.000000,0.000000,250,380,580,730,1000,1300,1700,2000,3500,5600,8700,184170,2024,250.0,468.6449853626911,1.731629999994766,8727.23305799991,4465.380843785633
1776009229,0,,Aggregated,21.000000,0.000000,250,380,580,730,1000,1300,1700,2000,3500,5600,8700,184170,2024,250.0,468.6449853626911,1.731629999994766,8727.23305799991,4465.380843785633
1776009230,0,,Aggregated,21.000000,0.000000,250,380,580,730,1000,1300,1700,2000,3500,5600,8700,184170,2024,250.0,468.6449853626911,1.731629999994766,8727.23305799991,4465.380843785633
1776009231,0,,Aggregated,21.000000,0.000000,250,380,580,730,1000,1300,1700,2000,3500,5600,8700,184170,2024,250.0,468.6449853626911,1.731629999994766,8727.23305799991,4465.380843785633
1776009232,0,,Aggregated,21.000000,0.000000,250,380,580,730,1000,1300,1700,2000,3500,5600,8700,184170,2024,250.0,468.6449853626911,1.731629999994766,8727.23305799991,4465.380843785633
1776009233,0,,Aggregated,21.000000,0.000000,250,380,580,730,1000,1300,1700,2000,3500,5600,8700,184170,2024,250.0,468.6449853626911,1.731629999994766,8727.23305799991,4465.380843785633
1776009234,0,,Aggregated,21.000000,0.000000,250,380,580,730,1000,1300,1700,2000,3500,5600,8700,184170,2024,250.0,468.6449853626911,1.731629999994766,8727.23305799991,4465.380843785633
1776009235,0,,Aggregated,21.000000,0.000000,250,380,580,730,1000,1300,1700,2000,3500,5600,8700,184170,2024,250.0,468.6449853626911,1.731629999994766,8727.23305799991,4465.380843785633
1776009236,0,,Aggregated,21.000000,0.000000,250,380,580,730,1000,1300,1700,2000,3500,5600,8700,184170,2024,250.0,468.6449853626911,1.731629999994766,8727.23305799991,4465.380843785633
1776009237,0,,Aggregated,21.000000,0.000000,250,380,580,730,1000,1300,1700,2000,3500,5600,8700,184170,2024,250.0,468.6449853626911,1.731629999994766,8727.23305799991,4465.380843785633
1776009238,0,,Aggregated,21.000000,0.000000,250,380,580,730,1000,1300,1700,2000,3500,5600,8700,184170,2024,250.0,468.6449853626911,1.731629999994766,8727.23305799991,4465.380843785633
1776009239,0,,Aggregated,21.000000,0.000000,250,380,580,730,1000,1300,1700,2000,3500,5600,8700,184170,2024,250.0,468.6449853626911,1.731629999994766,8727.23305799991,4465.380843785633
1776009240,0,,Aggregated,21.000000,0.000000,250,380,580,730,1000,1300,1700,2000,3500,5600,8700,184170,2024,250.0,468.6449853626911,1.731629999994766,8727.23305799991,4465.380843785633
1776009241,0,,Aggregated,21.000000,0.000000,250,380,580,730,1000,1300,1700,2000,3500,5600,8700,184170,2024,250.0,468.6449853626911,1.731629999994766,8727.23305799991,4465.380843785633
1776009242,0,,Aggregated,21.000000,0.000000,250,380,580,730,1000,1300,1700,2000,3500,5600,8700,184170,2024,250.0,468.6449853626911,1.731629999994766,8727.23305799991,4465.380843785633
1776009243,0,,Aggregated,21.000000,0.000000,250,380,580,730,1000,1300,1700,2000,3500,5600,8700,184170,2024,250.0,468.6449853626911,1.731629999994766,8727.23305799991,4465.380843785633
1776009244,0,,Aggregated,21.000000,0.000000,250,380,580,730,1000,1300,1700,2000,3500,5600,8700,184170,2024,250.0,468.6449853626911,1.731629999994766,8727.23305799991,4465.380843785633
1776009244,0,,Aggregated,21.000000,0.000000,250,380,580,730,1000,1300,1700,2000,3500,5600,8700,184170,2024,250.0,468.6449853626911,1.731629999994766,8727.23305799991,4465.380843785633
1776009245,0,,Aggregated,21.000000,0.000000,250,380,580,730,1000,1300,1700,2000,3500,5600,8700,184170,2024,250.0,468.6449853626911,1.731629999994766,8727.23305799991,4465.380843785633
1776009246,0,,Aggregated,21.000000,0.000000,250,380,580,730,1000,1300,1700,2000,3500,5600,8700,184170,2024,250.0,468.6449853626911,1.731629999994766,8727.23305799991,4465.380843785633
1776009247,0,,Aggregated,21.000000,0.000000,250,380,580,730,1000,1300,1700,2000,3500,5600,8700,184170,2024,250.0,468.6449853626911,1.731629999994766,8727.23305799991,4465.380843785633
1776009248,0,,Aggregated,21.000000,0.000000,250,380,580,730,1000,1300,1700,2000,3500,5600,8700,184170,2024,250.0,468.6449853626911,1.731629999994766,8727.23305799991,4465.380843785633
1776009249,0,,Aggregated,21.000000,0.000000,250,380,580,730,1000,1300,1700,2000,3500,5600,8700,184170,2024,250.0,468.6449853626911,1.731629999994766,8727.23305799991,4465.380843785633
1776009250,0,,Aggregated,21.000000,0.000000,250,380,580,730,1000,1300,1700,2000,3500,5600,8700,184170,2024,250.0,468.6449853626911,1.731629999994766,8727.23305799991,4465.380843785633
1776009251,0,,Aggregated,21.000000,0.000000,250,380,580,730,1000,1300,1700,2000,3500,5600,8700,184170,2024,250.0,468.6449853626911,1.731629999994766,8727.23305799991,4465.380843785633
1776009252,0,,Aggregated,21.000000,0.000000,250,380,580,730,1000,1300,1700,2000,3500,5600,8700,184170,2024,250.0,468.6449853626911,1.731629999994766,8727.23305799991,4465.380843785633
1776009253,0,,Aggregated,21.000000,0.000000,250,380,580,730,1000,1300,1700,2000,3500,5600,8700,184170,2024,250.0,468.6449853626911,1.731629999994766,8727.23305799991,4465.380843785633
1776009260,0,,Aggregated,21.000000,0.000000,250,380,580,730,1000,1300,1700,2000,3500,5600,8700,184170,2024,250.0,468.6449853626911,1.731629999994766,8727.23305799991,4465.380843785633
