Timestamp,User Count,Type,Name,Requests/s,Failures/s,50%,66%,75%,80%,90%,95%,98%,99%,99.9%,99.99%,100%,Total Request Count,Total Failure Count,Total Median Response Time,Total Average Response Time,Total Min Response Time,Total Max Response Time,Total Average Content Size
1776353540,0,,Aggregated,0.000000,0.000000,N/A,N/A,N/A,N/A,N/A,N/A,N/A,N/A,N/A,N/A,N/A,0,0,0,0.0,0,0,0
1776353541,40,,Aggregated,0.000000,0.000000,480,540,560,560,590,650,650,670,670,670,670,52,0,480.0,441.3930535769168,202.6798649999364,666.9673960000182,4515.0
1776353542,80,,Aggregated,0.000000,0.000000,320,470,510,550,590,640,670,900,1700,1700,1700,157,0,320.0,383.7752583948898,202.6798649999364,1731.8149150000863,4515.0
1776353543,120,,Aggregated,39.000000,0.000000,320,460,530,560,670,780,1700,1700,1900,1900,1900,310,0,320.0,422.52374044192595,202.6798649999364,1875.8132250000017,4515.0
1776353544,160,,Aggregated,67.000000,0.000000,380,500,530,560,670,900,1700,1900,2100,2100,2100,465,0,380.0,454.3380085935426,202.6798649999364,2086.426946999836,4515.0
1776353545,200,,Aggregated,92.333333,0.000000,500,610,700,740,860,1100,1300,1700,2100,2100,2100,644,14,500.0,538.4142816288785,202.6798649999364,2086.426946999836,4416.847826086957
1776353546,240,,Aggregated,110.250000,0.000000,560,660,740,770,940,1400,1600,1700,2100,2100,2100,844,49,560.0,588.5916144300871,198.30494400002863,2086.426946999836,4252.873222748815
1776353547,280,,Aggregated,122.600000,2.400000,610,750,840,880,1000,1500,1700,2000,2000,2100,2100,1040,89,600.0,639.2196018576843,197.1304759999839,2086.426946999836,4128.620192307692
1776353548,308,,Aggregated,135.166667,7.333333,640,830,910,1000,1200,1600,2000,2000,2400,2500,2500,1201,119,640.0,700.6915057110709,197.1304759999839,2464.21957199982,4067.6353039134056
1776353549,308,,Aggregated,141.857143,11.571429,700,890,1100,1200,1500,1700,2100,2400,3000,3000,3000,1345,129,700.0,793.7328080498093,197.1304759999839,2972.117317000084,4081.96282527881
1776353550,308,,Aggregated,147.250000,14.375000,770,1000,1300,1500,1600,1900,2500,2800,3400,3400,3400,1506,133,770.0,892.6029861779527,197.1304759999839,3401.4882500000567,4116.264940239043
1776353551,308,,Aggregated,145.555556,14.000000,840,1200,1500,1600,1700,2000,2900,3100,3400,4000,4000,1664,133,840.0,979.9159089591308,197.1304759999839,4016.958915000032,4154.125600961538
1776353554,308,,Aggregated,164.400000,13.300000,900,1400,1600,1600,1700,2000,3000,3200,4000,4400,4400,1805,133,900.0,1043.863488196671,197.1304759999839,4409.166147000178,4182.315789473684
1776353550,308,,Aggregated,147.250000,14.375000,1000,1500,1600,1700,1800,2000,3000,3200,4000,4400,4400,1947,133,1000.0,1097.9093421530495,197.1304759999839,4409.166147000178,4206.579352850539
1776353551,308,,Aggregated,145.555556,14.000000,1100,1600,1700,1700,1900,2000,3000,3200,4000,4400,4400,2098,133,1100.0,1154.645330169681,197.1304759999839,4409.166147000178,4228.777407054337
1776353552,308,,Aggregated,149.300000,13.200000,1300,1600,1700,1700,1900,2000,2900,3200,4000,4400,4400,2252,133,1300.0,1197.1235814431573,197.1304759999839,4409.166147000178,4248.350355239787
1776353553,308,,Aggregated,173.900000,13.300000,1500,1700,1700,1800,1900,2000,2900,3200,4000,4400,4400,2397,133,1500.0,1231.8818371702105,197.1304759999839,4409.166147000178,4264.480600750939
1776353554,308,,Aggregated,197.100000,13.300000,1500,1700,1700,1800,1900,2000,2800,3200,4000,4400,4400,2522,133,1500.0,1263.6368722704183,197.1304759999839,4409.166147000178,4276.897303727201
1776353555,308,,Aggregated,199.000000,13.300000,1600,1700,1800,1800,1900,2000,2800,3200,4000,4400,4400,2648,133,1600.0,1296.8113094425946,197.1304759999839,4409.166147000178,4288.226963746223
1776353556,308,,Aggregated,196.100000,13.300000,1600,1700,1800,1900,2000,2300,2700,3100,4000,4400,4400,2788,133,1600.0,1338.500863340742,197.1304759999839,4409.166147000178,4299.614418938307
1776353557,308,,Aggregated,194.300000,12.100000,1600,1800,1800,1900,2000,2400,2700,3100,4000,4400,4400,2909,133,1600.0,1372.546427621171,197.1304759999839,4409.166147000178,4308.573392918529
1776353558,308,,Aggregated,185.600000,8.900000,1600,1800,1900,1900,2100,2400,2600,3100,4000,4400,4400,3036,133,1600.0,1403.0398677127764,197.1304759999839,4409.166147000178,4317.208498023715
1776353559,308,,Aggregated,181.300000,5.200000,1700,1800,1900,1900,2100,2400,2600,3100,4000,4400,4400,3194,133,1700.0,1431.7677226399453,197.1304759999839,4409.166147000178,4326.9927989981215
1776353560,308,,Aggregated,175.500000,1.800000,1700,1800,1900,1900,2100,2400,2600,3100,4000,4400,4400,3340,133,1700.0,1449.0249358107749,197.1304759999839,4409.166147000178,4335.211077844311
1776353561,308,,Aggregated,175.800000,0.700000,1700,1800,1900,1900,2000,2400,2600,3000,4000,4400,4400,3490,133,1700.0,1462.550350519195,197.1304759999839,4409.166147000178,4342.938395415473
1776353562,308,,Aggregated,173.800000,0.100000,1700,1800,1900,1900,2000,2400,2600,3000,4000,4400,4400,3624,133,1700.0,1475.840737395693,197.1304759999839,4409.166147000178,4349.300496688742
1776353563,307,,Aggregated,160.200000,0.000000,1700,1800,1900,1900,2000,2400,2600,3000,4000,4400,4400,3792,133,1700.0,1488.7914425002627,197.1304759999839,4409.166147000178,4356.641613924051
1776353564,307,,Aggregated,140.000000,0.000000,1700,1800,1900,1900,2000,2400,2600,3000,4000,4400,4400,3948,133,1700.0,1495.598848937688,197.1304759999839,4409.166147000178,4362.898936170212
1776353565,307,,Aggregated,138.700000,0.000000,1700,1800,1900,1900,2000,2300,2600,3000,3900,4400,4400,4136,133,1700.0,1497.7986579439055,197.1304759999839,4409.166147000178,4369.812620889748
1776353566,307,,Aggregated,141.500000,0.000000,1700,1800,1900,1900,2000,2300,2600,3000,3900,4400,4400,4286,133,1700.0,1498.518826495799,197.1304759999839,4409.166147000178,4374.893840410639
1776353567,307,,Aggregated,144.100000,0.000000,1700,1800,1900,1900,2000,2300,2600,3000,3900,4400,4400,4459,133,1700.0,1499.7099112377202,197.1304759999839,4409.166147000178,4380.32967032967
1776353568,307,,Aggregated,150.000000,0.000000,1700,1800,1800,1900,2000,2300,2600,2900,3900,4400,4400,4653,133,1700.0,1500.7269223488056,197.1304759999839,4409.166147000178,4385.944551901999
1776353569,307,,Aggregated,152.500000,0.000000,1600,1800,1800,1900,2000,2200,2500,2900,3900,4400,4400,4795,133,1600.0,1500.3361607409777,197.1304759999839,4409.166147000178,4389.766423357664
1776353570,307,,Aggregated,155.000000,0.000000,1600,1800,1800,1900,2000,2200,2500,2900,3900,4400,4400,4971,133,1600.0,1501.9464555530042,197.1304759999839,4409.166147000178,4394.200362100181
1776353571,307,,Aggregated,160.300000,0.000000,1600,1800,1800,1900,2000,2200,2500,2800,3800,4400,4400,5119,133,1600.0,1504.1617912549295,197.1304759999839,4409.166147000178,4397.692908771244
1776353572,307,,Aggregated,160.000000,0.000000,1600,1800,1800,1900,2000,2200,2500,2800,3800,4400,4400,5295,133,1600.0,1507.8852871848892,197.1304759999839,4409.166147000178,4401.5920679886685
1776353573,307,,Aggregated,162.200000,0.000000,1600,1800,1800,1900,2000,2200,2500,2700,3800,4400,4400,5441,133,1600.0,1512.105215465354,197.1304759999839,4409.166147000178,4404.635177357103
1776353574,307,,Aggregated,163.800000,0.000000,1600,1800,1800,1900,2000,2200,2500,2700,3800,4400,4400,5617,133,1600.0,1514.1417771255115,197.1304759999839,4409.166147000178,4408.093288232152
1776353575,307,,Aggregated,165.800000,0.000000,1600,1700,1800,1900,2000,2100,2500,2700,3800,4400,4400,5793,133,1600.0,1514.1305731847035,197.1304759999839,4409.166147000178,4411.3412739513205
1776353576,307,,Aggregated,166.700000,0.000000,1600,1700,1800,1900,2000,2100,2500,2700,3800,4400,4400,5969,133,1600.0,1514.1606233791238,197.1304759999839,4409.166147000178,4414.3977215614
1776353577,307,,Aggregated,164.000000,0.000000,1600,1700,1800,1900,2000,2100,2500,2600,3700,4400,4400,6112,133,1600.0,1513.2894041724464,197.1304759999839,4409.166147000178,4416.751472513089
1776353578,307,,Aggregated,164.800000,0.000000,1600,1700,1800,1900,2000,2100,2500,2600,3700,4400,4400,6261,133,1600.0,1516.8908431314499,197.1304759999839,4409.166147000178,4419.089602299952
1776353579,307,,Aggregated,165.600000,0.000000,1600,1700,1800,1900,2000,2100,2500,2600,3700,4400,4400,6412,133,1600.0,1524.0915784017486,197.1304759999839,4409.166147000178,4421.3482532751095
1776353580,307,,Aggregated,165.900000,0.000000,1600,1800,1800,1900,2000,2100,2500,2600,3700,4400,4400,6553,133,1600.0,1531.006881292997,197.1304759999839,4409.166147000178,4423.36334503281
1776353581,307,,Aggregated,161.500000,0.000000,1600,1800,1800,1900,2000,2100,2500,2600,3700,4400,4400,6713,133,1600.0,1535.2517270233895,197.1304759999839,4409.166147000178,4425.5474452554745
1776353580,307,,Aggregated,165.900000,0.000000,1600,1800,1800,1900,2000,2100,2400,2600,3700,4400,4400,6831,133,1600.0,1539.3030726176278,197.1304759999839,4409.166147000178,4427.092665788318
1776353581,307,,Aggregated,161.500000,0.000000,1600,1800,1800,1900,2000,2100,2400,2600,3700,4400,4400,6945,133,1600.0,1548.5446826822204,197.1304759999839,4409.166147000178,4428.535637149028
1776353582,307,,Aggregated,159.800000,0.000000,1600,1800,1800,1900,2000,2200,2500,2600,3600,4400,4400,7071,133,1600.0,1562.2342973672787,197.1304759999839,4409.166147000178,4430.076368264743
1776353583,307,,Aggregated,167.900000,0.000000,1700,1800,1900,1900,2000,2300,2500,2600,3600,4400,4400,7195,133,1700.0,1573.7268839139724,197.1304759999839,4409.166147000178,4431.539958304378
1776353584,307,,Aggregated,183.100000,0.000000,1700,1800,1900,1900,2000,2300,2500,2600,3600,4400,4400,7349,133,1700.0,1583.047237097432,197.1304759999839,4409.166147000178,4433.288882841203
1776353585,307,,Aggregated,180.800000,0.000000,1700,1800,1900,1900,2000,2300,2500,2600,3600,4400,4400,7501,133,1700.0,1588.659400911884,197.1304759999839,4409.166147000178,4434.9446740434605
1776353586,283,,Aggregated,177.900000,0.000000,1700,1800,1900,1900,2000,2300,2500,2600,3600,4400,4400,7673,133,1700.0,1589.4121168535173,197.1304759999839,4409.166147000178,4436.739215430731
1776353587,283,,Aggregated,179.600000,0.000000,1700,1800,1900,1900,2000,2200,2500,2600,3600,4400,4400,7834,133,1700.0,1586.01109187491,197.1304759999839,4409.166147000178,4438.347587439367
1776353588,283,,Aggregated,179.000000,0.000000,1700,1800,1900,1900,2000,2200,2500,2600,3600,4400,4400,8002,133,1700.0,1582.4662097838077,197.1304759999839,4409.166147000178,4439.956885778555
1776353589,283,,Aggregated,179.700000,0.000000,1600,1800,1800,1900,2000,2200,2500,2600,3600,4400,4400,8204,133,1600.0,1576.3408189814772,197.1304759999839,4409.166147000178,4441.804607508532
1776353590,283,,Aggregated,179.600000,0.000000,1600,1800,1800,1900,2000,2200,2500,2600,3600,4400,4400,8383,133,1600.0,1567.838854682935,197.1304759999839,4409.166147000178,4443.367529524036
1776353591,283,,Aggregated,182.800000,0.000000,1600,1800,1800,1900,2000,2200,2500,2600,3600,4400,4400,8523,133,1600.0,1564.005974008453,197.1304759999839,4409.166147000178,4444.544174586414
1776353592,283,,Aggregated,188.300000,0.000000,1600,1800,1800,1900,2000,2200,2500,2600,3600,4400,4400,8693,133,1600.0,1563.5514883931962,197.1304759999839,4409.166147000178,4445.922006211895
1776353593,283,,Aggregated,180.200000,0.000000,1600,1800,1800,1900,2000,2200,2500,2600,3600,4400,4400,8836,133,1600.0,1563.7476003127044,197.1304759999839,4409.166147000178,4447.039950203712
1776353594,283,,Aggregated,164.000000,0.000000,1600,1700,1800,1900,2000,2200,2500,2600,3600,4400,4400,8990,133,1600.0,1563.7839557331545,197.1304759999839,4409.166147000178,4448.204115684093
1776353595,283,,Aggregated,165.400000,0.000000,1600,1700,1800,1900,2000,2200,2500,2600,3600,4400,4400,9132,133,1600.0,1565.1089962806689,197.1304759999839,4409.166147000178,4449.242772667542
1776353596,283,,Aggregated,165.200000,0.000000,1600,1700,1800,1900,2000,2200,2500,2600,3600,4400,4400,9312,133,1600.0,1564.297971003982,197.1304759999839,4409.166147000178,4450.513853092783
1776353597,283,,Aggregated,163.000000,0.000000,1600,1700,1800,1900,2000,2200,2500,2600,3600,4400,4400,9473,133,1600.0,1561.4419686324375,197.1304759999839,4409.166147000178,4451.609838488335
1776353598,283,,Aggregated,162.800000,0.000000,1600,1700,1800,1900,2000,2200,2500,2600,3600,4400,4400,9656,133,1600.0,1556.964839303655,197.1304759999839,4409.166147000178,4452.811205468102
1776353599,283,,Aggregated,161.400000,0.000000,1600,1700,1800,1900,2000,2200,2500,2600,3600,4400,4400,9841,133,1600.0,1551.3157437192458,197.1304759999839,4409.166147000178,4453.980286556244
1776353600,283,,Aggregated,163.600000,0.000000,1600,1700,1800,1900,2000,2200,2500,2600,3600,4400,4400,9990,133,1600.0,1549.2459178015104,197.1304759999839,4409.166147000178,4454.89039039039
1776353601,283,,Aggregated,165.000000,0.000000,1600,1700,1800,1800,2000,2200,2500,2600,3500,4200,4400,10144,133,1600.0,1548.4544070316533,197.1304759999839,4409.166147000178,4455.802937697161
1776353602,283,,Aggregated,159.900000,0.000000,1600,1700,1800,1800,2000,2200,2400,2600,3500,4200,4400,10299,133,1600.0,1548.0222396525,197.1304759999839,4409.166147000178,4456.693853772211
1776353603,283,,Aggregated,159.600000,0.000000,1600,1700,1800,1800,2000,2100,2400,2600,3500,4200,4400,10466,133,1600.0,1547.4849559701981,197.1304759999839,4409.166147000178,4457.624211733231
1776353604,283,,Aggregated,160.900000,0.000000,1600,1700,1800,1800,2000,2100,2400,2600,3500,4200,4400,10575,133,1600.0,1547.448478018448,197.1304759999839,4409.166147000178,4458.215602836879
1776353605,283,,Aggregated,160.400000,0.000000,1600,1700,1800,1800,2000,2100,2400,2600,3500,4200,4400,10750,133,1600.0,1550.0916047061467,197.1304759999839,4409.166147000178,4459.14
1776353606,283,,Aggregated,162.000000,0.000000,1600,1700,1800,1800,2000,2100,2400,2600,3500,4200,4400,10909,133,1600.0,1550.4065738684626,197.1304759999839,4409.166147000178,4459.954166284719
1776353607,283,,Aggregated,160.900000,0.000000,1600,1700,1800,1800,2000,2100,2400,2600,3400,4200,4400,11060,133,1600.0,1550.7296107415946,197.1304759999839,4409.166147000178,4460.705696202532
1776353608,283,,Aggregated,159.400000,0.000000,1600,1700,1800,1800,2000,2100,2400,2600,3400,4200,4400,11222,133,1600.0,1549.793449223582,197.1304759999839,4409.166147000178,4461.489484940296
1776353609,283,,Aggregated,158.000000,0.000000,1600,1700,1800,1800,2000,2100,2400,2600,3400,4200,4400,11376,133,1600.0,1547.4991732260926,197.1304759999839,4409.166147000178,4462.213871308017
1776353610,283,,Aggregated,158.000000,0.000000,1600,1700,1800,1800,2000,2100,2400,2600,3400,4200,4400,11531,133,1600.0,1548.0608388910798,197.1304759999839,4409.166147000178,4462.923423814066
1776353611,243,,Aggregated,154.100000,0.000000,1600,1700,1800,1800,2000,2100,2400,2600,3400,4200,4400,11667,133,1600.0,1548.4326685875599,197.1304759999839,4409.166147000178,4463.530470557984
1776353610,222,,Aggregated,158.000000,0.000000,1600,1700,1800,1800,2000,2100,2400,2600,3400,4200,4400,11809,133,1600.0,1547.1517588772163,197.1304759999839,4409.166147000178,4464.149377593361
1776353611,222,,Aggregated,154.100000,0.000000,1600,1700,1800,1800,1900,2100,2400,2500,3400,4200,4400,12002,133,1600.0,1539.5895883351961,197.1304759999839,4409.166147000178,4464.96708881853
1776353612,222,,Aggregated,156.400000,0.000000,1600,1700,1800,1800,1900,2100,2400,2500,3400,4200,4400,12206,133,1600.0,1527.8446794552717,197.1304759999839,4409.166147000178,4465.8032934622315
1776353613,222,,Aggregated,156.400000,0.000000,1600,1700,1800,1800,1900,2100,2400,2500,3400,4200,4400,12404,133,1600.0,1516.3054832150965,197.1304759999839,4409.166147000178,4466.588600451467
1776353614,222,,Aggregated,172.300000,0.000000,1600,1700,1700,1800,1900,2100,2400,2500,3400,4200,4400,12577,133,1600.0,1507.1424957850095,197.1304759999839,4409.166147000178,4467.254512204819
1776353615,222,,Aggregated,199.800000,0.000000,1500,1700,1700,1800,1900,2100,2400,2500,3400,4200,4400,12763,133,1500.0,1499.2129856361419,197.1304759999839,4409.166147000178,4467.950325158662
1776353616,222,,Aggregated,201.400000,0.000000,1500,1700,1700,1800,1900,2100,2400,2500,3400,4200,4400,12943,133,1500.0,1491.7417010540885,197.1304759999839,4409.166147000178,4468.604651162791
1776353617,222,,Aggregated,207.700000,0.000000,1500,1700,1700,1800,1900,2100,2400,2500,3400,4200,4400,13123,133,1500.0,1483.6988059945934,197.1304759999839,4409.166147000178,4469.241027204145
1776353618,222,,Aggregated,210.800000,0.000000,1500,1700,1700,1800,1900,2100,2400,2500,3400,4200,4400,13289,133,1500.0,1477.0472042412548,197.1304759999839,4409.166147000178,4469.812626984724
1776353619,222,,Aggregated,213.800000,0.000000,1500,1600,1700,1800,1900,2100,2400,2500,3400,4200,4400,13472,133,1500.0,1470.2856960734878,197.1304759999839,4409.166147000178,4470.426440023753
1776353620,222,,Aggregated,213.300000,0.000000,1500,1600,1700,1800,1900,2100,2400,2500,3400,4200,4400,13643,133,1500.0,1463.855979759072,197.1304759999839,4409.166147000178,4470.985120574654
1776353621,222,,Aggregated,216.000000,0.000000,1500,1600,1700,1800,1900,2100,2400,2500,3400,4200,4400,13793,133,1500.0,1459.80125689444,197.1304759999839,4409.166147000178,4471.463785978395
1776353622,222,,Aggregated,215.900000,0.000000,1500,1600,1700,1800,1900,2100,2400,2500,3300,4200,4400,14001,133,1500.0,1452.1605261767024,197.1304759999839,4409.166147000178,4472.110563531176
1776353623,222,,Aggregated,198.100000,0.000000,1500,1600,1700,1800,1900,2100,2400,2500,3300,4200,4400,14178,133,1500.0,1444.9057339408937,197.1304759999839,4409.166147000178,4472.646000846382
1776353624,222,,Aggregated,183.800000,0.000000,1500,1600,1700,1800,1900,2100,2400,2500,3300,4200,4400,14361,133,1500.0,1438.2406500896154,197.1304759999839,4409.166147000178,4473.185711301441
1776353625,222,,Aggregated,179.300000,0.000000,1500,1600,1700,1800,1900,2000,2400,2500,3300,4200,4400,14533,133,1500.0,1432.4337356390945,197.1304759999839,4409.166147000178,4473.680589004335
1776353626,222,,Aggregated,180.000000,0.000000,1500,1600,1700,1800,1900,2000,2400,2500,3300,4200,4400,14721,133,1500.0,1426.3530172084072,197.1304759999839,4409.166147000178,4474.208273894436
1776353627,222,,Aggregated,177.600000,0.000000,1500,1600,1700,1800,1900,2000,2400,2500,3300,4200,4400,14908,133,1500.0,1419.8199935466168,197.1304759999839,4409.166147000178,4474.71994902066
1776353628,222,,Aggregated,177.500000,0.000000,1500,1600,1700,1800,1900,2000,2400,2500,3300,4200,4400,15090,133,1500.0,1413.6695460887322,197.1304759999839,4409.166147000178,4475.205765407554
1776353629,222,,Aggregated,177.200000,0.000000,1500,1600,1700,1800,1900,2000,2400,2500,3300,4200,4400,15256,133,1500.0,1408.4046088236735,197.1304759999839,4409.166147000178,4475.638765076035
1776353630,222,,Aggregated,179.200000,0.000000,1500,1600,1700,1800,1900,2000,2400,2500,3300,4200,4400,15388,133,1500.0,1406.179282429748,197.1304759999839,4409.166147000178,4475.976410189758
1776353631,222,,Aggregated,177.800000,0.000000,1500,1600,1700,1700,1900,2000,2400,2500,3300,4200,4400,15547,133,1500.0,1404.9192992987685,197.1304759999839,4409.166147000178,4476.37550652859
1776353632,222,,Aggregated,174.600000,0.000000,1500,1600,1700,1700,1900,2000,2300,2500,3300,4200,4400,15712,133,1500.0,1401.7983018814896,197.1304759999839,4409.166147000178,4476.781122708758
1776353633,222,,Aggregated,175.200000,0.000000,1500,1600,1700,1700,1900,2000,2300,2500,3300,4200,4400,15863,133,1500.0,1398.7116680881916,197.1304759999839,4409.166147000178,4477.144928449852
1776353634,182,,Aggregated,170.200000,0.000000,1500,1600,1700,1700,1900,2000,2300,2500,3300,4200,4400,15985,133,1500.0,1396.6193974604312,197.1304759999839,4409.166147000178,4477.4338442289645
1776353635,142,,Aggregated,167.400000,0.000000,1500,1600,1700,1700,1900,2000,2300,2500,3300,4200,4400,16098,133,1500.0,1394.9201220277064,197.1304759999839,4409.166147000178,4477.697540067089
1776353636,126,,Aggregated,162.500000,0.000000,1400,1600,1700,1700,1900,2000,2300,2500,3300,4200,4400,16197,133,1400.0,1392.5680402793118,197.1304759999839,4409.166147000178,4477.925541766994
1776353637,126,,Aggregated,156.000000,0.000000,1400,1600,1700,1700,1900,2000,2300,2500,3300,4200,4400,16318,133,1400.0,1389.072850884975,197.1304759999839,4409.166147000178,4478.200453486947
1776353638,126,,Aggregated,147.800000,0.000000,1400,1600,1700,1700,1900,2000,2300,2500,3300,4200,4400,16465,133,1400.0,1382.3104631346494,197.1304759999839,4409.166147000178,4478.529000911023
1776353639,126,,Aggregated,141.400000,0.000000,1400,1600,1700,1700,1900,2000,2300,2500,3300,4200,4400,16606,133,1400.0,1375.4447528546914,197.1304759999839,4409.166147000178,4478.8386727688785
1776353640,126,,Aggregated,137.200000,0.000000,1400,1600,1700,1700,1900,2000,2300,2500,3300,4200,4400,16744,133,1400.0,1369.0576713826472,197.1304759999839,4409.166147000178,4479.136705685619
1776353641,126,,Aggregated,134.800000,0.000000,1400,1600,1700,1700,1900,2000,2300,2500,3300,4200,4400,16906,133,1400.0,1361.4347324183157,197.1304759999839,4409.166147000178,4479.480362001656
1776353642,126,,Aggregated,134.700000,0.000000,1400,1600,1700,1700,1900,2000,2300,2500,3300,4200,4400,17061,133,1400.0,1353.4703015004413,197.1304759999839,4409.166147000178,4479.803059609636
1776353640,126,,Aggregated,137.200000,0.000000,1400,1600,1700,1700,1900,2000,2300,2500,3300,4200,4400,17220,133,1400.0,1345.0604789094675,197.1304759999839,4409.166147000178,4480.128048780488
1776353641,126,,Aggregated,134.800000,0.000000,1400,1600,1700,1700,1900,2000,2300,2500,3300,4200,4400,17357,133,1400.0,1338.2714382586296,197.1304759999839,4409.166147000178,4480.403295500374
1776353642,126,,Aggregated,137.000000,0.000000,1400,1600,1700,1700,1900,2000,2300,2500,3300,4200,4400,17468,133,1400.0,1335.0629229696026,197.1304759999839,4409.166147000178,4480.623139455003
1776353643,126,,Aggregated,152.400000,0.000000,1400,1600,1700,1700,1900,2000,2300,2500,3300,4200,4400,17581,133,1400.0,1331.9790260634215,197.1304759999839,4409.166147000178,4480.844093055002
1776353644,126,,Aggregated,165.000000,0.000000,1400,1600,1700,1700,1900,2000,2300,2500,3300,4200,4400,17737,133,1400.0,1326.1155144810846,197.1304759999839,4409.166147000178,4481.144500197328
1776353645,126,,Aggregated,162.900000,0.000000,1400,1600,1700,1700,1900,2000,2300,2500,3300,4200,4400,17910,133,1400.0,1317.2628084642088,197.1304759999839,4409.166147000178,4481.4715242881075
1776353646,126,,Aggregated,161.800000,0.000000,1400,1600,1700,1700,1900,2000,2300,2500,3300,4200,4400,18106,133,1400.0,1307.3369839822158,197.1304759999839,4409.166147000178,4481.834474759748
1776353647,126,,Aggregated,171.600000,0.000000,1400,1600,1700,1700,1900,2000,2300,2500,3300,4200,4400,18262,133,1400.0,1299.9512543357237,197.1304759999839,4409.166147000178,4482.117785565655
1776353648,126,,Aggregated,179.200000,0.000000,1400,1600,1600,1700,1900,2000,2300,2500,3300,4200,4400,18424,133,1400.0,1292.610976707392,197.1304759999839,4409.166147000178,4482.406914893617
1776353649,126,,Aggregated,185.800000,0.000000,1400,1600,1600,1700,1900,2000,2300,2500,3300,4200,4400,18574,133,1400.0,1286.1503988449435,197.1304759999839,4409.166147000178,4482.670130289652
1776353650,126,,Aggregated,186.800000,0.000000,1400,1500,1600,1700,1900,2000,2300,2500,3300,4200,4400,18732,133,1400.0,1279.8570377762096,197.1304759999839,4409.166147000178,4482.942825112108
1776353651,126,,Aggregated,188.600000,0.000000,1400,1500,1600,1700,1900,2000,2300,2500,3300,4200,4400,18884,133,1400.0,1273.9252081013015,197.1304759999839,4409.166147000178,4483.200857869096
1776353652,126,,Aggregated,187.700000,0.000000,1400,1500,1600,1700,1900,2000,2300,2500,3300,4200,4400,19052,133,1400.0,1266.6061279803157,197.1304759999839,4409.166147000178,4483.481261809784
1776353653,126,,Aggregated,171.500000,0.000000,1400,1500,1600,1700,1900,2000,2300,2500,3300,4200,4400,19225,133,1400.0,1259.1130457923523,197.1304759999839,4409.166147000178,4483.76488946684
1776353654,126,,Aggregated,160.000000,0.000000,1400,1500,1600,1700,1900,2000,2300,2500,3300,4200,4400,19369,133,1400.0,1253.63945358893,197.1304759999839,4409.166147000178,4483.997108782074
1776353655,126,,Aggregated,163.300000,0.000000,1300,1500,1600,1700,1900,2000,2200,2500,3300,4200,4400,19522,133,1300.0,1248.4396400803698,197.1304759999839,4409.166147000178,4484.2400881057265
1776353656,86,,Aggregated,168.500000,0.000000,1300,1500,1600,1700,1900,2000,2200,2500,3300,4200,4400,19636,133,1300.0,1243.9391324117933,197.1304759999839,4409.166147000178,4484.418669790181
1776353657,46,,Aggregated,161.900000,0.000000,1300,1500,1600,1700,1900,2000,2200,2500,3300,4200,4400,19712,133,1300.0,1240.5863366744604,197.1304759999839,4409.166147000178,4484.536576704545
1776353658,31,,Aggregated,157.500000,0.000000,1300,1500,1600,1700,1900,2000,2200,2500,3300,4200,4400,19769,133,1300.0,1237.7052930000987,197.1304759999839,4409.166147000178,4484.624411958116
1776353659,31,,Aggregated,149.500000,0.000000,1300,1500,1600,1700,1900,2000,2200,2500,3300,4200,4400,19826,133,1300.0,1234.830138365023,197.1304759999839,4409.166147000178,4484.711742156764
1776353660,31,,Aggregated,141.200000,0.000000,1300,1500,1600,1700,1900,2000,2200,2500,3300,4200,4400,19881,133,1300.0,1232.0760679569917,197.1304759999839,4409.166147000178,4484.795533423872
1776353661,31,,Aggregated,131.300000,0.000000,1300,1500,1600,1700,1900,2000,2200,2500,3300,4200,4400,19942,133,1300.0,1229.0109173222834,197.1304759999839,4409.166147000178,4484.8879249824495
1776353662,31,,Aggregated,121.800000,0.000000,1300,1500,1600,1700,1900,2000,2200,2500,3300,4200,4400,19996,133,1300.0,1226.3522727025888,197.1304759999839,4409.166147000178,4484.96924384877
1776353663,31,,Aggregated,112.800000,0.000000,1300,1500,1600,1700,1900,2000,2200,2500,3300,4000,4400,20047,133,1300.0,1223.9176337396605,197.1304759999839,4409.166147000178,4485.045642739562
1776353664,31,,Aggregated,101.500000,0.000000,1300,1500,1600,1700,1900,2000,2200,2500,3300,4000,4400,20111,133,1300.0,1220.8183385468144,197.1304759999839,4409.166147000178,4485.140967629655
1776353665,31,,Aggregated,90.100000,0.000000,1300,1500,1600,1700,1900,2000,2200,2500,3300,4000,4400,20174,133,1300.0,1217.7273071062755,197.1304759999839,4409.166147000178,4485.234212352533
1776353666,31,,Aggregated,79.000000,0.000000,1300,1500,1600,1700,1900,2000,2200,2500,3300,4000,4400,20229,133,1300.0,1215.0574055750155,197.1304759999839,4409.166147000178,4485.315141628355
1776353667,31,,Aggregated,71.100000,0.000000,1300,1500,1600,1700,1900,2000,2200,2500,3300,4000,4400,20288,133,1300.0,1212.2019712829258,197.1304759999839,4409.166147000178,4485.40146884858
1776353668,31,,Aggregated,63.200000,0.000000,1300,1500,1600,1700,1800,2000,2200,2500,3300,4000,4400,20350,133,1300.0,1209.2138206566576,197.1304759999839,4409.166147000178,4485.491646191646
1776353669,31,,Aggregated,59.200000,0.000000,1300,1500,1600,1700,1800,2000,2200,2500,3300,4000,4400,20402,133,1300.0,1206.8167969948033,197.1304759999839,4409.166147000178,4485.5668561905695
1776353670,31,,Aggregated,57.400000,0.000000,1300,1500,1600,1700,1800,2000,2200,2500,3300,4000,4400,20461,133,1300.0,1204.0125282997892,197.1304759999839,4409.166147000178,4485.651727677044
1776353671,31,,Aggregated,57.200000,0.000000,1300,1500,1600,1700,1800,2000,2200,2500,3300,4000,4400,20521,133,1300.0,1201.177440804688,197.1304759999839,4409.166147000178,4485.737537157059
1776353670,31,,Aggregated,57.400000,0.000000,1300,1500,1600,1700,1800,2000,2200,2500,3300,4000,4400,20577,133,1300.0,1198.5460366262819,197.1304759999839,4409.166147000178,4485.817174515236
1776353671,31,,Aggregated,57.200000,0.000000,1300,1500,1600,1700,1800,2000,2200,2500,3300,4000,4400,20637,133,1300.0,1195.725131900567,197.1304759999839,4409.166147000178,4485.902020642535
1776353672,31,,Aggregated,57.700000,0.000000,1300,1500,1600,1700,1800,2000,2200,2500,3300,4000,4400,20695,133,1300.0,1193.0320978159457,197.1304759999839,4409.166147000178,4485.983570910848
1776353673,31,,Aggregated,64.100000,0.000000,1300,1500,1600,1700,1800,2000,2200,2400,3300,4000,4400,20744,133,1300.0,1190.8224334165056,197.1304759999839,4409.166147000178,4486.052111453914
1776353674,31,,Aggregated,70.400000,0.000000,1300,1500,1600,1700,1800,2000,2200,2400,3300,4000,4400,20796,133,1300.0,1188.645720167196,197.1304759999839,4409.166147000178,4486.1244950952105
1776353675,31,,Aggregated,71.800000,0.000000,1300,1500,1600,1700,1800,2000,2200,2400,3300,4000,4400,20855,133,1300.0,1186.0622425676827,197.1304759999839,4409.166147000178,4486.20618556701
1776353676,31,,Aggregated,70.500000,0.000000,1300,1500,1600,1700,1800,2000,2200,2400,3300,4000,4400,20909,133,1300.0,1183.6529001061754,197.1304759999839,4409.166147000178,4486.280549045865
1776353677,31,,Aggregated,70.400000,0.000000,1300,1500,1600,1700,1800,2000,2200,2400,3300,4000,4400,20964,133,1300.0,1181.1932741596559,197.1304759999839,4409.166147000178,4486.355895821408
1776353678,31,,Aggregated,70.900000,0.000000,1300,1500,1600,1700,1800,2000,2200,2400,3200,4000,4400,21025,140,1300.0,1178.4327963607627,47.16980200009857,4409.166147000178,4484.935790725327
1776353679,20,,Aggregated,70.500000,0.000000,1300,1500,1600,1700,1800,2000,2200,2400,3200,4000,4400,21059,141,1300.0,1177.096359309655,47.16980200009857,4409.166147000178,4484.769932095541
1776353680,20,,Aggregated,70.900000,0.600000,1300,1500,1600,1700,1800,2000,2200,2400,3200,4000,4400,21093,141,1300.0,1175.6381519992435,47.16980200009857,4409.166147000178,4484.81866021903
1776353681,20,,Aggregated,68.100000,0.800000,1300,1500,1600,1700,1800,2000,2200,2400,3200,4000,4400,21133,141,1300.0,1173.8823498692586,47.16980200009857,4409.166147000178,4484.8757866843325
1776353682,20,,Aggregated,66.100000,0.800000,1300,1500,1600,1700,1800,2000,2200,2400,3200,4000,4400,21168,141,1300.0,1172.3415389392026,47.16980200009857,4409.166147000178,4484.925595238095
1776353683,20,,Aggregated,57.700000,0.800000,1300,1500,1600,1700,1800,2000,2200,2400,3200,4000,4400,21205,141,1300.0,1170.7004545326122,47.16980200009857,4409.166147000178,4484.978071209621
1776353684,20,,Aggregated,49.500000,0.800000,1300,1500,1600,1700,1800,2000,2200,2400,3200,4000,4400,21240,141,1300.0,1169.17670957067,47.16980200009857,4409.166147000178,4485.027542372882
1776353685,20,,Aggregated,46.700000,0.800000,1300,1500,1600,1700,1800,2000,2200,2400,3200,4000,4400,21279,141,1300.0,1167.4974743630357,47.16980200009857,4409.166147000178,4485.0824756802485
1776353686,20,,Aggregated,45.800000,0.800000,1200,1500,1600,1700,1800,2000,2200,2400,3200,4000,4400,21313,141,1200.0,1166.0923223514774,47.16980200009857,4409.166147000178,4485.130202223995
1776353687,20,,Aggregated,43.500000,0.800000,1200,1500,1600,1700,1800,2000,2200,2400,3200,4000,4400,21348,141,1200.0,1164.5999535524186,47.16980200009857,4409.166147000178,4485.179173693086
1776353688,20,,Aggregated,40.300000,0.800000,1200,1500,1600,1700,1800,2000,2200,2400,3200,4000,4400,21385,141,1200.0,1162.997067198879,47.16980200009857,4409.166147000178,4485.2307692307695
1776353689,20,,Aggregated,38.500000,0.800000,1200,1500,1600,1700,1800,2000,2200,2400,3200,4000,4400,21422,141,1200.0,1161.390664049436,47.16980200009857,4409.166147000178,4485.282186537204
1776353690,20,,Aggregated,35.700000,0.200000,1200,1500,1600,1700,1800,2000,2200,2400,3200,4000,4400,21462,141,1200.0,1159.658550250304,47.16980200009857,4409.166147000178,4485.337573385518
1776353691,20,,Aggregated,36.500000,0.000000,1200,1500,1600,1700,1800,2000,2200,2400,3200,4000,4400,21499,141,1200.0,1158.081185020839,47.16980200009857,4409.166147000178,4485.3886227266385
1776353692,20,,Aggregated,36.500000,0.000000,1200,1500,1600,1700,1800,2000,2200,2400,3200,4000,4400,21533,141,1200.0,1156.6406888228776,47.16980200009857,4409.166147000178,4485.4353782566295
1776353693,20,,Aggregated,36.300000,0.000000,1200,1500,1600,1700,1800,2000,2200,2400,3200,4000,4400,21570,141,1200.0,1155.0532054665746,47.16980200009857,4409.166147000178,4485.486091794159
1776353694,20,,Aggregated,36.600000,0.000000,1200,1500,1600,1700,1800,2000,2200,2400,3200,4000,4400,21608,141,1200.0,1153.431543658877,47.16980200009857,4409.166147000178,4485.537995186968
1776353695,20,,Aggregated,36.400000,0.000000,1200,1500,1600,1700,1800,2000,2200,2400,3200,4000,4400,21645,141,1200.0,1151.8613574004162,47.16980200009857,4409.166147000178,4485.588357588357
1776353696,20,,Aggregated,36.500000,0.000000,1200,1500,1600,1700,1800,2000,2200,2400,3200,4000,4400,21683,141,1200.0,1150.2440068862245,47.16980200009857,4409.166147000178,4485.639902227552
1776353697,20,,Aggregated,36.300000,0.000000,1200,1500,1600,1700,1800,2000,2200,2400,3200,4000,4400,21721,141,1200.0,1148.6400573749372,47.16980200009857,4409.166147000178,4485.6912665162745
1776353698,20,,Aggregated,37.100000,0.000000,1200,1500,1600,1700,1800,2000,2200,2400,3200,4000,4400,21757,141,1200.0,1147.1242480346561,47.16980200009857,4409.166147000178,4485.7397619157055
1776353699,20,,Aggregated,37.000000,0.000000,1200,1500,1600,1700,1800,2000,2200,2400,3200,4000,4400,21796,141,1200.0,1145.4807817097644,47.16980200009857,4409.166147000178,4485.792117819783
1776353700,20,,Aggregated,37.300000,0.000000,1200,1500,1600,1700,1800,2000,2200,2400,3200,4000,4400,21834,141,1200.0,1143.8868156172032,47.16980200009857,4409.166147000178,4485.842951360264
1776353701,20,,Aggregated,37.200000,0.000000,1200,1500,1600,1700,1800,2000,2200,2400,3200,4000,4400,21866,141,1200.0,1142.5575438727255,47.16980200009857,4409.166147000178,4485.885621512851
1776353699,20,,Aggregated,37.100000,0.000000,1200,1500,1600,1700,1800,2000,2200,2400,3200,4000,4400,21907,141,1200.0,1140.8474529705127,47.16980200009857,4409.166147000178,4485.940110466974
1776353700,20,,Aggregated,37.300000,0.000000,1200,1500,1600,1700,1800,2000,2200,2400,3200,4000,4400,21945,141,1200.0,1139.294536524494,47.16980200009857,4409.166147000178,4485.99043062201
1776353701,32,,Aggregated,37.200000,0.000000,1200,1500,1600,1700,1800,2000,2200,2400,3200,4000,4400,22001,155,1200.0,1137.0943375967468,47.16980200009857,4409.166147000178,4483.191218580973
1776353702,32,,Aggregated,37.300000,0.000000,1200,1500,1600,1700,1800,2000,2200,2400,3200,4000,4400,22044,159,1200.0,1135.611102949783,47.16980200009857,4409.166147000178,4482.433995645073
1776353703,32,,Aggregated,40.900000,0.000000,1200,1500,1600,1700,1800,2000,2200,2400,3200,4000,4400,22084,159,1200.0,1134.3996109986872,47.16980200009857,4409.166147000178,4482.492981343959
1776353704,32,,Aggregated,46.600000,1.400000,1200,1500,1600,1700,1800,2000,2200,2400,3200,4000,4400,22134,159,1200.0,1132.7103330668203,47.16980200009857,4409.166147000178,4482.566413662239
1776353705,32,,Aggregated,48.200000,1.800000,1200,1500,1600,1700,1800,2000,2200,2400,3200,4000,4400,22187,159,1200.0,1130.7181375572634,47.16980200009857,4409.166147000178,4482.643890566548
1776353706,32,,Aggregated,48.200000,1.800000,1200,1500,1600,1700,1800,2000,2200,2400,3200,4000,4400,22239,159,1200.0,1128.8247768933854,47.16980200009857,4409.166147000178,4482.71954674221
1776353707,32,,Aggregated,50.600000,1.800000,1200,1500,1600,1700,1800,2000,2200,2400,3200,4000,4400,22286,159,1200.0,1127.226798159023,47.16980200009857,4409.166147000178,4482.787624517634
1776353708,32,,Aggregated,51.800000,1.800000,1200,1500,1600,1700,1800,2000,2200,2400,3200,4000,4400,22350,160,1200.0,1124.7693138412521,47.16980200009857,4409.166147000178,4482.677852348993
1776353709,32,,Aggregated,53.700000,1.800000,1200,1500,1600,1700,1800,2000,2200,2400,3200,4000,4400,22406,160,1200.0,1122.5860253107642,47.16980200009857,4409.166147000178,4482.758636079621
1776353710,32,,Aggregated,54.900000,1.800000,1200,1500,1600,1700,1800,2000,2200,2400,3200,4000,4400,22462,160,1200.0,1120.4472621250545,47.16980200009857,4409.166147000178,4482.8390170064995
1776353711,32,,Aggregated,57.100000,1.900000,1200,1500,1600,1700,1800,2000,2200,2400,3200,4000,4400,22521,160,1200.0,1118.1682032803596,47.16980200009857,4409.166147000178,4482.923271613161
1776353712,32,,Aggregated,58.700000,1.900000,1200,1500,1600,1700,1800,2000,2200,2400,3200,4000,4400,22578,160,1200.0,1116.0073206973143,47.16980200009857,4409.166147000178,4483.004251926654
1776353713,32,,Aggregated,57.600000,1.900000,1200,1500,1600,1700,1800,2000,2200,2400,3200,4000,4400,22640,160,1200.0,1113.5781416659884,47.16980200009857,4409.166147000178,4483.09187279152
1776353714,32,,Aggregated,53.800000,0.500000,1200,1500,1600,1700,1800,2000,2200,2400,3200,4000,4400,22700,160,1200.0,1111.2477612894709,47.16980200009857,4409.166147000178,4483.176211453744
1776353715,32,,Aggregated,54.400000,0.100000,1200,1500,1600,1700,1800,2000,2200,2400,3200,4000,4400,22758,160,1200.0,1109.0130956155197,47.16980200009857,4409.166147000178,4483.257316108621
1776353716,32,,Aggregated,56.500000,0.100000,1200,1500,1600,1700,1800,2000,2200,2400,3200,4000,4400,22819,160,1200.0,1106.6698879730918,47.16980200009857,4409.166147000178,4483.342170997853
1776353717,32,,Aggregated,56.300000,0.100000,1100,1500,1600,1600,1800,2000,2200,2400,3200,4000,4400,22875,160,1100.0,1104.5645037164581,47.16980200009857,4409.166147000178,4483.419672131147
1776353718,32,,Aggregated,57.300000,0.100000,1100,1500,1600,1600,1800,2000,2200,2400,3200,4000,4400,22934,160,1100.0,1102.3473492580001,47.16980200009857,4409.166147000178,4483.500915671056
1776353719,32,,Aggregated,57.500000,0.100000,1100,1500,1600,1600,1800,2000,2200,2400,3200,4000,4400,22998,160,1100.0,1099.95731914836,47.16980200009857,4409.166147000178,4483.588572919384
1776353720,32,,Aggregated,58.300000,0.100000,1100,1500,1600,1600,1800,2000,2200,2400,3200,4000,4400,23054,160,1100.0,1097.8477221756734,47.16980200009857,4409.166147000178,4483.664873774616
1776353721,32,,Aggregated,58.500000,0.000000,1100,1500,1600,1600,1800,2000,2200,2400,3200,4000,4400,23113,160,1100.0,1095.6437503553836,47.16980200009857,4409.166147000178,4483.744862198762
1776353722,32,,Aggregated,59.100000,0.000000,1100,1500,1600,1600,1800,2000,2200,2400,3200,4000,4400,23174,160,1100.0,1093.4491241275127,47.16980200009857,4409.166147000178,4483.827133856908
1776353724,32,,Aggregated,58.800000,0.000000,1100,1500,1600,1600,1800,2000,2200,2400,3200,4000,4400,23231,160,1100.0,1091.392297440187,47.16980200009857,4409.166147000178,4483.903620162713
1776353725,32,,Aggregated,59.300000,0.000000,1100,1500,1600,1600,1800,2000,2200,2400,3200,4000,4400,23290,160,1100.0,1089.3174187101324,47.16980200009857,4409.166147000178,4483.982395878059
1776353726,32,,Aggregated,59.300000,0.000000,1100,1500,1600,1600,1800,2000,2200,2400,3200,4000,4400,23345,160,1100.0,1087.3733745983293,47.16980200009857,4409.166147000178,4484.055472263868
1776353727,68,,Aggregated,58.800000,0.000000,1100,1500,1600,1600,1800,2000,2200,2400,3200,4000,4400,23405,160,1100.0,1085.8203000663532,47.16980200009857,4409.166147000178,4484.134800256355
1776353728,68,,Aggregated,58.700000,0.000000,1100,1500,1600,1600,1800,2000,2200,2400,3200,4000,4400,23484,160,1100.0,1084.594635054207,47.16980200009857,4409.166147000178,4484.238630556975
1776353729,68,,Aggregated,58.600000,0.000000,1100,1500,1600,1600,1800,2000,2200,2400,3200,4000,4400,23578,160,1100.0,1082.3791550062344,47.16980200009857,4409.166147000178,4484.361268979557
1776353730,68,,Aggregated,58.600000,0.000000,1100,1500,1600,1600,1800,2000,2200,2400,3200,4000,4400,23660,160,1100.0,1080.3155082407854,47.16980200009857,4409.166147000178,4484.467455621302
1776353731,68,,Aggregated,64.100000,0.000000,1100,1500,1600,1600,1800,2000,2200,2400,3200,4000,4400,23739,160,1100.0,1078.572992769577,47.16980200009857,4409.166147000178,4484.569063566283
1776353732,68,,Aggregated,66.100000,0.000000,1100,1400,1600,1600,1800,2000,2200,2400,3200,4000,4400,23808,160,1100.0,1077.4073171157174,47.16980200009857,4409.166147000178,4484.657258064516
1776353730,68,,Aggregated,60.800000,0.000000,1100,1400,1600,1600,1800,2000,2200,2400,3200,4000,4400,23883,160,1100.0,1075.892075451786,47.16980200009857,4409.166147000178,4484.752543650296
1776353731,68,,Aggregated,64.100000,0.000000,1100,1400,1600,1600,1800,2000,2200,2400,3200,4000,4400,23966,160,1100.0,1073.955236505466,47.16980200009857,4409.166147000178,4484.857297838605
1776353732,68,,Aggregated,66.800000,0.000000,1100,1400,1600,1600,1800,1900,2200,2400,3200,4000,4400,24063,160,1100.0,1071.5379133037027,47.16980200009857,4409.166147000178,4484.978805635207
1776353733,68,,Aggregated,76.700000,0.000000,1100,1400,1600,1600,1800,1900,2200,2400,3200,4000,4400,24169,160,1100.0,1068.3080146001491,47.16980200009857,4409.166147000178,4485.1104720923495
1776353734,68,,Aggregated,86.500000,0.000000,1000,1400,1600,1600,1800,1900,2200,2400,3200,4000,4400,24272,160,1000.0,1065.2554627639258,47.16980200009857,4409.166147000178,4485.237310481213
1776353735,68,,Aggregated,91.800000,0.000000,1000,1400,1600,1600,1800,1900,2200,2400,3200,4000,4400,24357,160,1000.0,1062.8590529154244,47.16980200009857,4409.166147000178,4485.341175021555
1776353736,68,,Aggregated,96.100000,0.000000,1000,1400,1600,1600,1800,1900,2200,2400,3200,4000,4400,24450,160,1000.0,1060.8345903157056,47.16980200009857,4409.166147000178,4485.453987730061
1776353737,68,,Aggregated,102.700000,0.000000,1000,1400,1600,1600,1800,1900,2200,2400,3200,4000,4400,24524,160,1000.0,1059.1709251390475,47.16980200009857,4409.166147000178,4485.543141412494
1776353738,68,,Aggregated,105.300000,0.000000,1000,1400,1600,1600,1800,1900,2200,2400,3200,4000,4400,24602,160,1000.0,1057.8301083148529,47.16980200009857,4409.166147000178,4485.636533615153
1776353739,68,,Aggregated,108.100000,0.000000,1000,1400,1600,1600,1800,1900,2200,2400,3200,4000,4400,24704,160,1000.0,1055.1094748101114,47.16980200009857,4409.166147000178,4485.7577720207255
1776353740,68,,Aggregated,107.500000,0.000000,1000,1400,1600,1600,1800,1900,2200,2400,3200,4000,4400,24789,160,1000.0,1053.1168110298918,47.16980200009857,4409.166147000178,4485.858041873412
1776353741,68,,Aggregated,107.000000,0.000000,1000,1400,1600,1600,1800,1900,2200,2400,3200,4000,4400,24875,160,1000.0,1051.2377584596177,47.16980200009857,4409.166147000178,4485.9587939698495
1776353742,68,,Aggregated,107.400000,0.000000,1000,1400,1600,1600,1800,1900,2200,2400,3200,4000,4400,24966,160,1000.0,1048.9022058187531,47.16980200009857,4409.166147000178,4486.064647921173
1776353743,68,,Aggregated,100.100000,0.000000,1000,1400,1600,1600,1800,1900,2200,2400,3200,4000,4400,25071,160,1000.0,1046.236842746519,47.16980200009857,4409.166147000178,4486.185832236449
1776353744,68,,Aggregated,93.900000,0.000000,1000,1400,1600,1600,1800,1900,2200,2400,3200,4000,4400,25160,160,1000.0,1043.9095388403407,47.16980200009857,4409.166147000178,4486.2877583465815
1776353745,68,,Aggregated,91.400000,0.000000,990,1400,1600,1600,1800,1900,2200,2400,3200,4000,4400,25272,160,990.0,1040.8774053319871,47.16980200009857,4409.166147000178,4486.415004748338
1776353746,68,,Aggregated,91.700000,0.000000,990,1400,1600,1600,1800,1900,2200,2400,3200,4000,4400,25362,160,990.0,1038.5365936409985,47.16980200009857,4409.166147000178,4486.516441920984
1776353747,68,,Aggregated,88.800000,0.000000,990,1400,1500,1600,1800,1900,2200,2400,3200,4000,4400,25451,160,990.0,1036.4440095051275,47.16980200009857,4409.166147000178,4486.616046520765
1776353748,68,,Aggregated,91.000000,0.000000,980,1400,1500,1600,1800,1900,2200,2400,3200,4000,4400,25552,160,980.0,1034.0289486714548,47.16980200009857,4409.166147000178,4486.728240450845
1776353749,90,,Aggregated,91.600000,0.000000,970,1400,1500,1600,1800,1900,2200,2400,3200,4000,4400,25656,160,970.0,1031.5137920021825,47.16980200009857,4409.166147000178,4486.842843779233
1776353750,90,,Aggregated,92.700000,0.000000,970,1400,1500,1600,1800,1900,2200,2400,3200,4000,4400,25769,160,970.0,1029.6137612719542,47.16980200009857,4409.166147000178,4486.966316116263
1776353751,90,,Aggregated,94.300000,0.000000,960,1400,1500,1600,1800,1900,2200,2400,3200,4000,4400,25893,160,960.0,1026.9950194634066,47.16980200009857,4409.166147000178,4487.100567721006
1776353752,90,,Aggregated,95.900000,0.000000,960,1400,1500,1600,1800,1900,2200,2400,3200,4000,4400,26005,160,960.0,1024.3585617720046,47.16980200009857,4409.166147000178,4487.220726783311
1776353753,90,,Aggregated,98.700000,0.000000,950,1400,1500,1600,1800,1900,2100,2400,3200,4000,4400,26117,160,950.0,1022.1327175245625,47.16980200009857,4409.166147000178,4487.339855266685
1776353754,90,,Aggregated,101.700000,0.000000,950,1400,1500,1600,1800,1900,2100,2400,3200,4000,4400,26231,160,950.0,1020.0098894046732,47.16980200009857,4409.166147000178,4487.460066333727
1776353755,90,,Aggregated,104.200000,0.000000,940,1400,1500,1600,1800,1900,2100,2400,3200,4000,4400,26327,160,940.0,1018.2390203368402,47.16980200009857,4409.166147000178,4487.560489231588
1776353756,90,,Aggregated,104.900000,0.000000,930,1400,1500,1600,1800,1900,2100,2400,3200,4000,4400,26452,160,930.0,1015.587813998034,47.16980200009857,4409.166147000178,4487.6901557538185
1776353757,90,,Aggregated,106.400000,0.000000,930,1400,1500,1600,1800,1900,2100,2400,3200,4000,4400,26573,160,930.0,1012.9922239211985,47.16980200009857,4409.166147000178,4487.814510969782
1776353758,90,,Aggregated,106.800000,0.000000,930,1400,1500,1600,1800,1900,2100,2400,3200,4000,4400,26703,160,930.0,1010.3213156287306,47.16980200009857,4409.166147000178,4487.946859903382
1776353759,90,,Aggregated,109.500000,0.000000,920,1400,1500,1600,1800,1900,2100,2400,3200,4000,4400,26818,160,920.0,1007.8141127426728,47.16980200009857,4409.166147000178,4488.062868222835
1776353760,90,,Aggregated,113.300000,0.000000,920,1400,1500,1600,1800,1900,2100,2400,3200,4000,4400,26919,160,920.0,1005.832637996471,47.16980200009857,4409.166147000178,4488.163936253204
1776353761,90,,Aggregated,114.900000,0.000000,910,1400,1500,1600,1800,1900,2100,2400,3200,4000,4400,27034,160,910.0,1003.9661789041571,47.16980200009857,4409.166147000178,4488.278094251683
1776353760,90,,Aggregated,113.300000,0.000000,910,1400,1500,1600,1800,1900,2100,2400,3200,4000,4400,27162,160,910.0,1001.4966043817457,47.16980200009857,4409.166147000178,4488.4040203225095
1776353761,90,,Aggregated,114.900000,0.000000,900,1400,1500,1600,1800,1900,2100,2400,3200,4000,4400,27279,160,900.0,998.9304685126275,47.16980200009857,4409.166147000178,4488.518090839107
1776353762,90,,Aggregated,117.900000,0.000000,900,1400,1500,1600,1800,1900,2100,2400,3200,4000,4400,27382,160,900.0,996.953714333757,47.16980200009857,4409.166147000178,4488.61770506172
1776353763,90,,Aggregated,127.600000,0.000000,900,1400,1500,1600,1800,1900,2100,2400,3200,4000,4400,27475,160,900.0,995.6159057993797,47.16980200009857,4409.166147000178,4488.707006369426
1776353764,90,,Aggregated,138.900000,0.000000,890,1400,1500,1600,1800,1900,2100,2400,3200,4000,4400,27573,160,890.0,994.3064407548308,47.16980200009857,4409.166147000178,4488.800456968774
1776353765,90,,Aggregated,138.600000,0.000000,890,1400,1500,1600,1800,1900,2100,2400,3200,4000,4400,27669,160,890.0,993.2449920998939,47.16980200009857,4409.166147000178,4488.891358560121
1776353766,90,,Aggregated,136.100000,0.000000,890,1400,1500,1600,1800,1900,2100,2400,3200,4000,4400,27785,160,890.0,991.159558621054,47.16980200009857,4409.166147000178,4489.000359906424
1776353767,90,,Aggregated,138.000000,0.000000,880,1400,1500,1600,1800,1900,2100,2400,3200,4000,4400,27909,160,880.0,988.7733925138127,47.16980200009857,4409.166147000178,4489.115876598947
1776353768,90,,Aggregated,138.500000,0.000000,880,1400,1500,1600,1800,1900,2100,2400,3100,4000,4400,28024,160,880.0,986.7481185695832,47.16980200009857,4409.166147000178,4489.222095346846
1776353769,90,,Aggregated,139.500000,0.000000,870,1400,1500,1600,1800,1900,2100,2400,3100,4000,4400,28161,160,870.0,984.0077574536414,47.16980200009857,4409.166147000178,4489.34750186428
1776353770,90,,Aggregated,138.500000,0.000000,870,1400,1500,1600,1800,1900,2100,2400,3100,4000,4400,28303,160,870.0,980.721518738014,47.16980200009857,4409.166147000178,4489.476203935978
1776353771,125,,Aggregated,139.200000,0.000000,860,1400,1500,1600,1800,1900,2100,2400,3100,4000,4400,28479,160,860.0,977.3277543892342,47.16980200009857,4409.166147000178,4489.633940798483
1776353772,125,,Aggregated,140.200000,0.000000,860,1300,1500,1600,1800,1900,2100,2400,3100,4000,4400,28645,160,860.0,973.904710018712,47.16980200009857,4409.166147000178,4489.780939081864
1776353773,125,,Aggregated,135.800000,0.000000,860,1300,1500,1600,1800,1900,2100,2400,3100,4000,4400,28822,160,860.0,970.5578926893002,47.16980200009857,4409.166147000178,4489.935812920686
1776353774,125,,Aggregated,128.300000,0.000000,850,1300,1500,1600,1800,1900,2100,2400,3100,4000,4400,28997,160,850.0,967.1976091218406,47.16980200009857,4409.166147000178,4490.087077973583
1776353775,125,,Aggregated,134.700000,0.000000,850,1300,1500,1600,1800,1900,2100,2400,3100,4000,4400,29183,160,850.0,963.6684164871334,47.16980200009857,4409.166147000178,4490.245862317102
1776353776,125,,Aggregated,144.100000,0.000000,840,1300,1500,1600,1800,1900,2100,2400,3100,4000,4400,29379,160,840.0,959.7038957449546,47.16980200009857,4409.166147000178,4490.411007862759
1776353777,125,,Aggregated,149.500000,0.000000,840,1300,1500,1600,1800,1900,2100,2400,3100,4000,4400,29543,160,840.0,956.4153498352234,47.16980200009857,4409.166147000178,4490.547507023661
1776353778,125,,Aggregated,156.800000,0.000000,830,1300,1500,1600,1800,1900,2100,2400,3100,4000,4400,29729,160,830.0,953.0630139599718,47.16980200009857,4409.166147000178,4490.700494466682
1776353779,125,,Aggregated,161.600000,0.000000,820,1300,1500,1600,1800,1900,2100,2400,3100,4000,4400,29910,160,820.0,949.7139342584752,47.16980200009857,4409.166147000178,4490.847542627884
1776353780,125,,Aggregated,167.600000,0.000000,820,1300,1500,1600,1800,1900,2100,2400,3100,4000,4400,30074,160,820.0,946.6928638170181,47.16980200009857,4409.166147000178,4490.979251180422
1776353781,125,,Aggregated,173.000000,0.000000,810,1300,1500,1600,1800,1900,2100,2400,3100,4000,4400,30258,160,810.0,943.6422070003968,47.16980200009857,4409.166147000178,4491.125322228832
1776353782,125,,Aggregated,176.400000,0.000000,810,1300,1500,1600,1800,1900,2100,2400,3100,4000,4400,30440,160,810.0,940.2982783289754,47.16980200009857,4409.166147000178,4491.268068331143
1776353783,125,,Aggregated,177.100000,0.000000,800,1300,1500,1600,1800,1900,2100,2400,3100,4000,4400,30627,160,800.0,936.9694112779902,47.16980200009857,4409.166147000178,4491.412968948966
1776353784,125,,Aggregated,178.600000,0.000000,790,1300,1500,1600,1800,1900,2100,2400,3100,4000,4400,30808,160,790.0,933.6265521738513,47.16980200009857,4409.166147000178,4491.551545053233
1776353785,125,,Aggregated,178.900000,0.000000,790,1300,1500,1600,1800,1900,2100,2400,3100,4000,4400,30995,160,790.0,930.18669508453,47.16980200009857,4409.166147000178,4491.69301500242
1776353786,125,,Aggregated,180.900000,0.000000,780,1300,1500,1600,1700,1900,2100,2300,3100,4000,4400,31187,160,780.0,926.8789009056333,47.16980200009857,4409.166147000178,4491.8365023888155
1776353787,125,,Aggregated,181.000000,0.000000,770,1200,1500,1600,1700,1900,2100,2300,3100,4000,4400,31351,160,770.0,924.0061279159194,47.16980200009857,4409.166147000178,4491.957672801505
1776353788,125,,Aggregated,179.600000,0.000000,770,1200,1500,1600,1700,1900,2100,2300,3100,4000,4400,31529,160,770.0,921.1676649823654,47.16980200009857,4409.166147000178,4492.087760474484
1776353789,125,,Aggregated,180.000000,0.000000,760,1200,1500,1500,1700,1900,2100,2300,3100,4000,4400,31725,160,760.0,917.7893731713796,47.16980200009857,4409.166147000178,4492.229314420803
1776353790,125,,Aggregated,180.700000,0.000000,750,1200,1500,1500,1700,1900,2100,2300,3100,4000,4400,31901,160,750.0,914.8208455547159,47.16980200009857,4409.166147000178,4492.354941851353
1776353791,125,,Aggregated,181.300000,0.000000,740,1200,1500,1500,1700,1900,2100,2300,3100,4000,4400,32072,160,740.0,912.2036400404397,47.16980200009857,4409.166147000178,4492.475679720628
1776353794,125,,Aggregated,178.700000,0.000000,740,1200,1500,1500,1700,1900,2100,2300,3100,4000,4400,32229,160,740.0,910.0203342145578,47.16980200009857,4409.166147000178,4492.585404449409
1776353790,125,,Aggregated,180.700000,0.000000,730,1200,1400,1500,1700,1900,2100,2300,3100,4000,4400,32399,160,730.0,907.7564554943045,47.16980200009857,4409.166147000178,4492.7030155251705
1776353791,125,,Aggregated,181.300000,0.000000,730,1200,1400,1500,1700,1900,2100,2300,3100,4000,4400,32568,160,730.0,905.342881129144,47.16980200009857,4409.166147000178,4492.818717759764
1776353792,125,,Aggregated,182.400000,0.000000,720,1200,1400,1500,1700,1900,2100,2300,3100,4000,4400,32751,160,720.0,902.3779743524459,47.16980200009857,4409.166147000178,4492.9426582394435
1776353793,165,,Aggregated,198.800000,0.000000,710,1200,1400,1500,1700,1900,2100,2300,3100,4000,4400,32977,165,710.0,898.9621202996013,47.16980200009857,4409.166147000178,4492.409254935258
1776353794,167,,Aggregated,215.000000,0.000000,700,1200,1400,1500,1700,1900,2100,2300,3100,4000,4400,33235,165,700.0,895.1488443776127,47.16980200009857,4409.166147000178,4492.584624642696
1776353795,167,,Aggregated,218.500000,0.000000,690,1200,1400,1500,1700,1900,2100,2300,3100,4000,4400,33484,165,690.0,891.2034309492882,47.16980200009857,4409.166147000178,4492.751314060447
1776353796,167,,Aggregated,220.700000,0.500000,680,1100,1400,1500,1700,1900,2100,2300,3100,4000,4400,33723,165,680.0,887.5567608771449,47.16980200009857,4409.166147000178,4492.908993861756
1776353797,167,,Aggregated,230.800000,0.500000,670,1100,1400,1500,1700,1900,2100,2300,3100,4000,4400,33971,165,670.0,883.8889226181428,47.16980200009857,4409.166147000178,4493.070265814959
1776353798,167,,Aggregated,240.000000,0.500000,660,1100,1400,1500,1700,1900,2100,2300,3000,4000,4400,34227,165,660.0,880.1929745445681,47.16980200009857,4409.166147000178,4493.234288719432
1776353799,167,,Aggregated,246.400000,0.500000,650,1100,1400,1500,1700,1900,2100,2300,3000,4000,4400,34471,165,650.0,876.5009660572348,47.16980200009857,4409.166147000178,4493.3883554292015
1776353800,167,,Aggregated,252.900000,0.500000,640,1100,1400,1500,1700,1900,2100,2300,3000,4000,4400,34694,165,640.0,873.4610998934097,47.16980200009857,4409.166147000178,4493.527266962587
1776353801,167,,Aggregated,259.500000,0.500000,640,1100,1400,1500,1700,1900,2100,2300,3000,4000,4400,34918,165,640.0,870.7936380558444,47.16980200009857,4409.166147000178,4493.665015178418
1776353802,167,,Aggregated,263.600000,0.500000,640,1100,1400,1500,1700,1900,2100,2300,3000,4000,4400,35151,165,640.0,867.8722561731952,47.16980200009857,4409.166147000178,4493.806435094308
1776353803,167,,Aggregated,252.800000,0.500000,640,1100,1400,1500,1700,1900,2100,2300,3000,4000,4400,35360,165,640.0,865.4591648405549,47.16980200009857,4409.166147000178,4493.931702488688
1776353804,167,,Aggregated,241.800000,0.500000,640,1100,1400,1500,1700,1900,2100,2300,3000,4000,4400,35543,165,640.0,863.7137281228654,47.16980200009857,4409.166147000178,4494.040176687393
1776353805,167,,Aggregated,242.400000,0.500000,640,1000,1400,1500,1700,1900,2100,2300,3000,4000,4400,35739,165,640.0,862.0725080077502,47.16980200009857,4409.166147000178,4494.155124653739
1776353806,167,,Aggregated,241.200000,0.000000,640,1000,1400,1500,1700,1900,2100,2300,3000,4000,4400,35969,165,640.0,859.93090223017,47.16980200009857,4409.166147000178,4494.288415024049
1776353807,167,,Aggregated,231.800000,0.000000,640,1000,1400,1500,1700,1900,2000,2300,3000,4000,4400,36187,165,640.0,857.3756262517198,47.16980200009857,4409.166147000178,4494.413187056125
1776353808,167,,Aggregated,224.600000,0.000000,630,1000,1400,1500,1700,1900,2000,2300,3000,4000,4400,36429,165,630.0,854.498581688435,47.16980200009857,4409.166147000178,4494.549946471218
1776353809,167,,Aggregated,221.800000,0.000000,630,1000,1400,1500,1700,1900,2000,2300,3000,4000,4400,36640,165,630.0,851.925563353057,47.16980200009857,4409.166147000178,4494.667712882096
1776353810,167,,Aggregated,219.700000,0.000000,630,1000,1400,1500,1700,1900,2000,2300,3000,4000,4400,36853,165,630.0,850.1236260066754,47.16980200009857,4409.166147000178,4494.785227796923
1776353811,167,,Aggregated,219.200000,0.000000,630,1000,1400,1500,1700,1900,2000,2300,3000,4000,4400,37048,165,630.0,848.1598413298426,47.16980200009857,4409.166147000178,4494.891627078385
1776353812,167,,Aggregated,215.600000,0.000000,630,1000,1400,1500,1700,1900,2000,2300,3000,4000,4400,37250,165,630.0,846.6269220259062,47.16980200009857,4409.166147000178,4495.00067114094
1776353813,167,,Aggregated,214.500000,0.000000,630,1000,1400,1500,1700,1900,2000,2300,3000,4000,4400,37466,165,630.0,844.7683025950456,47.16980200009857,4409.166147000178,4495.115971814445
1776353814,167,,Aggregated,211.000000,0.000000,630,990,1400,1500,1700,1900,2000,2300,3000,4000,4400,37667,165,630.0,842.7781862176702,47.16980200009857,4409.166147000178,4495.222077680728
1776353815,167,,Aggregated,208.500000,0.000000,620,990,1400,1500,1700,1900,2000,2300,3000,4000,4400,37894,165,620.0,840.5484454630534,47.16980200009857,4409.166147000178,4495.340555233019
1776353816,167,,Aggregated,209.900000,0.000000,620,980,1400,1500,1700,1900,2000,2300,3000,4000,4400,38117,185,620.0,838.1684915555255,34.04482199994163,4409.166147000178,4493.086549308708
1776353817,167,,Aggregated,211.500000,0.000000,620,970,1400,1500,1700,1900,2000,2300,3000,4000,4400,38343,185,620.0,836.2523019679983,34.04482199994163,4409.166147000178,4493.215710820749
1776353818,207,,Aggregated,214.700000,0.000000,620,970,1400,1500,1700,1900,2000,2300,3000,4000,4400,38611,185,620.0,833.5025819247608,34.04482199994163,4409.166147000178,4493.366916163787
1776353819,247,,Aggregated,214.200000,2.000000,620,960,1300,1500,1700,1900,2000,2200,3000,4000,4400,38944,185,620.0,829.9735107646608,34.04482199994163,4409.166147000178,4493.55189502876
1776353820,287,,Aggregated,214.800000,2.000000,610,950,1300,1500,1700,1900,2000,2200,3000,4000,4400,39346,185,610.0,825.8116134472616,34.04482199994163,4409.166147000178,4493.771031362781
1776353821,287,,Aggregated,217.100000,2.000000,610,950,1300,1500,1700,1900,2000,2200,3000,4000,4400,39735,185,610.0,821.5171028818406,34.04482199994163,4409.166147000178,4493.978859947149
1776353820,287,,Aggregated,214.800000,2.000000,610,940,1300,1500,1700,1900,2000,2200,3000,3900,4400,40155,185,610.0,817.2345433803496,34.04482199994163,4409.166147000178,4494.198729921554
1776353821,287,,Aggregated,217.100000,2.000000,600,930,1300,1400,1700,1900,2000,2200,3000,3900,4400,40568,185,600.0,813.129281263555,34.04482199994163,4409.166147000178,4494.410495957405
1776353822,287,,Aggregated,237.400000,2.000000,600,930,1300,1400,1700,1900,2000,2200,3000,3900,4400,40930,185,600.0,809.4140761822844,34.04482199994163,4409.166147000178,4494.592597117029
1776353823,287,,Aggregated,296.100000,2.000000,590,930,1300,1400,1700,1800,2000,2200,3000,3900,4400,41291,185,590.0,806.6796389526744,34.04482199994163,4409.166147000178,4494.771015475528
1776353824,287,,Aggregated,355.000000,2.000000,590,920,1300,1400,1700,1800,2000,2200,3000,3900,4400,41670,185,590.0,803.437512380439,34.04482199994163,4409.166147000178,4494.955003599712
1776353825,287,,Aggregated,377.300000,2.000000,590,920,1300,1400,1700,1800,2000,2200,3000,3900,4400,42085,185,590.0,800.2632325908737,34.04482199994163,4409.166147000178,4495.1526672211
1776353826,287,,Aggregated,391.800000,2.000000,580,920,1300,1400,1700,1800,2000,2200,3000,3900,4400,42490,185,580.0,796.4465938247333,34.04482199994163,4409.166147000178,4495.341845140033
1776353827,287,,Aggregated,418.500000,2.000000,580,910,1300,1400,1700,1800,2000,2200,3000,3900,4400,42893,185,580.0,792.8265017004384,34.04482199994163,4409.166147000178,4495.526542792531
1776353828,287,,Aggregated,439.300000,2.000000,580,910,1300,1400,1700,1800,2000,2200,3000,3900,4400,43296,185,580.0,789.3187804826749,34.04482199994163,4409.166147000178,4495.70780210643
1776353829,287,,Aggregated,457.600000,0.000000,570,900,1200,1400,1700,1800,2000,2200,3000,3900,4400,43715,185,570.0,785.7730893257201,34.04482199994163,4409.166147000178,4495.8927141713375
1776353830,287,,Aggregated,474.900000,0.000000,570,900,1200,1400,1700,1800,2000,2200,3000,3900,4400,44132,185,570.0,781.9652580470838,34.04482199994163,4409.166147000178,4496.073257500227
1776353831,287,,Aggregated,487.900000,0.000000,570,890,1200,1400,1700,1800,2000,2200,3000,3900,4400,44463,185,570.0,779.7554906563632,34.04482199994163,4409.166147000178,4496.214155590041
1776353832,287,,Aggregated,489.500000,0.000000,570,890,1200,1400,1700,1800,2000,2200,3000,3900,4400,44818,185,570.0,777.7684504533421,34.04482199994163,4409.166147000178,4496.362956847695
1776353833,287,,Aggregated,446.500000,0.000000,560,890,1200,1400,1700,1800,2000,2200,2900,3900,4400,45154,185,560.0,776.100969225492,34.04482199994163,4409.166147000178,4496.501638835984
1776353834,287,,Aggregated,402.400000,0.000000,560,890,1200,1400,1700,1800,2000,2200,2900,3900,4400,45440,185,560.0,775.045748897797,34.04482199994163,4409.166147000178,4496.61806778169
1776353835,287,,Aggregated,397.000000,0.000000,560,890,1200,1400,1700,1800,2000,2200,2900,3900,4400,45794,185,560.0,773.6818151506931,34.04482199994163,4409.166147000178,4496.760165087129
1776353836,287,,Aggregated,390.400000,0.000000,560,880,1200,1400,1700,1800,2000,2200,2900,3900,4400,46172,185,560.0,771.1369366674359,34.04482199994163,4409.166147000178,4496.909490600364
1776353837,287,,Aggregated,373.500000,0.000000,560,880,1200,1400,1600,1800,2000,2200,2900,3900,4400,46549,185,560.0,768.5500448536347,34.04482199994163,4409.166147000178,4497.056005499581
1776353838,287,,Aggregated,368.300000,0.000000,560,880,1200,1400,1600,1800,2000,2200,2900,3900,4400,46848,185,560.0,767.7103501230974,34.04482199994163,4409.166147000178,4497.1705302254095
1776353839,287,,Aggregated,366.400000,0.000000,560,880,1100,1400,1600,1800,2000,2200,2900,3900,4400,47170,185,560.0,766.7284595976658,34.04482199994163,4409.166147000178,4497.292240831037
1776353840,287,,Aggregated,358.000000,0.000000,560,880,1100,1400,1600,1800,2000,2200,2900,3900,4400,47527,185,560.0,764.6302789799219,34.04482199994163,4409.166147000178,4497.425253014077
1776353841,327,,Aggregated,348.300000,0.000000,550,880,1100,1400,1600,1800,2000,2200,2900,3900,4400,47958,234,550.0,762.0729845029348,34.04482199994163,4409.166147000178,4492.970098836482
1776353842,367,,Aggregated,342.700000,0.000000,550,870,1100,1400,1600,1800,2000,2200,2900,3900,4400,48406,293,550.0,759.3158354694618,34.04482199994163,4409.166147000178,4487.670846589266
1776353843,407,,Aggregated,344.100000,3.100000,550,870,1100,1400,1600,1800,2000,2200,2900,3900,4400,48843,359,550.0,757.4552214962189,34.04482199994163,4409.166147000178,4481.814384865795
1776353844,432,,Aggregated,353.500000,8.500000,550,870,1100,1400,1600,1800,2000,2200,2900,3900,4400,49253,418,550.0,757.0811862828016,34.04482199994163,4409.166147000178,4476.682131037704
1776353845,432,,Aggregated,361.500000,14.800000,550,870,1100,1400,1600,1800,2000,2200,2900,3900,4400,49642,447,550.0,757.1112790381701,34.04482199994163,4409.166147000178,4474.344808831232
1776353846,432,,Aggregated,371.800000,20.600000,550,870,1100,1400,1600,1800,2000,2200,2900,3800,4400,50055,463,550.0,757.2318114794108,34.04482199994163,4409.166147000178,4473.237039256817
1776353847,432,,Aggregated,382.700000,25.000000,550,870,1100,1400,1600,1800,2000,2200,2900,3800,4400,50422,470,550.0,757.658303846751,34.04482199994163,4409.166147000178,4472.914204117251
1776353848,432,,Aggregated,384.900000,27.200000,560,870,1100,1400,1600,1800,2000,2200,2900,3800,4400,50789,470,560.0,758.6214580150212,34.04482199994163,4409.166147000178,4473.218314989466
1776353849,432,,Aggregated,385.800000,28.100000,560,870,1100,1300,1600,1800,2000,2200,2900,3800,4400,51309,470,560.0,758.1699259027633,34.04482199994163,4409.166147000178,4473.6417587557735
1776353850,432,,Aggregated,389.300000,28.500000,560,870,1100,1300,1600,1800,2000,2200,2900,3800,4400,51793,470,560.0,756.2140093511463,34.04482199994163,4409.166147000178,4474.028247060413
1776353851,432,,Aggregated,403.300000,28.500000,550,860,1100,1300,1600,1800,2000,2200,2900,3800,4400,52298,470,550.0,754.3134335151814,34.04482199994163,4409.166147000178,4474.4238785422
1776353850,432,,Aggregated,389.300000,28.500000,550,860,1100,1300,1600,1800,2000,2200,2900,3800,4400,52796,470,550.0,752.6584699020744,34.04482199994163,4409.166147000178,4474.806614137435
1776353851,432,,Aggregated,403.300000,28.500000,550,860,1100,1300,1600,1800,2000,2200,2800,3800,4400,53323,470,550.0,750.2198437809193,34.04482199994163,4409.166147000178,4475.203851996324
1776353852,432,,Aggregated,424.700000,28.500000,550,850,1100,1300,1600,1800,2000,2200,2800,3800,4400,53832,470,550.0,748.5106410260059,34.04482199994163,4409.166147000178,4475.580138207757
1776353853,432,,Aggregated,487.000000,25.400000,550,850,1100,1300,1600,1800,2000,2100,2800,3800,4400,54318,470,550.0,746.8854782757093,34.04482199994163,4409.166147000178,4475.93283994256
1776353854,432,,Aggregated,547.600000,20.000000,540,850,1100,1300,1600,1800,2000,2100,2800,3800,4400,54860,470,540.0,744.9095984115202,34.04482199994163,4409.166147000178,4476.318811520233
1776353855,432,,Aggregated,554.300000,13.700000,540,840,1100,1300,1600,1800,2000,2100,2800,3800,4400,55375,470,540.0,742.7023984366415,34.04482199994163,4409.166147000178,4476.67855530474
1776353856,432,,Aggregated,568.500000,7.900000,540,840,1100,1300,1600,1800,2000,2100,2800,3800,4400,55895,470,540.0,740.9082767617859,34.04482199994163,4409.166147000178,4477.035065748278
1776353857,432,,Aggregated,588.200000,3.500000,540,830,1100,1300,1600,1800,2000,2100,2800,3800,4400,56436,470,540.0,738.5536477439049,34.04482199994163,4409.166147000178,4477.399000637891
1776353858,432,,Aggregated,600.200000,1.300000,530,830,1100,1300,1600,1800,2000,2100,2800,3800,4400,56955,470,530.0,736.661255821684,34.04482199994163,4409.166147000178,4477.74163813537
1776353859,432,,Aggregated,615.500000,0.400000,530,830,1000,1300,1600,1800,2000,2100,2800,3800,4400,57517,470,530.0,734.5999211482514,34.04482199994163,4409.166147000178,4478.105690491507
1776353860,432,,Aggregated,633.200000,0.000000,530,820,1000,1300,1600,1800,2000,2100,2800,3800,4400,58019,470,530.0,732.5515961777344,34.04482199994163,4409.166147000178,4478.424912528654
1776353861,432,,Aggregated,643.400000,0.000000,530,820,1000,1300,1600,1800,2000,2100,2800,3800,4400,58558,470,530.0,730.691527201407,34.04482199994163,4409.166147000178,4478.761569725742
1776353862,432,,Aggregated,636.300000,0.000000,530,810,1000,1300,1600,1800,2000,2100,2700,3800,4400,59085,470,530.0,728.5121417876607,34.04482199994163,4409.166147000178,4479.084793094694
1776353863,432,,Aggregated,589.700000,0.000000,520,810,1000,1300,1600,1800,2000,2100,2700,3800,4400,59632,470,520.0,726.3763236891746,34.04482199994163,4409.166147000178,4479.414240676147
1776353864,472,,Aggregated,538.700000,0.000000,520,810,1000,1200,1600,1800,2000,2100,2700,3700,4400,60158,470,520.0,724.6983354905892,34.04482199994163,4409.166147000178,4479.725389806842
1776353865,486,,Aggregated,541.000000,0.000000,520,800,1000,1200,1600,1800,2000,2100,2700,3700,4400,60780,470,520.0,723.039719704588,34.04482199994163,4409.166147000178,4480.086377097729
1776353866,486,,Aggregated,540.200000,0.000000,520,800,1000,1200,1600,1800,1900,2100,2700,3700,4400,61381,470,520.0,720.8703116601679,34.04482199994163,4409.166147000178,4480.428226975774
1776353867,486,,Aggregated,539.800000,0.000000,520,790,1000,1200,1600,1800,1900,2100,2700,3700,4400,62014,470,520.0,718.5330791009604,34.04482199994163,4409.166147000178,4480.781113942013
1776353868,486,,Aggregated,545.100000,0.000000,520,790,1000,1200,1600,1800,1900,2100,2700,3700,4400,62662,470,520.0,715.6978621634302,34.04482199994163,4409.166147000178,4481.13497813667
1776353869,486,,Aggregated,553.000000,0.000000,510,780,1000,1200,1600,1700,1900,2100,2700,3700,4400,63335,470,510.0,712.9835644146201,34.04482199994163,4409.166147000178,4481.494829083445
1776353870,486,,Aggregated,564.500000,0.000000,510,780,1000,1200,1600,1700,1900,2100,2700,3700,4400,63976,470,510.0,710.2959287204734,34.04482199994163,4409.166147000178,4481.830530198825
1776353871,486,,Aggregated,576.900000,0.000000,510,770,1000,1200,1600,1700,1900,2100,2700,3700,4400,64616,470,510.0,707.8194360807544,34.04482199994163,4409.166147000178,4482.159062770831
1776353872,486,,Aggregated,590.500000,0.000000,510,770,990,1200,1600,1700,1900,2100,2700,3700,4400,65257,470,510.0,705.3524205150258,34.04482199994163,4409.166147000178,4482.481649478217
1776353873,486,,Aggregated,599.100000,0.000000,510,760,990,1200,1600,1700,1900,2100,2700,3700,4400,65911,470,510.0,702.6751997441403,34.04482199994163,4409.166147000178,4482.804311875105
1776353874,486,,Aggregated,610.700000,0.000000,500,760,990,1200,1500,1700,1900,2100,2700,3700,4400,66536,470,500.0,700.5576324312407,34.04482199994163,4409.166147000178,4483.106739208849
1776353875,486,,Aggregated,621.300000,0.000000,500,750,980,1100,1500,1700,1900,2100,2700,3700,4400,67154,470,500.0,698.4378792998936,34.04482199994163,4409.166147000178,4483.40024421479
1776353876,486,,Aggregated,631.100000,0.000000,500,740,980,1100,1500,1700,1900,2100,2700,3700,4400,67731,470,500.0,696.8906787267442,34.04482199994163,4409.166147000178,4483.669442352837
1776353877,486,,Aggregated,632.000000,0.000000,500,740,980,1100,1500,1700,1900,2100,2700,3700,4400,68319,470,500.0,695.5872979051522,34.04482199994163,4409.166147000178,4483.939094541782
1776353878,486,,Aggregated,634.400000,0.000000,500,730,980,1100,1500,1700,1900,2100,2700,3700,4400,68932,470,500.0,694.1537071686167,34.04482199994163,4409.166147000178,4484.21531364243
1776353879,486,,Aggregated,630.000000,0.000000,500,730,970,1100,1500,1700,1900,2100,2700,3700,4400,69522,470,500.0,692.8125473031569,34.04482199994163,4409.166147000178,4484.476568568223
1776353880,486,,Aggregated,624.400000,0.000000,500,730,970,1100,1500,1700,1900,2100,2700,3600,4400,70098,470,500.0,691.4395702011481,34.04482199994163,4409.166147000178,4484.727381665668
1776353881,486,,Aggregated,612.600000,0.000000,490,720,970,1100,1500,1700,1900,2100,2700,3600,4400,70745,470,490.0,689.890735939925,34.04482199994163,4409.166147000178,4485.004240582373
1776353882,486,,Aggregated,608.600000,0.000000,490,720,970,1100,1500,1700,1900,2100,2700,3600,4400,71308,470,490.0,688.351089266577,34.04482199994163,4409.166147000178,4485.241066920963
1776353880,486,,Aggregated,624.400000,0.000000,490,720,960,1100,1500,1700,1900,2100,2700,3600,4400,71924,470,490.0,686.739634039613,34.04482199994163,4409.166147000178,4485.495940159057
1776353881,486,,Aggregated,612.600000,0.000000,490,710,960,1100,1500,1700,1900,2100,2700,3600,4400,72524,470,490.0,685.4214535297435,34.04482199994163,4409.166147000178,4485.740030886327
1776353882,486,,Aggregated,617.300000,0.000000,490,710,960,1100,1500,1700,1900,2100,2600,3600,4400,73008,470,490.0,684.3757917386607,34.04482199994163,4409.166147000178,4485.934007232084
1776353883,486,,Aggregated,674.300000,0.000000,490,710,960,1100,1500,1700,1900,2100,2600,3600,4400,73432,470,490.0,685.0854488671708,34.04482199994163,4409.166147000178,4486.101835711951
1776353884,486,,Aggregated,728.900000,0.000000,490,710,960,1100,1500,1700,1900,2100,2600,3600,4400,73928,470,490.0,685.6371359463812,34.04482199994163,4409.166147000178,4486.295720160156
1776353885,486,,Aggregated,730.600000,0.000000,500,710,960,1100,1500,1700,1900,2100,2600,3600,4400,74455,470,500.0,685.7045622144267,34.04482199994163,4409.166147000178,4486.498891948157
1776353886,480,,Aggregated,708.700000,0.000000,490,710,950,1100,1500,1700,1900,2100,2600,3600,4400,75073,470,490.0,684.3980114291837,34.04482199994163,4409.166147000178,4486.7335127142915
1776353887,480,,Aggregated,698.000000,0.000000,490,710,950,1100,1500,1700,1900,2000,2600,3600,4400,75684,470,490.0,682.942284680158,34.04482199994163,4409.166147000178,4486.961709211987
1776353888,480,,Aggregated,694.200000,0.000000,490,700,950,1100,1500,1700,1900,2000,2600,3600,4400,76294,470,490.0,681.17506624099,34.04482199994163,4409.166147000178,4487.185886177157
1776353889,480,,Aggregated,697.000000,0.000000,490,700,950,1100,1500,1700,1900,2000,2600,3600,4400,76798,470,490.0,680.5867917442396,34.04482199994163,4409.166147000178,4487.368421052632
1776353890,480,,Aggregated,701.200000,0.000000,490,700,950,1100,1500,1700,1900,2000,2600,3600,4400,77376,470,490.0,679.8457017755271,34.04482199994163,4409.166147000178,4487.574829404466
1776353891,480,,Aggregated,703.600000,0.000000,490,700,940,1100,1500,1700,1900,2000,2600,3600,4400,77977,470,490.0,678.7464872471515,34.04482199994163,4409.166147000178,4487.786206189005
1776353892,480,,Aggregated,686.200000,0.000000,490,690,940,1100,1500,1700,1900,2000,2600,3600,4400,78584,470,490.0,677.0240385913174,34.04482199994163,4409.166147000178,4487.996411483254
1776353893,480,,Aggregated,621.900000,0.000000,490,690,940,1100,1500,1700,1900,2000,2600,3600,4400,79188,470,490.0,675.8124418001346,34.04482199994163,4409.166147000178,4488.202379148356
1776353894,480,,Aggregated,565.100000,0.000000,490,690,940,1100,1500,1700,1900,2000,2600,3600,4400,79755,470,490.0,674.6417588112605,34.04482199994163,4409.166147000178,4488.392890727854
1776353895,480,,Aggregated,558.300000,0.000000,490,690,940,1100,1500,1700,1900,2000,2600,3600,4400,80273,470,490.0,674.0956966566598,34.04482199994163,4409.166147000178,4488.564585850784
1776353896,480,,Aggregated,576.100000,0.000000,490,690,930,1100,1500,1700,1900,2000,2600,3600,4400,80847,470,490.0,673.3431369963523,34.04482199994163,4409.166147000178,4488.752272811607
1776353897,480,,Aggregated,581.300000,0.000000,490,690,930,1100,1500,1700,1900,2000,2600,3600,4400,81461,470,490.0,672.2038884086874,34.04482199994163,4409.166147000178,4488.950111096107
1776353898,480,,Aggregated,578.100000,0.000000,490,680,930,1100,1500,1700,1900,2000,2600,3600,4400,82089,470,490.0,670.727296034499,34.04482199994163,4409.166147000178,4489.149398823229
1776353899,480,,Aggregated,574.800000,0.000000,490,680,930,1100,1500,1700,1900,2000,2600,3600,4400,82712,470,490.0,669.1711491613316,34.04482199994163,4409.166147000178,4489.344109681788
1776353900,480,,Aggregated,574.700000,0.000000,490,680,920,1100,1500,1700,1900,2000,2600,3600,4400,83339,470,490.0,667.7341619575234,34.04482199994163,4409.166147000178,4489.53713147506
1776353901,480,,Aggregated,577.700000,0.000000,490,680,920,1100,1500,1700,1900,2000,2600,3600,4400,83928,470,490.0,666.4686554244724,34.04482199994163,4409.166147000178,4489.715827852445
1776353902,480,,Aggregated,590.000000,0.000000,490,680,910,1000,1500,1700,1900,2000,2600,3600,4400,84548,470,490.0,665.2480466379469,34.04482199994163,4409.166147000178,4489.9012395325735
1776353903,480,,Aggregated,596.300000,0.000000,490,680,910,1000,1500,1700,1900,2000,2600,3600,4400,85156,470,490.0,663.8722333209297,34.04482199994163,4409.166147000178,4490.080440603128
1776353904,480,,Aggregated,591.700000,0.000000,490,670,900,1000,1500,1700,1900,2000,2600,3600,4400,85784,470,490.0,662.6096988827313,34.04482199994163,4409.166147000178,4490.26286953278
1776353905,480,,Aggregated,593.700000,0.000000,490,670,900,1000,1500,1700,1900,2000,2600,3600,4400,86451,470,490.0,660.9354472910358,34.04482199994163,4409.166147000178,4490.453725231634
1776353906,480,,Aggregated,596.000000,0.000000,480,670,890,1000,1500,1700,1900,2000,2600,3600,4400,87105,470,480.0,659.1007737240274,34.04482199994163,4409.166147000178,4490.6380230755985
1776353907,480,,Aggregated,601.600000,0.000000,480,660,890,1000,1500,1700,1900,2000,2600,3600,4400,87773,470,480.0,657.4493177213435,34.04482199994163,4409.166147000178,4490.823430895605
1776353908,480,,Aggregated,617.200000,0.000000,480,660,890,1000,1500,1700,1900,2000,2600,3600,4400,88391,470,480.0,656.1948580458244,34.04482199994163,4409.166147000178,4490.992465296241
1776353909,480,,Aggregated,625.400000,0.000000,480,660,890,1000,1400,1700,1900,2000,2600,3600,4400,88977,470,480.0,654.9889170865557,34.04482199994163,4409.166147000178,4491.150578239321
1776353910,480,,Aggregated,627.700000,0.000000,480,660,880,1000,1400,1700,1900,2000,2600,3600,4400,89586,470,480.0,654.1337396557095,34.04482199994163,4409.166147000178,4491.312705110174
1776353911,520,,Aggregated,628.500000,0.000000,480,650,880,1000,1400,1700,1900,2000,2600,3600,4400,90189,470,480.0,653.0759127880501,34.04482199994163,4409.166147000178,4491.471077404118
1776353910,555,,Aggregated,627.700000,0.000000,480,650,880,1000,1400,1700,1900,2000,2600,3600,4400,90819,470,480.0,652.3874566965112,34.04482199994163,4409.166147000178,4491.634294585935
1776353911,555,,Aggregated,628.500000,0.000000,480,660,880,1000,1400,1700,1900,2000,2600,3600,4400,91497,470,480.0,651.7539546967595,34.04482199994163,4409.166147000178,4491.807436309387
1776353912,555,,Aggregated,633.700000,0.000000,480,660,880,1000,1400,1700,1900,2000,2600,3600,4400,92130,470,480.0,651.0570125091655,34.04482199994163,4409.166147000178,4491.966786063172
1776353913,555,,Aggregated,693.100000,0.000000,480,660,880,1000,1400,1700,1900,2000,2600,3600,4400,92800,470,480.0,650.2386159063728,34.04482199994163,4409.166147000178,4492.133081896552
1776353914,555,,Aggregated,762.300000,0.000000,480,660,870,1000,1400,1700,1900,2000,2600,3600,4400,93476,470,480.0,649.2124720213785,34.04482199994163,4409.166147000178,4492.298450939278
1776353915,555,,Aggregated,776.600000,0.000000,480,660,870,1000,1400,1700,1900,2000,2600,3600,4400,94182,470,480.0,648.1868592291667,34.04482199994163,4409.166147000178,4492.468624577945
1776353916,555,,Aggregated,783.200000,0.000000,480,650,870,990,1400,1700,1900,2000,2600,3600,4400,94926,470,480.0,646.8494302144031,34.04482199994163,4409.166147000178,4492.645218380633
1776353917,555,,Aggregated,800.200000,0.000000,480,650,870,990,1400,1700,1900,2000,2600,3600,4400,95600,470,480.0,645.6568999945129,34.04482199994163,4409.166147000178,4492.802824267783
1776353918,555,,Aggregated,804.900000,0.000000,480,650,870,990,1400,1700,1900,2000,2600,3600,4400,96314,470,480.0,644.4836630140621,34.04482199994163,4409.166147000178,4492.967377535976
1776353919,555,,Aggregated,809.100000,0.000000,480,650,860,990,1400,1600,1900,2000,2600,3600,4400,97039,470,480.0,643.3001499414403,34.04482199994163,4409.166147000178,4493.1319881697045
1776353920,555,,Aggregated,815.000000,0.000000,480,650,860,990,1400,1600,1900,2000,2600,3600,4400,97745,470,480.0,642.1229351890977,34.04482199994163,4409.166147000178,4493.289938104251
1776353921,555,,Aggregated,825.700000,0.000000,480,640,860,980,1400,1600,1900,2000,2600,3600,4400,98475,470,480.0,640.7949116009671,34.04482199994163,4409.166147000178,4493.450875856816
1776353922,555,,Aggregated,826.200000,0.000000,480,640,860,980,1400,1600,1900,2000,2600,3600,4400,99210,470,480.0,639.5921837042263,34.04482199994163,4409.166147000178,4493.610523132748
1776353923,555,,Aggregated,778.700000,0.000000,480,640,850,980,1400,1600,1900,2000,2600,3600,4400,99909,470,480.0,638.3844930629806,34.04482199994163,4409.166147000178,4493.760171756298
1776353924,555,,Aggregated,721.700000,0.000000,480,630,850,980,1400,1600,1900,2000,2600,3500,4400,100633,470,480.0,637.0972254629435,34.04482199994163,4409.166147000178,4493.912980831337
1776353925,555,,Aggregated,718.200000,0.000000,480,630,850,980,1400,1600,1900,2000,2600,3500,4400,101324,470,480.0,635.8528515591107,34.04482199994163,4409.166147000178,4494.056788125222
1776353926,555,,Aggregated,721.400000,0.000000,470,630,850,970,1400,1600,1900,2000,2600,3500,4400,101993,470,470.0,634.9421679115258,34.04482199994163,4409.166147000178,4494.194160383556
1776353927,555,,Aggregated,713.200000,0.000000,470,630,840,970,1400,1600,1900,2000,2600,3500,4400,102733,470,470.0,634.159587583982,34.04482199994163,4409.166147000178,4494.344027722348
1776353928,555,,Aggregated,707.500000,0.000000,470,630,840,970,1400,1600,1900,2000,2600,3500,4400,103426,470,470.0,633.3002714787499,34.04482199994163,4409.166147000178,4494.482431883665
1776353929,555,,Aggregated,710.400000,0.000000,470,620,840,970,1400,1600,1900,2000,2600,3500,4400,104115,470,470.0,632.215635504415,34.04482199994163,4409.166147000178,4494.618210632474
1776353930,555,,Aggregated,708.200000,0.000000,470,620,830,970,1400,1600,1900,2000,2600,3500,4400,104794,470,470.0,631.4136788535244,34.04482199994163,4409.166147000178,4494.750271962135
1776353931,555,,Aggregated,706.500000,0.000000,470,620,830,970,1400,1600,1900,2000,2600,3500,4400,105446,470,470.0,630.8495073423668,34.04482199994163,4409.166147000178,4494.875481289001
1776353932,555,,Aggregated,705.700000,0.000000,470,620,830,970,1400,1600,1900,2000,2600,3500,4400,106125,470,470.0,630.184841219988,34.04482199994163,4409.166147000178,4495.004240282686
1776353933,555,,Aggregated,696.000000,0.000000,470,620,830,960,1400,1600,1900,2000,2600,3500,4400,106847,470,470.0,629.5509318313681,34.04482199994163,4409.166147000178,4495.139358147631
1776353934,579,,Aggregated,692.700000,0.000000,470,620,820,960,1400,1600,1900,2000,2600,3500,4400,107569,470,470.0,628.5481469197559,34.04482199994163,4409.166147000178,4495.272662198217
1776353935,579,,Aggregated,684.800000,0.000000,470,610,820,960,1400,1600,1900,2000,2600,3500,4400,108300,470,470.0,627.631163130445,34.04482199994163,4409.166147000178,4495.4058171745155
1776353936,579,,Aggregated,689.500000,0.000000,470,610,820,960,1400,1600,1900,2000,2600,3500,4400,109005,470,470.0,626.8272514057996,34.04482199994163,4409.166147000178,4495.532544378698
1776353937,579,,Aggregated,690.600000,0.000000,470,610,820,960,1400,1600,1900,2000,2600,3500,4400,109709,470,470.0,626.3301697097066,34.04482199994163,4409.166147000178,4495.657466570655
1776353938,579,,Aggregated,695.300000,0.000000,470,610,810,960,1400,1600,1900,2000,2600,3400,4400,110400,470,470.0,625.2699006227843,34.04482199994163,4409.166147000178,4495.778532608696
1776353939,579,,Aggregated,692.600000,0.000000,470,610,810,950,1400,1600,1900,2000,2600,3400,4400,111175,470,470.0,624.5509753013489,34.04482199994163,4409.166147000178,4495.912525297954
1776353940,579,,Aggregated,696.300000,0.000000,470,610,810,950,1400,1600,1800,2000,2600,3400,4400,111947,470,470.0,623.477856162823,34.04482199994163,4409.166147000178,4496.044154823265
1776353941,579,,Aggregated,696.400000,0.000000,470,610,800,950,1400,1600,1800,2000,2600,3400,4400,112707,470,470.0,622.2264004007957,34.04482199994163,4409.166147000178,4496.171976895845
1776353940,579,,Aggregated,696.300000,0.000000,460,610,800,950,1400,1600,1800,2000,2600,3400,4400,113374,470,460.0,621.6577294390643,34.04482199994163,4409.166147000178,4496.282745603048
1776353941,579,,Aggregated,696.400000,0.000000,470,610,800,950,1400,1600,1800,2000,2600,3400,4400,114025,470,470.0,621.3604260196764,34.04482199994163,4409.166147000178,4496.389607542205
1776353942,579,,Aggregated,711.100000,0.000000,470,610,800,950,1400,1600,1800,2000,2600,3400,4400,114591,470,470.0,621.1974248591287,34.04482199994163,4409.166147000178,4496.481529963086
1776353943,579,,Aggregated,790.500000,0.000000,470,610,800,950,1400,1600,1800,2000,2600,3400,4400,115026,470,470.0,621.725220107398,34.04482199994163,4409.166147000178,4496.55156225549
1776353944,579,,Aggregated,850.000000,0.000000,470,610,800,950,1400,1600,1900,2000,2600,3400,4400,115514,470,470.0,623.1718769907496,34.04482199994163,4409.166147000178,4496.6294994546115
1776353945,579,,Aggregated,856.100000,0.000000,470,610,810,950,1400,1600,1900,2000,2700,3400,4400,116085,470,470.0,624.2149139464736,34.04482199994163,4409.166147000178,4496.719860447086
1776353946,579,,Aggregated,827.400000,0.000000,470,610,810,950,1400,1600,1900,2000,2900,3400,4400,116751,470,470.0,624.4720101872659,34.04482199994163,4409.166147000178,4496.824138551276
1776353947,579,,Aggregated,813.400000,0.000000,470,610,800,950,1400,1600,1900,2000,2900,3400,4400,117419,470,470.0,624.2374387218626,34.04482199994163,4409.166147000178,4496.927541539274
1776353948,579,,Aggregated,806.000000,0.000000,470,610,800,950,1400,1600,1900,2000,2900,3400,4400,118127,470,470.0,624.0745404710824,34.04482199994163,4409.166147000178,4497.035859710311
1776353949,579,,Aggregated,802.400000,0.000000,470,610,800,950,1400,1600,1900,2000,2900,3400,4400,118832,470,470.0,623.5180973085402,34.04482199994163,4409.166147000178,4497.142436380773
1776353950,579,,Aggregated,799.400000,0.000000,470,610,800,940,1400,1600,1900,2000,2900,3400,4400,119575,470,470.0,622.7325043494927,34.04482199994163,4409.166147000178,4497.2533974493
1776353951,579,,Aggregated,798.800000,0.000000,460,610,790,940,1400,1600,1900,2000,2900,3400,4400,120309,470,460.0,621.8699229597994,34.04482199994163,4409.166147000178,4497.36166870309
1776353952,579,,Aggregated,789.400000,0.000000,460,610,790,940,1400,1600,1900,2000,2800,3400,4400,121065,470,460.0,620.9838147256559,34.04482199994163,4409.166147000178,4497.471812662619
1776353953,579,,Aggregated,719.900000,0.000000,460,600,790,940,1400,1600,1900,2000,2800,3400,4400,121806,470,460.0,619.969560313741,34.04482199994163,4409.166147000178,4497.578444411605
1776353954,579,,Aggregated,669.600000,0.000000,460,600,780,940,1400,1600,1900,2000,2800,3400,4400,122557,470,460.0,619.3360314984513,34.04482199994163,4409.166147000178,4497.685199539806
1776353955,579,,Aggregated,673.700000,0.000000,460,600,780,930,1400,1600,1900,2000,2800,3400,4400,123318,470,460.0,618.3958535194579,34.04482199994163,4409.166147000178,4497.79204982241
1776353956,600,,Aggregated,699.200000,0.000000,460,600,780,930,1400,1600,1900,2000,2800,3400,4400,124024,470,460.0,617.6563284277919,34.04482199994163,4409.166147000178,4497.890005160291
1776353957,600,,Aggregated,717.500000,0.000000,460,600,780,930,1400,1600,1900,2000,2800,3400,4400,124772,470,460.0,616.9531727318661,34.04482199994163,4409.166147000178,4497.992578463117
1776353958,600,,Aggregated,723.500000,0.000000,460,600,770,930,1400,1600,1800,2000,2800,3400,4400,125569,470,460.0,616.2421900074264,34.04482199994163,4409.166147000178,4498.100526403809
1776353959,600,,Aggregated,731.600000,0.000000,460,600,770,930,1400,1600,1800,2000,2800,3400,4400,126336,470,460.0,615.4020227854811,34.04482199994163,4409.166147000178,4498.203125
1776353960,600,,Aggregated,739.200000,0.000000,460,600,770,920,1400,1600,1800,2000,2800,3400,4400,127056,470,460.0,614.804855602692,34.04482199994163,4409.166147000178,4498.298309406876
1776353961,600,,Aggregated,746.100000,0.000000,460,600,770,920,1400,1600,1800,2000,2800,3400,4400,127771,470,460.0,614.3955108287765,34.04482199994163,4409.166147000178,4498.391771215691
1776353962,600,,Aggregated,744.500000,0.000000,460,600,770,920,1400,1600,1800,2000,2800,3400,4400,128435,470,460.0,614.1118996045279,34.04482199994163,4409.166147000178,4498.47763460116
1776353963,600,,Aggregated,742.100000,0.000000,460,600,760,920,1400,1600,1800,2000,2800,3400,4400,129132,470,460.0,613.7852461643022,34.04482199994163,4409.166147000178,4498.566815351733
1776353964,600,,Aggregated,733.600000,0.000000,460,600,770,920,1400,1600,1800,2000,2800,3400,4400,129779,470,460.0,613.8922615940469,34.04482199994163,4409.166147000178,4498.648741321786
1776353965,600,,Aggregated,727.000000,0.000000,460,600,770,920,1400,1600,1800,2000,2800,3400,4400,130399,470,460.0,614.2291020524834,34.04482199994163,4409.166147000178,4498.726485632558
1776353966,600,,Aggregated,719.400000,0.000000,460,600,770,920,1400,1600,1800,2000,2800,3400,4400,131095,470,460.0,614.0870585468846,34.04482199994163,4409.166147000178,4498.812883786567
1776353967,600,,Aggregated,704.200000,0.000000,460,600,770,920,1400,1600,1800,2000,2800,3400,4400,131817,470,460.0,613.6857536325958,34.04482199994163,4409.166147000178,4498.901545324199
1776353968,600,,Aggregated,704.200000,0.000000,460,600,770,920,1400,1600,1800,2000,2800,3400,4400,132525,470,460.0,613.2042509542852,34.04482199994163,4409.166147000178,4498.987549518959
1776353969,600,,Aggregated,701.000000,0.000000,460,600,770,920,1400,1600,1800,2000,2800,3400,4400,133173,470,460.0,613.2631768351438,34.04482199994163,4409.166147000178,4499.065463720123
1776353970,600,,Aggregated,696.100000,0.000000,460,600,770,920,1400,1600,1800,2000,2800,3400,4400,133880,470,460.0,613.1410962592222,34.04482199994163,4409.166147000178,4499.149611592471
1776353971,600,,Aggregated,683.300000,0.000000,460,600,770,920,1300,1600,1800,2000,2800,3400,4400,134597,470,460.0,612.7993427776762,34.04482199994163,4409.166147000178,4499.2340468212515
1776353974,600,,Aggregated,687.600000,0.000000,460,600,770,920,1300,1600,1800,2000,2800,3400,4400,135315,470,460.0,612.3840997470628,34.04482199994163,4409.166147000178,4499.317703137124
1776353970,600,,Aggregated,696.100000,0.000000,460,600,770,920,1300,1600,1800,2000,2800,3400,4400,135999,470,460.0,612.0601810969757,34.04482199994163,4409.166147000178,4499.396576445415
1776353971,600,,Aggregated,683.300000,0.000000,460,600,770,920,1300,1600,1800,2000,2800,3400,4400,136686,470,460.0,611.6982213282521,34.04482199994163,4409.166147000178,4499.475001097406
1776353972,600,,Aggregated,690.300000,0.000000,460,600,770,910,1300,1600,1800,2000,2800,3400,4400,137412,470,460.0,611.4352108576003,34.04482199994163,4409.166147000178,4499.557025587285
1776353973,600,,Aggregated,755.900000,0.000000,460,600,770,910,1300,1600,1800,2000,2800,3400,4400,138123,470,460.0,611.0826101549104,34.04482199994163,4409.166147000178,4499.636519623814
1776353974,600,,Aggregated,832.400000,0.000000,460,600,760,910,1300,1600,1800,2000,2800,3400,4400,138848,470,460.0,610.7456670247443,34.04482199994163,4409.166147000178,4499.716740608435
1776353975,600,,Aggregated,845.600000,0.000000,460,600,760,910,1300,1600,1800,2000,2800,3400,4400,139623,470,460.0,610.1325117996149,34.04482199994163,4409.166147000178,4499.801572806772
1776353976,600,,Aggregated,849.600000,0.000000,460,600,760,910,1300,1600,1800,2000,2800,3400,4400,140399,470,460.0,609.3102765685272,34.04482199994163,4409.166147000178,4499.885576108092
1776353977,600,,Aggregated,877.600000,0.000000,460,600,760,910,1300,1600,1800,2000,2800,3400,4400,141094,470,460.0,608.8783171763567,34.04482199994163,4409.166147000178,4499.960026648901
1776353978,587,,Aggregated,885.800000,0.000000,460,600,760,910,1300,1600,1800,2000,2800,3400,4400,141817,470,460.0,608.530598495342,34.04482199994163,4409.166147000178,4500.036702228929
1776353979,587,,Aggregated,888.500000,0.000000,460,600,760,910,1300,1600,1800,2000,2800,3400,4400,142546,470,460.0,607.9283521952699,34.04482199994163,4409.166147000178,4500.113226607551
1776353980,587,,Aggregated,886.700000,0.000000,460,600,760,900,1300,1600,1800,2000,2800,3400,4400,143321,470,460.0,607.2895245070712,34.04482199994163,4409.166147000178,4500.19372597177
1776353981,587,,Aggregated,896.700000,0.000000,460,600,760,900,1300,1600,1800,2000,2800,3400,4400,144120,470,460.0,606.3611071128374,34.04482199994163,4409.166147000178,4500.275811823481
1776353982,587,,Aggregated,888.800000,0.000000,460,600,750,900,1300,1600,1800,2000,2800,3400,4400,144880,470,460.0,605.5932525759124,34.04482199994163,4409.166147000178,4500.3530508006625
1776353983,587,,Aggregated,831.000000,0.000000,460,600,750,900,1300,1600,1800,2000,2800,3400,4400,145597,470,460.0,605.1104198021125,34.04482199994163,4409.166147000178,4500.425180463883
1776353984,587,,Aggregated,762.900000,0.000000,460,600,750,900,1300,1600,1800,2000,2800,3400,4400,146287,470,460.0,604.6690721601522,34.04482199994163,4409.166147000178,4500.4939263229135
1776353985,587,,Aggregated,757.700000,0.000000,460,600,750,900,1300,1600,1800,2000,2800,3400,4400,147047,470,460.0,604.342163761228,34.04482199994163,4409.166147000178,4500.568899739539
1776353986,587,,Aggregated,760.200000,0.000000,460,600,750,890,1300,1600,1800,2000,2800,3400,4400,147799,470,460.0,603.8094005319739,34.04482199994163,4409.166147000178,4500.642325049561
1776353987,587,,Aggregated,740.100000,0.000000,460,600,750,890,1300,1600,1800,2000,2800,3400,4400,148524,470,460.0,603.134418173024,34.04482199994163,4409.166147000178,4500.712410115537
1776353988,587,,Aggregated,736.100000,0.000000,460,600,750,890,1300,1600,1800,2000,2800,3400,4400,149263,470,460.0,602.5946776179645,34.04482199994163,4409.166147000178,4500.7831478665175
1776353989,587,,Aggregated,740.300000,0.000000,460,600,750,890,1300,1600,1800,2000,2800,3400,4400,149966,470,460.0,602.3933234963941,34.04482199994163,4409.166147000178,4500.849792619661
1776353990,587,,Aggregated,742.900000,0.000000,460,600,750,890,1300,1600,1800,2000,2800,3400,4400,150650,470,460.0,601.9304858109682,34.04482199994163,4409.166147000178,4500.914039163625
1776353991,587,,Aggregated,736.100000,0.000000,460,600,750,890,1300,1600,1800,2000,2800,3400,4400,151376,470,460.0,601.7965277627919,34.04482199994163,4409.166147000178,4500.981595497305
1776353992,587,,Aggregated,740.200000,0.000000,460,600,750,890,1300,1600,1800,2000,2700,3400,4400,152109,470,460.0,601.2255843184186,34.04482199994163,4409.166147000178,4501.049148965544
1776353993,587,,Aggregated,725.900000,0.000000,460,600,750,890,1300,1600,1800,2000,2700,3400,4400,152810,470,460.0,600.8812021389662,34.04482199994163,4409.166147000178,4501.11314704535
1776353994,587,,Aggregated,724.800000,0.000000,460,600,750,890,1300,1600,1800,2000,2700,3400,4400,153556,470,460.0,600.4918608335303,34.04482199994163,4409.166147000178,4501.180611633541
1776353995,587,,Aggregated,719.900000,0.000000,460,600,750,890,1300,1600,1800,2000,2700,3400,4400,154306,470,460.0,600.0232309288398,34.04482199994163,4409.166147000178,4501.247780384431
1776353996,587,,Aggregated,721.500000,0.000000,460,600,750,880,1300,1600,1800,2000,2700,3400,4400,154996,470,460.0,599.5629306970607,34.04482199994163,4409.166147000178,4501.30900152262
1776353997,587,,Aggregated,724.400000,0.000000,460,600,750,880,1300,1600,1800,2000,2700,3400,4400,155775,470,460.0,599.0398828800428,34.04482199994163,4409.166147000178,4501.377467501204
1776353998,587,,Aggregated,724.200000,0.000000,460,600,750,880,1300,1600,1800,2000,2700,3400,4400,156485,470,460.0,598.4982878871937,34.04482199994163,4409.166147000178,4501.4392753299035
1776353999,587,,Aggregated,717.200000,0.000000,460,600,750,880,1300,1600,1800,1900,2700,3400,4400,157226,470,460.0,598.1702033535765,34.04482199994163,4409.166147000178,4501.503186495872
1776354000,587,,Aggregated,721.200000,0.000000,460,600,750,880,1300,1600,1800,1900,2700,3400,4400,157934,470,460.0,597.7832188561321,34.04482199994163,4409.166147000178,4501.563691162131
1776354001,587,,Aggregated,721.900000,0.000000,460,600,750,880,1300,1600,1800,1900,2700,3400,4400,158686,470,460.0,597.286897854166,34.04482199994163,4409.166147000178,4501.627364732869
1776354000,587,,Aggregated,721.200000,0.000000,460,600,750,880,1300,1600,1800,1900,2700,3400,4400,159303,470,460.0,597.0067736922041,34.04482199994163,4409.166147000178,4501.679158584584
1776354001,593,,Aggregated,721.900000,0.000000,460,600,750,880,1300,1600,1800,1900,2700,3400,4400,159930,470,460.0,597.1832751828006,34.04482199994163,4409.166147000178,4501.731382479835
1776354002,593,,Aggregated,730.200000,0.000000,460,600,750,880,1300,1600,1800,1900,2700,3300,4400,160400,470,460.0,597.4863502332253,34.04482199994163,4409.166147000178,4501.770261845387
1776354003,593,,Aggregated,794.500000,0.000000,460,600,750,880,1300,1600,1800,2000,2700,3300,4400,160825,470,460.0,598.1887294554409,34.04482199994163,4409.166147000178,4501.805223068553
1776354004,593,,Aggregated,845.400000,0.000000,460,610,750,890,1300,1600,1800,2000,2800,3300,4400,161326,470,460.0,599.6976517060328,34.04482199994163,4409.166147000178,4501.846199620644
1776354005,593,,Aggregated,843.500000,0.000000,460,610,750,890,1300,1600,1800,2000,2800,3300,4400,161799,470,460.0,600.5656312877906,34.04482199994163,4409.166147000178,4501.8846531807985
1776354006,593,,Aggregated,815.900000,0.000000,460,610,750,890,1300,1600,1800,2000,2800,3300,4400,162305,470,460.0,601.3482532070925,34.04482199994163,4409.166147000178,4501.925541418934
1776354007,593,,Aggregated,800.000000,0.000000,460,610,760,890,1300,1600,1800,2000,2900,3300,4400,162812,470,460.0,602.3434981775861,34.04482199994163,4409.166147000178,4501.966255558558
1776354008,593,,Aggregated,769.300000,0.000000,460,610,760,890,1300,1600,1800,2000,2900,3300,4400,163343,470,460.0,603.1775021014743,34.04482199994163,4409.166147000178,4502.008626020092
1776354009,593,,Aggregated,748.900000,0.000000,460,610,760,890,1300,1600,1800,2000,2900,3300,4400,163849,470,460.0,603.9203687048633,34.04482199994163,4409.166147000178,4502.048746101594
1776354010,593,,Aggregated,724.700000,0.000000,460,610,760,900,1300,1600,1800,2000,2900,3300,4400,164310,470,460.0,604.8969557826011,34.04482199994163,4409.166147000178,4502.085083074676
1776354011,593,,Aggregated,708.800000,0.000000,460,610,760,900,1300,1600,1800,2000,2900,3300,4400,164958,470,460.0,605.7817553558442,34.04482199994163,4409.166147000178,4502.135816389627
1776354012,593,,Aggregated,667.300000,0.000000,460,610,760,900,1300,1600,1800,2000,2900,3300,4400,165592,470,460.0,605.7012575699079,34.04482199994163,4409.166147000178,4502.185069327021
1776354013,593,,Aggregated,597.500000,0.000000,460,610,760,900,1300,1600,1800,2000,2900,3300,4400,166244,470,460.0,606.0819476361763,34.04482199994163,4409.166147000178,4502.235328793821
1776354014,593,,Aggregated,537.700000,0.000000,460,610,760,900,1300,1600,1800,2000,2900,3300,4400,166852,470,460.0,606.2926327288342,34.04482199994163,4409.166147000178,4502.281842591039
1776354015,593,,Aggregated,528.600000,0.000000,460,610,760,900,1300,1600,1800,2000,2900,3300,4400,167543,470,460.0,606.2957554081662,34.04482199994163,4409.166147000178,4502.334296270211
1776354016,593,,Aggregated,546.700000,0.000000,460,610,760,900,1300,1600,1800,2000,2900,3300,4400,168195,470,460.0,606.1387049798997,34.04482199994163,4409.166147000178,4502.383394274503
1776354017,593,,Aggregated,558.700000,0.000000,460,610,760,900,1300,1600,1800,2000,2900,3300,4400,168847,470,460.0,606.2920562080893,34.04482199994163,4409.166147000178,4502.432113096472
1776354018,593,,Aggregated,581.000000,0.000000,460,610,760,900,1300,1600,1800,2000,2900,3300,4400,169523,470,460.0,606.3797152320052,34.04482199994163,4409.166147000178,4502.4822295499725
1776354019,593,,Aggregated,593.800000,0.000000,460,610,760,890,1300,1600,1800,2000,2900,3300,4400,170210,470,460.0,606.1459560775357,34.04482199994163,4409.166147000178,4502.532753657247
1776354020,593,,Aggregated,604.700000,0.000000,460,610,760,890,1300,1600,1800,2000,2900,3300,4400,170886,470,460.0,606.0222058276814,34.04482199994163,4409.166147000178,4502.582072258699
1776354021,593,,Aggregated,622.300000,0.000000,460,610,760,890,1300,1600,1800,2000,2900,3300,4400,171547,470,460.0,605.7830446303017,34.04482199994163,4409.166147000178,4502.629920663142
1776354022,593,,Aggregated,647.000000,0.000000,460,610,760,890,1300,1600,1800,2000,2900,3300,4400,172183,470,460.0,605.8024971292825,34.04482199994163,4409.166147000178,4502.675612574993
1776354023,593,,Aggregated,655.700000,0.000000,460,610,760,890,1300,1600,1800,2000,2900,3300,4400,172811,470,460.0,605.861259037951,34.04482199994163,4409.166147000178,4502.7203997430715
1776354024,593,,Aggregated,654.400000,0.000000,460,610,760,890,1300,1600,1800,2000,2900,3300,4400,173430,470,460.0,606.0542196249631,34.04482199994163,4409.166147000178,4502.764227642277
1776354025,593,,Aggregated,658.100000,0.000000,460,610,760,890,1300,1600,1800,2100,2900,3300,4400,174080,470,460.0,606.2684229473371,34.04482199994163,4409.166147000178,4502.809914981618
1776354026,574,,Aggregated,654.600000,0.000000,460,610,760,890,1300,1600,1800,2100,2900,3300,4400,174761,470,460.0,606.3769310989733,34.04482199994163,4409.166147000178,4502.857416700523
1776354027,574,,Aggregated,651.000000,0.000000,460,610,760,890,1300,1600,1900,2100,2900,3300,4400,175357,470,460.0,606.3097786111631,34.04482199994163,4409.166147000178,4502.898686679175
1776354028,574,,Aggregated,649.300000,0.000000,460,610,760,890,1300,1600,1900,2100,2900,3300,4400,175935,470,460.0,606.5075920366424,34.04482199994163,4409.166147000178,4502.938443175036
1776354029,574,,Aggregated,652.300000,0.000000,460,620,760,890,1300,1600,1900,2100,2900,3300,4400,176450,470,460.0,606.8582553404625,34.04482199994163,4409.166147000178,4502.973646925475
1776354030,574,,Aggregated,647.500000,0.000000,460,620,760,890,1300,1600,1900,2100,2900,3300,4400,177006,470,460.0,607.4639527612657,34.04482199994163,4409.166147000178,4503.011423341582
1776354031,574,,Aggregated,631.200000,0.000000,460,620,760,890,1300,1600,1900,2100,2900,3300,4400,177603,470,460.0,607.6557539188505,34.04482199994163,4409.166147000178,4503.051722099289
1776354030,574,,Aggregated,647.500000,0.000000,460,620,760,890,1300,1600,1900,2100,2900,3300,4400,178233,470,460.0,607.9451897723517,34.04482199994163,4409.166147000178,4503.093955664776
1776354031,574,,Aggregated,631.200000,0.000000,460,620,760,890,1300,1600,1900,2100,2900,3300,4400,178801,470,460.0,608.0371998859607,34.04482199994163,4409.166147000178,4503.131777786478
1776354032,574,,Aggregated,628.300000,0.000000,460,620,770,900,1300,1600,1900,2100,2900,3300,4400,179474,470,460.0,608.2720012424398,34.04482199994163,4409.166147000178,4503.176281801264
1776354033,574,,Aggregated,674.300000,0.000000,460,620,760,890,1300,1600,1900,2100,2900,3300,4400,180112,470,460.0,608.2162122925772,34.04482199994163,4409.166147000178,4503.218164253353
1776354034,574,,Aggregated,731.900000,0.000000,460,620,770,890,1300,1600,1900,2100,2900,3300,4400,180783,470,460.0,608.2736516912744,34.04482199994163,4409.166147000178,4503.261894094025
1776354035,574,,Aggregated,740.800000,0.000000,460,620,760,890,1300,1600,1900,2100,2900,3300,4400,181371,470,460.0,608.0760993623497,34.04482199994163,4409.166147000178,4503.299948723887
1776354036,574,,Aggregated,746.500000,0.000000,460,620,760,890,1300,1600,1900,2100,2900,3300,4400,182053,470,460.0,608.0727042182272,34.04482199994163,4409.166147000178,4503.343779009409
1776354037,574,,Aggregated,756.600000,0.000000,460,620,760,890,1300,1600,1900,2100,2900,3300,4400,182729,470,460.0,607.9746788703826,34.04482199994163,4409.166147000178,4503.38690082034
1776354038,574,,Aggregated,757.700000,0.000000,460,620,760,890,1300,1600,1900,2100,2900,3300,4400,183345,470,460.0,607.9858923598584,34.04482199994163,4409.166147000178,4503.42591835065
1776354039,574,,Aggregated,758.600000,0.000000,460,620,760,890,1300,1600,1900,2000,2900,3300,4400,184044,470,460.0,607.8291768470701,34.04482199994163,4409.166147000178,4503.469876768599
1776354040,574,,Aggregated,763.000000,0.000000,460,620,760,890,1300,1600,1900,2000,2900,3300,4400,184622,470,460.0,607.6699639322186,34.04482199994163,4409.166147000178,4503.505974369252
1776354041,574,,Aggregated,778.600000,0.000000,460,620,760,890,1300,1600,1900,2000,2900,3300,4400,185295,470,460.0,607.7947160160876,34.04482199994163,4409.166147000178,4503.5477212013275
1776354042,574,,Aggregated,774.300000,0.000000,460,620,770,890,1300,1600,1900,2000,2900,3300,4400,185948,470,460.0,607.7599888049563,34.04482199994163,4409.166147000178,4503.587938563469
1776354043,574,,Aggregated,725.000000,0.000000,460,620,770,890,1300,1600,1900,2000,2900,3300,4400,186594,470,460.0,607.5911820126488,34.04482199994163,4409.166147000178,4503.627447827905
1776354044,574,,Aggregated,666.900000,0.000000,460,620,770,890,1300,1600,1900,2000,2900,3300,4400,187268,470,460.0,607.4389899898223,34.04482199994163,4409.166147000178,4503.668379007626
1776354045,574,,Aggregated,659.900000,0.000000,460,620,770,890,1300,1600,1900,2000,2900,3300,4400,187911,470,460.0,607.325402617495,34.04482199994163,4409.166147000178,4503.707153918611
1776354046,574,,Aggregated,660.200000,0.000000,460,620,770,890,1300,1600,1900,2000,2900,3300,4400,188569,470,460.0,607.3662611828566,34.04482199994163,4409.166147000178,4503.746559614783
1776354047,574,,Aggregated,650.600000,0.000000,460,620,770,890,1300,1600,1900,2000,2900,3300,4400,189229,470,460.0,607.1392567875378,34.04482199994163,4409.166147000178,4503.785809786026
1776354048,574,,Aggregated,649.700000,0.000000,460,620,770,890,1300,1600,1900,2000,2900,3300,4400,189847,470,460.0,607.0394672416418,34.04482199994163,4409.166147000178,4503.822314811401
1776354049,534,,Aggregated,649.400000,0.000000,460,620,770,890,1300,1600,1800,2000,2900,3300,4400,190503,470,460.0,606.9644273011344,34.04482199994163,4409.166147000178,4503.860805341648
1776354050,494,,Aggregated,648.300000,0.000000,460,620,770,890,1300,1600,1800,2000,2900,3300,4400,191116,470,460.0,606.7253953851064,34.04482199994163,4409.166147000178,4503.896534042153
1776354051,492,,Aggregated,642.300000,0.000000,460,620,760,890,1300,1600,1800,2000,2900,3300,4400,191754,470,460.0,606.2876912354157,34.04482199994163,4409.166147000178,4503.933477267749
1776354052,492,,Aggregated,643.500000,0.000000,460,620,760,890,1300,1600,1800,2000,2900,3300,4400,192401,470,460.0,605.7481646855998,34.04482199994163,4409.166147000178,4503.970691420523
1776354053,492,,Aggregated,644.000000,0.000000,460,620,760,890,1300,1600,1800,2000,2900,3300,4400,193037,470,460.0,605.3766338704137,34.04482199994163,4409.166147000178,4504.007029740413
1776354054,492,,Aggregated,641.400000,0.000000,460,620,760,890,1300,1600,1800,2000,2900,3300,4400,193611,470,460.0,605.1690466431916,34.04482199994163,4409.166147000178,4504.039620682709
1776354055,492,,Aggregated,641.900000,0.000000,460,620,760,880,1300,1600,1800,2000,2900,3300,4400,194188,470,460.0,604.9288244821873,34.04482199994163,4409.166147000178,4504.072187776794
1776354056,492,,Aggregated,633.500000,0.000000,460,620,760,880,1300,1600,1800,2000,2900,3300,4400,194819,470,460.0,604.741955316803,34.04482199994163,4409.166147000178,4504.107581909362
1776354057,492,,Aggregated,626.300000,0.000000,460,620,760,880,1300,1600,1800,2000,2900,3300,4400,195448,470,460.0,604.3439689865509,34.04482199994163,4409.166147000178,4504.142636404568
1776354058,492,,Aggregated,622.500000,0.000000,460,620,760,880,1300,1600,1800,2000,2900,3300,4400,196076,470,460.0,603.9073811676321,34.04482199994163,4409.166147000178,4504.177410799894
1776354059,492,,Aggregated,620.100000,0.000000,460,620,760,880,1300,1600,1800,2000,2900,3300,4400,196699,470,460.0,603.6706088746083,34.04482199994163,4409.166147000178,4504.211688925719
1776354060,492,,Aggregated,619.600000,0.000000,460,610,760,880,1300,1600,1800,2000,2900,3300,4400,197335,470,460.0,603.2312708705997,34.04482199994163,4409.166147000178,4504.246459067069
1776354061,492,,Aggregated,618.000000,0.000000,460,610,760,880,1300,1600,1800,2000,2900,3300,4400,198011,470,460.0,602.7312811563994,34.04482199994163,4409.166147000178,4504.283171136957
1776354062,492,,Aggregated,621.100000,0.000000,460,610,760,880,1300,1600,1800,2000,2900,3300,4400,198626,470,460.0,602.3728507315899,34.04482199994163,4409.166147000178,4504.316353347497
1776354060,492,,Aggregated,619.600000,0.000000,460,610,750,880,1300,1600,1800,2000,2900,3300,4400,199220,470,460.0,601.9836756252677,34.04482199994163,4409.166147000178,4504.3482080112435
1776354061,492,,Aggregated,618.000000,0.000000,460,610,750,880,1300,1600,1800,2000,2900,3300,4400,199750,470,460.0,601.9107719268171,34.04482199994163,4409.166147000178,4504.376470588235
1776354062,492,,Aggregated,628.400000,0.000000,460,610,750,880,1300,1600,1800,2000,2900,3300,4400,200223,470,460.0,602.0569280286517,34.04482199994163,4409.166147000178,4504.401567252514
1776354063,492,,Aggregated,684.700000,0.000000,460,610,760,880,1300,1600,1800,2000,2900,3300,4400,200650,470,460.0,602.41192769939,34.04482199994163,4409.166147000178,4504.424121604785
1776354064,492,,Aggregated,738.600000,0.000000,460,610,760,880,1300,1600,1800,2000,2900,3300,4400,201133,470,460.0,602.9185580907888,34.04482199994163,4409.166147000178,4504.449518477823
1776354065,492,,Aggregated,742.600000,0.000000,460,610,760,880,1300,1600,1800,2000,2900,3300,4400,201609,470,460.0,603.3172195959195,34.04482199994163,4409.166147000178,4504.47442822493
1776354066,492,,Aggregated,725.300000,0.000000,460,620,760,880,1300,1600,1800,2000,2900,3300,4400,202112,470,460.0,603.5380738949226,34.04482199994163,4409.166147000178,4504.5006234167195
1776354067,492,,Aggregated,714.500000,0.000000,460,620,760,880,1300,1600,1800,2000,2900,3300,4400,202600,470,460.0,603.7044600135708,34.04482199994163,4409.166147000178,4504.525913129319
1776354068,492,,Aggregated,705.000000,0.000000,460,620,760,880,1300,1600,1800,2000,2900,3300,4400,203150,470,460.0,603.9116597559064,34.04482199994163,4409.166147000178,4504.554270243662
1776354069,492,,Aggregated,689.300000,0.000000,460,620,760,880,1300,1600,1800,2000,2900,3300,4400,203711,470,460.0,603.8994925931505,34.04482199994163,4409.166147000178,4504.583036753047
1776354070,492,,Aggregated,678.700000,0.000000,460,620,760,880,1300,1600,1800,2000,2900,3300,4400,204264,470,460.0,603.8571003585027,34.04482199994163,4409.166147000178,4504.611238397368
1776354071,452,,Aggregated,671.600000,0.000000,460,620,760,880,1300,1600,1800,2000,2900,3300,4400,204828,470,460.0,603.6975162662153,34.04482199994163,4409.166147000178,4504.639844161931
1776354072,450,,Aggregated,652.100000,0.000000,460,620,760,880,1300,1600,1800,2000,2900,3300,4400,205386,470,460.0,603.477067411714,34.04482199994163,4409.166147000178,4504.667991002308
1776354073,450,,Aggregated,586.700000,0.000000,460,620,760,880,1300,1600,1800,2000,2900,3300,4400,205914,470,460.0,603.2202731070121,34.04482199994163,4409.166147000178,4504.694484105014
1776354074,450,,Aggregated,528.500000,0.000000,460,620,760,880,1300,1600,1800,2000,2900,3300,4400,206389,470,460.0,603.2901668139249,34.04482199994163,4409.166147000178,4504.718202035961
1776354075,450,,Aggregated,515.000000,0.000000,460,620,760,880,1300,1600,1800,2000,2900,3300,4400,206934,470,460.0,603.3655614397837,34.04482199994163,4409.166147000178,4504.74528110412
1776354076,450,,Aggregated,525.700000,0.000000,460,620,760,880,1300,1600,1800,2000,2900,3300,4400,207523,470,460.0,602.9851189709688,34.04482199994163,4409.166147000178,4504.77438645355
1776354077,450,,Aggregated,524.600000,0.000000,460,610,760,880,1300,1600,1800,2000,2900,3300,4400,208071,470,460.0,602.7635492640412,34.04482199994163,4409.166147000178,4504.801317819398
1776354078,450,,Aggregated,528.600000,0.000000,460,610,760,880,1300,1600,1800,2000,2900,3300,4400,208590,470,460.0,602.5465869626694,34.04482199994163,4409.166147000178,4504.826693513592
1776354079,450,,Aggregated,538.300000,0.000000,460,610,760,880,1300,1600,1800,2000,2900,3300,4400,209152,470,460.0,602.3913486041226,34.04482199994163,4409.166147000178,4504.854029605263
1776354080,450,,Aggregated,542.100000,0.000000,460,610,760,880,1300,1600,1800,2000,2900,3300,4400,209655,470,460.0,602.2480989057715,34.04482199994163,4409.166147000178,4504.878371610503
1776354081,450,,Aggregated,539.600000,0.000000,460,620,760,880,1300,1600,1800,2000,2900,3300,4400,210102,470,460.0,602.356834962729,34.04482199994163,4409.166147000178,4504.8999057600595
1776354082,450,,Aggregated,541.600000,0.000000,460,620,760,880,1300,1600,1800,2000,2900,3300,4400,210616,470,460.0,602.4640067208396,34.04482199994163,4409.166147000178,4504.924554639723
1776354083,450,,Aggregated,534.200000,0.000000,460,620,760,880,1300,1600,1800,2000,2900,3300,4400,211107,470,460.0,602.4667506290378,34.04482199994163,4409.166147000178,4504.947988460828
1776354084,450,,Aggregated,521.000000,0.000000,460,620,760,880,1300,1600,1800,2000,2900,3300,4400,211692,470,460.0,602.3216275432904,34.04482199994163,4409.166147000178,4504.975766679893
1776354085,450,,Aggregated,518.200000,0.000000,460,620,760,880,1300,1600,1800,2000,2900,3300,4400,212341,470,460.0,601.8204834139102,34.04482199994163,4409.166147000178,4505.0064047922915
1776354086,450,,Aggregated,516.900000,0.000000,460,610,760,880,1300,1600,1800,2000,2900,3300,4400,212945,470,460.0,601.2377891307666,34.04482199994163,4409.166147000178,4505.034750757238
1776354087,450,,Aggregated,529.500000,0.000000,450,610,760,880,1300,1600,1800,2000,2900,3300,4400,213618,470,450.0,600.6406982349664,34.04482199994163,4409.166147000178,4505.066146111283
1776354088,450,,Aggregated,537.600000,0.000000,450,610,760,880,1300,1600,1800,2000,2900,3300,4400,214253,470,450.0,599.9978733765829,34.04482199994163,4409.166147000178,4505.095587926424
1776354089,450,,Aggregated,539.600000,0.000000,450,610,760,880,1300,1600,1800,2000,2900,3300,4400,214944,470,450.0,599.3070892400392,34.04482199994163,4409.166147000178,4505.127428539527
1776354090,450,,Aggregated,553.700000,0.000000,450,610,750,880,1300,1600,1800,2000,2900,3300,4400,215586,470,450.0,598.7359816065143,34.04482199994163,4409.166147000178,4505.156828365478
1776354091,450,,Aggregated,563.700000,0.000000,450,610,750,880,1300,1600,1800,2000,2900,3300,4400,216218,470,450.0,598.0763480249329,34.04482199994163,4409.166147000178,4505.185599718802
1776354090,450,,Aggregated,553.700000,0.000000,450,610,750,870,1300,1600,1800,2000,2900,3300,4400,216864,470,450.0,597.4998648403978,34.04482199994163,4409.166147000178,4505.214835104029
1776354091,450,,Aggregated,563.700000,0.000000,450,610,750,870,1300,1600,1800,2000,2900,3300,4400,217476,470,450.0,597.0780389188054,34.04482199994163,4409.166147000178,4505.242371572035
1776354092,450,,Aggregated,587.000000,0.000000,450,610,750,870,1300,1600,1800,2000,2900,3300,4400,218077,470,450.0,596.6196711284094,34.04482199994163,4409.166147000178,4505.269262691618
1776354093,450,,Aggregated,664.300000,0.000000,450,610,750,870,1300,1600,1800,2000,2900,3300,4400,218691,470,450.0,596.119380816262,34.04482199994163,4409.166147000178,4505.2965828497745
1776354095,450,,Aggregated,761.200000,0.000000,450,610,750,870,1300,1600,1800,2000,2900,3300,4400,218694,470,450.0,596.1458012708404,34.04482199994163,4409.166147000178,4505.296715959285
1776354096,0,,Aggregated,761.200000,0.000000,450,610,750,870,1300,1600,1800,2000,2900,3300,4400,218926,470,450.0,597.9632035550015,34.04482199994163,4409.166147000178,4505.306998711893
1776354097,0,,Aggregated,761.200000,0.000000,450,610,750,870,1300,1600,1800,2000,2900,3300,4400,218926,470,450.0,597.9632035550015,34.04482199994163,4409.166147000178,4505.306998711893
1776354098,0,,Aggregated,761.200000,0.000000,450,610,750,870,1300,1600,1800,2000,2900,3300,4400,218926,470,450.0,597.9632035550015,34.04482199994163,4409.166147000178,4505.306998711893
1776354099,0,,Aggregated,761.200000,0.000000,450,610,750,870,1300,1600,1800,2000,2900,3300,4400,218926,470,450.0,597.9632035550015,34.04482199994163,4409.166147000178,4505.306998711893
1776354100,0,,Aggregated,761.200000,0.000000,450,610,750,870,1300,1600,1800,2000,2900,3300,4400,218926,470,450.0,597.9632035550015,34.04482199994163,4409.166147000178,4505.306998711893
1776354101,0,,Aggregated,761.200000,0.000000,450,610,750,870,1300,1600,1800,2000,2900,3300,4400,218926,470,450.0,597.9632035550015,34.04482199994163,4409.166147000178,4505.306998711893
1776354102,0,,Aggregated,761.200000,0.000000,450,610,750,870,1300,1600,1800,2000,2900,3300,4400,218926,470,450.0,597.9632035550015,34.04482199994163,4409.166147000178,4505.306998711893
1776354103,0,,Aggregated,761.200000,0.000000,450,610,750,870,1300,1600,1800,2000,2900,3300,4400,218926,470,450.0,597.9632035550015,34.04482199994163,4409.166147000178,4505.306998711893
1776354104,0,,Aggregated,761.200000,0.000000,450,610,750,870,1300,1600,1800,2000,2900,3300,4400,218926,470,450.0,597.9632035550015,34.04482199994163,4409.166147000178,4505.306998711893
1776354105,0,,Aggregated,761.200000,0.000000,450,610,750,870,1300,1600,1800,2000,2900,3300,4400,218926,470,450.0,597.9632035550015,34.04482199994163,4409.166147000178,4505.306998711893
1776354106,0,,Aggregated,761.200000,0.000000,450,610,750,870,1300,1600,1800,2000,2900,3300,4400,218926,470,450.0,597.9632035550015,34.04482199994163,4409.166147000178,4505.306998711893
1776354107,0,,Aggregated,761.200000,0.000000,450,610,750,870,1300,1600,1800,2000,2900,3300,4400,218926,470,450.0,597.9632035550015,34.04482199994163,4409.166147000178,4505.306998711893
1776354108,0,,Aggregated,761.200000,0.000000,450,610,750,870,1300,1600,1800,2000,2900,3300,4400,218926,470,450.0,597.9632035550015,34.04482199994163,4409.166147000178,4505.306998711893
1776354109,0,,Aggregated,761.200000,0.000000,450,610,750,870,1300,1600,1800,2000,2900,3300,4400,218926,470,450.0,597.9632035550015,34.04482199994163,4409.166147000178,4505.306998711893
1776354110,0,,Aggregated,761.200000,0.000000,450,610,750,870,1300,1600,1800,2000,2900,3300,4400,218926,470,450.0,597.9632035550015,34.04482199994163,4409.166147000178,4505.306998711893
1776354111,0,,Aggregated,761.200000,0.000000,450,610,750,870,1300,1600,1800,2000,2900,3300,4400,218926,470,450.0,597.9632035550015,34.04482199994163,4409.166147000178,4505.306998711893
1776354112,0,,Aggregated,761.200000,0.000000,450,610,750,870,1300,1600,1800,2000,2900,3300,4400,218926,470,450.0,597.9632035550015,34.04482199994163,4409.166147000178,4505.306998711893
1776354113,0,,Aggregated,761.200000,0.000000,450,610,750,870,1300,1600,1800,2000,2900,3300,4400,218926,470,450.0,597.9632035550015,34.04482199994163,4409.166147000178,4505.306998711893
1776354114,0,,Aggregated,761.200000,0.000000,450,610,750,870,1300,1600,1800,2000,2900,3300,4400,218926,470,450.0,597.9632035550015,34.04482199994163,4409.166147000178,4505.306998711893
1776354115,0,,Aggregated,761.200000,0.000000,450,610,750,870,1300,1600,1800,2000,2900,3300,4400,218926,470,450.0,597.9632035550015,34.04482199994163,4409.166147000178,4505.306998711893
1776354116,0,,Aggregated,761.200000,0.000000,450,610,750,870,1300,1600,1800,2000,2900,3300,4400,218926,470,450.0,597.9632035550015,34.04482199994163,4409.166147000178,4505.306998711893
1776354117,0,,Aggregated,761.200000,0.000000,450,610,750,870,1300,1600,1800,2000,2900,3300,4400,218926,470,450.0,597.9632035550015,34.04482199994163,4409.166147000178,4505.306998711893
1776354118,0,,Aggregated,761.200000,0.000000,450,610,750,870,1300,1600,1800,2000,2900,3300,4400,218926,470,450.0,597.9632035550015,34.04482199994163,4409.166147000178,4505.306998711893
1776354119,0,,Aggregated,761.200000,0.000000,450,610,750,870,1300,1600,1800,2000,2900,3300,4400,218926,470,450.0,597.9632035550015,34.04482199994163,4409.166147000178,4505.306998711893
