Timestamp,User Count,Type,Name,Requests/s,Failures/s,50%,66%,75%,80%,90%,95%,98%,99%,99.9%,99.99%,100%,Total Request Count,Total Failure Count,Total Median Response Time,Total Average Response Time,Total Min Response Time,Total Max Response Time,Total Average Content Size
1776357931,0,,Aggregated,0.000000,0.000000,N/A,N/A,N/A,N/A,N/A,N/A,N/A,N/A,N/A,N/A,N/A,0,0,0,0.0,0,0,0
1776357932,40,,Aggregated,0.000000,0.000000,530,570,620,630,730,730,760,760,760,760,760,50,0,520.0,490.14757713999643,200.981918999787,758.0529200004094,4515.0
1776357933,80,,Aggregated,0.000000,0.000000,280,510,530,570,630,690,740,740,760,760,760,178,0,270.0,379.14152995506487,200.981918999787,758.0529200004094,4515.0
1776357934,120,,Aggregated,0.000000,0.000000,320,450,530,560,630,700,740,760,920,920,920,339,0,320.0,384.81181333920773,200.981918999787,918.1825249997928,4515.0
1776357935,160,,Aggregated,26.500000,0.000000,360,430,500,540,670,870,950,960,980,980,980,519,0,360.0,406.7356431984459,200.981918999787,983.0623990001186,4515.0
1776357936,200,,Aggregated,61.333333,0.000000,430,580,610,630,680,870,970,1000,1100,1100,1100,692,0,430.0,464.8873918713881,200.981918999787,1069.765744000506,4515.0
1776357937,240,,Aggregated,88.750000,0.000000,570,630,690,740,880,1000,1600,1700,1700,1700,1700,880,0,570.0,559.5186702136334,200.981918999787,1725.9252439998818,4515.0
1776357938,280,,Aggregated,106.000000,0.000000,610,700,780,840,940,1600,1700,1900,2000,2700,2700,1060,0,610.0,638.4728315707516,200.981918999787,2719.1904839992276,4515.0
1776357939,308,,Aggregated,116.000000,0.000000,660,820,900,940,1000,1400,1700,1900,2700,3000,3000,1261,0,660.0,694.5718967057786,200.981918999787,3016.2337859992476,4515.0
1776357940,308,,Aggregated,126.428571,0.000000,710,900,980,1000,1300,1700,2200,2300,2700,3000,3000,1436,0,710.0,783.3116442938631,200.981918999787,3016.2337859992476,4515.0
1776357941,308,,Aggregated,133.625000,0.000000,800,980,1100,1200,1300,1900,2400,2700,2900,3000,3000,1630,0,800.0,862.3141195257551,200.981918999787,3016.2337859992476,4515.0
1776357942,308,,Aggregated,140.666667,0.000000,880,1100,1200,1200,1300,1700,2400,2700,2900,3000,3000,1828,0,880.0,903.9729765131161,200.981918999787,3016.2337859992476,4515.0
1776357943,308,,Aggregated,143.600000,0.000000,930,1200,1200,1300,1400,1700,2300,2600,2900,3000,3000,2023,0,930.0,940.3181277503642,200.981918999787,3016.2337859992476,4515.0
1776357944,308,,Aggregated,163.500000,0.000000,1000,1200,1300,1300,1400,1700,2300,2600,2900,3000,3000,2220,0,1000.0,975.6119162468414,200.981918999787,3016.2337859992476,4515.0
1776357945,308,,Aggregated,178.400000,0.000000,1100,1200,1300,1300,1400,1600,2300,2600,2900,3000,3000,2407,0,1100.0,997.9866735164046,200.981918999787,3016.2337859992476,4515.0
1776357946,308,,Aggregated,184.500000,0.000000,1100,1200,1300,1300,1400,1600,2200,2600,2900,3000,3000,2591,0,1100.0,1018.88113519027,200.981918999787,3016.2337859992476,4515.0
1776357947,308,,Aggregated,186.600000,0.000000,1200,1300,1300,1400,1500,1600,2200,2600,2900,3000,3000,2743,0,1200.0,1044.2960109613516,200.981918999787,3016.2337859992476,4515.0
1776357948,308,,Aggregated,187.900000,0.000000,1200,1300,1400,1400,1500,1700,2200,2600,2900,3000,3000,2933,0,1200.0,1078.9821495888161,200.981918999787,3016.2337859992476,4515.0
1776357949,308,,Aggregated,189.900000,0.000000,1200,1300,1400,1400,1500,1700,2200,2500,2900,3000,3000,3092,0,1200.0,1099.7326303053032,200.981918999787,3016.2337859992476,4515.0
1776357951,308,,Aggregated,186.500000,0.000000,1200,1300,1400,1500,1600,1700,2200,2400,2900,3000,3000,3255,0,1200.0,1122.1687666172022,200.981918999787,3016.2337859992476,4515.0
1776357952,308,,Aggregated,182.600000,0.000000,1200,1400,1400,1500,1600,1700,2200,2400,2900,3000,3000,3434,0,1200.0,1144.8810645794956,200.981918999787,3016.2337859992476,4515.0
1776357953,308,,Aggregated,181.800000,0.000000,1200,1400,1400,1500,1600,1700,2100,2400,2900,3000,3000,3642,0,1200.0,1157.7446367657856,200.981918999787,3016.2337859992476,4515.0
1776357954,308,,Aggregated,181.800000,0.000000,1300,1400,1400,1500,1600,1700,2000,2400,2900,3000,3000,3812,0,1300.0,1163.236602117782,200.981918999787,3016.2337859992476,4515.0
1776357955,308,,Aggregated,179.800000,0.000000,1300,1400,1400,1500,1600,1700,2000,2300,2900,3000,3000,3987,0,1300.0,1172.3646944609939,200.981918999787,3016.2337859992476,4515.0
1776357956,308,,Aggregated,178.300000,0.000000,1300,1400,1400,1500,1600,1700,1900,2300,2900,3000,3000,4170,0,1300.0,1185.595710464509,200.981918999787,3016.2337859992476,4515.0
1776357957,308,,Aggregated,178.300000,0.000000,1300,1400,1500,1500,1600,1700,1900,2300,2900,3000,3000,4373,0,1300.0,1195.9002761644165,200.981918999787,3016.2337859992476,4515.0
1776357958,307,,Aggregated,175.900000,0.000000,1300,1400,1400,1500,1600,1700,1900,2300,2900,3000,3000,4562,0,1300.0,1196.686335709116,200.981918999787,3016.2337859992476,4515.0
1776357959,307,,Aggregated,177.800000,0.000000,1300,1400,1400,1500,1600,1700,1800,2300,2900,3000,3000,4738,0,1300.0,1202.1700317000823,200.981918999787,3016.2337859992476,4515.0
1776357960,307,,Aggregated,181.400000,0.000000,1300,1400,1500,1500,1600,1700,1800,2300,2900,3000,3000,4889,0,1300.0,1212.0768836195487,200.981918999787,3016.2337859992476,4515.0
1776357961,307,,Aggregated,180.000000,0.000000,1300,1400,1500,1500,1600,1700,1800,2300,2900,3000,3000,5043,0,1300.0,1225.0215790172463,200.981918999787,3016.2337859992476,4515.0
1776357962,307,,Aggregated,178.800000,0.000000,1300,1400,1500,1500,1700,1700,1900,2300,2900,3000,3000,5198,0,1300.0,1240.2762727937616,200.981918999787,3016.2337859992476,4515.0
1776357963,307,,Aggregated,178.500000,0.000000,1300,1400,1500,1600,1700,1700,1900,2200,2900,3000,3000,5335,0,1300.0,1254.4419086671005,200.981918999787,3016.2337859992476,4515.0
1776357961,307,,Aggregated,180.000000,0.000000,1300,1400,1500,1600,1700,1800,1900,2200,2900,3000,3000,5472,0,1300.0,1269.9340428846806,200.981918999787,3016.2337859992476,4515.0
1776357962,307,,Aggregated,178.800000,0.000000,1300,1500,1500,1600,1700,1900,2000,2200,2900,3000,3000,5581,0,1300.0,1284.9158887206547,200.981918999787,3016.2337859992476,4515.0
1776357963,307,,Aggregated,181.000000,0.000000,1300,1500,1600,1600,1800,2000,2200,2300,2900,3000,3000,5687,0,1300.0,1300.9178190856285,200.981918999787,3016.2337859992476,4515.0
1776357964,307,,Aggregated,190.000000,0.000000,1400,1500,1600,1600,1900,2100,2400,2500,2900,3000,3000,5816,0,1400.0,1324.527595906973,200.981918999787,3016.2337859992476,4515.0
1776357965,307,,Aggregated,195.300000,0.000000,1400,1500,1600,1700,1900,2200,2500,2600,2900,3000,3000,5945,0,1400.0,1346.6955875012532,200.981918999787,3016.2337859992476,4515.0
1776357966,307,,Aggregated,189.600000,0.000000,1400,1500,1600,1700,2000,2200,2500,2600,2900,3000,3000,6089,0,1400.0,1364.9611473665568,200.981918999787,3016.2337859992476,4515.0
1776357967,307,,Aggregated,184.700000,0.000000,1400,1500,1600,1700,2000,2200,2500,2600,2900,3000,3000,6212,0,1400.0,1376.625597821307,200.981918999787,3016.2337859992476,4515.0
1776357968,307,,Aggregated,182.100000,0.000000,1400,1500,1700,1800,2000,2200,2500,2600,2900,3000,3000,6377,0,1400.0,1389.3328723627037,200.981918999787,3016.2337859992476,4515.0
1776357969,307,,Aggregated,176.600000,0.000000,1400,1600,1700,1800,2000,2200,2500,2600,2900,3000,3000,6552,0,1400.0,1397.264554201455,200.981918999787,3016.2337859992476,4515.0
1776357970,307,,Aggregated,172.700000,0.000000,1400,1600,1700,1800,2000,2200,2500,2600,2900,3000,3000,6722,0,1400.0,1399.3570478754752,200.981918999787,3016.2337859992476,4515.0
1776357971,307,,Aggregated,171.200000,0.000000,1400,1600,1700,1700,2000,2200,2500,2600,2900,3000,3000,6875,0,1400.0,1401.8324193949,200.981918999787,3016.2337859992476,4515.0
1776357972,307,,Aggregated,176.200000,0.000000,1400,1600,1700,1700,2000,2200,2500,2600,2900,3000,3000,7026,0,1400.0,1407.903448616414,200.981918999787,3016.2337859992476,4515.0
1776357973,307,,Aggregated,171.600000,0.000000,1400,1600,1700,1800,2000,2200,2500,2600,2900,3000,3000,7179,0,1400.0,1415.9743809960908,200.981918999787,3016.2337859992476,4515.0
1776357974,307,,Aggregated,160.400000,0.000000,1400,1600,1700,1800,2000,2200,2400,2600,2900,3000,3000,7330,0,1400.0,1423.4257164643864,200.981918999787,3016.2337859992476,4515.0
1776357975,307,,Aggregated,149.100000,0.000000,1400,1600,1700,1800,2000,2200,2400,2600,2900,3000,3000,7464,0,1400.0,1429.2022319492175,200.981918999787,3016.2337859992476,4515.0
1776357976,307,,Aggregated,152.300000,0.000000,1500,1600,1700,1800,2000,2200,2400,2600,2900,3000,3000,7596,0,1500.0,1435.6470524648435,200.981918999787,3016.2337859992476,4515.0
1776357977,307,,Aggregated,154.700000,0.000000,1500,1600,1700,1800,2000,2200,2400,2600,2900,3000,3000,7735,0,1500.0,1445.595362764182,200.981918999787,3016.2337859992476,4515.0
1776357978,307,,Aggregated,153.900000,0.000000,1500,1700,1800,1800,2000,2200,2400,2600,2900,3000,3000,7879,0,1500.0,1455.933459272238,200.981918999787,3016.2337859992476,4515.0
1776357979,307,,Aggregated,150.700000,0.000000,1500,1700,1800,1800,2000,2200,2400,2600,2900,3000,3000,8000,0,1500.0,1463.02928913187,200.981918999787,3016.2337859992476,4515.0
1776357980,283,,Aggregated,150.600000,0.000000,1500,1700,1800,1800,2000,2200,2400,2600,2900,3000,3000,8145,0,1500.0,1471.1362373696677,200.981918999787,3016.2337859992476,4515.0
1776357981,283,,Aggregated,147.900000,0.000000,1500,1700,1800,1800,2000,2200,2400,2600,2900,3000,3000,8286,0,1500.0,1476.77684429362,200.981918999787,3016.2337859992476,4515.0
1776357982,283,,Aggregated,141.800000,0.000000,1500,1700,1800,1800,2000,2200,2400,2600,2900,3000,3000,8431,0,1500.0,1481.6527074191602,200.981918999787,3016.2337859992476,4515.0
1776357983,283,,Aggregated,142.600000,0.000000,1500,1700,1800,1800,2000,2200,2400,2600,2900,3000,3000,8572,0,1500.0,1484.5072660690544,200.981918999787,3016.2337859992476,4515.0
1776357984,283,,Aggregated,140.300000,0.000000,1500,1700,1800,1900,2000,2200,2400,2600,2900,3000,3000,8729,0,1500.0,1487.919378717942,200.981918999787,3016.2337859992476,4515.0
1776357985,283,,Aggregated,139.900000,0.000000,1500,1700,1800,1900,2000,2200,2400,2600,2900,3000,3000,8892,0,1500.0,1489.32219709322,200.981918999787,3016.2337859992476,4515.0
1776357986,283,,Aggregated,139.500000,0.000000,1500,1700,1800,1800,2000,2200,2400,2500,2900,3000,3000,9066,0,1500.0,1486.52121699249,200.981918999787,3016.2337859992476,4515.0
1776357987,283,,Aggregated,139.400000,0.000000,1500,1700,1800,1800,2000,2200,2400,2500,2900,3000,3000,9247,0,1500.0,1483.418611782407,200.981918999787,3016.2337859992476,4515.0
1776357988,283,,Aggregated,142.600000,0.000000,1500,1700,1800,1800,2000,2200,2400,2500,2900,3000,3000,9415,0,1500.0,1480.5750397015318,200.981918999787,3016.2337859992476,4515.0
1776357989,283,,Aggregated,149.400000,0.000000,1500,1700,1800,1800,2000,2200,2400,2500,2900,3000,3000,9584,0,1500.0,1478.243967106941,200.981918999787,3016.2337859992476,4515.0
1776357990,283,,Aggregated,151.400000,0.000000,1500,1700,1800,1800,2000,2200,2400,2500,2900,3000,3000,9773,0,1500.0,1474.8212256497413,200.981918999787,3016.2337859992476,4515.0
1776357991,283,,Aggregated,154.900000,0.000000,1500,1700,1800,1800,2000,2200,2400,2500,2900,3000,3000,9952,0,1500.0,1470.4197643191233,200.981918999787,3016.2337859992476,4515.0
1776357992,283,,Aggregated,160.300000,0.000000,1500,1600,1800,1800,2000,2200,2300,2500,2900,2900,3000,10109,0,1500.0,1468.298450558602,200.981918999787,3016.2337859992476,4515.0
1776357991,283,,Aggregated,154.900000,0.000000,1400,1600,1700,1800,2000,2200,2300,2500,2900,2900,3000,10304,0,1400.0,1466.0376726880754,200.981918999787,3016.2337859992476,4515.0
1776357992,283,,Aggregated,160.300000,0.000000,1400,1600,1700,1800,2000,2200,2300,2500,2900,2900,3000,10489,0,1400.0,1461.3825963915458,200.981918999787,3016.2337859992476,4515.0
1776357993,283,,Aggregated,165.700000,0.000000,1400,1600,1700,1800,2000,2200,2300,2500,2900,2900,3000,10641,0,1400.0,1459.4487785516324,200.981918999787,3016.2337859992476,4515.0
1776357994,283,,Aggregated,185.400000,0.000000,1400,1600,1700,1800,2000,2200,2300,2500,2900,2900,3000,10855,0,1400.0,1457.1367296753494,200.981918999787,3016.2337859992476,4515.0
1776357995,283,,Aggregated,206.300000,0.000000,1400,1600,1700,1800,2000,2200,2300,2500,2900,2900,3000,11066,0,1400.0,1449.9021766778337,200.981918999787,3016.2337859992476,4515.0
1776357996,283,,Aggregated,213.100000,0.000000,1400,1600,1700,1800,1900,2100,2300,2500,2900,2900,3000,11256,0,1400.0,1443.4314132501693,200.981918999787,3016.2337859992476,4515.0
1776357997,283,,Aggregated,221.200000,0.000000,1400,1600,1700,1800,1900,2100,2300,2500,2900,2900,3000,11462,0,1400.0,1437.7158135467557,200.981918999787,3016.2337859992476,4515.0
1776357998,283,,Aggregated,225.300000,0.000000,1400,1600,1700,1800,1900,2100,2300,2500,2900,2900,3000,11664,0,1400.0,1432.1228934937328,200.981918999787,3016.2337859992476,4515.0
1776357999,283,,Aggregated,228.500000,0.000000,1400,1600,1700,1800,1900,2100,2300,2500,2900,2900,3000,11879,0,1400.0,1425.4495345809332,200.981918999787,3016.2337859992476,4515.0
1776358000,283,,Aggregated,231.700000,0.000000,1400,1600,1700,1800,1900,2100,2300,2500,2900,2900,3000,12065,0,1400.0,1420.0771291679146,200.981918999787,3016.2337859992476,4515.0
1776358001,283,,Aggregated,237.300000,0.000000,1400,1600,1700,1800,1900,2100,2300,2500,2900,2900,3000,12173,0,1400.0,1420.9104952389619,200.981918999787,3016.2337859992476,4515.0
1776358002,283,,Aggregated,237.900000,0.000000,1400,1600,1700,1800,1900,2100,2300,2500,2900,2900,3000,12331,0,1400.0,1424.2609010524632,200.981918999787,3016.2337859992476,4515.0
1776358003,243,,Aggregated,228.700000,0.000000,1400,1600,1700,1800,1900,2100,2300,2500,2900,2900,3000,12463,0,1400.0,1426.4288887999626,200.981918999787,3016.2337859992476,4515.0
1776358004,222,,Aggregated,211.000000,0.000000,1400,1600,1700,1800,1900,2100,2300,2500,2900,2900,3000,12567,0,1400.0,1428.7270862861408,200.981918999787,3016.2337859992476,4515.0
1776358005,222,,Aggregated,188.600000,0.000000,1400,1600,1700,1800,1900,2100,2300,2500,2900,2900,3000,12723,0,1400.0,1428.9465693081777,200.981918999787,3016.2337859992476,4515.0
1776358006,222,,Aggregated,178.300000,0.000000,1400,1600,1700,1800,1900,2100,2300,2500,2900,2900,3000,12915,0,1400.0,1424.2142194378587,200.981918999787,3016.2337859992476,4515.0
1776358007,222,,Aggregated,170.300000,0.000000,1400,1600,1700,1800,1900,2100,2300,2500,2800,2900,3000,13098,0,1400.0,1416.6116062890478,200.981918999787,3016.2337859992476,4515.0
1776358008,222,,Aggregated,166.500000,0.000000,1400,1600,1700,1800,1900,2100,2300,2500,2800,2900,3000,13284,0,1400.0,1408.6993297182262,200.981918999787,3016.2337859992476,4515.0
1776358009,222,,Aggregated,163.800000,0.000000,1400,1600,1700,1800,1900,2100,2300,2500,2800,2900,3000,13452,0,1400.0,1403.8882234727853,200.981918999787,3016.2337859992476,4515.0
1776358010,222,,Aggregated,162.800000,0.000000,1400,1600,1700,1700,1900,2100,2300,2500,2800,2900,3000,13626,0,1400.0,1398.5755459752609,200.981918999787,3016.2337859992476,4515.0
1776358011,222,,Aggregated,156.800000,0.000000,1400,1600,1700,1700,1900,2100,2300,2500,2800,2900,3000,13804,0,1400.0,1392.3586097483253,200.981918999787,3016.2337859992476,4515.0
1776358012,222,,Aggregated,153.800000,0.000000,1400,1500,1700,1700,1900,2100,2300,2500,2800,2900,3000,13981,0,1400.0,1387.7174586176868,200.981918999787,3016.2337859992476,4515.0
1776358013,222,,Aggregated,162.300000,0.000000,1400,1500,1700,1700,1900,2100,2300,2500,2800,2900,3000,14185,0,1400.0,1380.2954414697122,200.981918999787,3016.2337859992476,4515.0
1776358014,222,,Aggregated,163.100000,0.000000,1400,1500,1700,1700,1900,2100,2300,2500,2800,2900,3000,14359,0,1400.0,1373.57332606455,200.981918999787,3016.2337859992476,4515.0
1776358015,222,,Aggregated,170.500000,0.000000,1400,1500,1700,1700,1900,2100,2300,2500,2800,2900,3000,14559,0,1400.0,1366.8753086968807,200.981918999787,3016.2337859992476,4515.0
1776358016,222,,Aggregated,178.300000,0.000000,1300,1500,1700,1700,1900,2100,2300,2400,2800,2900,3000,14777,0,1300.0,1358.4264307559645,200.981918999787,3016.2337859992476,4515.0
1776358017,222,,Aggregated,181.400000,0.000000,1300,1500,1700,1700,1900,2100,2200,2400,2800,2900,3000,14975,0,1300.0,1350.5874959505086,200.981918999787,3016.2337859992476,4515.0
1776358018,222,,Aggregated,184.500000,0.000000,1300,1500,1600,1700,1900,2100,2200,2400,2800,2900,3000,15171,0,1300.0,1343.566593608455,200.981918999787,3016.2337859992476,4515.0
1776358019,222,,Aggregated,186.300000,0.000000,1300,1500,1600,1700,1900,2100,2200,2400,2800,2900,3000,15331,0,1300.0,1338.8033019126522,200.981918999787,3016.2337859992476,4515.0
1776358020,222,,Aggregated,187.400000,0.000000,1300,1500,1600,1700,1900,2100,2200,2400,2800,2900,3000,15543,0,1300.0,1333.3065365817317,200.981918999787,3016.2337859992476,4515.0
1776358021,222,,Aggregated,187.900000,0.000000,1300,1500,1600,1700,1900,2000,2200,2400,2800,2900,3000,15751,0,1300.0,1325.959427828,200.981918999787,3016.2337859992476,4515.0
1776358022,222,,Aggregated,189.900000,0.000000,1300,1500,1600,1700,1900,2000,2200,2400,2800,2900,3000,15945,0,1300.0,1319.5801601896421,200.981918999787,3016.2337859992476,4515.0
1776358025,222,,Aggregated,195.200000,0.000000,1300,1500,1600,1700,1900,2000,2200,2400,2800,2900,3000,16129,0,1300.0,1314.288336376208,200.981918999787,3016.2337859992476,4515.0
1776358021,222,,Aggregated,187.900000,0.000000,1300,1500,1600,1700,1900,2000,2200,2400,2800,2900,3000,16294,0,1300.0,1310.737793090824,200.981918999787,3016.2337859992476,4515.0
1776358022,222,,Aggregated,189.900000,0.000000,1300,1500,1600,1700,1900,2000,2200,2400,2800,2900,3000,16387,0,1300.0,1310.524637827173,200.981918999787,3016.2337859992476,4515.0
1776358023,222,,Aggregated,194.800000,0.000000,1300,1500,1600,1700,1900,2000,2200,2400,2800,2900,3000,16516,0,1300.0,1312.7052572480563,200.981918999787,3016.2337859992476,4515.0
1776358024,222,,Aggregated,212.300000,0.000000,1300,1500,1600,1700,1900,2000,2200,2400,2800,2900,3000,16662,0,1300.0,1314.0032252920355,200.981918999787,3016.2337859992476,4515.0
1776358025,182,,Aggregated,221.300000,0.000000,1300,1500,1600,1700,1900,2000,2200,2400,2800,2900,3000,16817,0,1300.0,1312.506060596057,200.981918999787,3016.2337859992476,4515.0
1776358026,142,,Aggregated,218.800000,0.000000,1300,1500,1600,1700,1900,2000,2200,2400,2800,2900,3000,16958,0,1300.0,1308.2858794954545,200.981918999787,3016.2337859992476,4515.0
1776358027,126,,Aggregated,214.300000,0.000000,1300,1500,1600,1700,1900,2000,2200,2400,2700,2900,3000,17135,0,1300.0,1299.7932114707296,200.981918999787,3016.2337859992476,4515.0
1776358028,126,,Aggregated,210.700000,0.000000,1300,1500,1600,1700,1900,2000,2200,2400,2700,2900,3000,17327,0,1300.0,1289.355067057307,200.981918999787,3016.2337859992476,4515.0
1776358029,126,,Aggregated,206.800000,0.000000,1300,1500,1600,1700,1900,2000,2200,2400,2700,2900,3000,17519,0,1300.0,1279.3162025432935,200.981918999787,3016.2337859992476,4515.0
1776358030,126,,Aggregated,205.300000,0.000000,1300,1400,1600,1700,1900,2000,2200,2400,2700,2900,3000,17682,0,1300.0,1271.5702749281172,200.981918999787,3016.2337859992476,4515.0
1776358031,126,,Aggregated,207.200000,0.000000,1300,1400,1600,1700,1900,2000,2200,2400,2700,2900,3000,17844,0,1300.0,1264.213107801725,200.981918999787,3016.2337859992476,4515.0
1776358032,126,,Aggregated,207.500000,0.000000,1300,1400,1600,1700,1900,2000,2200,2400,2700,2900,3000,17988,0,1300.0,1258.4665538113716,200.981918999787,3016.2337859992476,4515.0
1776358033,126,,Aggregated,199.300000,0.000000,1300,1400,1600,1700,1900,2000,2200,2400,2700,2900,3000,18133,0,1300.0,1253.1882869503654,200.981918999787,3016.2337859992476,4515.0
1776358034,126,,Aggregated,181.200000,0.000000,1300,1400,1600,1700,1900,2000,2200,2400,2700,2900,3000,18277,0,1300.0,1247.4355793583181,200.981918999787,3016.2337859992476,4515.0
1776358035,126,,Aggregated,165.800000,0.000000,1300,1400,1600,1700,1900,2000,2200,2400,2700,2900,3000,18462,0,1300.0,1239.643254533635,200.981918999787,3016.2337859992476,4515.0
1776358036,126,,Aggregated,165.300000,0.000000,1200,1400,1600,1700,1900,2000,2200,2400,2700,2900,3000,18618,0,1200.0,1233.1173510311519,200.981918999787,3016.2337859992476,4515.0
1776358037,126,,Aggregated,167.000000,0.000000,1200,1400,1600,1700,1900,2000,2200,2400,2700,2900,3000,18770,0,1200.0,1227.6103046313783,200.981918999787,3016.2337859992476,4515.0
1776358038,126,,Aggregated,166.400000,0.000000,1200,1400,1600,1700,1900,2000,2200,2400,2700,2900,3000,18932,0,1200.0,1221.5301852708621,200.981918999787,3016.2337859992476,4515.0
1776358039,126,,Aggregated,165.000000,0.000000,1200,1400,1600,1700,1900,2000,2200,2400,2700,2900,3000,19102,0,1200.0,1214.6161472958306,200.981918999787,3016.2337859992476,4515.0
1776358040,126,,Aggregated,162.100000,0.000000,1200,1400,1600,1600,1800,2000,2200,2400,2700,2900,3000,19271,0,1200.0,1207.759513973844,200.981918999787,3016.2337859992476,4515.0
1776358041,126,,Aggregated,159.700000,0.000000,1200,1400,1500,1600,1800,2000,2200,2400,2700,2900,3000,19433,0,1200.0,1201.8579714452715,200.981918999787,3016.2337859992476,4515.0
1776358042,126,,Aggregated,158.100000,0.000000,1200,1400,1500,1600,1800,2000,2200,2400,2700,2900,3000,19618,0,1200.0,1194.4093278666,200.981918999787,3016.2337859992476,4515.0
1776358043,126,,Aggregated,158.300000,0.000000,1200,1400,1500,1600,1800,2000,2200,2400,2700,2900,3000,19797,0,1200.0,1187.0177511192567,200.981918999787,3016.2337859992476,4515.0
1776358044,126,,Aggregated,159.400000,0.000000,1200,1400,1500,1600,1800,2000,2200,2400,2700,2900,3000,19969,0,1200.0,1180.7923259843235,200.981918999787,3016.2337859992476,4515.0
1776358045,126,,Aggregated,164.400000,0.000000,1200,1400,1500,1600,1800,2000,2200,2300,2700,2900,3000,20137,0,1200.0,1174.5731259889246,200.981918999787,3016.2337859992476,4515.0
1776358046,126,,Aggregated,165.300000,0.000000,1200,1400,1500,1600,1800,2000,2200,2300,2700,2900,3000,20332,0,1200.0,1166.848689216504,200.981918999787,3016.2337859992476,4515.0
1776358047,126,,Aggregated,167.100000,0.000000,1200,1400,1500,1600,1800,2000,2200,2300,2700,2900,3000,20504,0,1200.0,1160.3393905697412,200.981918999787,3016.2337859992476,4515.0
1776358048,126,,Aggregated,167.800000,0.000000,1200,1400,1500,1600,1800,2000,2200,2300,2700,2900,3000,20641,0,1200.0,1156.4421313984285,200.981918999787,3016.2337859992476,4515.0
1776358049,126,,Aggregated,172.100000,0.000000,1200,1400,1500,1600,1800,2000,2200,2300,2700,2900,3000,20804,0,1200.0,1151.2159348227738,200.981918999787,3016.2337859992476,4515.0
1776358050,86,,Aggregated,172.400000,0.000000,1200,1400,1500,1600,1800,2000,2200,2300,2700,2900,3000,20937,0,1200.0,1146.4902692988483,200.981918999787,3016.2337859992476,4515.0
1776358051,46,,Aggregated,169.900000,0.000000,1200,1400,1500,1600,1800,2000,2200,2300,2700,2900,3000,21019,0,1200.0,1143.2438917495124,200.981918999787,3016.2337859992476,4515.0
1776358052,31,,Aggregated,168.300000,0.000000,1200,1400,1500,1600,1800,2000,2200,2300,2700,2900,3000,21084,0,1200.0,1140.437405989756,200.981918999787,3016.2337859992476,4515.0
1776358051,31,,Aggregated,169.900000,0.000000,1200,1400,1500,1600,1800,2000,2200,2300,2700,2900,3000,21143,0,1200.0,1137.8940608685161,200.981918999787,3016.2337859992476,4515.0
1776358052,31,,Aggregated,168.300000,0.000000,1200,1400,1500,1600,1800,2000,2200,2300,2700,2900,3000,21203,0,1200.0,1135.309138391267,200.981918999787,3016.2337859992476,4515.0
1776358053,31,,Aggregated,166.100000,0.000000,1200,1400,1500,1600,1800,2000,2200,2300,2700,2900,3000,21262,0,1200.0,1132.7851620949598,200.981918999787,3016.2337859992476,4515.0
1776358054,31,,Aggregated,163.200000,0.000000,1200,1400,1500,1600,1800,2000,2200,2300,2700,2900,3000,21317,0,1200.0,1130.442750911339,200.981918999787,3016.2337859992476,4515.0
1776358055,31,,Aggregated,156.600000,0.000000,1200,1400,1500,1600,1800,2000,2200,2300,2700,2900,3000,21382,0,1200.0,1127.7105715586954,200.981918999787,3016.2337859992476,4515.0
1776358056,31,,Aggregated,148.000000,0.000000,1200,1400,1500,1600,1800,2000,2200,2300,2700,2900,3000,21433,0,1200.0,1125.5746460018208,200.981918999787,3016.2337859992476,4515.0
1776358057,31,,Aggregated,136.700000,0.000000,1200,1400,1500,1600,1800,2000,2200,2300,2700,2900,3000,21493,0,1200.0,1123.0801144179054,200.981918999787,3016.2337859992476,4515.0
1776358058,31,,Aggregated,124.700000,0.000000,1200,1400,1500,1600,1800,2000,2200,2300,2700,2900,3000,21554,0,1200.0,1120.5620507628298,200.981918999787,3016.2337859992476,4515.0
1776358059,31,,Aggregated,110.500000,0.000000,1100,1400,1500,1600,1800,2000,2200,2300,2700,2900,3000,21611,0,1100.0,1118.2134609050954,200.981918999787,3016.2337859992476,4515.0
1776358060,31,,Aggregated,100.600000,0.000000,1100,1400,1500,1600,1800,2000,2200,2300,2700,2900,3000,21667,0,1100.0,1115.910090603776,200.981918999787,3016.2337859992476,4515.0
1776358061,31,,Aggregated,93.000000,0.000000,1100,1400,1500,1600,1800,2000,2200,2300,2700,2900,3000,21728,0,1100.0,1113.4172273829167,200.981918999787,3016.2337859992476,4515.0
1776358062,31,,Aggregated,82.600000,0.000000,1100,1400,1500,1600,1800,2000,2200,2300,2700,2900,3000,21788,0,1100.0,1110.969984814532,200.981918999787,3016.2337859992476,4515.0
1776358063,31,,Aggregated,74.600000,0.000000,1100,1400,1500,1600,1800,2000,2200,2300,2700,2900,3000,21847,0,1100.0,1108.5758905913865,200.981918999787,3016.2337859992476,4515.0
1776358064,31,,Aggregated,66.500000,0.000000,1100,1400,1500,1600,1800,2000,2200,2300,2700,2900,3000,21905,0,1100.0,1106.2364038851867,200.981918999787,3016.2337859992476,4515.0
1776358065,31,,Aggregated,60.500000,0.000000,1100,1400,1500,1600,1800,2000,2200,2300,2700,2900,3000,21964,0,1100.0,1103.8845122239125,200.981918999787,3016.2337859992476,4515.0
1776358066,31,,Aggregated,57.900000,0.000000,1100,1400,1500,1600,1800,2000,2200,2300,2700,2900,3000,22021,0,1100.0,1101.618137927706,200.981918999787,3016.2337859992476,4515.0
1776358067,31,,Aggregated,58.200000,0.000000,1100,1400,1500,1600,1800,2000,2200,2300,2700,2900,3000,22080,0,1100.0,1099.2772905301636,200.981918999787,3016.2337859992476,4515.0
1776358068,31,,Aggregated,58.700000,0.000000,1100,1400,1500,1600,1800,2000,2200,2300,2700,2900,3000,22140,0,1100.0,1096.9169270224036,200.981918999787,3016.2337859992476,4515.0
1776358069,31,,Aggregated,58.500000,0.000000,1100,1400,1500,1600,1800,2000,2200,2300,2700,2900,3000,22192,0,1100.0,1094.8867079705758,200.981918999787,3016.2337859992476,4515.0
1776358070,31,,Aggregated,58.200000,0.000000,1100,1400,1500,1600,1800,2000,2200,2300,2700,2900,3000,22255,0,1100.0,1092.4508372634464,200.981918999787,3016.2337859992476,4515.0
1776358071,31,,Aggregated,57.900000,0.000000,1100,1400,1500,1600,1800,2000,2200,2300,2700,2900,3000,22306,0,1100.0,1090.4680779833673,200.981918999787,3016.2337859992476,4515.0
1776358072,31,,Aggregated,58.300000,0.000000,1100,1400,1500,1600,1800,2000,2200,2300,2700,2900,3000,22365,0,1100.0,1088.1905011022577,200.981918999787,3016.2337859992476,4515.0
1776358073,20,,Aggregated,58.100000,0.000000,1100,1400,1500,1600,1800,2000,2200,2300,2700,2900,3000,22405,0,1100.0,1086.6526189049318,200.981918999787,3016.2337859992476,4515.0
1776358074,20,,Aggregated,58.100000,0.000000,1100,1400,1500,1600,1800,2000,2200,2300,2700,2900,3000,22446,0,1100.0,1085.0780980685643,200.981918999787,3016.2337859992476,4515.0
1776358075,20,,Aggregated,56.100000,0.000000,1100,1400,1500,1600,1800,2000,2200,2300,2700,2900,3000,22481,0,1100.0,1083.7483096554422,200.981918999787,3016.2337859992476,4515.0
1776358076,20,,Aggregated,55.000000,0.000000,1100,1400,1500,1600,1800,2000,2200,2300,2700,2900,3000,22521,0,1100.0,1082.2260290731315,200.981918999787,3016.2337859992476,4515.0
1776358077,20,,Aggregated,52.800000,0.000000,1100,1300,1500,1600,1800,2000,2200,2300,2700,2900,3000,22562,0,1100.0,1080.6781650140063,200.981918999787,3016.2337859992476,4515.0
1776358078,20,,Aggregated,50.300000,0.000000,1100,1300,1500,1600,1800,2000,2200,2300,2700,2900,3000,22596,0,1100.0,1079.3986940655875,200.981918999787,3016.2337859992476,4515.0
1776358079,20,,Aggregated,48.700000,0.000000,1100,1300,1500,1600,1800,2000,2200,2300,2700,2900,3000,22636,0,1100.0,1077.8896655099406,200.981918999787,3016.2337859992476,4515.0
1776358080,20,,Aggregated,46.800000,0.000000,1100,1300,1500,1600,1800,2000,2200,2300,2700,2900,3000,22672,0,1100.0,1076.543959182958,200.981918999787,3016.2337859992476,4515.0
1776358081,20,,Aggregated,44.500000,0.000000,1100,1300,1500,1600,1800,2000,2200,2300,2700,2900,3000,22712,0,1100.0,1075.0435441994987,200.981918999787,3016.2337859992476,4515.0
1776358082,20,,Aggregated,43.100000,0.000000,1100,1300,1500,1600,1800,2000,2200,2300,2700,2900,3000,22751,0,1100.0,1073.5871441083477,200.981918999787,3016.2337859992476,4515.0
1776358081,20,,Aggregated,46.800000,0.000000,1100,1300,1500,1600,1800,1900,2200,2300,2700,2900,3000,22790,0,1100.0,1072.1446734940328,200.981918999787,3016.2337859992476,4515.0
1776358082,20,,Aggregated,44.500000,0.000000,1100,1300,1500,1600,1800,1900,2200,2300,2700,2900,3000,22824,0,1100.0,1070.8854465941124,200.981918999787,3016.2337859992476,4515.0
1776358083,20,,Aggregated,41.500000,0.000000,1100,1300,1500,1600,1800,1900,2200,2300,2700,2900,3000,22864,0,1100.0,1069.4170801728058,200.981918999787,3016.2337859992476,4515.0
1776358084,20,,Aggregated,42.900000,0.000000,1100,1300,1500,1600,1800,1900,2200,2300,2700,2900,3000,22903,0,1100.0,1067.9854955633778,200.981918999787,3016.2337859992476,4515.0
1776358085,20,,Aggregated,42.900000,0.000000,1100,1300,1500,1600,1800,1900,2200,2300,2700,2900,3000,22937,0,1100.0,1066.7383911545119,200.981918999787,3016.2337859992476,4515.0
1776358086,20,,Aggregated,46.500000,0.000000,1100,1300,1500,1600,1800,1900,2200,2300,2700,2900,3000,22976,0,1100.0,1065.3106830429597,200.981918999787,3016.2337859992476,4515.0
1776358087,20,,Aggregated,46.500000,0.000000,1100,1300,1500,1600,1800,1900,2200,2300,2700,2900,3000,23014,0,1100.0,1063.9259673608692,200.981918999787,3016.2337859992476,4515.0
1776358088,20,,Aggregated,46.600000,0.000000,1100,1300,1500,1600,1800,1900,2200,2300,2700,2900,3000,23053,0,1100.0,1062.5092016407436,200.981918999787,3016.2337859992476,4515.0
1776358089,20,,Aggregated,47.200000,0.000000,1100,1300,1500,1600,1800,1900,2200,2300,2700,2900,3000,23090,0,1100.0,1061.1752684566075,200.981918999787,3016.2337859992476,4515.0
1776358090,20,,Aggregated,47.200000,0.000000,1100,1300,1500,1600,1800,1900,2200,2300,2700,2900,3000,23126,0,1100.0,1059.876190926623,200.981918999787,3016.2337859992476,4515.0
1776358091,20,,Aggregated,47.300000,0.000000,1100,1300,1500,1600,1800,1900,2200,2300,2700,2900,3000,23166,0,1100.0,1058.443963788184,200.981918999787,3016.2337859992476,4515.0
1776358092,20,,Aggregated,46.800000,0.000000,1100,1300,1500,1600,1800,1900,2200,2300,2700,2900,3000,23206,0,1100.0,1057.008808459927,200.981918999787,3016.2337859992476,4515.0
1776358093,20,,Aggregated,46.400000,0.000000,1100,1300,1500,1600,1800,1900,2200,2300,2700,2900,3000,23243,0,1100.0,1055.684526351808,200.981918999787,3016.2337859992476,4515.0
1776358094,20,,Aggregated,46.400000,0.000000,1100,1300,1500,1600,1800,1900,2200,2300,2700,2900,3000,23280,0,1100.0,1054.3659092180446,200.981918999787,3016.2337859992476,4515.0
1776358095,20,,Aggregated,39.400000,0.000000,1100,1300,1500,1600,1800,1900,2200,2300,2700,2900,3000,23318,0,1100.0,1053.0166893921464,200.981918999787,3016.2337859992476,4515.0
1776358096,32,,Aggregated,38.900000,0.000000,1100,1300,1500,1600,1800,1900,2200,2300,2700,2900,3000,23373,0,1100.0,1051.175785629105,198.17710799907218,3016.2337859992476,4515.0
1776358097,32,,Aggregated,39.000000,0.000000,1100,1300,1500,1600,1800,1900,2200,2300,2700,2900,3000,23432,0,1100.0,1049.0927785392646,198.17710799907218,3016.2337859992476,4515.0
1776358098,32,,Aggregated,40.000000,0.000000,1100,1300,1500,1600,1800,1900,2200,2300,2700,2900,3000,23491,0,1100.0,1047.024096757314,198.17710799907218,3016.2337859992476,4515.0
1776358099,32,,Aggregated,41.500000,0.000000,1100,1300,1500,1600,1800,1900,2200,2300,2700,2900,3000,23557,0,1100.0,1044.7205827559985,198.17710799907218,3016.2337859992476,4515.0
1776358100,32,,Aggregated,43.900000,0.000000,1100,1300,1500,1600,1800,1900,2200,2300,2700,2900,3000,23618,0,1100.0,1042.6122863009175,198.17710799907218,3016.2337859992476,4515.0
1776358101,32,,Aggregated,46.200000,0.000000,1100,1300,1500,1600,1800,1900,2200,2300,2700,2900,3000,23683,0,1100.0,1040.3702794501148,198.17710799907218,3016.2337859992476,4515.0
1776358102,32,,Aggregated,48.700000,0.000000,1100,1300,1500,1600,1800,1900,2200,2300,2700,2900,3000,23741,2,1100.0,1038.3825823217671,97.95400800067,3016.2337859992476,4514.619645339287
1776358103,32,,Aggregated,51.000000,0.000000,1000,1300,1500,1600,1800,1900,2200,2300,2700,2900,3000,23805,2,1000.0,1036.2122554043724,97.95400800067,3016.2337859992476,4514.620667926906
1776358104,32,,Aggregated,53.200000,0.200000,1000,1300,1500,1600,1800,1900,2200,2300,2700,2900,3000,23866,2,1000.0,1034.1380813111582,97.95400800067,3016.2337859992476,4514.621637475907
1776358105,32,,Aggregated,55.300000,0.200000,1000,1300,1500,1600,1800,1900,2200,2300,2700,2900,3000,23927,2,1000.0,1032.073410161537,97.95400800067,3016.2337859992476,4514.622602081331
1776358106,32,,Aggregated,57.900000,0.200000,1000,1300,1500,1600,1800,1900,2200,2300,2700,2900,3000,23990,2,1000.0,1029.951484671242,97.95400800067,3016.2337859992476,4514.623593163818
1776358107,32,,Aggregated,60.400000,0.200000,1000,1300,1400,1600,1800,1900,2200,2300,2700,2900,3000,24049,2,1000.0,1027.982676017469,97.95400800067,3016.2337859992476,4514.624516611917
1776358108,32,,Aggregated,61.500000,0.200000,1000,1300,1400,1600,1800,1900,2200,2300,2700,2900,3000,24109,2,1000.0,1025.9844614574274,97.95400800067,3016.2337859992476,4514.625451076362
1776358109,32,,Aggregated,61.200000,0.200000,1000,1300,1400,1500,1800,1900,2200,2300,2700,2900,3000,24172,2,1000.0,1023.8979024571462,97.95400800067,3016.2337859992476,4514.626427271223
1776358110,32,,Aggregated,61.700000,0.200000,1000,1300,1400,1500,1800,1900,2200,2300,2700,2900,3000,24232,2,1000.0,1021.9251120681382,97.95400800067,3016.2337859992476,4514.627352261473
1776358111,32,,Aggregated,61.200000,0.200000,1000,1300,1400,1500,1800,1900,2200,2300,2700,2900,3000,24295,2,1000.0,1019.85675195551,97.95400800067,3016.2337859992476,4514.628318584071
1776358112,32,,Aggregated,61.400000,0.200000,1000,1300,1400,1500,1800,1900,2200,2300,2700,2900,3000,24360,2,1000.0,1017.7347157404812,97.95400800067,3016.2337859992476,4514.629310344828
1776358113,32,,Aggregated,61.600000,0.200000,1000,1300,1400,1500,1800,1900,2200,2300,2700,2900,3000,24421,2,1000.0,1015.7589158457114,97.95400800067,3016.2337859992476,4514.630236272061
1776358111,32,,Aggregated,61.200000,0.200000,1000,1300,1400,1500,1800,1900,2200,2300,2700,2900,3000,24480,2,1000.0,1013.8485480031918,97.95400800067,3016.2337859992476,4514.631127450981
1776358112,32,,Aggregated,61.400000,0.200000,1000,1300,1400,1500,1800,1900,2200,2300,2700,2900,3000,24543,2,1000.0,1011.8213231504769,97.95400800067,3016.2337859992476,4514.632074318543
1776358113,32,,Aggregated,62.100000,0.200000,1000,1300,1400,1500,1800,1900,2200,2300,2700,2900,3000,24597,2,1000.0,1010.0947354066008,97.95400800067,3016.2337859992476,4514.632882058788
1776358114,32,,Aggregated,67.800000,0.000000,1000,1300,1400,1500,1800,1900,2200,2300,2700,2900,3000,24659,2,1000.0,1008.1266614947142,97.95400800067,3016.2337859992476,4514.6338051015855
1776358115,32,,Aggregated,74.100000,0.000000,1000,1300,1400,1500,1800,1900,2200,2300,2700,2900,3000,24717,2,1000.0,1006.2915335051237,97.95400800067,3016.2337859992476,4514.634664401019
1776358116,32,,Aggregated,76.300000,0.000000,1000,1300,1400,1500,1800,1900,2200,2300,2700,2900,3000,24777,2,1000.0,1004.3987277038036,97.95400800067,3016.2337859992476,4514.635549097954
1776358117,32,,Aggregated,75.900000,0.000000,990,1300,1400,1500,1800,1900,2200,2300,2700,2900,3000,24842,2,990.0,1002.359218777117,97.95400800067,3016.2337859992476,4514.636502697045
1776358118,68,,Aggregated,75.500000,0.000000,990,1300,1400,1500,1800,1900,2200,2300,2700,2900,3000,24951,2,990.0,999.2654921292998,97.95400800067,3016.2337859992476,4514.638090657689
1776358119,68,,Aggregated,76.100000,0.000000,980,1300,1400,1500,1800,1900,2200,2300,2700,2900,3000,25087,2,980.0,995.1508386263466,97.95400800067,3016.2337859992476,4514.640052616894
1776358120,68,,Aggregated,75.400000,0.000000,980,1300,1400,1500,1800,1900,2200,2300,2700,2900,3000,25214,2,980.0,991.2726602336462,97.95400800067,3016.2337859992476,4514.641865630206
1776358121,68,,Aggregated,83.400000,0.000000,970,1300,1400,1500,1800,1900,2200,2300,2700,2900,3000,25348,2,970.0,987.2358286162287,97.95400800067,3016.2337859992476,4514.64375887644
1776358122,68,,Aggregated,90.400000,0.000000,960,1300,1400,1500,1800,1900,2200,2300,2700,2900,3000,25472,2,960.0,983.5224817149881,97.95400800067,3016.2337859992476,4514.645493090452
1776358123,68,,Aggregated,96.500000,0.000000,960,1300,1400,1500,1800,1900,2200,2300,2700,2900,3000,25606,2,960.0,979.5697486361858,97.95400800067,3016.2337859992476,4514.647348277747
1776358124,68,,Aggregated,97.300000,0.000000,960,1300,1400,1500,1800,1900,2200,2300,2700,2900,3000,25736,2,960.0,975.776340076825,97.95400800067,3016.2337859992476,4514.649129623873
1776358125,68,,Aggregated,97.500000,0.000000,950,1300,1400,1500,1800,1900,2200,2300,2700,2900,3000,25868,2,950.0,971.9580335196059,97.95400800067,3016.2337859992476,4514.6509200556675
1776358126,68,,Aggregated,103.000000,0.000000,950,1300,1400,1500,1800,1900,2200,2300,2700,2900,3000,26003,2,950.0,968.0822385730933,97.95400800067,3016.2337859992476,4514.652732377033
1776358127,68,,Aggregated,109.500000,0.000000,940,1300,1400,1500,1800,1900,2200,2300,2700,2900,3000,26133,2,940.0,964.3985339677859,97.95400800067,3016.2337859992476,4514.654459878315
1776358128,68,,Aggregated,117.200000,0.000000,940,1300,1400,1500,1800,1900,2200,2300,2700,2900,3000,26264,2,940.0,960.7108764940276,97.95400800067,3016.2337859992476,4514.65618336887
1776358129,68,,Aggregated,124.100000,0.000000,930,1300,1400,1500,1800,1900,2200,2300,2700,2900,3000,26392,2,930.0,957.159535974619,97.95400800067,3016.2337859992476,4514.657850863899
1776358130,68,,Aggregated,130.500000,0.000000,930,1300,1400,1500,1800,1900,2200,2300,2700,2900,3000,26527,2,930.0,953.4491720009852,97.95400800067,3016.2337859992476,4514.659592113696
1776358131,68,,Aggregated,129.600000,0.000000,920,1300,1400,1500,1800,1900,2200,2300,2700,2900,3000,26653,2,920.0,950.019799542758,97.95400800067,3016.2337859992476,4514.6612013656995
1776358132,68,,Aggregated,129.700000,0.000000,920,1300,1400,1500,1800,1900,2200,2300,2700,2900,3000,26779,2,920.0,946.6154189221454,97.95400800067,3016.2337859992476,4514.662795474065
1776358133,68,,Aggregated,129.800000,0.000000,910,1300,1400,1500,1800,1900,2200,2300,2700,2900,3000,26911,2,910.0,943.0734811839443,97.95400800067,3016.2337859992476,4514.664449481625
1776358134,68,,Aggregated,130.100000,0.000000,910,1300,1400,1500,1800,1900,2200,2300,2700,2900,3000,27043,2,910.0,939.5777629956784,97.95400800067,3016.2337859992476,4514.666087342381
1776358135,68,,Aggregated,130.200000,0.000000,900,1300,1400,1500,1800,1900,2200,2300,2700,2900,3000,27172,2,900.0,936.1900907144533,97.95400800067,3016.2337859992476,4514.667672604151
1776358136,68,,Aggregated,129.700000,0.000000,900,1200,1400,1500,1800,1900,2200,2300,2700,2900,3000,27297,2,900.0,932.9342621096139,97.95400800067,3016.2337859992476,4514.669194416969
1776358137,68,,Aggregated,130.200000,0.000000,900,1200,1400,1500,1700,1900,2200,2300,2700,2900,3000,27427,2,900.0,929.5860022246019,97.95400800067,3016.2337859992476,4514.670762387428
1776358138,68,,Aggregated,129.200000,0.000000,890,1200,1400,1500,1700,1900,2200,2300,2700,2900,3000,27556,2,890.0,926.3023885127798,97.95400800067,3016.2337859992476,4514.672303672522
1776358139,68,,Aggregated,128.900000,0.000000,880,1200,1400,1500,1700,1900,2200,2300,2700,2900,3000,27688,2,880.0,922.9598716900165,97.95400800067,3016.2337859992476,4514.673865934701
1776358140,68,,Aggregated,129.400000,0.000000,880,1200,1400,1500,1700,1900,2100,2300,2700,2900,3000,27818,2,880.0,919.7067037353573,97.95400800067,3016.2337859992476,4514.675390035229
1776358141,68,,Aggregated,129.500000,0.000000,870,1200,1400,1500,1700,1900,2100,2300,2700,2900,3000,27951,2,870.0,916.3971367403376,97.95400800067,3016.2337859992476,4514.676934635612
1776358142,68,,Aggregated,129.300000,0.000000,870,1200,1400,1500,1700,1900,2100,2300,2700,2900,3000,28084,2,870.0,913.1475873221821,97.95400800067,3016.2337859992476,4514.6784646061815
1776358141,90,,Aggregated,129.500000,0.000000,860,1200,1400,1500,1700,1900,2100,2300,2700,2900,3000,28240,2,860.0,909.5647053234475,97.95400800067,3016.2337859992476,4514.680240793201
1776358142,90,,Aggregated,129.300000,0.000000,860,1200,1400,1500,1700,1900,2100,2300,2700,2900,3000,28394,2,860.0,906.0956382218473,97.95400800067,3016.2337859992476,4514.681975065155
1776358143,90,,Aggregated,131.600000,0.000000,850,1200,1400,1500,1700,1900,2100,2300,2700,2900,3000,28557,2,850.0,902.4263247413294,97.95400800067,3016.2337859992476,4514.683790314109
1776358144,90,,Aggregated,147.000000,0.000000,840,1200,1400,1500,1700,1900,2100,2300,2700,2900,3000,28723,2,840.0,898.6327134980025,97.95400800067,3016.2337859992476,4514.685617797584
1776358145,90,,Aggregated,163.300000,0.000000,840,1200,1400,1500,1700,1900,2100,2300,2700,2900,3000,28887,2,840.0,894.9330716468355,97.95400800067,3016.2337859992476,4514.687402637865
1776358146,90,,Aggregated,168.300000,0.000000,830,1200,1400,1500,1700,1900,2100,2300,2700,2900,3000,29061,2,830.0,890.9660625085219,97.95400800067,3016.2337859992476,4514.689274285124
1776358147,90,,Aggregated,171.700000,0.000000,820,1200,1400,1500,1700,1900,2100,2300,2700,2900,3000,29238,2,820.0,886.9820044854345,97.95400800067,3016.2337859992476,4514.691155345783
1776358148,90,,Aggregated,178.500000,0.000000,820,1200,1400,1500,1700,1900,2100,2300,2700,2900,3000,29405,2,820.0,883.2469590434675,97.95400800067,3016.2337859992476,4514.692909369155
1776358149,90,,Aggregated,185.300000,0.000000,810,1200,1400,1500,1700,1900,2100,2300,2700,2900,3000,29581,2,810.0,879.3686751964831,97.95400800067,3016.2337859992476,4514.694736486258
1776358150,90,,Aggregated,189.300000,0.000000,810,1200,1400,1500,1700,1900,2100,2300,2700,2900,3000,29746,2,810.0,875.7952290291188,97.95400800067,3016.2337859992476,4514.696429772071
1776358151,90,,Aggregated,193.900000,0.000000,800,1200,1400,1500,1700,1900,2100,2200,2700,2900,3000,29921,2,800.0,872.0573270726303,97.95400800067,3016.2337859992476,4514.698205273888
1776358152,90,,Aggregated,197.600000,0.000000,790,1200,1400,1400,1700,1900,2100,2200,2700,2900,3000,30087,2,790.0,868.516294009344,97.95400800067,3016.2337859992476,4514.69987037591
1776358153,90,,Aggregated,199.200000,0.000000,790,1200,1400,1400,1700,1900,2100,2200,2700,2900,3000,30258,2,790.0,864.8964139420692,97.95400800067,3016.2337859992476,4514.70156652786
1776358154,90,,Aggregated,187.700000,0.000000,780,1200,1400,1400,1700,1900,2100,2200,2700,2900,3000,30427,2,780.0,861.3630158765618,97.95400800067,3016.2337859992476,4514.703224110165
1776358155,90,,Aggregated,175.700000,0.000000,780,1200,1400,1400,1700,1900,2100,2200,2700,2900,3000,30592,2,780.0,857.966312968396,97.95400800067,3016.2337859992476,4514.704824790795
1776358156,90,,Aggregated,173.900000,0.000000,770,1200,1300,1400,1700,1900,2100,2200,2700,2900,3000,30771,2,770.0,854.303507015995,97.95400800067,3016.2337859992476,4514.706541873842
1776358157,90,,Aggregated,174.700000,0.000000,760,1200,1300,1400,1700,1900,2100,2200,2700,2900,3000,30943,2,760.0,850.8413826417011,97.95400800067,3016.2337859992476,4514.70817309246
1776358158,90,,Aggregated,172.300000,0.000000,760,1200,1300,1400,1700,1900,2100,2200,2700,2900,3000,31107,2,760.0,847.5947979435218,97.95400800067,3016.2337859992476,4514.709711640467
1776358159,90,,Aggregated,170.000000,0.000000,750,1200,1300,1400,1700,1900,2100,2200,2700,2900,3000,31282,2,750.0,844.1420453546491,97.95400800067,3016.2337859992476,4514.711335592354
1776358160,90,,Aggregated,169.600000,0.000000,740,1200,1300,1400,1700,1900,2100,2200,2700,2900,3000,31442,2,740.0,841.0093409378584,97.95400800067,3016.2337859992476,4514.712804528974
1776358161,90,,Aggregated,168.900000,0.000000,730,1200,1300,1400,1700,1900,2100,2200,2700,2900,3000,31613,2,730.0,837.7275397678856,97.95400800067,3016.2337859992476,4514.7143580172715
1776358162,90,,Aggregated,168.500000,0.000000,720,1100,1300,1400,1700,1900,2100,2200,2700,2900,3000,31780,2,720.0,834.5222533343342,97.95400800067,3016.2337859992476,4514.715859030837
1776358163,90,,Aggregated,169.000000,0.000000,710,1100,1300,1400,1700,1900,2100,2200,2700,2900,3000,31950,2,710.0,831.3004071672032,97.95400800067,3016.2337859992476,4514.717370892019
1776358164,90,,Aggregated,168.800000,0.000000,710,1100,1300,1400,1700,1900,2100,2200,2700,2900,3000,32117,2,710.0,828.171581132145,97.95400800067,3016.2337859992476,4514.7188404894605
1776358165,125,,Aggregated,168.100000,0.000000,700,1100,1300,1400,1700,1900,2100,2200,2700,2900,3000,32337,10,700.0,824.334123061511,97.95400800067,3016.2337859992476,4513.603766583171
1776358166,125,,Aggregated,168.600000,0.000000,680,1100,1300,1400,1700,1900,2100,2200,2700,2900,3000,32581,10,680.0,819.9178023319433,97.95400800067,3016.2337859992476,4513.614223013413
1776358167,125,,Aggregated,171.100000,0.600000,660,1100,1300,1400,1700,1900,2100,2200,2700,2900,3000,32810,10,660.0,815.8181808629095,97.95400800067,3016.2337859992476,4513.623895153916
1776358168,125,,Aggregated,178.400000,0.800000,640,1100,1300,1400,1700,1900,2100,2200,2700,2900,3000,33033,10,640.0,811.9854233723867,97.95400800067,3016.2337859992476,4513.633184996821
1776358169,125,,Aggregated,184.400000,0.800000,620,1100,1300,1400,1700,1900,2100,2200,2700,2900,3000,33272,10,620.0,808.0688321053764,97.95400800067,3016.2337859992476,4513.643003125751
1776358170,125,,Aggregated,190.900000,0.800000,610,1100,1300,1400,1700,1900,2100,2200,2700,2900,3000,33489,10,610.0,804.4113717497411,97.95400800067,3016.2337859992476,4513.651796112156
1776358171,125,,Aggregated,195.800000,0.800000,600,1100,1300,1400,1700,1900,2100,2200,2700,2900,3000,33715,10,600.0,800.6028884476958,97.95400800067,3016.2337859992476,4513.660833456918
1776358172,125,,Aggregated,202.800000,0.800000,580,1100,1300,1400,1700,1900,2100,2200,2700,2900,3000,33961,10,580.0,796.6048820902524,97.95400800067,3016.2337859992476,4513.670533847649
1776358173,125,,Aggregated,207.400000,0.800000,570,1100,1300,1400,1700,1900,2100,2200,2700,2900,3000,34183,10,570.0,793.0067188549887,97.95400800067,3016.2337859992476,4513.679168007489
1776358171,125,,Aggregated,195.800000,0.800000,550,1100,1300,1400,1700,1900,2100,2200,2700,2900,3000,34416,10,550.0,789.2471045739213,97.95400800067,3016.2337859992476,4513.6881101813115
1776358172,125,,Aggregated,202.800000,0.800000,540,1100,1300,1400,1700,1900,2100,2200,2700,2900,3000,34656,10,540.0,785.3977089479775,97.95400800067,3016.2337859992476,4513.697195290859
1776358173,125,,Aggregated,209.500000,0.800000,530,1100,1300,1400,1700,1900,2100,2200,2700,2900,3000,34886,10,530.0,781.7488227503609,97.95400800067,3016.2337859992476,4513.705784555409
1776358174,125,,Aggregated,239.600000,0.800000,520,1000,1300,1400,1700,1900,2100,2200,2700,2900,3000,35122,10,520.0,778.078137157254,97.95400800067,3016.2337859992476,4513.71448095211
1776358175,125,,Aggregated,269.900000,0.800000,510,1000,1300,1400,1700,1900,2100,2200,2700,2900,3000,35354,10,510.0,774.4869052398892,97.95400800067,3016.2337859992476,4513.722916784523
1776358176,125,,Aggregated,285.200000,0.800000,500,1000,1300,1400,1700,1900,2100,2200,2700,2900,3000,35587,10,500.0,770.9726389276717,97.95400800067,3016.2337859992476,4513.7312782757745
1776358177,125,,Aggregated,289.000000,0.200000,490,1000,1300,1400,1700,1900,2100,2200,2700,2900,3000,35823,10,490.0,767.4807972545022,97.95400800067,3016.2337859992476,4513.739636546353
1776358178,125,,Aggregated,287.800000,0.000000,490,1000,1300,1400,1700,1900,2100,2200,2700,2900,3000,36058,10,490.0,764.0461456230531,97.95400800067,3016.2337859992476,4513.7478506850075
1776358179,125,,Aggregated,287.100000,0.000000,480,1000,1300,1400,1700,1900,2100,2200,2700,2900,3000,36285,10,480.0,760.7410554365732,97.95400800067,3016.2337859992476,4513.755684167011
1776358180,125,,Aggregated,288.500000,0.000000,470,990,1300,1400,1700,1900,2100,2200,2700,2900,3000,36526,10,470.0,757.2777877269357,97.95400800067,3016.2337859992476,4513.763894212342
1776358181,125,,Aggregated,289.600000,0.000000,460,990,1300,1400,1700,1900,2100,2200,2700,2900,3000,36751,10,460.0,754.0612871081887,97.95400800067,3016.2337859992476,4513.771462001034
1776358182,125,,Aggregated,288.700000,0.000000,450,980,1300,1400,1700,1900,2100,2200,2700,2900,3000,36989,10,450.0,750.7168348554458,97.95400800067,3016.2337859992476,4513.77936683879
1776358183,125,,Aggregated,288.600000,0.000000,450,970,1200,1400,1700,1900,2100,2200,2700,2900,3000,37219,10,450.0,747.5375500239415,97.95400800067,3016.2337859992476,4513.786909911604
1776358184,125,,Aggregated,264.600000,0.000000,440,960,1200,1400,1700,1900,2100,2200,2700,2900,3000,37451,10,440.0,744.3660694744618,97.95400800067,3016.2337859992476,4513.794424714961
1776358185,125,,Aggregated,241.200000,0.000000,430,960,1200,1400,1700,1900,2100,2200,2700,2900,3000,37688,10,430.0,741.1578379029427,97.95400800067,3016.2337859992476,4513.802005943537
1776358186,125,,Aggregated,232.200000,0.000000,430,950,1200,1400,1700,1900,2100,2200,2700,2900,3000,37924,10,430.0,738.0117900326213,97.95400800067,3016.2337859992476,4513.809461027317
1776358187,165,,Aggregated,231.700000,0.000000,420,950,1200,1400,1700,1900,2100,2200,2700,2900,3000,38206,11,420.0,734.7372560996471,97.95400800067,3016.2337859992476,4513.700073286918
1776358188,167,,Aggregated,232.000000,0.000000,420,940,1200,1300,1600,1800,2100,2200,2700,2900,3000,38518,11,420.0,730.7814781093019,97.95400800067,3016.2337859992476,4513.710602835038
1776358189,167,,Aggregated,233.100000,0.000000,410,930,1200,1300,1600,1800,2100,2200,2700,2900,3000,38819,11,410.0,727.0787166849764,97.95400800067,3016.2337859992476,4513.720600736752
1776358190,167,,Aggregated,237.300000,0.100000,400,930,1200,1300,1600,1800,2000,2200,2700,2900,3000,39125,11,400.0,723.2548181289229,97.95400800067,3016.2337859992476,4513.730607028754
1776358191,167,,Aggregated,245.600000,0.100000,400,920,1200,1300,1600,1800,2000,2200,2700,2900,3000,39439,11,400.0,719.353232031114,97.95400800067,3016.2337859992476,4513.740713506935
1776358192,167,,Aggregated,252.900000,0.100000,390,910,1200,1300,1600,1800,2000,2200,2700,2900,3000,39744,11,390.0,715.6029920362598,97.95400800067,3016.2337859992476,4513.750377415459
1776358193,167,,Aggregated,259.800000,0.100000,380,900,1200,1300,1600,1800,2000,2200,2700,2900,3000,40060,11,380.0,711.7968842932132,97.95400800067,3016.2337859992476,4513.760234648028
1776358194,167,,Aggregated,267.900000,0.100000,370,890,1200,1300,1600,1800,2000,2200,2700,2900,3000,40360,11,370.0,708.239180686896,97.95400800067,3016.2337859992476,4513.769449950446
1776358195,167,,Aggregated,275.500000,0.100000,360,880,1200,1300,1600,1800,2000,2200,2700,2900,3000,40675,11,360.0,704.6728896931074,97.95400800067,3016.2337859992476,4513.778979717271
1776358197,167,,Aggregated,290.200000,0.100000,350,880,1200,1300,1600,1800,2000,2200,2700,2900,3000,40994,11,350.0,701.0233523695699,97.95400800067,3016.2337859992476,4513.788481241158
1776358198,167,,Aggregated,298.200000,0.100000,350,870,1200,1300,1600,1800,2000,2200,2700,2900,3000,41290,11,350.0,697.6950743977511,97.95400800067,3016.2337859992476,4513.797166384113
1776358199,167,,Aggregated,305.900000,0.100000,340,860,1200,1300,1600,1800,2000,2200,2700,2900,3000,41604,11,340.0,694.1714796222512,97.95400800067,3016.2337859992476,4513.806244591866
1776358200,167,,Aggregated,307.400000,0.000000,330,850,1200,1300,1600,1800,2000,2200,2700,2900,3000,41916,11,330.0,690.779159735642,97.95400800067,3016.2337859992476,4513.815130260521
1776358201,167,,Aggregated,307.700000,0.000000,320,840,1200,1300,1600,1800,2000,2200,2700,2900,3000,42238,11,320.0,687.3346608923284,97.95400800067,3016.2337859992476,4513.824163075903
1776358202,167,,Aggregated,308.800000,0.000000,310,840,1200,1300,1600,1800,2000,2200,2700,2900,3000,42535,11,310.0,684.2505371517848,97.95400800067,3016.2337859992476,4513.832373339603
1776358203,167,,Aggregated,309.200000,0.000000,300,830,1200,1300,1600,1800,2000,2200,2700,2900,3000,42813,11,300.0,681.6022449983213,97.95400800067,3016.2337859992476,4513.839955153809
1776358201,167,,Aggregated,307.700000,0.000000,300,820,1200,1300,1600,1800,2000,2200,2700,2900,3000,43098,11,300.0,679.0729054121095,97.95400800067,3016.2337859992476,4513.84762633997
1776358202,167,,Aggregated,308.800000,0.000000,300,820,1100,1300,1600,1800,2000,2200,2700,2900,3000,43365,11,300.0,676.8700251319982,97.95400800067,3016.2337859992476,4513.854721549636
1776358203,167,,Aggregated,313.100000,0.000000,300,810,1100,1300,1600,1800,2000,2200,2700,2900,3000,43620,11,300.0,674.9525313663256,97.95400800067,3016.2337859992476,4513.861416781293
1776358204,167,,Aggregated,340.900000,0.000000,300,800,1100,1300,1600,1800,2000,2200,2700,2900,3000,43854,11,300.0,673.187880165187,97.95400800067,3016.2337859992476,4513.867492132987
1776358205,167,,Aggregated,363.000000,0.000000,300,800,1100,1300,1600,1800,2000,2200,2700,2900,3000,44110,11,300.0,671.6423615093876,97.95400800067,3016.2337859992476,4513.874064837905
1776358206,167,,Aggregated,361.000000,0.000000,300,790,1100,1300,1600,1800,2000,2200,2700,2900,3000,44374,11,300.0,669.6943483143757,97.95400800067,3016.2337859992476,4513.880763510164
1776358207,167,,Aggregated,354.600000,0.000000,300,790,1100,1300,1600,1800,2000,2200,2700,2900,3000,44668,11,300.0,667.343637092955,97.95400800067,3016.2337859992476,4513.888130205069
1776358208,167,,Aggregated,353.100000,0.000000,300,780,1100,1300,1600,1800,2000,2200,2700,2900,3000,44954,11,300.0,664.848777639857,97.95400800067,3016.2337859992476,4513.895203986297
1776358209,167,,Aggregated,351.600000,0.000000,300,770,1100,1300,1600,1800,2000,2200,2700,2900,3000,45238,11,300.0,662.467335607523,97.95400800067,3016.2337859992476,4513.902139793979
1776358210,207,,Aggregated,350.200000,0.000000,300,760,1100,1300,1600,1800,2000,2200,2700,2900,3000,45583,11,300.0,659.7090919643531,97.95400800067,3016.2337859992476,4513.910449070926
1776358211,247,,Aggregated,347.400000,0.000000,290,750,1100,1300,1600,1800,2000,2200,2700,2900,3000,45996,11,290.0,656.4824097511107,97.95400800067,3016.2337859992476,4513.920232194104
1776358212,287,,Aggregated,345.900000,0.000000,290,740,1100,1200,1600,1800,2000,2200,2700,2900,3000,46484,11,290.0,652.6738104287299,97.95400800067,3016.2337859992476,4513.931567851304
1776358213,287,,Aggregated,346.400000,0.000000,290,720,1100,1200,1600,1800,2000,2200,2700,2900,3000,47002,11,290.0,648.4642578573485,97.95400800067,3016.2337859992476,4513.9433428364755
1776358214,287,,Aggregated,331.600000,0.000000,290,700,1100,1200,1600,1800,2000,2200,2700,2900,3000,47482,11,290.0,644.9334639241629,97.95400800067,3016.2337859992476,4513.9540246830375
1776358215,287,,Aggregated,332.600000,0.000000,280,690,1000,1200,1600,1800,2000,2200,2700,2900,3000,47995,11,280.0,640.8027195268287,97.95400800067,3016.2337859992476,4513.965204708824
1776358216,287,,Aggregated,351.500000,0.000000,280,660,1000,1200,1500,1800,2000,2200,2700,2900,3000,48497,11,280.0,636.846044606721,97.95400800067,3016.2337859992476,4513.975916036044
1776358217,287,,Aggregated,380.400000,0.000000,280,640,1000,1200,1500,1800,2000,2200,2700,2900,3000,48983,11,280.0,633.4534865635458,97.95400800067,3016.2337859992476,4513.986076802156
1776358218,287,,Aggregated,400.300000,0.000000,280,610,1000,1200,1500,1800,2000,2200,2700,2900,3000,49490,11,280.0,629.9419116707031,97.95400800067,3016.2337859992476,4513.996463932108
1776358219,287,,Aggregated,417.800000,0.000000,270,600,990,1200,1500,1800,2000,2200,2600,2900,3000,50004,11,270.0,626.0625326235925,97.95400800067,3016.2337859992476,4514.0067794576435
1776358220,287,,Aggregated,440.700000,0.000000,270,580,970,1200,1500,1800,2000,2200,2600,2900,3000,50516,11,270.0,622.4524362309388,97.95400800067,3016.2337859992476,4514.016846147755
1776358221,287,,Aggregated,462.400000,0.000000,270,560,960,1200,1500,1800,2000,2200,2600,2900,3000,51023,11,270.0,618.9162420961363,97.95400800067,3016.2337859992476,4514.026615447935
1776358222,287,,Aggregated,484.300000,0.000000,270,550,960,1200,1500,1800,2000,2200,2600,2900,3000,51513,11,270.0,615.6626180512712,97.95400800067,3016.2337859992476,4514.035874439462
1776358223,287,,Aggregated,498.900000,0.000000,270,530,950,1200,1500,1800,2000,2200,2600,2900,3000,52035,11,270.0,612.2519480894038,97.95400800067,3016.2337859992476,4514.045546266936
1776358224,287,,Aggregated,505.200000,0.000000,270,520,940,1200,1500,1800,2000,2200,2600,2900,3000,52533,11,270.0,609.053031829938,97.95400800067,3016.2337859992476,4514.05459425504
1776358225,287,,Aggregated,501.600000,0.000000,270,510,930,1200,1500,1800,2000,2200,2600,2900,3000,53050,11,270.0,605.6556604327637,97.95400800067,3016.2337859992476,4514.063807728558
1776358226,287,,Aggregated,502.800000,0.000000,270,500,920,1200,1500,1800,2000,2200,2600,2900,3000,53559,11,270.0,602.3439898868562,97.95400800067,3016.2337859992476,4514.072704867529
1776358227,287,,Aggregated,500.700000,0.000000,270,490,910,1100,1500,1800,2000,2200,2600,2900,3000,54080,11,270.0,599.1074648088041,97.95400800067,3016.2337859992476,4514.08163831361
1776358228,287,,Aggregated,503.300000,0.000000,270,480,900,1100,1500,1800,2000,2200,2600,2900,3000,54605,11,270.0,595.8170706484404,97.95400800067,3016.2337859992476,4514.090467905869
1776358229,287,,Aggregated,507.200000,0.000000,260,480,890,1100,1500,1700,2000,2200,2600,2900,3000,55130,11,260.0,592.5434533700724,97.95400800067,3016.2337859992476,4514.099129330673
1776358230,287,,Aggregated,507.400000,0.000000,260,470,880,1100,1500,1700,2000,2100,2600,2900,3000,55640,11,260.0,589.4191838512063,97.95400800067,3016.2337859992476,4514.107386772106
1776358231,287,,Aggregated,507.700000,0.000000,260,460,870,1100,1500,1700,2000,2100,2600,2900,3000,56156,11,260.0,586.3805361579722,97.95400800067,3016.2337859992476,4514.115588717145
1776358232,287,,Aggregated,508.900000,0.000000,260,450,860,1100,1500,1700,2000,2100,2600,2900,3000,56650,11,260.0,583.7191052118278,97.95400800067,3016.2337859992476,4514.123300970874
1776358231,287,,Aggregated,507.700000,0.000000,260,450,850,1100,1500,1700,1900,2100,2600,2900,3000,57135,11,260.0,581.1006523549328,97.95400800067,3016.2337859992476,4514.13074297716
1776358232,287,,Aggregated,508.900000,0.000000,260,440,840,1100,1500,1700,1900,2100,2600,2900,3000,57647,11,260.0,578.1925978957287,97.95400800067,3016.2337859992476,4514.138463406595
1776358233,327,,Aggregated,514.500000,0.000000,260,440,830,1100,1500,1700,1900,2100,2600,2900,3000,58157,19,260.0,576.0993695614131,97.95400800067,3016.2337859992476,4513.524941107691
1776358234,367,,Aggregated,565.700000,0.000000,260,440,820,1100,1500,1700,1900,2100,2600,2900,3000,58705,23,260.0,573.9008173069767,97.95400800067,3016.2337859992476,4513.231070607274
1776358235,407,,Aggregated,612.900000,0.800000,260,430,810,1100,1500,1700,1900,2100,2600,2900,3000,59336,23,260.0,571.3933199894659,97.95400800067,3016.2337859992476,4513.249882027774
1776358236,432,,Aggregated,635.800000,1.200000,260,430,800,1000,1500,1700,1900,2100,2600,2900,3000,59970,23,260.0,569.115415063747,97.95400800067,3016.2337859992476,4513.268384192096
1776358237,432,,Aggregated,649.600000,1.200000,270,430,790,1000,1400,1700,1900,2100,2600,2900,3000,60508,23,270.0,568.1228768783944,97.95400800067,3016.2337859992476,4513.283780657103
1776358238,432,,Aggregated,662.700000,1.200000,270,430,790,1000,1400,1700,1900,2100,2600,2900,3000,61151,23,270.0,566.448065206486,97.95400800067,3016.2337859992476,4513.301826625893
1776358239,432,,Aggregated,664.900000,1.200000,270,430,780,1000,1400,1700,1900,2100,2600,2900,3000,61796,23,270.0,564.4794613082062,97.95400800067,3016.2337859992476,4513.319551427277
1776358240,432,,Aggregated,675.600000,1.200000,270,430,770,1000,1400,1700,1900,2100,2600,2900,3000,62406,23,270.0,562.8134875202214,97.95400800067,3016.2337859992476,4513.335977309874
1776358241,432,,Aggregated,690.000000,1.200000,270,420,760,980,1400,1700,1900,2100,2600,2900,3000,63113,23,270.0,560.4841382612291,97.95400800067,3016.2337859992476,4513.354617907563
1776358242,432,,Aggregated,696.700000,1.200000,270,420,750,970,1400,1700,1900,2100,2600,2900,3000,63820,23,270.0,557.6374518426982,97.95400800067,3016.2337859992476,4513.372845502977
1776358243,432,,Aggregated,708.000000,1.200000,270,420,730,960,1400,1700,1900,2100,2600,2900,3000,64457,23,270.0,555.527683885413,97.95400800067,3016.2337859992476,4513.388925950634
1776358244,432,,Aggregated,678.700000,1.200000,270,410,720,950,1400,1700,1900,2100,2600,2900,3000,65172,23,270.0,552.763184490886,97.95400800067,3016.2337859992476,4513.406600994292
1776358245,432,,Aggregated,645.900000,0.400000,270,410,700,940,1400,1700,1900,2100,2600,2900,3000,65902,23,270.0,550.2922212757742,97.95400800067,3016.2337859992476,4513.4242511608145
1776358246,432,,Aggregated,648.100000,0.000000,270,410,690,930,1400,1700,1900,2100,2600,2900,3000,66632,23,270.0,547.2755239303932,97.95400800067,3016.2337859992476,4513.4415145875855
1776358247,432,,Aggregated,647.200000,0.000000,270,400,670,920,1400,1700,1900,2100,2600,2900,3000,67375,23,270.0,544.4605225270784,97.95400800067,3016.2337859992476,4513.458701298701
1776358248,432,,Aggregated,657.500000,0.000000,270,400,640,910,1400,1700,1900,2100,2600,2900,3000,68100,23,270.0,541.8193406173131,97.95400800067,3016.2337859992476,4513.475110132159
1776358249,432,,Aggregated,677.400000,0.000000,270,390,620,900,1400,1700,1900,2100,2600,2900,3000,68880,23,270.0,538.7425552384165,97.95400800067,3016.2337859992476,4513.492378048781
1776358250,432,,Aggregated,686.000000,0.000000,270,390,610,890,1400,1700,1900,2100,2600,2900,3000,69651,23,270.0,535.7074766404814,97.95400800067,3016.2337859992476,4513.509066632209
1776358251,432,,Aggregated,699.700000,0.000000,270,380,590,880,1400,1700,1900,2100,2600,2900,3000,70363,23,270.0,533.1633371603715,97.95400800067,3016.2337859992476,4513.524153319216
1776358252,432,,Aggregated,715.800000,0.000000,270,380,580,870,1400,1700,1900,2100,2600,2900,3000,71137,23,270.0,530.4391181210643,97.95400800067,3016.2337859992476,4513.540211141881
1776358253,432,,Aggregated,722.000000,0.000000,270,380,560,850,1400,1700,1900,2100,2600,2900,3000,71896,23,270.0,527.7178205757776,97.95400800067,3016.2337859992476,4513.55562200957
1776358254,432,,Aggregated,725.900000,0.000000,270,380,550,840,1400,1700,1900,2100,2600,2900,3000,72659,23,270.0,524.951733035991,97.95400800067,3016.2337859992476,4513.570789578717
1776358255,432,,Aggregated,736.200000,0.000000,270,370,540,830,1400,1700,1900,2100,2600,2900,3000,73411,23,270.0,522.4339996494542,97.95400800067,3016.2337859992476,4513.585429976434
1776358256,432,,Aggregated,738.300000,0.000000,270,370,530,820,1400,1700,1900,2100,2600,2900,3000,74177,23,270.0,519.7146791012046,97.95400800067,3016.2337859992476,4513.60003774755
1776358257,432,,Aggregated,748.600000,0.000000,270,370,520,810,1400,1700,1900,2100,2600,2900,3000,74947,23,270.0,517.0337248897882,97.95400800067,3016.2337859992476,4513.614420857406
1776358258,472,,Aggregated,749.600000,0.000000,270,360,510,800,1400,1700,1900,2100,2600,2900,3000,75730,23,270.0,514.7629666381206,97.95400800067,3016.2337859992476,4513.628746863858
1776358259,486,,Aggregated,754.100000,0.000000,270,360,500,790,1400,1700,1900,2100,2600,2900,3000,76557,23,270.0,512.3363402025404,97.95400800067,3016.2337859992476,4513.643559700615
1776358260,486,,Aggregated,759.900000,0.000000,270,360,500,780,1300,1600,1900,2100,2600,2900,3000,77377,23,270.0,509.848546676789,97.95400800067,3016.2337859992476,4513.657934528348
1776358261,486,,Aggregated,762.800000,0.000000,260,360,490,770,1300,1600,1900,2000,2600,2900,3000,78262,23,260.0,507.0225169851013,97.95400800067,3016.2337859992476,4513.673110832843
1776358262,486,,Aggregated,770.100000,0.000000,260,360,480,760,1300,1600,1900,2000,2600,2900,3000,79087,23,260.0,504.69782099749625,97.95400800067,3016.2337859992476,4513.686952343622
1776358265,486,,Aggregated,806.100000,0.000000,260,360,480,750,1300,1600,1900,2000,2600,2900,3000,79891,23,260.0,502.6951976789851,97.95400800067,3016.2337859992476,4513.700166476825
1776358261,486,,Aggregated,762.800000,0.000000,260,350,480,730,1300,1600,1900,2000,2600,2900,3000,80623,23,260.0,500.9127880155635,97.95400800067,3016.2337859992476,4513.7119680488195
1776358262,486,,Aggregated,770.100000,0.000000,260,360,480,720,1300,1600,1900,2000,2600,2900,3000,81351,23,260.0,499.89174388648826,97.95400800067,3016.2337859992476,4513.723494486853
1776358263,486,,Aggregated,794.400000,0.000000,270,360,480,720,1300,1600,1900,2000,2600,2900,3000,82051,23,270.0,498.8801411291716,97.95400800067,3016.2337859992476,4513.734384711947
1776358264,486,,Aggregated,872.600000,0.000000,270,360,480,710,1300,1600,1900,2000,2600,2900,3000,82761,23,270.0,497.99919520698955,97.95400800067,3016.2337859992476,4513.745242324283
1776358265,486,,Aggregated,950.200000,0.000000,270,360,480,700,1300,1600,1900,2000,2600,2900,3000,83551,23,270.0,496.6860304014271,97.95400800067,3016.2337859992476,4513.757106437984
1776358266,486,,Aggregated,953.300000,0.000000,270,350,470,690,1300,1600,1900,2000,2600,2900,3000,84376,23,270.0,494.5124884293004,97.95400800067,3016.2337859992476,4513.769259031004
1776358267,486,,Aggregated,952.000000,0.000000,270,350,470,680,1300,1600,1900,2000,2600,2900,3000,85243,23,270.0,492.4639021908251,97.95400800067,3016.2337859992476,4513.781776802787
1776358268,486,,Aggregated,963.100000,0.000000,270,350,460,660,1300,1600,1900,2000,2600,2900,3000,86025,23,270.0,490.6403944858409,97.95400800067,3016.2337859992476,4513.792850915432
1776358269,486,,Aggregated,981.700000,0.000000,260,350,460,650,1300,1600,1900,2000,2600,2900,3000,86846,23,260.0,488.9607112282581,97.95400800067,3016.2337859992476,4513.804262717915
1776358270,486,,Aggregated,986.400000,0.000000,260,350,460,640,1300,1600,1900,2000,2600,2900,3000,87657,23,260.0,487.22722901473065,97.95400800067,3016.2337859992476,4513.815325644273
1776358271,486,,Aggregated,982.000000,0.000000,260,350,460,630,1300,1600,1900,2000,2600,2900,3000,88468,23,260.0,485.531736521299,97.95400800067,3016.2337859992476,4513.826185739476
1776358272,486,,Aggregated,984.000000,0.000000,260,350,450,620,1300,1600,1900,2000,2500,2900,3000,89259,23,260.0,483.95973481825155,97.95400800067,3016.2337859992476,4513.836587907102
1776358273,486,,Aggregated,964.500000,0.000000,260,350,450,620,1300,1600,1900,2000,2500,2900,3000,90101,23,260.0,482.4024404227502,97.95400800067,3016.2337859992476,4513.847460072585
1776358274,486,,Aggregated,891.500000,0.000000,260,350,450,610,1300,1600,1900,2000,2500,2900,3000,90897,23,260.0,480.8907642764352,97.95400800067,3016.2337859992476,4513.857553054556
1776358275,486,,Aggregated,817.000000,0.000000,260,350,450,600,1300,1600,1900,2000,2500,2900,3000,91684,23,260.0,479.4999123516429,97.95400800067,3016.2337859992476,4513.8673596265435
1776358276,486,,Aggregated,820.500000,0.000000,260,350,450,590,1300,1600,1900,2000,2500,2900,3000,92469,23,260.0,478.1465756816329,97.95400800067,3016.2337859992476,4513.876974986211
1776358277,486,,Aggregated,823.800000,0.000000,260,340,450,590,1200,1600,1900,2000,2500,2900,3000,93291,23,260.0,476.68455134711724,97.95400800067,3016.2337859992476,4513.886870116088
1776358278,486,,Aggregated,813.900000,0.000000,260,340,440,580,1200,1600,1900,2000,2500,2900,3000,94049,23,260.0,475.233823609937,97.95400800067,3016.2337859992476,4513.8958415294155
1776358279,486,,Aggregated,797.400000,0.000000,260,340,440,580,1200,1600,1900,2000,2500,2900,3000,94836,23,260.0,474.1050983371396,97.95400800067,3016.2337859992476,4513.905004428698
1776358280,480,,Aggregated,797.600000,0.000000,260,340,440,570,1200,1600,1900,2000,2500,2900,3000,95641,23,260.0,472.6219862990031,97.95400800067,3016.2337859992476,4513.914220888531
1776358282,480,,Aggregated,789.100000,0.000000,260,340,440,560,1200,1600,1800,2000,2500,2900,3000,96467,23,260.0,471.2364703776627,97.95400800067,3016.2337859992476,4513.923517886946
1776358283,480,,Aggregated,790.400000,0.000000,260,340,440,550,1200,1500,1800,2000,2500,2900,3000,97284,23,260.0,469.84206805081965,97.95400800067,3016.2337859992476,4513.932558282965
1776358284,480,,Aggregated,787.800000,0.000000,260,340,430,550,1200,1500,1800,2000,2500,2900,3000,98092,23,260.0,468.22478077106985,97.95400800067,3016.2337859992476,4513.941350976635
1776358285,480,,Aggregated,792.900000,0.000000,260,340,430,540,1200,1500,1800,2000,2500,2900,3000,98923,23,260.0,466.6200349038524,97.95400800067,3016.2337859992476,4513.9502441292725
1776358286,480,,Aggregated,790.400000,0.000000,260,340,430,540,1200,1500,1800,2000,2500,2900,3000,99798,23,260.0,464.83528156596265,97.95400800067,3016.2337859992476,4513.959448085132
1776358287,480,,Aggregated,796.600000,0.000000,260,340,430,530,1200,1500,1800,2000,2500,2900,3000,100649,23,260.0,463.1569846327725,97.95400800067,3016.2337859992476,4513.968246082922
1776358288,480,,Aggregated,806.100000,0.000000,260,340,420,530,1200,1500,1800,2000,2500,2900,3000,101462,23,260.0,461.77192824800375,97.95400800067,3016.2337859992476,4513.976513374465
1776358289,480,,Aggregated,810.700000,0.000000,260,340,420,520,1200,1500,1800,2000,2500,2900,3000,102257,23,260.0,460.43148521767705,97.95400800067,3016.2337859992476,4513.984470500797
1776358290,480,,Aggregated,809.100000,0.000000,260,330,420,520,1200,1500,1800,2000,2500,2900,3000,103047,23,260.0,459.2495006567586,97.95400800067,3016.2337859992476,4513.992255960872
1776358291,480,,Aggregated,815.000000,0.000000,260,330,420,510,1200,1500,1800,2000,2500,2900,3000,103841,23,260.0,458.06767349488143,97.95400800067,3016.2337859992476,4513.99996147957
1776358292,480,,Aggregated,815.000000,0.000000,260,330,420,510,1200,1500,1800,2000,2500,2900,3000,104620,23,260.0,456.8572703958708,97.95400800067,3016.2337859992476,4514.007407761423
1776358293,480,,Aggregated,813.100000,0.000000,260,330,420,510,1200,1500,1800,2000,2500,2900,3000,105413,23,260.0,455.74144544965094,97.95400800067,3016.2337859992476,4514.014874825685
1776358291,480,,Aggregated,815.000000,0.000000,260,330,420,510,1200,1500,1800,2000,2500,2900,3000,106248,23,260.0,454.5348131764738,97.95400800067,3016.2337859992476,4514.022616896318
1776358292,480,,Aggregated,815.000000,0.000000,260,330,420,500,1200,1500,1800,2000,2500,2900,3000,107107,23,260.0,453.0955301623516,97.95400800067,3016.2337859992476,4514.030455525783
1776358293,480,,Aggregated,820.500000,0.000000,260,330,410,500,1200,1500,1800,2000,2500,2900,3000,107932,23,260.0,451.7388292755066,97.95400800067,3016.2337859992476,4514.037866434422
1776358294,480,,Aggregated,902.900000,0.000000,260,330,410,490,1100,1500,1800,2000,2500,2900,3000,108775,23,260.0,450.3461879132885,97.95400800067,3016.2337859992476,4514.045322914272
1776358295,480,,Aggregated,982.700000,0.000000,260,330,410,490,1100,1500,1800,2000,2500,2900,3000,109561,23,260.0,449.09386487129603,97.95400800067,3016.2337859992476,4514.052171849472
1776358296,480,,Aggregated,1021.200000,0.000000,260,330,410,490,1100,1500,1800,2000,2500,2900,3000,110387,23,260.0,447.8479585982588,97.95400800067,3016.2337859992476,4514.059264224954
1776358297,480,,Aggregated,1020.600000,0.000000,260,330,410,490,1100,1500,1800,2000,2500,2900,3000,111177,23,260.0,446.8835538476563,97.95400800067,3016.2337859992476,4514.065948892307
1776358298,480,,Aggregated,1014.900000,0.000000,260,330,410,490,1100,1500,1800,2000,2500,2900,3000,111982,23,260.0,445.8965318267123,97.95400800067,3016.2337859992476,4514.072663463771
1776358299,480,,Aggregated,1011.100000,0.000000,260,330,410,480,1100,1500,1800,2000,2500,2900,3000,112815,23,260.0,444.6946213922167,97.95400800067,3016.2337859992476,4514.079510703364
1776358300,480,,Aggregated,1009.100000,0.000000,260,330,410,480,1100,1500,1800,2000,2500,2900,3000,113626,23,260.0,443.54651388485837,97.95400800067,3016.2337859992476,4514.086080650555
1776358301,480,,Aggregated,1010.300000,0.000000,260,330,410,480,1100,1500,1800,1900,2500,2900,3000,114442,23,260.0,442.55497683600413,97.95400800067,3016.2337859992476,4514.092597123434
1776358302,480,,Aggregated,1012.200000,0.000000,260,330,400,480,1100,1500,1800,1900,2500,2900,3000,115228,23,260.0,441.67795748148865,97.95400800067,3016.2337859992476,4514.098786753219
1776358303,520,,Aggregated,1007.400000,0.000000,260,330,400,480,1100,1500,1800,1900,2500,2900,3000,116000,23,260.0,440.97143010839574,97.95400800067,3016.2337859992476,4514.104784482759
1776358304,555,,Aggregated,926.200000,0.000000,260,330,400,480,1100,1500,1800,1900,2500,2900,3000,116817,23,260.0,440.3559814591198,97.95400800067,3016.2337859992476,4514.111045481394
1776358305,555,,Aggregated,836.100000,0.000000,260,330,410,480,1100,1500,1800,1900,2500,2900,3000,117678,23,260.0,439.85581697150695,97.95400800067,3016.2337859992476,4514.117549584459
1776358306,555,,Aggregated,802.800000,0.000000,260,330,400,470,1100,1500,1800,1900,2500,2900,3000,118603,23,260.0,438.84428870700543,97.95400800067,3016.2337859992476,4514.124431928366
1776358307,555,,Aggregated,802.800000,0.000000,260,330,400,470,1100,1500,1800,1900,2500,2900,3000,119490,23,260.0,437.8442268175494,97.95400800067,3016.2337859992476,4514.1309314587
1776358308,555,,Aggregated,810.300000,0.000000,260,330,400,470,1000,1500,1800,1900,2500,2900,3000,120314,23,260.0,437.2982808264956,97.95400800067,3016.2337859992476,4514.136883488206
1776358309,555,,Aggregated,819.500000,0.000000,260,330,400,470,1000,1400,1800,1900,2500,2900,3000,121255,23,260.0,436.3669689222138,97.95400800067,3016.2337859992476,4514.143581707971
1776358310,555,,Aggregated,829.700000,0.000000,260,330,400,470,1000,1400,1800,1900,2500,2900,3000,122030,23,260.0,435.8440994052282,97.95400800067,3016.2337859992476,4514.149020732607
1776358311,555,,Aggregated,833.600000,0.000000,260,330,400,470,1000,1400,1800,1900,2500,2900,3000,122943,23,260.0,435.1014386489834,97.95400800067,3016.2337859992476,4514.155340279642
1776358312,555,,Aggregated,844.100000,0.000000,260,330,400,470,1000,1400,1800,1900,2500,2900,3000,123897,23,260.0,434.1252818072744,97.95400800067,3016.2337859992476,4514.161844112448
1776358313,555,,Aggregated,842.900000,0.000000,260,330,400,470,1000,1400,1800,1900,2500,2900,3000,124799,23,260.0,433.17319396557576,97.95400800067,3016.2337859992476,4514.167901986394
1776358314,555,,Aggregated,854.600000,0.000000,260,330,400,460,990,1400,1800,1900,2500,2900,3000,125729,23,260.0,432.2065629722652,97.95400800067,3016.2337859992476,4514.174056900159
1776358315,555,,Aggregated,872.100000,0.000000,260,330,400,460,980,1400,1800,1900,2500,2900,3000,126605,23,260.0,431.46449413682615,97.95400800067,3016.2337859992476,4514.179771730975
1776358316,555,,Aggregated,879.800000,0.000000,260,330,400,460,970,1400,1800,1900,2500,2900,3000,127549,23,260.0,430.56796260067796,97.95400800067,3016.2337859992476,4514.185842303742
1776358317,555,,Aggregated,890.200000,0.000000,260,330,400,460,970,1400,1800,1900,2500,2900,3000,128439,23,260.0,429.7991407312176,97.95400800067,3016.2337859992476,4514.191483895079
1776358318,555,,Aggregated,889.100000,0.000000,260,330,400,460,960,1400,1800,1900,2500,2900,3000,129268,23,260.0,429.22227089473705,97.95400800067,3016.2337859992476,4514.196668935854
1776358319,555,,Aggregated,890.200000,0.000000,260,330,400,460,950,1400,1800,1900,2500,2800,3000,130221,23,260.0,428.4009571942607,97.95400800067,3016.2337859992476,4514.202547976133
1776358320,555,,Aggregated,887.700000,0.000000,260,330,400,460,950,1400,1800,1900,2500,2800,3000,131161,23,260.0,427.468836884926,97.95400800067,3016.2337859992476,4514.208263126997
1776358321,555,,Aggregated,893.300000,0.000000,260,330,400,460,940,1400,1800,1900,2500,2800,3000,132063,23,260.0,426.73084049868436,97.95400800067,3016.2337859992476,4514.213670748052
1776358322,555,,Aggregated,895.700000,0.000000,260,330,400,460,940,1400,1800,1900,2500,2800,3000,132955,23,260.0,426.0128593488454,97.95400800067,3016.2337859992476,4514.218946260013
1776358321,555,,Aggregated,893.300000,0.000000,260,330,400,460,930,1400,1800,1900,2500,2800,3000,133847,23,260.0,425.3930297821296,97.95400800067,3016.2337859992476,4514.224151456514
1776358322,555,,Aggregated,895.700000,0.000000,260,330,400,460,930,1400,1800,1900,2500,2800,3000,134579,23,260.0,425.1016739554879,97.95400800067,3016.2337859992476,4514.228371439824
1776358323,555,,Aggregated,910.000000,0.000000,260,330,400,460,920,1400,1800,1900,2500,2800,3000,135417,23,260.0,424.94092403529464,97.95400800067,3016.2337859992476,4514.233146503024
1776358324,555,,Aggregated,983.600000,0.000000,260,330,400,460,920,1400,1800,1900,2500,2800,3000,136213,23,260.0,424.94245458459545,97.95400800067,3016.2337859992476,4514.237627832879
1776358325,555,,Aggregated,1061.500000,0.000000,260,330,400,460,910,1400,1800,1900,2500,2800,3000,137079,23,260.0,424.54545441841873,97.95400800067,3016.2337859992476,4514.242444138052
1776358326,579,,Aggregated,1058.900000,0.000000,260,330,400,460,910,1400,1700,1900,2500,2800,3000,138009,23,260.0,423.8623275276645,97.95400800067,3016.2337859992476,4514.247549072887
1776358327,579,,Aggregated,1052.200000,0.000000,270,330,400,460,900,1400,1700,1900,2500,2800,3000,138892,23,270.0,423.34471906497396,97.95400800067,3016.2337859992476,4514.252332747747
1776358328,579,,Aggregated,1066.800000,0.000000,270,330,400,460,890,1400,1700,1900,2500,2800,3000,139799,23,270.0,422.83855859634417,97.95400800067,3016.2337859992476,4514.2571835277795
1776358329,579,,Aggregated,1080.200000,0.000000,270,330,400,460,890,1400,1700,1900,2500,2800,3000,140677,23,270.0,422.26388454446186,97.95400800067,3016.2337859992476,4514.261819629363
1776358330,579,,Aggregated,1083.000000,0.000000,270,330,400,460,880,1400,1700,1900,2500,2800,3000,141659,23,270.0,421.4867068662787,97.95400800067,3016.2337859992476,4514.266936798933
1776358331,579,,Aggregated,1081.800000,0.000000,270,330,400,460,870,1400,1700,1900,2500,2800,3000,142602,23,270.0,420.8140129674905,97.95400800067,3016.2337859992476,4514.271784406951
1776358332,579,,Aggregated,1084.700000,0.000000,270,330,400,450,870,1400,1700,1900,2500,2800,3000,143500,23,270.0,420.22609362612667,97.95400800067,3016.2337859992476,4514.276341463415
1776358333,579,,Aggregated,1086.300000,0.000000,270,330,400,450,860,1400,1700,1900,2500,2800,3000,144422,23,270.0,419.6453979869214,97.95400800067,3016.2337859992476,4514.280961349379
1776358334,579,,Aggregated,1010.000000,0.000000,270,330,400,450,860,1400,1700,1900,2500,2800,3000,145303,23,270.0,419.18889829652613,97.95400800067,3016.2337859992476,4514.285321018837
1776358335,579,,Aggregated,932.400000,0.000000,270,330,400,450,860,1400,1700,1900,2400,2800,3000,146217,23,270.0,418.7577850229052,97.95400800067,3016.2337859992476,4514.289788465089
1776358336,579,,Aggregated,932.700000,0.000000,270,330,400,450,850,1400,1700,1900,2400,2800,3000,147103,23,270.0,418.33004891011103,97.95400800067,3016.2337859992476,4514.2940660625545
1776358337,579,,Aggregated,933.600000,0.000000,270,330,400,450,850,1400,1700,1900,2400,2800,3000,148002,23,270.0,417.85790209246454,97.95400800067,3016.2337859992476,4514.298354076296
1776358338,579,,Aggregated,923.100000,0.000000,270,330,400,450,840,1400,1700,1900,2400,2800,3000,148913,23,270.0,417.4616668209083,97.95400800067,3016.2337859992476,4514.302646511722
1776358339,579,,Aggregated,908.500000,0.000000,270,330,400,450,840,1400,1700,1900,2400,2800,3000,149834,23,270.0,416.93429537198443,97.95400800067,3016.2337859992476,4514.30693300586
1776358340,579,,Aggregated,910.400000,0.000000,270,330,400,450,830,1400,1700,1900,2400,2800,3000,150766,23,270.0,416.43582364769725,97.95400800067,3016.2337859992476,4514.31121738323
1776358341,579,,Aggregated,911.800000,0.000000,270,330,390,450,830,1400,1700,1900,2400,2800,3000,151688,23,270.0,415.8671666053458,97.95400800067,3016.2337859992476,4514.3154039871315
1776358342,579,,Aggregated,907.800000,0.000000,270,330,400,450,820,1400,1700,1900,2400,2800,3000,152597,23,270.0,415.48368777013116,97.95400800067,3016.2337859992476,4514.319482034378
1776358343,579,,Aggregated,904.600000,0.000000,270,330,390,450,820,1400,1700,1900,2400,2800,3000,153526,23,270.0,414.8913893207841,97.95400800067,3016.2337859992476,4514.323599911416
1776358344,579,,Aggregated,906.400000,0.000000,270,330,390,450,820,1300,1700,1900,2400,2800,3000,154406,23,270.0,414.47218992728097,97.95400800067,3016.2337859992476,4514.32745489165
1776358345,579,,Aggregated,906.500000,0.000000,270,330,390,450,810,1300,1700,1900,2400,2800,3000,155310,23,270.0,414.1008853944738,97.95400800067,3016.2337859992476,4514.331369519026
1776358346,579,,Aggregated,906.500000,0.000000,270,330,390,450,810,1300,1700,1900,2400,2800,3000,156266,23,270.0,413.55989461439316,97.95400800067,3016.2337859992476,4514.335460048891
1776358347,579,,Aggregated,908.900000,0.000000,270,330,390,450,800,1300,1700,1900,2400,2800,3000,157166,23,270.0,413.0422612059785,97.95400800067,3016.2337859992476,4514.339265489992
1776358348,579,,Aggregated,909.400000,0.000000,270,330,390,450,800,1300,1700,1900,2400,2800,3000,158068,23,270.0,412.53488715219913,97.95400800067,3016.2337859992476,4514.343035908596
1776358349,579,,Aggregated,914.400000,0.000000,270,330,390,450,800,1300,1700,1900,2400,2800,3000,159011,23,270.0,412.1147265936929,97.95400800067,3016.2337859992476,4514.346931973259
1776358350,600,,Aggregated,911.900000,0.000000,270,330,390,450,790,1300,1700,1900,2400,2800,3000,159925,23,270.0,411.7938522807552,97.95400800067,3016.2337859992476,4514.350664373926
1776358351,600,,Aggregated,912.100000,0.000000,270,330,390,450,790,1300,1700,1900,2400,2800,3000,160903,23,270.0,411.14188825583653,97.95400800067,3016.2337859992476,4514.354611163248
1776358352,600,,Aggregated,908.000000,0.000000,270,330,390,450,790,1300,1700,1900,2400,2800,3000,161830,23,270.0,410.75435252899877,97.95400800067,3016.2337859992476,4514.358308101094
1776358350,600,,Aggregated,911.900000,0.000000,270,330,390,450,780,1300,1700,1900,2400,2800,3000,162766,23,270.0,410.410916379428,97.95400800067,3016.2337859992476,4514.361998206014
1776358351,600,,Aggregated,912.100000,0.000000,270,330,390,450,780,1300,1700,1900,2400,2800,3000,163604,23,270.0,410.1690389209182,97.95400800067,3016.2337859992476,4514.365266130412
1776358352,600,,Aggregated,908.000000,0.000000,270,330,390,450,780,1300,1700,1900,2400,2800,3000,164539,23,270.0,409.93751615325795,97.95400800067,3016.2337859992476,4514.368873033141
1776358353,600,,Aggregated,927.100000,0.000000,270,330,390,450,770,1300,1700,1900,2400,2800,3000,165437,23,270.0,409.83232353990417,97.95400800067,3016.2337859992476,4514.372298820699
1776358354,600,,Aggregated,1013.700000,0.000000,270,330,390,450,770,1300,1700,1900,2400,2800,3000,166377,23,270.0,409.467816608914,97.95400800067,3016.2337859992476,4514.37584521899
1776358355,600,,Aggregated,1104.500000,0.000000,270,330,390,450,770,1300,1700,1900,2400,2800,3000,167354,23,270.0,408.9101516651791,97.95400800067,3016.2337859992476,4514.379488987416
1776358356,600,,Aggregated,1136.700000,0.000000,270,330,390,450,760,1300,1700,1900,2400,2800,3000,168201,23,270.0,408.601989652577,97.95400800067,3016.2337859992476,4514.382613658659
1776358357,600,,Aggregated,1143.200000,0.000000,270,330,390,450,760,1300,1700,1900,2400,2800,3000,169183,23,270.0,408.26540774451865,97.95400800067,3016.2337859992476,4514.386197194754
1776358358,600,,Aggregated,1148.600000,0.000000,270,330,390,450,750,1300,1700,1900,2400,2700,3000,170127,23,270.0,407.85789145358524,97.95400800067,3016.2337859992476,4514.389603061242
1776358359,600,,Aggregated,1137.100000,0.000000,270,330,390,450,750,1300,1700,1900,2400,2700,3000,171062,23,270.0,407.5021512106487,97.95400800067,3016.2337859992476,4514.392939402088
1776358360,600,,Aggregated,1147.700000,0.000000,270,330,390,450,750,1300,1700,1900,2400,2700,3000,171990,23,270.0,407.1339970297865,97.95400800067,3016.2337859992476,4514.396214896215
1776358361,600,,Aggregated,1149.000000,0.000000,270,330,390,450,750,1300,1700,1900,2400,2700,3000,172839,23,270.0,406.9538629224646,97.95400800067,3016.2337859992476,4514.399180740458
1776358362,600,,Aggregated,1153.800000,0.000000,270,330,400,450,750,1300,1700,1900,2400,2700,3000,173810,23,270.0,406.72477476605326,97.95400800067,3016.2337859992476,4514.402537253322
1776358364,600,,Aggregated,1042.300000,0.000000,270,330,400,450,740,1300,1700,1900,2400,2700,3000,174752,23,270.0,406.339976471168,97.95400800067,3016.2337859992476,4514.405757874016
1776358365,600,,Aggregated,957.900000,0.000000,270,330,400,450,740,1300,1700,1900,2400,2700,3000,175534,23,270.0,406.4703141774042,97.95400800067,3016.2337859992476,4514.408405209248
1776358366,600,,Aggregated,926.000000,0.000000,270,330,400,450,740,1300,1700,1900,2400,2700,3000,176458,23,270.0,406.16635496372817,97.95400800067,3016.2337859992476,4514.4115030205485
1776358367,600,,Aggregated,910.300000,0.000000,270,330,400,450,740,1300,1700,1900,2400,2700,3000,177401,23,270.0,405.80247333717085,97.95400800067,3016.2337859992476,4514.414631259125
1776358368,600,,Aggregated,904.600000,0.000000,270,330,400,450,730,1300,1700,1900,2400,2700,3000,178325,23,270.0,405.47988386117794,97.95400800067,3016.2337859992476,4514.41766437684
1776358369,600,,Aggregated,914.600000,0.000000,270,330,400,450,730,1300,1700,1900,2400,2700,3000,179195,23,270.0,405.24406031150704,97.95400800067,3016.2337859992476,4514.420491643182
1776358370,600,,Aggregated,906.300000,0.000000,270,330,400,450,730,1300,1700,1900,2400,2700,3000,180157,23,270.0,404.94710389846443,97.95400800067,3016.2337859992476,4514.423586094351
1776358371,600,,Aggregated,901.700000,0.000000,270,330,400,450,730,1300,1700,1900,2400,2700,3000,181067,23,270.0,404.525879481714,97.95400800067,3016.2337859992476,4514.426483014575
1776358372,600,,Aggregated,904.400000,0.000000,270,330,400,450,720,1300,1700,1900,2400,2700,3000,182006,23,270.0,404.4695511272839,97.95400800067,3016.2337859992476,4514.429441886531
1776358373,587,,Aggregated,905.500000,0.000000,270,330,400,450,720,1300,1700,1900,2400,2700,3000,182934,23,270.0,404.1704237158121,97.95400800067,3016.2337859992476,4514.432336252419
1776358374,587,,Aggregated,908.600000,0.000000,270,330,400,450,720,1300,1700,1900,2400,2700,3000,183777,23,270.0,404.07358710195035,97.95400800067,3016.2337859992476,4514.4349401720565
1776358375,587,,Aggregated,903.800000,0.000000,270,330,400,450,720,1300,1700,1900,2400,2700,3000,184669,23,270.0,403.80546740264015,97.95400800067,3016.2337859992476,4514.437669560132
1776358376,587,,Aggregated,892.300000,0.000000,270,330,400,450,720,1300,1700,1900,2400,2700,3000,185612,23,270.0,403.599161959405,97.95400800067,3016.2337859992476,4514.440526474581
1776358377,587,,Aggregated,906.100000,0.000000,270,330,400,450,710,1200,1700,1900,2400,2700,3000,186526,23,270.0,403.20321025668346,97.95400800067,3016.2337859992476,4514.443267962643
1776358378,587,,Aggregated,904.200000,0.000000,270,330,400,450,710,1200,1700,1900,2400,2700,3000,187485,23,270.0,402.89608464743424,97.95400800067,3016.2337859992476,4514.446115689255
1776358379,587,,Aggregated,902.800000,0.000000,270,330,400,450,710,1200,1700,1900,2400,2700,3000,188432,23,270.0,402.52510617051314,97.95400800067,3016.2337859992476,4514.448899337692
1776358380,587,,Aggregated,906.500000,0.000000,270,330,400,450,710,1200,1700,1900,2400,2700,3000,189386,23,270.0,402.00600346761297,97.95400800067,3016.2337859992476,4514.451675414233
1776358381,587,,Aggregated,911.600000,0.000000,270,330,400,450,700,1200,1700,1900,2400,2700,3000,190280,23,270.0,401.6905389688955,97.95400800067,3016.2337859992476,4514.454251629178
1776358382,587,,Aggregated,910.300000,0.000000,270,330,400,450,700,1200,1700,1900,2400,2700,3000,191277,23,270.0,401.22410354791896,97.95400800067,3016.2337859992476,4514.457096253078
1776358380,587,,Aggregated,906.500000,0.000000,270,330,400,450,700,1200,1600,1800,2400,2700,3000,192189,23,270.0,400.913374690973,97.95400800067,3016.2337859992476,4514.459672509873
1776358381,587,,Aggregated,911.600000,0.000000,270,330,400,450,700,1200,1600,1800,2400,2700,3000,193043,23,270.0,400.6990332227508,97.95400800067,3016.2337859992476,4514.462062856462
1776358382,587,,Aggregated,910.300000,0.000000,270,330,400,450,700,1200,1600,1800,2400,2700,3000,193906,23,270.0,400.74824974609606,97.95400800067,3016.2337859992476,4514.46445700494
1776358383,587,,Aggregated,926.700000,0.000000,270,340,400,450,690,1200,1600,1800,2400,2700,3000,194663,23,270.0,400.72101842628336,97.95400800067,3016.2337859992476,4514.466539609479
1776358384,587,,Aggregated,1016.800000,0.000000,270,340,400,450,690,1200,1600,1800,2400,2700,3000,195457,23,270.0,400.88347265648974,97.95400800067,3016.2337859992476,4514.468706672055
1776358385,587,,Aggregated,1104.800000,0.000000,270,340,400,450,700,1200,1600,1800,2400,2700,3000,196275,23,270.0,401.07912733423257,97.95400800067,3016.2337859992476,4514.470920901796
1776358386,587,,Aggregated,1109.400000,0.000000,270,340,400,450,690,1200,1600,1800,2400,2700,3000,197170,23,270.0,400.9532155355154,97.95400800067,3016.2337859992476,4514.473322513567
1776358387,587,,Aggregated,1092.600000,0.000000,270,340,400,450,690,1200,1600,1800,2400,2700,3000,198077,23,270.0,400.76129776791703,97.95400800067,3016.2337859992476,4514.4757341841805
1776358388,587,,Aggregated,1094.000000,0.000000,270,340,400,450,690,1200,1600,1800,2400,2700,3000,199081,23,270.0,400.28650536115236,97.95400800067,3016.2337859992476,4514.478378147588
1776358389,587,,Aggregated,1099.600000,0.000000,270,340,400,450,690,1200,1600,1800,2300,2700,3000,200030,23,270.0,399.8660662297486,97.95400800067,3016.2337859992476,4514.48085287207
1776358390,587,,Aggregated,1101.200000,0.000000,270,340,400,450,690,1200,1600,1800,2300,2700,3000,200997,23,270.0,399.422911651376,97.95400800067,3016.2337859992476,4514.483350497769
1776358391,587,,Aggregated,1101.700000,0.000000,270,340,400,450,680,1200,1600,1800,2300,2700,3000,201953,23,270.0,398.9714695323943,97.95400800067,3016.2337859992476,4514.485796200106
1776358392,587,,Aggregated,1103.700000,0.000000,270,340,400,450,680,1200,1600,1800,2300,2700,3000,202946,23,270.0,398.498565187127,97.95400800067,3016.2337859992476,4514.488312161856
1776358393,587,,Aggregated,1091.900000,0.000000,270,340,400,450,680,1200,1600,1800,2300,2700,3000,203952,23,270.0,397.99027641568017,97.95400800067,3016.2337859992476,4514.490836079078
1776358394,587,,Aggregated,1006.600000,0.000000,270,340,400,440,680,1200,1600,1800,2300,2700,3000,204913,23,270.0,397.5508782147486,97.95400800067,3016.2337859992476,4514.49322395358
1776358395,593,,Aggregated,928.100000,0.000000,270,330,400,440,670,1200,1600,1800,2300,2700,3000,205857,23,270.0,397.125785340793,97.95400800067,3016.2337859992476,4514.495547880325
1776358396,593,,Aggregated,940.200000,0.000000,270,330,400,440,670,1200,1600,1800,2300,2700,3000,206848,23,270.0,396.6837781829188,97.95400800067,3016.2337859992476,4514.497964689047
1776358397,593,,Aggregated,962.100000,0.000000,270,330,400,440,670,1200,1600,1800,2300,2700,3000,207802,23,270.0,396.36839817830156,97.95400800067,3016.2337859992476,4514.5002694873
1776358398,593,,Aggregated,965.500000,0.000000,270,330,400,440,670,1200,1600,1800,2300,2700,3000,208745,23,270.0,396.0583423267161,97.95400800067,3016.2337859992476,4514.502527006635
1776358399,593,,Aggregated,964.000000,0.000000,270,330,390,440,660,1200,1600,1800,2300,2700,3000,209670,23,270.0,395.6816206810872,97.95400800067,3016.2337859992476,4514.504721705537
1776358400,593,,Aggregated,964.500000,0.000000,270,330,390,440,660,1200,1600,1800,2300,2700,3000,210644,23,270.0,395.3477954128943,97.95400800067,3016.2337859992476,4514.507011830387
1776358401,593,,Aggregated,964.100000,0.000000,270,330,390,440,660,1200,1600,1800,2300,2700,3000,211621,23,270.0,394.95218050960784,97.95400800067,3016.2337859992476,4514.509287830603
1776358402,593,,Aggregated,961.700000,0.000000,270,330,390,440,660,1200,1600,1800,2300,2700,3000,212599,23,270.0,394.54039701009174,97.95400800067,3016.2337859992476,4514.511545209526
1776358403,593,,Aggregated,961.200000,0.000000,270,330,390,440,660,1200,1600,1800,2300,2700,3000,213478,23,270.0,394.358144883108,97.95400800067,3016.2337859992476,4514.513556432044
1776358404,593,,Aggregated,965.500000,0.000000,270,330,390,440,660,1200,1600,1800,2300,2700,3000,214427,23,270.0,394.1349371883922,97.95400800067,3016.2337859992476,4514.515709308996
1776358405,593,,Aggregated,955.100000,0.000000,270,330,390,440,650,1200,1600,1800,2300,2700,3000,215375,23,270.0,393.92019100716675,97.95400800067,3016.2337859992476,4514.517840975043
1776358406,593,,Aggregated,952.200000,0.000000,270,330,390,440,650,1200,1600,1800,2300,2700,3000,216344,23,270.0,393.4765526402131,97.95400800067,3016.2337859992476,4514.520000554672
1776358407,593,,Aggregated,944.500000,0.000000,270,330,390,440,650,1200,1600,1800,2300,2700,3000,217296,23,270.0,393.2210145223256,97.95400800067,3016.2337859992476,4514.52210349017
1776358408,593,,Aggregated,946.300000,0.000000,270,330,390,440,650,1100,1600,1800,2300,2700,3000,218227,23,270.0,393.0098220743556,97.95400800067,3016.2337859992476,4514.5241422922
1776358409,593,,Aggregated,945.900000,0.000000,280,340,390,440,650,1100,1600,1800,2300,2700,3000,219044,23,280.0,392.96553676033886,97.95400800067,3016.2337859992476,4514.525917167327
1776358410,593,,Aggregated,940.800000,0.000000,280,340,390,440,650,1100,1600,1800,2300,2700,3000,220008,23,280.0,392.84099864628917,97.95400800067,3016.2337859992476,4514.527994436566
1776358411,593,,Aggregated,940.000000,0.000000,280,340,390,440,650,1100,1600,1800,2300,2700,3000,221003,23,280.0,392.46028191368384,97.95400800067,3016.2337859992476,4514.5301195006405
1776358412,593,,Aggregated,923.400000,0.000000,280,340,390,440,640,1100,1600,1800,2300,2700,3000,221914,23,280.0,392.18206224189873,97.95400800067,3016.2337859992476,4514.532048451202
1776358411,593,,Aggregated,940.000000,0.000000,280,340,390,440,640,1100,1600,1800,2300,2700,3000,222863,23,280.0,392.02699922607854,97.95400800067,3016.2337859992476,4514.53404109251
1776358412,593,,Aggregated,923.400000,0.000000,280,340,390,440,640,1100,1600,1800,2300,2700,3000,223800,23,280.0,391.6846846377684,97.95400800067,3016.2337859992476,4514.535991957105
1776358413,593,,Aggregated,933.300000,0.000000,280,340,390,440,640,1100,1600,1800,2300,2700,3000,224758,23,280.0,391.40214754687935,97.95400800067,3016.2337859992476,4514.53796972744
1776358414,593,,Aggregated,1032.700000,0.000000,280,340,390,440,640,1100,1600,1800,2300,2700,3000,225757,23,280.0,391.0317650331663,97.95400800067,3016.2337859992476,4514.540014263123
1776358415,593,,Aggregated,1120.600000,0.000000,280,340,390,440,640,1100,1600,1800,2300,2700,3000,226688,23,280.0,390.7652550342094,97.95400800067,3016.2337859992476,4514.541903409091
1776358416,593,,Aggregated,1160.400000,0.000000,280,340,390,440,630,1100,1600,1800,2300,2700,3000,227382,23,280.0,390.9770825110873,97.95400800067,3016.2337859992476,4514.5433015806
1776358417,593,,Aggregated,1162.000000,0.000000,280,340,390,440,630,1100,1600,1800,2300,2700,3000,228311,23,280.0,390.8653894352621,97.95400800067,3016.2337859992476,4514.5451598915515
1776358418,574,,Aggregated,1141.300000,0.000000,280,340,390,440,630,1100,1600,1800,2300,2700,3000,229247,23,280.0,390.58984125260616,97.95400800067,3016.2337859992476,4514.54701697296
1776358419,574,,Aggregated,1131.100000,0.000000,280,340,390,440,630,1100,1600,1800,2300,2700,3000,230180,23,280.0,390.2446390277359,97.95400800067,3016.2337859992476,4514.548853071509
1776358420,574,,Aggregated,1133.600000,0.000000,280,340,390,440,630,1100,1600,1800,2300,2700,3000,231128,23,280.0,389.9180612882082,97.95400800067,3016.2337859992476,4514.550703506282
1776358421,574,,Aggregated,1136.000000,0.000000,280,340,390,440,630,1100,1600,1800,2300,2700,3000,232102,23,280.0,389.53356424967416,97.95400800067,3016.2337859992476,4514.552588947962
1776358422,574,,Aggregated,1150.600000,0.000000,280,340,390,440,620,1100,1600,1800,2300,2700,3000,233040,23,280.0,389.222608152647,97.95400800067,3016.2337859992476,4514.554389804325
1776358423,574,,Aggregated,1139.200000,0.000000,280,340,390,440,620,1100,1600,1800,2300,2700,3000,233978,23,280.0,388.8919223948868,97.95400800067,3016.2337859992476,4514.556176221696
1776358424,574,,Aggregated,1033.800000,0.000000,280,340,390,440,620,1100,1600,1800,2300,2700,3000,234865,23,280.0,388.64335282888356,97.95400800067,3016.2337859992476,4514.557852383284
1776358425,574,,Aggregated,951.900000,0.000000,280,340,390,440,620,1100,1600,1800,2300,2700,3000,235774,23,280.0,388.433744887221,97.95400800067,3016.2337859992476,4514.55955703343
1776358426,574,,Aggregated,911.100000,0.000000,280,340,390,440,620,1100,1600,1800,2300,2700,3000,236683,23,280.0,388.2095413086903,97.95400800067,3016.2337859992476,4514.561248589886
1776358427,574,,Aggregated,907.200000,0.000000,280,340,390,440,620,1100,1600,1800,2300,2700,3000,237584,23,280.0,387.9827132935578,97.95400800067,3016.2337859992476,4514.56291248569
1776358428,574,,Aggregated,919.800000,0.000000,280,340,390,440,620,1100,1600,1800,2300,2700,3000,238513,23,280.0,387.725477731833,97.95400800067,3016.2337859992476,4514.5646149266495
1776358429,574,,Aggregated,923.300000,0.000000,280,340,390,440,620,1100,1600,1800,2300,2700,3000,239413,23,280.0,387.44408641111266,97.95400800067,3016.2337859992476,4514.5662516237635
1776358430,574,,Aggregated,922.300000,0.000000,280,340,390,430,620,1100,1600,1800,2300,2700,3000,240348,23,280.0,387.22779833497214,97.95400800067,3016.2337859992476,4514.567938988467
1776358431,574,,Aggregated,922.500000,0.000000,280,340,390,430,620,1100,1600,1800,2300,2700,3000,241244,23,280.0,386.9618993815671,97.95400800067,3016.2337859992476,4514.569543698496
1776358432,574,,Aggregated,918.400000,0.000000,280,340,390,430,620,1000,1500,1800,2300,2700,3000,242166,23,280.0,386.81168480049627,97.95400800067,3016.2337859992476,4514.5711825772405
1776358433,574,,Aggregated,914.000000,0.000000,280,330,390,430,620,1000,1500,1800,2300,2700,3000,243068,23,280.0,386.57077206555806,97.95400800067,3016.2337859992476,4514.572773873978
1776358434,574,,Aggregated,910.400000,0.000000,280,340,390,430,620,1000,1500,1800,2300,2700,3000,244004,23,280.0,386.3502284246052,97.95400800067,3016.2337859992476,4514.574412714545
1776358435,574,,Aggregated,908.800000,0.000000,280,340,390,430,610,1000,1500,1800,2300,2700,3000,244955,23,280.0,386.1202265255268,97.95400800067,3016.2337859992476,4514.576064991529
1776358436,574,,Aggregated,908.200000,0.000000,280,330,390,430,610,1000,1500,1800,2300,2700,3000,245920,23,280.0,385.7531078026613,97.95400800067,3016.2337859992476,4514.5777285296035
1776358437,574,,Aggregated,907.200000,0.000000,280,330,390,430,610,1000,1500,1800,2300,2700,3000,246877,23,280.0,385.45881843554685,97.95400800067,3016.2337859992476,4514.579365432989
1776358438,574,,Aggregated,916.900000,0.000000,280,330,390,430,610,1000,1500,1800,2300,2700,3000,247789,23,280.0,385.17370757953915,97.95400800067,3016.2337859992476,4514.580913599877
1776358439,574,,Aggregated,922.600000,0.000000,280,330,390,430,610,1000,1500,1800,2300,2700,3000,248763,23,280.0,384.91517557352665,97.95400800067,3016.2337859992476,4514.582554479565
1776358440,574,,Aggregated,922.500000,0.000000,280,330,390,430,610,1000,1500,1800,2300,2700,3000,249665,23,280.0,384.70389107140477,97.95400800067,3016.2337859992476,4514.584062643943
1776358441,574,,Aggregated,921.500000,0.000000,280,330,390,430,610,1000,1500,1800,2300,2700,3000,250630,23,280.0,384.3890338212361,97.95400800067,3016.2337859992476,4514.585664126402
1776358442,574,,Aggregated,921.500000,0.000000,280,330,390,430,610,1000,1500,1800,2300,2700,3000,251516,23,280.0,384.1864628305176,97.95400800067,3016.2337859992476,4514.587123681992
1776358441,534,,Aggregated,921.500000,0.000000,280,330,390,430,610,1000,1500,1800,2300,2700,3000,252386,23,280.0,383.97952982368423,97.95400800067,3016.2337859992476,4514.588546908307
1776358442,494,,Aggregated,921.500000,0.000000,280,330,390,430,610,1000,1500,1800,2300,2700,3000,253141,23,280.0,383.8404407129709,97.95400800067,3016.2337859992476,4514.589774078478
1776358443,492,,Aggregated,939.100000,0.000000,280,330,390,430,610,990,1500,1800,2300,2700,3000,253846,23,280.0,383.8275994230997,97.95400800067,3016.2337859992476,4514.590913388432
1776358444,492,,Aggregated,1023.000000,0.000000,280,330,390,430,610,990,1500,1800,2300,2700,3000,254562,23,280.0,383.9312656549098,97.95400800067,3016.2337859992476,4514.592064015839
1776358445,492,,Aggregated,1084.200000,0.000000,280,330,390,430,610,990,1500,1800,2300,2700,3000,255326,23,280.0,383.8377395553151,97.95400800067,3016.2337859992476,4514.593284663528
1776358446,492,,Aggregated,1071.800000,0.000000,280,330,390,430,610,990,1500,1800,2300,2700,3000,256101,23,280.0,383.6900047927664,97.95400800067,3016.2337859992476,4514.594515445078
1776358447,492,,Aggregated,1062.000000,0.000000,280,330,390,430,610,980,1500,1800,2300,2700,3000,256856,23,280.0,383.55122263909465,97.95400800067,3016.2337859992476,4514.595707322391
1776358448,492,,Aggregated,1044.600000,0.000000,280,330,390,430,610,980,1500,1800,2300,2700,3000,257637,23,280.0,383.3608813492522,97.95400800067,3016.2337859992476,4514.596932893955
1776358449,492,,Aggregated,1041.700000,0.000000,280,330,390,430,610,980,1500,1800,2300,2700,3000,258474,23,280.0,383.13218707494104,97.95400800067,3016.2337859992476,4514.598238120662
1776358450,492,,Aggregated,1028.500000,0.000000,280,330,390,430,600,970,1500,1800,2300,2700,3000,259326,23,280.0,382.7796935875631,97.95400800067,3016.2337859992476,4514.59955808519
1776358451,492,,Aggregated,1017.600000,0.000000,280,330,390,430,600,970,1500,1800,2300,2700,3000,260156,23,280.0,382.5068070375488,97.95400800067,3016.2337859992476,4514.600835652454
1776358452,492,,Aggregated,1011.700000,0.000000,280,330,390,430,600,970,1500,1800,2300,2700,3000,260969,23,280.0,382.31717474805987,97.95400800067,3016.2337859992476,4514.602079174155
1776358453,492,,Aggregated,986.000000,0.000000,280,330,390,430,600,970,1500,1800,2300,2700,3000,261795,23,280.0,382.0337127161382,97.95400800067,3016.2337859992476,4514.603334670257
1776358454,492,,Aggregated,891.200000,0.000000,280,330,390,430,600,960,1500,1800,2300,2700,3000,262608,23,280.0,381.7811396158473,97.95400800067,3016.2337859992476,4514.604562694206
1776358455,492,,Aggregated,819.600000,0.000000,280,330,390,430,600,960,1500,1800,2300,2700,3000,263478,23,280.0,381.46066360716463,97.95400800067,3016.2337859992476,4514.605868421652
1776358456,492,,Aggregated,822.500000,0.000000,280,330,390,430,600,960,1500,1800,2300,2700,3000,264369,23,280.0,381.038605350375,97.95400800067,3016.2337859992476,4514.607196759075
1776358457,492,,Aggregated,830.500000,0.000000,270,330,390,430,600,960,1500,1800,2300,2700,3000,265213,23,270.0,380.71763210086044,97.95400800067,3016.2337859992476,4514.608446795594
1776358458,492,,Aggregated,837.500000,0.000000,270,330,390,430,600,950,1500,1800,2300,2700,3000,266026,23,270.0,380.4631199938371,97.95400800067,3016.2337859992476,4514.609643418313
1776358459,492,,Aggregated,829.600000,0.000000,270,330,390,430,600,950,1500,1800,2300,2700,3000,266851,23,270.0,380.16118953646566,97.95400800067,3016.2337859992476,4514.610850249765
1776358460,492,,Aggregated,832.400000,0.000000,270,330,390,430,600,950,1500,1800,2300,2700,3000,267683,23,270.0,379.91714976724813,97.95400800067,3016.2337859992476,4514.612059787136
1776358461,492,,Aggregated,833.600000,0.000000,270,330,390,430,600,950,1500,1800,2300,2700,3000,268494,23,270.0,379.69104330352644,97.95400800067,3016.2337859992476,4514.613231580594
1776358462,492,,Aggregated,831.500000,0.000000,270,330,390,430,590,940,1500,1800,2300,2700,3000,269282,23,270.0,379.4754056131187,97.95400800067,3016.2337859992476,4514.61436338114
1776358463,492,,Aggregated,828.100000,0.000000,270,330,390,430,590,940,1500,1800,2300,2700,3000,270128,23,270.0,379.3045410132931,97.95400800067,3016.2337859992476,4514.615571136646
1776358464,492,,Aggregated,835.100000,0.000000,270,330,390,430,590,940,1500,1800,2300,2700,3000,270905,23,270.0,379.0849870292782,97.95400800067,3016.2337859992476,4514.616673741718
1776358465,492,,Aggregated,826.700000,0.000000,270,330,390,430,590,940,1500,1800,2300,2700,3000,271754,23,270.0,378.86121749309876,97.95400800067,3016.2337859992476,4514.617871310082
1776358466,452,,Aggregated,825.200000,0.000000,270,330,390,430,590,930,1500,1800,2300,2700,3000,272537,23,270.0,378.59804437132,97.95400800067,3016.2337859992476,4514.618969167489
1776358467,450,,Aggregated,819.400000,0.000000,270,330,390,430,590,930,1500,1800,2300,2700,3000,273308,23,270.0,378.3142653742786,97.95400800067,3016.2337859992476,4514.620044052864
1776358468,450,,Aggregated,812.100000,0.000000,270,330,390,430,590,930,1500,1800,2300,2700,3000,274105,23,270.0,377.98707793992804,97.95400800067,3016.2337859992476,4514.621148829828
1776358469,450,,Aggregated,806.200000,0.000000,270,330,380,430,590,930,1500,1700,2300,2700,3000,274881,23,270.0,377.68279277703397,97.95400800067,3016.2337859992476,4514.622218341755
1776358470,450,,Aggregated,803.000000,0.000000,270,330,380,430,590,930,1500,1700,2300,2700,3000,275710,23,270.0,377.32247203768856,97.95400800067,3016.2337859992476,4514.62335424903
1776358471,450,,Aggregated,795.000000,0.000000,270,330,380,430,590,920,1500,1700,2300,2700,3000,276524,23,270.0,376.9726553533226,97.95400800067,3016.2337859992476,4514.624462976089
1776358472,450,,Aggregated,796.400000,0.000000,270,330,380,420,590,920,1500,1700,2300,2700,3000,277309,23,270.0,376.6515892124747,97.95400800067,3016.2337859992476,4514.625526037741
1776358473,450,,Aggregated,797.200000,0.000000,270,330,380,420,590,920,1500,1700,2300,2700,3000,278115,23,270.0,376.3164378171692,97.95400800067,3016.2337859992476,4514.626611293889
1776358471,450,,Aggregated,795.000000,0.000000,270,330,380,420,580,920,1500,1700,2300,2700,3000,278948,23,270.0,375.96227460937587,97.95400800067,3016.2337859992476,4514.627726314582
1776358472,450,,Aggregated,796.400000,0.000000,270,330,380,420,580,920,1500,1700,2300,2700,3000,279692,23,270.0,375.67470548321774,97.95400800067,3016.2337859992476,4514.628716588247
1776358473,450,,Aggregated,806.800000,0.000000,270,330,380,420,580,910,1500,1700,2300,2700,3000,280519,23,270.0,375.37829637151225,97.95400800067,3016.2337859992476,4514.629811171436
1776358474,450,,Aggregated,885.400000,0.000000,270,330,380,420,580,910,1500,1700,2300,2700,3000,281306,23,270.0,375.06382495763046,97.95400800067,3016.2337859992476,4514.63084683583
1776358475,450,,Aggregated,964.800000,0.000000,270,330,380,420,580,910,1500,1700,2300,2700,3000,282107,23,270.0,374.7373323880977,97.95400800067,3016.2337859992476,4514.631894990199
1776358476,450,,Aggregated,993.200000,0.000000,270,330,380,420,580,910,1500,1700,2300,2700,3000,282822,23,270.0,374.4859745198009,97.95400800067,3016.2337859992476,4514.632825593483
1776358477,450,,Aggregated,995.100000,0.000000,270,330,380,420,580,910,1500,1700,2300,2700,3000,283577,23,270.0,374.4076441922587,97.95400800067,3016.2337859992476,4514.633803164573
1776358478,450,,Aggregated,992.700000,0.000000,270,330,380,420,580,910,1500,1700,2300,2700,3000,284317,23,270.0,374.2329213007104,97.95400800067,3016.2337859992476,4514.634756275565
1776358479,450,,Aggregated,985.000000,0.000000,270,330,380,420,580,900,1500,1700,2300,2700,3000,285110,23,270.0,374.011870122286,97.95400800067,3016.2337859992476,4514.635772158114
1776358480,450,,Aggregated,982.200000,0.000000,270,330,380,420,580,900,1500,1700,2300,2700,3000,285895,23,270.0,373.7109610294681,97.95400800067,3016.2337859992476,4514.636772241557
1776358481,450,,Aggregated,978.000000,0.000000,270,330,380,420,580,900,1500,1700,2300,2700,3000,286704,23,270.0,373.40408652072466,97.95400800067,3016.2337859992476,4514.637797170601
1776358482,450,,Aggregated,975.400000,0.000000,270,330,380,420,580,900,1500,1700,2300,2700,3000,287500,23,270.0,373.0878878245913,97.95400800067,3016.2337859992476,4514.6388
1776358483,450,,Aggregated,963.500000,0.000000,270,320,380,420,580,900,1500,1700,2300,2700,3000,288320,23,270.0,372.75063729135,97.95400800067,3016.2337859992476,4514.639827275249
1776358484,450,,Aggregated,880.400000,0.000000,270,320,380,420,580,890,1500,1700,2300,2700,3000,289116,23,270.0,372.4562862701379,97.95400800067,3016.2337859992476,4514.640818910057
1776358485,450,,Aggregated,803.900000,0.000000,270,320,380,420,570,890,1500,1700,2300,2700,3000,289916,23,270.0,372.14635811373296,97.95400800067,3016.2337859992476,4514.641810041529
1776358486,450,,Aggregated,775.800000,0.000000,270,320,380,420,570,890,1500,1700,2300,2700,3000,290721,23,270.0,371.81652623666344,97.95400800067,3016.2337859992476,4514.642801861579
1776358488,450,,Aggregated,775.600000,0.000000,270,320,380,420,570,890,1500,1700,2300,2700,3000,290726,23,270.0,371.84427954052273,97.95400800067,3016.2337859992476,4514.642808004788
1776358489,0,,Aggregated,775.600000,0.000000,270,320,380,420,580,900,1500,1800,2300,2700,3000,290917,23,270.0,372.90335815803456,97.95400800067,3016.2337859992476,4514.643042517281
1776358490,0,,Aggregated,775.600000,0.000000,270,320,380,420,580,900,1500,1800,2300,2700,3000,290917,23,270.0,372.90335815803456,97.95400800067,3016.2337859992476,4514.643042517281
1776358491,0,,Aggregated,775.600000,0.000000,270,320,380,420,580,900,1500,1800,2300,2700,3000,290917,23,270.0,372.90335815803456,97.95400800067,3016.2337859992476,4514.643042517281
1776358492,0,,Aggregated,775.600000,0.000000,270,320,380,420,580,900,1500,1800,2300,2700,3000,290917,23,270.0,372.90335815803456,97.95400800067,3016.2337859992476,4514.643042517281
1776358493,0,,Aggregated,775.600000,0.000000,270,320,380,420,580,900,1500,1800,2300,2700,3000,290917,23,270.0,372.90335815803456,97.95400800067,3016.2337859992476,4514.643042517281
1776358494,0,,Aggregated,775.600000,0.000000,270,320,380,420,580,900,1500,1800,2300,2700,3000,290917,23,270.0,372.90335815803456,97.95400800067,3016.2337859992476,4514.643042517281
1776358495,0,,Aggregated,775.600000,0.000000,270,320,380,420,580,900,1500,1800,2300,2700,3000,290917,23,270.0,372.90335815803456,97.95400800067,3016.2337859992476,4514.643042517281
1776358496,0,,Aggregated,775.600000,0.000000,270,320,380,420,580,900,1500,1800,2300,2700,3000,290917,23,270.0,372.90335815803456,97.95400800067,3016.2337859992476,4514.643042517281
1776358497,0,,Aggregated,775.600000,0.000000,270,320,380,420,580,900,1500,1800,2300,2700,3000,290917,23,270.0,372.90335815803456,97.95400800067,3016.2337859992476,4514.643042517281
1776358498,0,,Aggregated,775.600000,0.000000,270,320,380,420,580,900,1500,1800,2300,2700,3000,290917,23,270.0,372.90335815803456,97.95400800067,3016.2337859992476,4514.643042517281
1776358499,0,,Aggregated,775.600000,0.000000,270,320,380,420,580,900,1500,1800,2300,2700,3000,290917,23,270.0,372.90335815803456,97.95400800067,3016.2337859992476,4514.643042517281
1776358500,0,,Aggregated,775.600000,0.000000,270,320,380,420,580,900,1500,1800,2300,2700,3000,290917,23,270.0,372.90335815803456,97.95400800067,3016.2337859992476,4514.643042517281
1776358501,0,,Aggregated,775.600000,0.000000,270,320,380,420,580,900,1500,1800,2300,2700,3000,290917,23,270.0,372.90335815803456,97.95400800067,3016.2337859992476,4514.643042517281
1776358502,0,,Aggregated,775.600000,0.000000,270,320,380,420,580,900,1500,1800,2300,2700,3000,290917,23,270.0,372.90335815803456,97.95400800067,3016.2337859992476,4514.643042517281
1776358503,0,,Aggregated,775.600000,0.000000,270,320,380,420,580,900,1500,1800,2300,2700,3000,290917,23,270.0,372.90335815803456,97.95400800067,3016.2337859992476,4514.643042517281
1776358504,0,,Aggregated,775.600000,0.000000,270,320,380,420,580,900,1500,1800,2300,2700,3000,290917,23,270.0,372.90335815803456,97.95400800067,3016.2337859992476,4514.643042517281
1776358505,0,,Aggregated,775.600000,0.000000,270,320,380,420,580,900,1500,1800,2300,2700,3000,290917,23,270.0,372.90335815803456,97.95400800067,3016.2337859992476,4514.643042517281
1776358506,0,,Aggregated,775.600000,0.000000,270,320,380,420,580,900,1500,1800,2300,2700,3000,290917,23,270.0,372.90335815803456,97.95400800067,3016.2337859992476,4514.643042517281
1776358507,0,,Aggregated,775.600000,0.000000,270,320,380,420,580,900,1500,1800,2300,2700,3000,290917,23,270.0,372.90335815803456,97.95400800067,3016.2337859992476,4514.643042517281
1776358508,0,,Aggregated,775.600000,0.000000,270,320,380,420,580,900,1500,1800,2300,2700,3000,290917,23,270.0,372.90335815803456,97.95400800067,3016.2337859992476,4514.643042517281
1776358509,0,,Aggregated,775.600000,0.000000,270,320,380,420,580,900,1500,1800,2300,2700,3000,290917,23,270.0,372.90335815803456,97.95400800067,3016.2337859992476,4514.643042517281
1776358510,0,,Aggregated,775.600000,0.000000,270,320,380,420,580,900,1500,1800,2300,2700,3000,290917,23,270.0,372.90335815803456,97.95400800067,3016.2337859992476,4514.643042517281
1776358511,0,,Aggregated,775.600000,0.000000,270,320,380,420,580,900,1500,1800,2300,2700,3000,290917,23,270.0,372.90335815803456,97.95400800067,3016.2337859992476,4514.643042517281
1776358512,0,,Aggregated,775.600000,0.000000,270,320,380,420,580,900,1500,1800,2300,2700,3000,290917,23,270.0,372.90335815803456,97.95400800067,3016.2337859992476,4514.643042517281
1776358513,0,,Aggregated,775.600000,0.000000,270,320,380,420,580,900,1500,1800,2300,2700,3000,290917,23,270.0,372.90335815803456,97.95400800067,3016.2337859992476,4514.643042517281
1776358514,0,,Aggregated,775.600000,0.000000,270,320,380,420,580,900,1500,1800,2300,2700,3000,290917,23,270.0,372.90335815803456,97.95400800067,3016.2337859992476,4514.643042517281
1776358516,0,,Aggregated,775.600000,0.000000,270,320,380,420,580,900,1500,1800,2300,2700,3000,290917,23,270.0,372.90335815803456,97.95400800067,3016.2337859992476,4514.643042517281
1776358517,0,,Aggregated,775.600000,0.000000,270,320,380,420,580,900,1500,1800,2300,2700,3000,290917,23,270.0,372.90335815803456,97.95400800067,3016.2337859992476,4514.643042517281
1776358518,0,,Aggregated,775.600000,0.000000,270,320,380,420,580,900,1500,1800,2300,2700,3000,290917,23,270.0,372.90335815803456,97.95400800067,3016.2337859992476,4514.643042517281
1776358515,0,,Aggregated,775.600000,0.000000,270,320,380,420,580,900,1500,1800,2300,2700,3000,290917,23,270.0,372.90335815803456,97.95400800067,3016.2337859992476,4514.643042517281
1776358516,0,,Aggregated,775.600000,0.000000,270,320,380,420,580,900,1500,1800,2300,2700,3000,290917,23,270.0,372.90335815803456,97.95400800067,3016.2337859992476,4514.643042517281
1776358517,0,,Aggregated,775.600000,0.000000,270,320,380,420,580,900,1500,1800,2300,2700,3000,290917,23,270.0,372.90335815803456,97.95400800067,3016.2337859992476,4514.643042517281
1776358518,0,,Aggregated,775.600000,0.000000,270,320,380,420,580,900,1500,1800,2300,2700,3000,290917,23,270.0,372.90335815803456,97.95400800067,3016.2337859992476,4514.643042517281
1776358519,0,,Aggregated,775.600000,0.000000,270,320,380,420,580,900,1500,1800,2300,2700,3000,290917,23,270.0,372.90335815803456,97.95400800067,3016.2337859992476,4514.643042517281
1776358520,0,,Aggregated,775.600000,0.000000,270,320,380,420,580,900,1500,1800,2300,2700,3000,290917,23,270.0,372.90335815803456,97.95400800067,3016.2337859992476,4514.643042517281
1776358521,0,,Aggregated,775.600000,0.000000,270,320,380,420,580,900,1500,1800,2300,2700,3000,290917,23,270.0,372.90335815803456,97.95400800067,3016.2337859992476,4514.643042517281
1776358522,0,,Aggregated,775.600000,0.000000,270,320,380,420,580,900,1500,1800,2300,2700,3000,290917,23,270.0,372.90335815803456,97.95400800067,3016.2337859992476,4514.643042517281
1776358523,0,,Aggregated,775.600000,0.000000,270,320,380,420,580,900,1500,1800,2300,2700,3000,290917,23,270.0,372.90335815803456,97.95400800067,3016.2337859992476,4514.643042517281
1776358524,0,,Aggregated,775.600000,0.000000,270,320,380,420,580,900,1500,1800,2300,2700,3000,290917,23,270.0,372.90335815803456,97.95400800067,3016.2337859992476,4514.643042517281
1776358525,0,,Aggregated,775.600000,0.000000,270,320,380,420,580,900,1500,1800,2300,2700,3000,290917,23,270.0,372.90335815803456,97.95400800067,3016.2337859992476,4514.643042517281
1776358526,0,,Aggregated,775.600000,0.000000,270,320,380,420,580,900,1500,1800,2300,2700,3000,290917,23,270.0,372.90335815803456,97.95400800067,3016.2337859992476,4514.643042517281
1776358527,0,,Aggregated,775.600000,0.000000,270,320,380,420,580,900,1500,1800,2300,2700,3000,290917,23,270.0,372.90335815803456,97.95400800067,3016.2337859992476,4514.643042517281
1776358528,0,,Aggregated,775.600000,0.000000,270,320,380,420,580,900,1500,1800,2300,2700,3000,290917,23,270.0,372.90335815803456,97.95400800067,3016.2337859992476,4514.643042517281
1776358529,0,,Aggregated,775.600000,0.000000,270,320,380,420,580,900,1500,1800,2300,2700,3000,290917,23,270.0,372.90335815803456,97.95400800067,3016.2337859992476,4514.643042517281
1776358530,0,,Aggregated,775.600000,0.000000,270,320,380,420,580,900,1500,1800,2300,2700,3000,290917,23,270.0,372.90335815803456,97.95400800067,3016.2337859992476,4514.643042517281
1776358531,0,,Aggregated,775.600000,0.000000,270,320,380,420,580,900,1500,1800,2300,2700,3000,290917,23,270.0,372.90335815803456,97.95400800067,3016.2337859992476,4514.643042517281
1776358532,0,,Aggregated,775.600000,0.000000,270,320,380,420,580,900,1500,1800,2300,2700,3000,290917,23,270.0,372.90335815803456,97.95400800067,3016.2337859992476,4514.643042517281
1776358533,0,,Aggregated,775.600000,0.000000,270,320,380,420,580,900,1500,1800,2300,2700,3000,290917,23,270.0,372.90335815803456,97.95400800067,3016.2337859992476,4514.643042517281
1776358534,0,,Aggregated,775.600000,0.000000,270,320,380,420,580,900,1500,1800,2300,2700,3000,290917,23,270.0,372.90335815803456,97.95400800067,3016.2337859992476,4514.643042517281
1776358535,0,,Aggregated,775.600000,0.000000,270,320,380,420,580,900,1500,1800,2300,2700,3000,290917,23,270.0,372.90335815803456,97.95400800067,3016.2337859992476,4514.643042517281
1776358536,0,,Aggregated,775.600000,0.000000,270,320,380,420,580,900,1500,1800,2300,2700,3000,290917,23,270.0,372.90335815803456,97.95400800067,3016.2337859992476,4514.643042517281
1776358537,0,,Aggregated,775.600000,0.000000,270,320,380,420,580,900,1500,1800,2300,2700,3000,290917,23,270.0,372.90335815803456,97.95400800067,3016.2337859992476,4514.643042517281
1776358538,0,,Aggregated,775.600000,0.000000,270,320,380,420,580,900,1500,1800,2300,2700,3000,290917,23,270.0,372.90335815803456,97.95400800067,3016.2337859992476,4514.643042517281
