Timestamp,User Count,Type,Name,Requests/s,Failures/s,50%,66%,75%,80%,90%,95%,98%,99%,99.9%,99.99%,100%,Total Request Count,Total Failure Count,Total Median Response Time,Total Average Response Time,Total Min Response Time,Total Max Response Time,Total Average Content Size
1776359239,0,,Aggregated,0.000000,0.000000,N/A,N/A,N/A,N/A,N/A,N/A,N/A,N/A,N/A,N/A,N/A,0,0,0,0.0,0,0,0
1776359240,40,,Aggregated,0.000000,0.000000,540,610,630,630,650,690,710,710,710,710,710,48,0,530.0,507.56983291652585,203.55345200005104,710.6382609999855,4515.0
1776359241,80,,Aggregated,0.000000,0.000000,420,510,560,620,660,710,730,740,740,740,740,165,0,420.0,420.8526120787142,201.6329180005414,740.3410930000973,4515.0
1776359242,120,,Aggregated,26.000000,0.000000,370,480,530,600,640,710,740,810,990,990,990,275,0,370.0,412.2963470908739,201.6329180005414,992.0782850003889,4515.0
1776359243,160,,Aggregated,59.500000,0.000000,480,590,630,660,780,1000,1200,1200,1300,1300,1300,443,0,480.0,507.25955905414156,201.6329180005414,1252.4337190006918,4515.0
1776359244,200,,Aggregated,81.666667,0.000000,560,630,700,770,900,1100,1200,1300,1300,1300,1300,596,0,560.0,577.9192554714401,201.6329180005414,1316.1165999990772,4515.0
1776359245,240,,Aggregated,97.000000,0.000000,610,720,800,820,1100,1400,1700,1700,1800,1800,1800,776,0,610.0,658.3512383517752,201.6329180005414,1819.0303580013278,4515.0
1776359246,280,,Aggregated,108.000000,0.000000,670,780,850,900,1000,1500,1700,1900,2000,2000,2000,949,0,670.0,707.0304053245274,201.6329180005414,1983.9394699993136,4515.0
1776359247,308,,Aggregated,119.166667,0.000000,710,850,950,1000,1200,1700,2000,2200,2300,2300,2300,1077,0,710.0,786.6065729247675,201.6329180005414,2298.3354680000048,4515.0
1776359248,308,,Aggregated,127.285714,0.000000,750,930,1100,1200,1600,1800,2200,2700,2800,2900,2900,1202,0,750.0,878.8883161214412,201.6329180005414,2866.2191090006672,4515.0
1776359252,308,,Aggregated,127.300000,0.000000,810,1100,1300,1600,1800,2000,2800,3600,3700,3700,3700,1356,0,810.0,1007.1565452101678,201.6329180005414,3666.5430659995764,4515.0
1776359253,308,,Aggregated,115.400000,0.000000,890,1300,1600,1700,1800,1900,2800,3600,3900,4000,4000,1484,0,890.0,1071.3107414103733,201.6329180005414,3985.076205999576,4515.0
1776359254,308,,Aggregated,111.100000,0.000000,950,1500,1700,1800,1900,2100,3700,4000,5100,5100,5100,1627,0,950.0,1177.9010239686493,201.6329180005414,5131.530785998621,4515.0
1776359255,308,,Aggregated,109.500000,0.000000,1100,1600,1800,1800,1900,2200,3600,4000,5100,5100,5100,1735,0,1100.0,1224.9878687452406,201.6329180005414,5131.530785998621,4515.0
1776359256,308,,Aggregated,107.900000,0.000000,1200,1700,1800,1900,2100,2200,3600,4000,5100,5100,5100,1861,0,1200.0,1286.441992471243,201.6329180005414,5131.530785998621,4515.0
1776359257,308,,Aggregated,100.900000,0.000000,1300,1800,1900,2000,2200,2300,3600,4000,4100,5100,5100,2034,0,1300.0,1354.945466307265,201.6329180005414,5131.530785998621,4515.0
1776359258,308,,Aggregated,96.400000,0.000000,1500,1800,1900,1900,2100,2300,3600,4000,4100,5100,5100,2214,0,1500.0,1378.020401362679,201.6329180005414,5131.530785998621,4515.0
1776359259,308,,Aggregated,99.100000,0.000000,1500,1800,1800,1900,2100,2200,3500,4000,4100,5100,5100,2392,0,1500.0,1386.3417934820163,201.6329180005414,5131.530785998621,4515.0
1776359260,308,,Aggregated,104.900000,0.000000,1500,1700,1800,1900,2100,2200,2800,4000,4100,5100,5100,2559,0,1500.0,1390.6541158303955,201.6329180005414,5131.530785998621,4515.0
1776359261,308,,Aggregated,110.000000,0.000000,1500,1700,1800,1900,2100,2200,2800,4000,4100,5100,5100,2731,0,1500.0,1395.6683505558385,201.6329180005414,5131.530785998621,4515.0
1776359262,308,,Aggregated,127.800000,0.000000,1500,1700,1800,1800,2100,2200,2800,4000,4100,5100,5100,2895,0,1500.0,1404.4853403554343,201.6329180005414,5131.530785998621,4515.0
1776359263,308,,Aggregated,145.400000,0.000000,1500,1600,1800,1800,2100,2200,2700,3700,4100,5100,5100,3061,0,1500.0,1411.1321067406052,201.6329180005414,5131.530785998621,4515.0
1776359264,308,,Aggregated,153.700000,0.000000,1500,1600,1800,1800,2000,2200,2700,3700,4100,5100,5100,3222,0,1500.0,1420.9257638351967,201.6329180005414,5131.530785998621,4515.0
1776359265,308,,Aggregated,156.300000,0.000000,1500,1700,1700,1800,2000,2200,2600,3700,4100,5100,5100,3382,0,1500.0,1432.3754862111145,201.6329180005414,5131.530785998621,4515.0
1776359266,308,,Aggregated,159.100000,0.000000,1500,1700,1700,1800,2000,2200,2400,3600,4100,5100,5100,3514,0,1500.0,1441.4341966439954,201.6329180005414,5131.530785998621,4515.0
1776359260,308,,Aggregated,104.900000,0.000000,1600,1700,1800,1800,2000,2200,2400,3600,4100,5100,5100,3654,0,1600.0,1459.3156107304326,201.6329180005414,5131.530785998621,4515.0
1776359261,307,,Aggregated,110.000000,0.000000,1600,1700,1800,1900,2000,2200,2400,3600,4100,5100,5100,3799,0,1600.0,1479.5806396928149,201.6329180005414,5131.530785998621,4515.0
1776359262,307,,Aggregated,127.800000,0.000000,1600,1700,1800,1900,2000,2200,2300,3600,4100,5100,5100,3966,0,1600.0,1491.4362939679754,201.6329180005414,5131.530785998621,4515.0
1776359263,307,,Aggregated,150.000000,0.000000,1600,1700,1800,1900,2000,2200,2300,3600,4100,5100,5100,4148,0,1600.0,1493.2285683613752,201.6329180005414,5131.530785998621,4515.0
1776359264,307,,Aggregated,171.300000,0.000000,1600,1700,1800,1900,2000,2200,2300,3600,4100,5100,5100,4330,0,1600.0,1489.8845875060017,201.6329180005414,5131.530785998621,4515.0
1776359265,307,,Aggregated,192.000000,0.000000,1500,1700,1800,1800,2000,2100,2300,3500,4100,5100,5100,4536,0,1500.0,1481.0981550683457,201.6329180005414,5131.530785998621,4515.0
1776359266,307,,Aggregated,212.900000,0.000000,1500,1700,1800,1800,2000,2100,2300,3500,4100,5100,5100,4711,0,1500.0,1473.9136441326698,201.6329180005414,5131.530785998621,4515.0
1776359267,307,,Aggregated,237.400000,0.000000,1500,1700,1800,1800,2000,2100,2300,2900,4100,5100,5100,4874,0,1500.0,1472.0490352373865,201.6329180005414,5131.530785998621,4515.0
1776359268,307,,Aggregated,256.400000,0.000000,1500,1700,1700,1800,2000,2100,2300,2800,4100,5100,5100,5028,0,1500.0,1476.523411135841,201.6329180005414,5131.530785998621,4515.0
1776359269,307,,Aggregated,273.300000,0.000000,1500,1700,1800,1800,2000,2100,2300,2800,4100,5100,5100,5188,0,1500.0,1483.5778122365068,201.6329180005414,5131.530785998621,4515.0
1776359270,307,,Aggregated,271.400000,0.000000,1600,1700,1700,1800,2000,2100,2300,2800,4100,5100,5100,5341,0,1600.0,1488.0713724135956,201.6329180005414,5131.530785998621,4515.0
1776359271,307,,Aggregated,269.800000,0.000000,1600,1700,1700,1800,2000,2100,2300,2800,4100,5100,5100,5507,0,1600.0,1492.2758487817355,201.6329180005414,5131.530785998621,4515.0
1776359272,307,,Aggregated,268.800000,0.000000,1600,1700,1700,1800,2000,2100,2300,2800,4100,5100,5100,5644,0,1600.0,1496.4127000485535,201.6329180005414,5131.530785998621,4515.0
1776359273,307,,Aggregated,262.000000,0.000000,1600,1700,1700,1800,1900,2100,2200,2700,4100,5100,5100,5817,0,1600.0,1501.9148128892982,201.6329180005414,5131.530785998621,4515.0
1776359274,307,,Aggregated,248.000000,0.000000,1600,1700,1700,1800,1900,2100,2200,2700,4100,5100,5100,5987,0,1600.0,1504.9096494483113,201.6329180005414,5131.530785998621,4515.0
1776359275,307,,Aggregated,229.900000,0.000000,1600,1700,1700,1800,1900,2100,2200,2700,4100,5100,5100,6170,0,1600.0,1505.744616548139,201.6329180005414,5131.530785998621,4515.0
1776359276,307,,Aggregated,211.800000,0.000000,1600,1700,1700,1800,1900,2100,2200,2700,4100,5100,5100,6338,0,1600.0,1502.6629731222845,201.6329180005414,5131.530785998621,4515.0
1776359277,307,,Aggregated,193.100000,0.000000,1600,1600,1700,1800,1900,2100,2200,2700,4100,5100,5100,6528,0,1600.0,1500.8465292809462,201.6329180005414,5131.530785998621,4515.0
1776359278,307,,Aggregated,179.900000,0.000000,1500,1600,1700,1800,1900,2100,2200,2600,4100,5100,5100,6689,0,1500.0,1499.5664766299922,201.6329180005414,5131.530785998621,4515.0
1776359279,307,,Aggregated,162.600000,0.000000,1500,1600,1700,1800,1900,2100,2200,2400,4100,5100,5100,6823,0,1500.0,1501.6168662144264,201.6329180005414,5131.530785998621,4515.0
1776359280,307,,Aggregated,165.100000,0.000000,1600,1700,1700,1800,1900,2000,2200,2400,4100,5100,5100,6989,0,1600.0,1507.773421586928,201.6329180005414,5131.530785998621,4515.0
1776359281,307,,Aggregated,166.000000,0.000000,1600,1700,1700,1800,1900,2000,2200,2400,4100,5100,5100,7147,0,1600.0,1511.3414950661863,201.6329180005414,5131.530785998621,4515.0
1776359282,307,,Aggregated,162.600000,0.000000,1600,1700,1700,1800,1900,2000,2200,2400,4100,5100,5100,7302,0,1600.0,1514.1283129591973,201.6329180005414,5131.530785998621,4515.0
1776359283,307,,Aggregated,163.000000,0.000000,1600,1700,1700,1800,1900,2000,2200,2400,4100,5100,5100,7414,0,1600.0,1518.4110856621344,201.6329180005414,5131.530785998621,4515.0
1776359284,307,,Aggregated,163.900000,0.000000,1600,1700,1700,1800,1900,2100,2200,2400,4100,5100,5100,7542,0,1600.0,1528.3711534994782,201.6329180005414,5131.530785998621,4515.0
1776359285,307,,Aggregated,163.200000,0.000000,1600,1700,1800,1800,2000,2100,2300,2500,4100,5100,5100,7675,0,1600.0,1539.5634911013758,201.6329180005414,5131.530785998621,4515.0
1776359286,283,,Aggregated,157.200000,0.000000,1600,1700,1800,1800,2000,2100,2300,2500,4100,5100,5100,7861,0,1600.0,1545.5367181206025,201.6329180005414,5131.530785998621,4515.0
1776359287,283,,Aggregated,154.400000,0.000000,1600,1700,1700,1800,2000,2100,2300,2500,4100,5100,5100,8056,0,1600.0,1539.3132128179057,201.6329180005414,5131.530785998621,4515.0
1776359288,283,,Aggregated,149.800000,0.000000,1600,1700,1700,1800,2000,2100,2300,2500,4100,5100,5100,8252,0,1600.0,1528.8880371263988,201.6329180005414,5131.530785998621,4515.0
1776359289,283,,Aggregated,150.300000,0.000000,1600,1700,1700,1800,2000,2100,2200,2500,4100,5100,5100,8453,0,1600.0,1517.9557022252534,201.6329180005414,5131.530785998621,4515.0
1776359290,283,,Aggregated,152.800000,0.000000,1600,1700,1700,1800,2000,2100,2200,2500,4100,5100,5100,8646,0,1600.0,1509.8912735645456,201.6329180005414,5131.530785998621,4515.0
1776359291,283,,Aggregated,158.200000,0.000000,1500,1700,1700,1800,2000,2100,2200,2400,4100,5100,5100,8840,0,1500.0,1502.1230605932208,201.6329180005414,5131.530785998621,4515.0
1776359292,283,,Aggregated,164.000000,0.000000,1500,1600,1700,1800,1900,2100,2200,2400,4100,5100,5100,9025,0,1500.0,1494.962216750922,201.6329180005414,5131.530785998621,4515.0
1776359293,283,,Aggregated,167.600000,0.000000,1500,1600,1700,1800,1900,2100,2200,2400,4100,5100,5100,9232,0,1500.0,1488.5151847413406,201.6329180005414,5131.530785998621,4515.0
1776359292,283,,Aggregated,164.000000,0.000000,1500,1600,1700,1800,1900,2100,2200,2400,4100,5100,5100,9420,0,1500.0,1481.2234407698586,201.6329180005414,5131.530785998621,4515.0
1776359293,283,,Aggregated,167.600000,0.000000,1500,1600,1700,1800,1900,2100,2200,2400,4100,5100,5100,9611,0,1500.0,1475.3747909967815,201.6329180005414,5131.530785998621,4515.0
1776359294,283,,Aggregated,178.900000,0.000000,1500,1600,1700,1800,1900,2100,2200,2400,4100,5100,5100,9819,0,1500.0,1469.2347521990082,201.6329180005414,5131.530785998621,4515.0
1776359295,283,,Aggregated,200.700000,0.000000,1500,1600,1700,1700,1900,2100,2200,2400,4100,5100,5100,10022,0,1500.0,1461.9295846900893,201.6329180005414,5131.530785998621,4515.0
1776359296,283,,Aggregated,230.300000,0.000000,1500,1600,1700,1700,1900,2100,2200,2400,4100,5100,5100,10223,0,1500.0,1454.6876633541121,201.6329180005414,5131.530785998621,4515.0
1776359297,283,,Aggregated,238.700000,0.000000,1500,1600,1700,1700,1900,2100,2200,2300,4100,5100,5100,10432,0,1500.0,1446.9404119842882,201.6329180005414,5131.530785998621,4515.0
1776359298,283,,Aggregated,244.500000,0.000000,1500,1600,1700,1700,1900,2100,2200,2300,4100,5100,5100,10616,0,1500.0,1440.4762005238408,201.6329180005414,5131.530785998621,4515.0
1776359299,283,,Aggregated,247.100000,0.000000,1500,1600,1700,1700,1900,2100,2200,2300,4100,5100,5100,10800,0,1500.0,1437.2578044120464,201.6329180005414,5131.530785998621,4515.0
1776359300,283,,Aggregated,247.700000,0.000000,1500,1600,1700,1700,1900,2100,2200,2300,4100,5100,5100,10986,0,1500.0,1433.8758034849886,201.6329180005414,5131.530785998621,4515.0
1776359301,283,,Aggregated,242.400000,0.000000,1400,1600,1700,1700,1900,2100,2200,2300,4100,5100,5100,11168,0,1400.0,1430.4076813399065,201.6329180005414,5131.530785998621,4515.0
1776359302,283,,Aggregated,242.600000,0.000000,1400,1600,1700,1700,1900,2100,2200,2300,4100,5100,5100,11351,0,1400.0,1428.1262735606626,201.6329180005414,5131.530785998621,4515.0
1776359303,283,,Aggregated,240.800000,0.000000,1400,1600,1700,1700,1900,2100,2200,2300,4100,5100,5100,11515,0,1400.0,1426.4900424493333,201.6329180005414,5131.530785998621,4515.0
1776359304,283,,Aggregated,230.600000,0.000000,1400,1600,1700,1700,1900,2100,2200,2300,4100,5100,5100,11673,0,1400.0,1426.613965874161,201.6329180005414,5131.530785998621,4515.0
1776359305,283,,Aggregated,211.400000,0.000000,1400,1600,1700,1700,1900,2000,2200,2300,4100,5100,5100,11872,0,1400.0,1424.381711025023,201.6329180005414,5131.530785998621,4515.0
1776359306,283,,Aggregated,188.000000,0.000000,1400,1600,1700,1700,1900,2000,2200,2300,4100,5100,5100,12085,0,1400.0,1419.1473416849058,201.6329180005414,5131.530785998621,4515.0
1776359307,283,,Aggregated,185.300000,0.000000,1400,1600,1600,1700,1900,2000,2200,2300,4100,5100,5100,12310,0,1400.0,1411.8000540230796,201.6329180005414,5131.530785998621,4515.0
1776359308,283,,Aggregated,186.000000,0.000000,1400,1600,1600,1700,1900,2000,2200,2300,4100,5100,5100,12512,0,1400.0,1405.2304480690652,201.6329180005414,5131.530785998621,4515.0
1776359309,243,,Aggregated,186.600000,0.000000,1400,1600,1600,1700,1900,2000,2200,2300,4100,5100,5100,12661,0,1400.0,1402.4758523746286,201.6329180005414,5131.530785998621,4515.0
1776359310,222,,Aggregated,187.700000,0.000000,1400,1500,1600,1700,1900,2000,2200,2300,4100,5100,5100,12827,0,1400.0,1399.7003158486932,201.6329180005414,5131.530785998621,4515.0
1776359311,222,,Aggregated,188.100000,0.000000,1400,1500,1600,1700,1800,2000,2200,2300,4100,5100,5100,12972,0,1400.0,1397.1895701543458,201.6329180005414,5131.530785998621,4515.0
1776359312,222,,Aggregated,183.600000,0.000000,1400,1500,1600,1700,1800,2000,2200,2300,4100,5100,5100,13156,0,1400.0,1392.0126304271191,201.6329180005414,5131.530785998621,4515.0
1776359313,222,,Aggregated,180.400000,0.000000,1400,1500,1600,1700,1800,2000,2200,2300,4100,5100,5100,13325,0,1400.0,1386.5142955164108,201.6329180005414,5131.530785998621,4515.0
1776359314,222,,Aggregated,181.200000,0.000000,1300,1500,1600,1700,1800,2000,2200,2300,4100,5100,5100,13492,0,1300.0,1383.0684677572747,201.6329180005414,5131.530785998621,4515.0
1776359315,222,,Aggregated,181.900000,0.000000,1300,1500,1600,1700,1800,2000,2200,2300,4100,5100,5100,13671,0,1300.0,1378.298212295381,201.6329180005414,5131.530785998621,4515.0
1776359316,222,,Aggregated,179.000000,0.000000,1300,1500,1600,1700,1800,2000,2200,2300,4100,5100,5100,13873,0,1300.0,1369.819648883669,201.6329180005414,5131.530785998621,4515.0
1776359317,222,,Aggregated,177.800000,0.000000,1300,1500,1600,1700,1800,2000,2200,2300,4100,5100,5100,14046,0,1300.0,1364.074606641401,201.6329180005414,5131.530785998621,4515.0
1776359318,222,,Aggregated,179.100000,0.000000,1300,1500,1600,1700,1800,2000,2200,2300,4100,5100,5100,14231,0,1300.0,1358.6837947018573,201.6329180005414,5131.530785998621,4515.0
1776359319,222,,Aggregated,174.500000,0.000000,1300,1500,1600,1700,1800,2000,2200,2300,4100,5100,5100,14390,0,1300.0,1354.569483880901,201.6329180005414,5131.530785998621,4515.0
1776359320,222,,Aggregated,170.800000,0.000000,1300,1500,1600,1700,1800,2000,2200,2300,4100,5100,5100,14538,0,1300.0,1352.335801022573,201.6329180005414,5131.530785998621,4515.0
1776359321,222,,Aggregated,170.700000,0.000000,1300,1500,1600,1700,1800,2000,2200,2300,4100,5100,5100,14695,0,1300.0,1350.1917117942967,201.6329180005414,5131.530785998621,4515.0
1776359322,222,,Aggregated,171.200000,0.000000,1300,1500,1600,1700,1800,2000,2200,2300,4100,5100,5100,14830,0,1300.0,1348.8518538615087,201.6329180005414,5131.530785998621,4515.0
1776359323,222,,Aggregated,171.600000,0.000000,1300,1500,1600,1700,1800,2000,2200,2300,4100,5100,5100,14990,0,1300.0,1347.6208953646565,201.6329180005414,5131.530785998621,4515.0
1776359321,222,,Aggregated,170.700000,0.000000,1300,1500,1600,1700,1800,2000,2200,2300,4000,5100,5100,15142,0,1300.0,1345.4152861036341,201.6329180005414,5131.530785998621,4515.0
1776359322,222,,Aggregated,171.200000,0.000000,1300,1500,1600,1600,1800,2000,2200,2300,4000,5100,5100,15298,0,1300.0,1343.354018867449,201.6329180005414,5131.530785998621,4515.0
1776359323,222,,Aggregated,171.600000,0.000000,1300,1500,1600,1600,1800,2000,2200,2300,4000,5100,5100,15458,0,1300.0,1341.3992538949578,201.6329180005414,5131.530785998621,4515.0
1776359324,222,,Aggregated,175.100000,0.000000,1300,1500,1600,1600,1800,2000,2200,2300,4000,5100,5100,15642,0,1300.0,1337.4079688235045,201.6329180005414,5131.530785998621,4515.0
1776359325,222,,Aggregated,186.900000,0.000000,1300,1500,1600,1600,1800,2000,2200,2300,4000,5100,5100,15836,0,1300.0,1331.4878641509365,201.6329180005414,5131.530785998621,4515.0
1776359326,222,,Aggregated,203.500000,0.000000,1300,1500,1600,1600,1800,2000,2200,2300,4000,5100,5100,16046,0,1300.0,1324.5776038248302,201.6329180005414,5131.530785998621,4515.0
1776359327,222,,Aggregated,203.600000,0.000000,1200,1500,1600,1600,1800,2000,2200,2300,4000,5100,5100,16224,0,1200.0,1319.4710681766662,201.6329180005414,5131.530785998621,4515.0
1776359328,222,,Aggregated,200.800000,0.000000,1200,1500,1600,1600,1800,2000,2200,2300,4000,5100,5100,16400,0,1200.0,1315.6640577520877,201.6329180005414,5131.530785998621,4515.0
1776359329,222,,Aggregated,208.000000,0.000000,1200,1400,1600,1600,1800,2000,2200,2300,4000,5100,5100,16587,0,1200.0,1311.2318487201558,201.6329180005414,5131.530785998621,4515.0
1776359330,222,,Aggregated,208.500000,0.000000,1200,1400,1600,1600,1800,2000,2200,2300,4000,5100,5100,16743,0,1200.0,1308.2592287264656,201.6329180005414,5131.530785998621,4515.0
1776359331,182,,Aggregated,209.800000,0.000000,1200,1400,1600,1600,1800,2000,2200,2200,4000,5100,5100,16908,0,1200.0,1304.7074439648222,201.6329180005414,5131.530785998621,4515.0
1776359332,142,,Aggregated,211.200000,0.000000,1200,1400,1600,1600,1800,2000,2200,2200,4000,5100,5100,17049,0,1200.0,1299.9456156047404,201.6329180005414,5131.530785998621,4515.0
1776359333,126,,Aggregated,212.200000,0.000000,1200,1400,1600,1600,1800,2000,2200,2200,4000,5100,5100,17223,0,1200.0,1292.340059450979,201.6329180005414,5131.530785998621,4515.0
1776359334,126,,Aggregated,207.900000,0.000000,1200,1400,1500,1600,1800,2000,2100,2200,4000,5100,5100,17405,0,1200.0,1283.3823268227648,201.6329180005414,5131.530785998621,4515.0
1776359335,126,,Aggregated,191.900000,0.000000,1200,1400,1500,1600,1800,2000,2100,2200,4000,5100,5100,17562,0,1200.0,1275.9510915177216,201.6329180005414,5131.530785998621,4515.0
1776359336,126,,Aggregated,178.900000,0.000000,1200,1400,1500,1600,1800,2000,2100,2200,4000,5100,5100,17738,0,1200.0,1267.7461933552954,201.6329180005414,5131.530785998621,4515.0
1776359337,126,,Aggregated,178.100000,0.000000,1200,1400,1500,1600,1800,2000,2100,2200,4000,5100,5100,17937,0,1200.0,1257.9199509465484,201.6329180005414,5131.530785998621,4515.0
1776359338,126,,Aggregated,174.900000,0.000000,1200,1400,1500,1600,1800,1900,2100,2200,4000,5100,5100,18117,0,1200.0,1249.1339952885824,201.6329180005414,5131.530785998621,4515.0
1776359339,126,,Aggregated,169.400000,0.000000,1200,1400,1500,1600,1800,1900,2100,2200,4000,5100,5100,18315,0,1200.0,1239.537243181668,201.6329180005414,5131.530785998621,4515.0
1776359340,126,,Aggregated,169.700000,0.000000,1200,1400,1500,1600,1800,1900,2100,2200,4000,5100,5100,18500,0,1200.0,1230.4138637639053,201.6329180005414,5131.530785998621,4515.0
1776359341,126,,Aggregated,169.600000,0.000000,1200,1400,1500,1600,1800,1900,2100,2200,4000,5100,5100,18677,0,1200.0,1222.6793042112897,201.6329180005414,5131.530785998621,4515.0
1776359342,126,,Aggregated,173.200000,0.000000,1200,1400,1500,1600,1800,1900,2100,2200,4000,5100,5100,18827,0,1200.0,1216.8182481482595,201.6329180005414,5131.530785998621,4515.0
1776359343,126,,Aggregated,176.500000,0.000000,1200,1400,1500,1600,1800,1900,2100,2200,4000,5100,5100,18936,0,1200.0,1213.632710728205,201.6329180005414,5131.530785998621,4515.0
1776359344,126,,Aggregated,175.300000,0.000000,1200,1400,1500,1600,1800,1900,2100,2200,4000,5100,5100,19043,0,1200.0,1211.7559978135957,201.6329180005414,5131.530785998621,4515.0
1776359345,126,,Aggregated,176.700000,0.000000,1200,1400,1500,1600,1800,1900,2100,2200,4000,5100,5100,19133,0,1200.0,1210.8274893357184,201.6329180005414,5131.530785998621,4515.0
1776359346,126,,Aggregated,170.400000,0.000000,1200,1400,1500,1600,1800,1900,2100,2200,4000,5100,5100,19228,0,1200.0,1210.08896245321,201.6329180005414,5131.530785998621,4515.0
1776359347,126,,Aggregated,163.700000,0.000000,1200,1400,1500,1600,1800,1900,2100,2200,4000,5100,5100,19348,0,1200.0,1208.1404997754971,201.6329180005414,5131.530785998621,4515.0
1776359348,126,,Aggregated,156.500000,0.000000,1200,1400,1500,1600,1800,1900,2100,2200,4000,5100,5100,19476,0,1200.0,1204.7333444631,201.6329180005414,5131.530785998621,4515.0
1776359350,126,,Aggregated,147.800000,0.000000,1200,1400,1500,1600,1800,1900,2100,2200,4000,5100,5100,19611,0,1200.0,1201.3790818287348,201.6329180005414,5131.530785998621,4515.0
1776359351,126,,Aggregated,140.600000,0.000000,1200,1400,1500,1600,1800,1900,2100,2200,4000,5100,5100,19770,0,1200.0,1195.986041780745,201.6329180005414,5131.530785998621,4515.0
1776359352,126,,Aggregated,135.700000,0.000000,1200,1300,1500,1600,1800,1900,2100,2200,4000,5100,5100,19927,0,1200.0,1190.1869055526329,201.6329180005414,5131.530785998621,4515.0
1776359353,126,,Aggregated,125.600000,0.000000,1200,1300,1500,1600,1700,1900,2100,2200,4000,4100,5100,20079,0,1200.0,1185.2194667290344,201.6329180005414,5131.530785998621,4515.0
1776359354,126,,Aggregated,125.600000,0.000000,1200,1300,1500,1600,1700,1900,2100,2200,4000,4100,5100,20210,0,1200.0,1181.6202509173816,201.6329180005414,5131.530785998621,4515.0
1776359352,126,,Aggregated,128.800000,0.000000,1200,1300,1500,1600,1700,1900,2100,2200,4000,4100,5100,20345,0,1200.0,1178.0048025114415,201.6329180005414,5131.530785998621,4515.0
1776359353,126,,Aggregated,125.600000,0.000000,1200,1300,1500,1600,1700,1900,2100,2200,4000,4100,5100,20510,0,1200.0,1172.4935258465277,201.6329180005414,5131.530785998621,4515.0
1776359354,86,,Aggregated,130.500000,0.000000,1200,1300,1500,1600,1700,1900,2100,2200,4000,4100,5100,20651,0,1200.0,1167.258395611415,201.6329180005414,5131.530785998621,4515.0
1776359355,46,,Aggregated,145.400000,0.000000,1200,1300,1500,1600,1700,1900,2100,2200,4000,4100,5100,20740,0,1200.0,1163.3223387935066,201.6329180005414,5131.530785998621,4515.0
1776359356,31,,Aggregated,162.900000,0.000000,1200,1300,1500,1600,1700,1900,2100,2200,4000,4100,5100,20799,0,1200.0,1160.6718968374116,201.6329180005414,5131.530785998621,4515.0
1776359357,31,,Aggregated,165.000000,0.000000,1200,1300,1500,1600,1700,1900,2100,2200,4000,4100,5100,20857,0,1200.0,1158.0819145358066,201.6329180005414,5131.530785998621,4515.0
1776359358,31,,Aggregated,162.900000,0.000000,1200,1300,1500,1600,1700,1900,2100,2200,4000,4100,5100,20916,0,1200.0,1155.4610936718452,201.6329180005414,5131.530785998621,4515.0
1776359359,31,,Aggregated,159.900000,0.000000,1200,1300,1500,1600,1700,1900,2100,2200,4000,4100,5100,20972,0,1200.0,1153.080414607968,201.6329180005414,5131.530785998621,4515.0
1776359360,31,,Aggregated,153.500000,0.000000,1200,1300,1500,1600,1700,1900,2100,2200,4000,4100,5100,21029,0,1200.0,1150.5778605421706,201.6329180005414,5131.530785998621,4515.0
1776359361,31,,Aggregated,146.200000,0.000000,1200,1300,1500,1600,1700,1900,2100,2200,4000,4100,5100,21091,0,1200.0,1147.9188617565453,201.6329180005414,5131.530785998621,4515.0
1776359362,31,,Aggregated,138.700000,0.000000,1200,1300,1500,1600,1700,1900,2100,2200,4000,4100,5100,21151,0,1200.0,1145.3184095817364,201.6329180005414,5131.530785998621,4515.0
1776359363,31,,Aggregated,128.400000,0.000000,1100,1300,1500,1600,1700,1900,2100,2200,4000,4100,5100,21206,0,1100.0,1142.965457008739,201.6329180005414,5131.530785998621,4515.0
1776359364,31,,Aggregated,113.400000,0.000000,1100,1300,1500,1600,1700,1900,2100,2200,4000,4100,5100,21266,0,1100.0,1140.3897557104924,201.6329180005414,5131.530785998621,4515.0
1776359365,31,,Aggregated,88.800000,0.000000,1100,1300,1500,1600,1700,1900,2100,2200,4000,4100,5100,21327,0,1100.0,1137.7731397544592,201.6329180005414,5131.530785998621,4515.0
1776359366,31,,Aggregated,66.200000,0.000000,1100,1300,1500,1600,1700,1900,2100,2200,4000,4100,5100,21385,0,1100.0,1135.3078225624195,201.6329180005414,5131.530785998621,4515.0
1776359367,31,,Aggregated,59.600000,0.000000,1100,1300,1500,1600,1700,1900,2100,2200,4000,4100,5100,21448,0,1100.0,1132.6404396445982,201.6329180005414,5131.530785998621,4515.0
1776359368,31,,Aggregated,58.500000,0.000000,1100,1300,1500,1600,1700,1900,2100,2200,4000,4100,5100,21505,0,1100.0,1130.2373752298697,201.6329180005414,5131.530785998621,4515.0
1776359369,31,,Aggregated,58.500000,0.000000,1100,1300,1500,1600,1700,1900,2100,2200,4000,4100,5100,21565,0,1100.0,1127.7246037164548,201.6329180005414,5131.530785998621,4515.0
1776359370,31,,Aggregated,59.000000,0.000000,1100,1300,1500,1600,1700,1900,2100,2200,4000,4100,5100,21619,0,1100.0,1125.4858081583952,201.6329180005414,5131.530785998621,4515.0
1776359371,31,,Aggregated,59.300000,0.000000,1100,1300,1500,1600,1700,1900,2100,2200,4000,4100,5100,21680,0,1100.0,1122.9796215271379,201.6329180005414,5131.530785998621,4515.0
1776359372,31,,Aggregated,58.900000,0.000000,1100,1300,1500,1600,1700,1900,2100,2200,4000,4100,5100,21735,0,1100.0,1120.7605666076993,201.6329180005414,5131.530785998621,4515.0
1776359373,31,,Aggregated,59.000000,0.000000,1100,1300,1500,1500,1700,1900,2100,2200,4000,4100,5100,21792,0,1100.0,1118.4433782630028,201.6329180005414,5131.530785998621,4515.0
1776359374,31,,Aggregated,58.100000,0.000000,1100,1300,1500,1500,1700,1900,2100,2200,4000,4100,5100,21849,0,1100.0,1116.1210148095734,201.6329180005414,5131.530785998621,4515.0
1776359375,31,,Aggregated,58.500000,0.000000,1100,1300,1500,1500,1700,1900,2100,2200,4000,4100,5100,21904,0,1100.0,1113.9002905544814,201.6329180005414,5131.530785998621,4515.0
1776359376,31,,Aggregated,58.400000,0.000000,1100,1300,1500,1500,1700,1900,2100,2200,4000,4100,5100,21961,0,1100.0,1111.5970233294645,201.6329180005414,5131.530785998621,4515.0
1776359377,31,,Aggregated,58.000000,0.000000,1100,1300,1500,1500,1700,1900,2100,2200,4000,4100,5100,22019,0,1100.0,1109.2794949231293,201.6329180005414,5131.530785998621,4515.0
1776359378,31,,Aggregated,57.800000,0.000000,1100,1300,1500,1500,1700,1900,2100,2200,4000,4100,5100,22083,0,1100.0,1106.7216205030286,201.6329180005414,5131.530785998621,4515.0
1776359379,20,,Aggregated,57.100000,0.000000,1100,1300,1500,1500,1700,1900,2100,2200,4000,4100,5100,22117,0,1100.0,1105.3796606556664,201.6329180005414,5131.530785998621,4515.0
1776359380,20,,Aggregated,56.900000,0.000000,1100,1300,1500,1500,1700,1900,2100,2200,4000,4100,5100,22157,0,1100.0,1103.7986331147436,201.6329180005414,5131.530785998621,4515.0
1776359381,20,,Aggregated,56.000000,0.000000,1100,1300,1500,1500,1700,1900,2100,2200,4000,4100,5100,22194,0,1100.0,1102.3482622817148,201.6329180005414,5131.530785998621,4515.0
1776359382,20,,Aggregated,54.500000,0.000000,1100,1300,1500,1500,1700,1900,2100,2200,4000,4100,5100,22233,0,1100.0,1100.817932941006,201.6329180005414,5131.530785998621,4515.0
1776359383,20,,Aggregated,52.300000,0.000000,1100,1300,1500,1500,1700,1900,2100,2200,4000,4100,5100,22271,0,1100.0,1099.3409851911183,201.6329180005414,5131.530785998621,4515.0
1776359382,20,,Aggregated,54.500000,0.000000,1100,1300,1500,1500,1700,1900,2100,2200,4000,4100,5100,22309,0,1100.0,1097.8708479391898,201.6329180005414,5131.530785998621,4515.0
1776359383,20,,Aggregated,52.300000,0.000000,1100,1300,1500,1500,1700,1900,2100,2200,4000,4100,5100,22346,0,1100.0,1096.451494925373,201.6329180005414,5131.530785998621,4515.0
1776359384,20,,Aggregated,53.000000,0.000000,1100,1300,1500,1500,1700,1900,2100,2200,4000,4100,5100,22384,0,1100.0,1094.9828755872215,201.6329180005414,5131.530785998621,4515.0
1776359385,20,,Aggregated,55.000000,0.000000,1100,1300,1500,1500,1700,1900,2100,2200,4000,4100,5100,22422,0,1100.0,1093.5205051573178,201.6329180005414,5131.530785998621,4515.0
1776359386,20,,Aggregated,55.900000,0.000000,1100,1300,1500,1500,1700,1900,2100,2200,4000,4100,5100,22458,0,1100.0,1092.1366787651339,201.6329180005414,5131.530785998621,4515.0
1776359387,20,,Aggregated,53.600000,0.000000,1100,1300,1500,1500,1700,1900,2100,2200,4000,4100,5100,22495,0,1100.0,1090.7153525808124,201.6329180005414,5131.530785998621,4515.0
1776359388,20,,Aggregated,51.700000,0.000000,1100,1300,1500,1500,1700,1900,2100,2200,4000,4100,5100,22533,0,1100.0,1089.2635604133663,201.6329180005414,5131.530785998621,4515.0
1776359389,20,,Aggregated,50.400000,0.000000,1100,1300,1400,1500,1700,1900,2100,2200,4000,4100,5100,22568,0,1100.0,1087.93429527359,201.6329180005414,5131.530785998621,4515.0
1776359390,20,,Aggregated,48.700000,0.000000,1100,1300,1400,1500,1700,1900,2100,2200,4000,4100,5100,22608,0,1100.0,1086.4168901572623,201.6329180005414,5131.530785998621,4515.0
1776359391,20,,Aggregated,47.500000,0.000000,1100,1300,1400,1500,1700,1900,2100,2200,4000,4100,5100,22646,0,1100.0,1084.976814146136,201.6329180005414,5131.530785998621,4515.0
1776359392,20,,Aggregated,47.100000,0.000000,1100,1300,1400,1500,1700,1900,2100,2200,4000,4100,5100,22679,0,1100.0,1083.733100328559,201.6329180005414,5131.530785998621,4515.0
1776359393,20,,Aggregated,47.200000,0.000000,1100,1300,1400,1500,1700,1900,2100,2200,4000,4100,5100,22721,0,1100.0,1082.1493512865356,201.6329180005414,5131.530785998621,4515.0
1776359394,20,,Aggregated,44.400000,0.000000,1100,1300,1400,1500,1700,1900,2100,2200,4000,4100,5100,22758,0,1100.0,1080.7601707558385,201.6329180005414,5131.530785998621,4515.0
1776359395,20,,Aggregated,40.600000,0.000000,1100,1300,1400,1500,1700,1900,2100,2200,4000,4100,5100,22793,0,1100.0,1079.450997095441,201.6329180005414,5131.530785998621,4515.0
1776359396,20,,Aggregated,37.700000,0.000000,1100,1300,1400,1500,1700,1900,2100,2200,4000,4100,5100,22834,0,1100.0,1077.9178008191898,201.6329180005414,5131.530785998621,4515.0
1776359397,20,,Aggregated,38.100000,0.000000,1100,1300,1400,1500,1700,1900,2100,2200,4000,4100,5100,22872,0,1100.0,1076.504238430412,201.6329180005414,5131.530785998621,4515.0
1776359398,20,,Aggregated,38.300000,0.000000,1100,1300,1400,1500,1700,1900,2100,2200,4000,4100,5100,22906,0,1100.0,1075.2456052763202,201.6329180005414,5131.530785998621,4515.0
1776359399,20,,Aggregated,37.500000,0.000000,1100,1300,1400,1500,1700,1900,2100,2200,4000,4100,5100,22943,0,1100.0,1073.8851031457252,201.6329180005414,5131.530785998621,4515.0
1776359400,20,,Aggregated,36.800000,0.000000,1100,1300,1400,1500,1700,1900,2100,2200,4000,4100,5100,22987,0,1100.0,1072.2653884855085,201.6329180005414,5131.530785998621,4515.0
1776359401,20,,Aggregated,37.000000,0.000000,1100,1300,1400,1500,1700,1900,2100,2200,4000,4100,5100,23025,0,1100.0,1070.8811427445987,201.6329180005414,5131.530785998621,4515.0
1776359402,32,,Aggregated,37.100000,0.000000,1100,1300,1400,1500,1700,1900,2100,2200,4000,4100,5100,23077,0,1100.0,1069.1192367285344,200.71230199937418,5131.530785998621,4515.0
1776359403,32,,Aggregated,37.500000,0.000000,1100,1300,1400,1500,1700,1900,2100,2200,4000,4100,5100,23139,0,1100.0,1066.8837938853178,200.71230199937418,5131.530785998621,4515.0
1776359404,32,,Aggregated,39.200000,0.000000,1100,1300,1400,1500,1700,1900,2100,2200,4000,4100,5100,23196,0,1100.0,1064.8521221972057,200.71230199937418,5131.530785998621,4515.0
1776359405,32,,Aggregated,41.200000,0.000000,1100,1300,1400,1500,1700,1900,2100,2200,4000,4100,5100,23253,0,1100.0,1062.8434065843712,200.71230199937418,5131.530785998621,4515.0
1776359406,32,,Aggregated,43.000000,0.000000,1100,1300,1400,1500,1700,1900,2100,2200,4000,4100,5100,23314,0,1100.0,1060.676776625349,200.71230199937418,5131.530785998621,4515.0
1776359407,32,,Aggregated,45.000000,0.000000,1100,1300,1400,1500,1700,1900,2100,2200,4000,4100,5100,23376,0,1100.0,1058.4926038663757,200.71230199937418,5131.530785998621,4515.0
1776359408,32,,Aggregated,47.200000,0.000000,1100,1300,1400,1500,1700,1900,2100,2200,4000,4100,5100,23434,0,1100.0,1056.5100591951611,200.71230199937418,5131.530785998621,4515.0
1776359409,32,,Aggregated,49.800000,0.000000,1100,1300,1400,1500,1700,1900,2100,2200,4000,4100,5100,23493,0,1100.0,1054.4704734382333,200.71230199937418,5131.530785998621,4515.0
1776359410,32,,Aggregated,51.900000,0.000000,1100,1300,1400,1500,1700,1900,2100,2200,4000,4100,5100,23550,0,1100.0,1052.5083287409518,200.71230199937418,5131.530785998621,4515.0
1776359411,32,,Aggregated,53.900000,0.000000,1100,1300,1400,1500,1700,1900,2100,2200,4000,4100,5100,23610,2,1100.0,1050.4309248319526,90.16561399948841,5131.530785998621,4514.61753494282
1776359412,32,,Aggregated,55.900000,0.000000,1100,1300,1400,1500,1700,1900,2100,2200,4000,4100,5100,23667,2,1100.0,1048.4949132603379,90.16561399948841,5131.530785998621,4514.618456078083
1776359413,32,,Aggregated,57.500000,0.000000,1100,1300,1400,1500,1700,1900,2100,2200,4000,4100,5100,23726,2,1100.0,1046.4807151097277,90.16561399948841,5131.530785998621,4514.619404872292
1776359411,32,,Aggregated,53.900000,0.000000,1100,1300,1400,1500,1700,1900,2100,2200,4000,4100,5100,23787,2,1100.0,1044.4172681007449,90.16561399948841,5131.530785998621,4514.620380880313
1776359412,32,,Aggregated,55.900000,0.000000,1100,1300,1400,1500,1700,1900,2100,2200,4000,4100,5100,23847,2,1100.0,1042.4205720940754,90.16561399948841,5131.530785998621,4514.621336017109
1776359413,32,,Aggregated,57.500000,0.000000,1100,1200,1400,1500,1700,1900,2100,2200,4000,4100,5100,23910,2,1100.0,1040.2936408474457,90.16561399948841,5131.530785998621,4514.6223337515685
1776359414,32,,Aggregated,60.400000,0.200000,1100,1200,1400,1500,1700,1900,2100,2200,4000,4100,5100,23967,2,1100.0,1038.3787895053788,90.16561399948841,5131.530785998621,4514.623231943923
1776359415,32,,Aggregated,65.600000,0.200000,1100,1200,1400,1500,1700,1900,2100,2200,4000,4100,5100,24025,2,1100.0,1036.42489779419,90.16561399948841,5131.530785998621,4514.624141519251
1776359416,32,,Aggregated,72.900000,0.200000,1100,1200,1400,1500,1700,1900,2100,2200,4000,4100,5100,24087,2,1100.0,1034.3533107174171,90.16561399948841,5131.530785998621,4514.625108979948
1776359417,32,,Aggregated,72.700000,0.200000,1100,1200,1400,1500,1700,1900,2100,2200,4000,4100,5100,24148,2,1100.0,1032.322668956536,90.16561399948841,5131.530785998621,4514.626055988074
1776359418,32,,Aggregated,72.100000,0.200000,1100,1200,1400,1500,1700,1900,2100,2200,4000,4100,5100,24198,2,1100.0,1030.6802735952324,90.16561399948841,5131.530785998621,4514.626828663526
1776359419,32,,Aggregated,73.200000,0.200000,1100,1200,1400,1500,1700,1900,2100,2200,4000,4100,5100,24261,2,1100.0,1028.6163440578064,90.16561399948841,5131.530785998621,4514.627797700013
1776359420,32,,Aggregated,74.000000,0.200000,1100,1200,1400,1500,1700,1900,2100,2200,4000,4100,5100,24323,2,1100.0,1026.5798102998579,90.16561399948841,5131.530785998621,4514.628746453974
1776359421,32,,Aggregated,73.900000,0.200000,1100,1200,1400,1500,1700,1900,2100,2200,4000,4100,5100,24381,2,1100.0,1024.7107718596635,90.16561399948841,5131.530785998621,4514.62962962963
1776359422,32,,Aggregated,74.400000,0.200000,1100,1200,1400,1500,1700,1900,2100,2200,4000,4100,5100,24443,2,1100.0,1022.6956968542509,90.16561399948841,5131.530785998621,4514.630569079082
1776359423,32,,Aggregated,74.300000,0.200000,1100,1200,1400,1500,1700,1900,2100,2200,4000,4100,5100,24503,2,1100.0,1020.7528977986553,90.16561399948841,5131.530785998621,4514.631473697098
1776359424,68,,Aggregated,72.200000,0.000000,1100,1200,1400,1500,1700,1900,2100,2200,4000,4100,5100,24609,2,1100.0,1017.8222114921954,90.16561399948841,5131.530785998621,4514.633061075217
1776359425,68,,Aggregated,67.200000,0.000000,1100,1200,1400,1500,1700,1900,2100,2200,4000,4100,5100,24729,2,1100.0,1014.049402239009,90.16561399948841,5131.530785998621,4514.634841683853
1776359426,68,,Aggregated,60.000000,0.000000,1100,1200,1400,1500,1700,1900,2100,2200,4000,4100,5100,24859,2,1100.0,1010.0300760246358,90.16561399948841,5131.530785998621,4514.636751277203
1776359427,68,,Aggregated,66.400000,0.000000,1100,1200,1400,1500,1700,1900,2100,2200,4000,4100,5100,24988,2,1100.0,1006.129042642285,90.16561399948841,5131.530785998621,4514.63862654074
1776359428,68,,Aggregated,73.300000,0.000000,1100,1200,1400,1500,1700,1900,2100,2200,4000,4100,5100,25111,2,1100.0,1002.4363077641842,90.16561399948841,5131.530785998621,4514.640396638923
1776359429,68,,Aggregated,78.600000,0.000000,1100,1200,1400,1500,1700,1900,2100,2200,4000,4100,5100,25237,2,1100.0,998.6716691475782,90.16561399948841,5131.530785998621,4514.6421920196535
1776359430,68,,Aggregated,84.900000,0.000000,1100,1200,1400,1500,1700,1900,2100,2200,4000,4100,5100,25361,2,1100.0,994.9494742614019,90.16561399948841,5131.530785998621,4514.643941484957
1776359431,68,,Aggregated,91.300000,0.000000,1100,1200,1400,1500,1700,1900,2100,2200,4000,4100,5100,25478,2,1100.0,991.5320244859648,90.16561399948841,5131.530785998621,4514.645576575869
1776359432,68,,Aggregated,97.200000,0.000000,1100,1200,1400,1500,1700,1900,2100,2200,4000,4100,5100,25610,2,1100.0,987.7450468171191,90.16561399948841,5131.530785998621,4514.6474033580635
1776359433,68,,Aggregated,103.900000,0.000000,1100,1200,1400,1500,1700,1900,2100,2200,4000,4100,5100,25732,2,1100.0,984.2101236957647,90.16561399948841,5131.530785998621,4514.64907508161
1776359434,68,,Aggregated,110.400000,0.000000,1100,1200,1400,1500,1700,1900,2100,2200,4000,4100,5100,25855,2,1100.0,980.6915477237837,90.16561399948841,5131.530785998621,4514.65074453684
1776359435,68,,Aggregated,117.100000,0.000000,1100,1200,1400,1500,1700,1800,2100,2200,4000,4100,5100,25982,2,1100.0,977.1533043008401,90.16561399948841,5131.530785998621,4514.652451697329
1776359436,68,,Aggregated,123.800000,0.000000,1100,1200,1400,1500,1700,1800,2100,2200,4000,4100,5100,26110,2,1100.0,973.5515056961486,90.16561399948841,5131.530785998621,4514.654155495979
1776359437,68,,Aggregated,124.000000,0.000000,1100,1200,1400,1500,1700,1800,2100,2200,4000,4100,5100,26237,2,1100.0,970.0327355633436,90.16561399948841,5131.530785998621,4514.655829553683
1776359438,68,,Aggregated,123.900000,0.000000,1000,1200,1400,1500,1700,1800,2100,2200,4000,4100,5100,26361,2,1000.0,966.5803171183733,90.16561399948841,5131.530785998621,4514.657448503471
1776359439,68,,Aggregated,124.100000,0.000000,1000,1200,1400,1500,1700,1800,2100,2200,4000,4100,5100,26496,2,1000.0,962.931959045005,90.16561399948841,5131.530785998621,4514.65919384058
1776359440,68,,Aggregated,124.200000,0.000000,1000,1200,1400,1500,1700,1800,2100,2200,4000,4100,5100,26629,2,1000.0,959.2813744318778,90.16561399948841,5131.530785998621,4514.660896015622
1776359441,68,,Aggregated,124.800000,0.000000,1000,1200,1400,1500,1700,1800,2100,2200,4000,4100,5100,26749,2,1000.0,956.0493222393156,90.16561399948841,5131.530785998621,4514.662417286628
1776359442,68,,Aggregated,125.400000,0.000000,1000,1200,1400,1500,1700,1800,2100,2200,4000,4100,5100,26870,2,1000.0,952.9574943680108,90.16561399948841,5131.530785998621,4514.66393747674
1776359443,68,,Aggregated,126.700000,0.000000,1000,1200,1300,1500,1700,1800,2100,2200,4000,4100,5100,26998,2,1000.0,949.5954784153809,90.16561399948841,5131.530785998621,4514.665530780057
1776359442,68,,Aggregated,125.400000,0.000000,1000,1200,1300,1500,1700,1800,2100,2200,4000,4100,5100,27123,2,1000.0,946.3511850227285,90.16561399948841,5131.530785998621,4514.6670722265235
1776359443,68,,Aggregated,126.700000,0.000000,1000,1200,1300,1500,1700,1800,2100,2200,4000,4100,5100,27248,2,1000.0,943.067320194893,90.16561399948841,5131.530785998621,4514.6685995302405
1776359444,68,,Aggregated,129.800000,0.000000,1000,1200,1300,1500,1700,1800,2100,2200,4000,4100,5100,27374,2,1000.0,939.7921603202093,90.16561399948841,5131.530785998621,4514.67012493607
1776359445,68,,Aggregated,141.100000,0.000000,1000,1200,1300,1500,1700,1800,2100,2200,4000,4100,5100,27499,2,1000.0,936.5908813320638,90.16561399948841,5131.530785998621,4514.671624422706
1776359446,68,,Aggregated,153.800000,0.000000,1000,1200,1300,1500,1700,1800,2100,2200,4000,4100,5100,27626,2,1000.0,933.4447245568814,90.16561399948841,5131.530785998621,4514.673134004199
1776359447,90,,Aggregated,154.800000,0.000000,1000,1200,1300,1500,1700,1800,2100,2200,4000,4100,5100,27786,11,1000.0,929.6462892341968,90.16561399948841,5131.530785998621,4513.212589073634
1776359448,90,,Aggregated,154.200000,0.000000,1000,1200,1300,1500,1700,1800,2100,2200,4000,4100,5100,27947,11,1000.0,925.7415569734283,90.16561399948841,5131.530785998621,4513.222886177407
1776359449,90,,Aggregated,159.200000,0.700000,1000,1200,1300,1500,1700,1800,2100,2200,4000,4100,5100,28120,11,1000.0,921.5112455630294,90.16561399948841,5131.530785998621,4513.233819345662
1776359450,90,,Aggregated,161.700000,0.900000,990,1200,1300,1400,1700,1800,2100,2200,4000,4100,5100,28277,11,990.0,917.8331649376314,90.16561399948841,5131.530785998621,4513.24362556141
1776359451,90,,Aggregated,166.400000,0.900000,990,1200,1300,1400,1700,1800,2100,2200,4000,4100,5100,28443,11,990.0,913.9713819829635,90.16561399948841,5131.530785998621,4513.2538761733995
1776359452,90,,Aggregated,169.900000,0.900000,980,1200,1300,1400,1700,1800,2100,2200,4000,4100,5100,28607,11,980.0,910.3394226103898,90.16561399948841,5131.530785998621,4513.2638864613555
1776359453,90,,Aggregated,173.100000,0.900000,980,1200,1300,1400,1700,1800,2100,2200,4000,4100,5100,28773,11,980.0,906.4815733072815,90.16561399948841,5131.530785998621,4513.273902617037
1776359454,90,,Aggregated,173.000000,0.900000,970,1200,1300,1400,1700,1800,2100,2200,4000,4100,5100,28937,11,970.0,902.6644201333378,90.16561399948841,5131.530785998621,4513.283685247261
1776359455,90,,Aggregated,166.300000,0.900000,960,1200,1300,1400,1700,1800,2100,2200,3900,4100,5100,29097,11,960.0,899.0254595772204,90.16561399948841,5131.530785998621,4513.293123002371
1776359456,90,,Aggregated,156.600000,0.900000,960,1200,1300,1400,1700,1800,2100,2200,3900,4100,5100,29262,11,960.0,895.3805354937244,90.16561399948841,5131.530785998621,4513.302747590732
1776359457,90,,Aggregated,160.200000,0.900000,950,1200,1300,1400,1700,1800,2000,2200,3900,4100,5100,29417,11,950.0,892.0444151302092,90.16561399948841,5131.530785998621,4513.311690519087
1776359458,90,,Aggregated,164.700000,0.900000,950,1200,1300,1400,1700,1800,2000,2200,3900,4100,5100,29592,11,950.0,888.186956450506,90.16561399948841,5131.530785998621,4513.321674776967
1776359459,90,,Aggregated,162.200000,0.200000,940,1200,1300,1400,1700,1800,2000,2200,3900,4100,5100,29747,11,940.0,884.8763639387968,90.16561399948841,5131.530785998621,4513.330419874273
1776359460,90,,Aggregated,163.900000,0.000000,930,1200,1300,1400,1700,1800,2000,2200,3900,4100,5100,29912,11,930.0,881.3024102099952,90.16561399948841,5131.530785998621,4513.339629580101
1776359461,90,,Aggregated,162.600000,0.000000,920,1200,1300,1400,1700,1800,2000,2200,3700,4100,5100,30085,11,920.0,877.6602288978015,90.16561399948841,5131.530785998621,4513.349177330896
1776359462,90,,Aggregated,162.400000,0.000000,920,1200,1300,1400,1700,1800,2000,2200,3700,4100,5100,30252,11,920.0,874.1874743641539,90.16561399948841,5131.530785998621,4513.358290360968
1776359463,90,,Aggregated,162.600000,0.000000,910,1200,1300,1400,1600,1800,2000,2200,3700,4100,5100,30413,11,910.0,870.8636856111987,90.16561399948841,5131.530785998621,4513.366981225134
1776359464,90,,Aggregated,164.200000,0.000000,900,1200,1300,1400,1600,1800,2000,2200,3700,4100,5100,30572,11,900.0,867.802454195779,90.16561399948841,5131.530785998621,4513.3754742902
1776359465,90,,Aggregated,163.100000,0.000000,890,1200,1300,1400,1600,1800,2000,2200,3700,4100,5100,30741,11,890.0,864.4038779738898,90.16561399948841,5131.530785998621,4513.384405191763
1776359466,90,,Aggregated,162.400000,0.000000,890,1200,1300,1400,1600,1800,2000,2200,3700,4100,5100,30896,11,890.0,861.3560900778522,90.16561399948841,5131.530785998621,4513.392510357327
1776359467,90,,Aggregated,163.100000,0.000000,880,1200,1300,1400,1600,1800,2000,2200,3700,4100,5100,31062,11,880.0,858.0596847447468,90.16561399948841,5131.530785998621,4513.401101023759
1776359468,90,,Aggregated,163.000000,0.000000,860,1100,1300,1400,1600,1800,2000,2200,3700,4100,5100,31229,11,860.0,854.7418349559174,90.16561399948841,5131.530785998621,4513.409651285664
1776359469,90,,Aggregated,163.900000,0.000000,850,1100,1300,1400,1600,1800,2000,2200,3700,4100,5100,31393,11,850.0,851.5927826304704,90.16561399948841,5131.530785998621,4513.417959417705
1776359470,90,,Aggregated,163.100000,0.000000,840,1100,1300,1400,1600,1800,2000,2200,3700,4100,5100,31559,11,840.0,848.3951968078628,90.16561399948841,5131.530785998621,4513.4262809341235
1776359471,125,,Aggregated,163.900000,0.000000,830,1100,1300,1400,1600,1800,2000,2200,3700,4100,5100,31776,21,830.0,844.4097875238958,90.16561399948841,5131.530785998621,4512.016144259819
1776359472,125,,Aggregated,164.000000,0.000000,810,1100,1300,1400,1600,1800,2000,2200,3700,4100,5100,32015,21,810.0,839.9537758021653,90.16561399948841,5131.530785998621,4512.038419490864
1776359473,125,,Aggregated,165.100000,0.800000,800,1100,1300,1400,1600,1800,2000,2200,3700,4100,5100,32254,21,800.0,835.43209780022,90.16561399948841,5131.530785998621,4512.060364605941
1776359472,125,,Aggregated,164.000000,0.000000,790,1100,1200,1400,1600,1800,2000,2200,3700,4100,5100,32498,21,790.0,830.8634536835895,90.16561399948841,5131.530785998621,4512.082435842206
1776359473,125,,Aggregated,165.100000,0.800000,770,1100,1200,1400,1600,1800,2000,2200,3700,4100,5100,32733,21,770.0,826.6035321600314,90.16561399948841,5131.530785998621,4512.103381908166
1776359474,125,,Aggregated,176.600000,1.000000,760,1100,1200,1400,1600,1800,2000,2200,3700,4100,5100,32973,21,760.0,822.2911084128926,90.16561399948841,5131.530785998621,4512.124465471749
1776359475,125,,Aggregated,207.700000,1.000000,750,1100,1200,1400,1600,1800,2000,2200,3700,4100,5100,33206,21,750.0,818.1458388965334,90.16561399948841,5131.530785998621,4512.144642534482
1776359476,125,,Aggregated,241.000000,1.000000,730,1100,1200,1400,1600,1800,2000,2200,3700,4100,5100,33429,21,730.0,814.3571079768859,90.16561399948841,5131.530785998621,4512.1636902090995
1776359477,125,,Aggregated,247.300000,1.000000,720,1100,1200,1400,1600,1800,2000,2200,3700,4100,5100,33672,21,720.0,810.2566750995277,90.16561399948841,5131.530785998621,4512.184158945118
1776359478,125,,Aggregated,254.200000,1.000000,710,1100,1200,1300,1600,1800,2000,2200,3700,4100,5100,33897,21,710.0,806.4265210988681,90.16561399948841,5131.530785998621,4512.202849809718
1776359479,125,,Aggregated,266.900000,1.000000,700,1100,1200,1300,1600,1800,2000,2200,3600,4100,5100,34130,21,700.0,802.5196637968753,90.16561399948841,5131.530785998621,4512.221945502491
1776359480,125,,Aggregated,273.500000,1.000000,680,1100,1200,1300,1600,1800,2000,2200,3600,4100,5100,34371,21,680.0,798.5619256304262,90.16561399948841,5131.530785998621,4512.241424456664
1776359481,125,,Aggregated,280.100000,1.000000,670,1100,1200,1300,1600,1800,2000,2200,3600,4100,5100,34597,21,670.0,794.9071547516946,90.16561399948841,5131.530785998621,4512.259444460502
1776359482,125,,Aggregated,287.100000,1.000000,650,1100,1200,1300,1600,1800,2000,2100,3600,4100,5100,34837,21,650.0,791.0363052134908,90.16561399948841,5131.530785998621,4512.278324769642
1776359483,125,,Aggregated,292.000000,0.200000,640,1100,1200,1300,1600,1800,2000,2100,3600,4100,5100,35068,21,640.0,787.3458634668467,90.16561399948841,5131.530785998621,4512.296252994182
1776359484,125,,Aggregated,287.300000,0.000000,620,1100,1200,1300,1600,1800,2000,2100,3600,4100,5100,35302,21,620.0,783.6599307230018,90.16561399948841,5131.530785998621,4512.314174834287
1776359485,125,,Aggregated,262.700000,0.000000,600,1100,1200,1300,1600,1800,2000,2100,3600,4100,5100,35534,21,600.0,780.1565098029048,90.16561399948841,5131.530785998621,4512.331710474476
1776359486,125,,Aggregated,238.600000,0.000000,590,1100,1200,1300,1600,1800,2000,2100,3600,4100,5100,35756,21,590.0,776.8492687345732,90.16561399948841,5131.530785998621,4512.348277212216
1776359487,125,,Aggregated,237.700000,0.000000,560,1100,1200,1300,1600,1800,2000,2100,3600,4100,5100,35991,21,560.0,773.3675420168212,90.16561399948841,5131.530785998621,4512.365591397849
1776359488,125,,Aggregated,237.000000,0.000000,550,1100,1200,1300,1600,1800,2000,2100,3600,4100,5100,36221,21,550.0,769.9530839191747,90.16561399948841,5131.530785998621,4512.382319648823
1776359489,125,,Aggregated,231.400000,0.000000,530,1100,1200,1300,1600,1800,2000,2100,3600,4100,5100,36444,21,530.0,766.6883784177484,90.16561399948841,5131.530785998621,4512.398337174844
1776359490,125,,Aggregated,231.000000,0.000000,520,1100,1200,1300,1600,1800,2000,2100,3600,4100,5100,36676,21,520.0,763.4294186948254,90.16561399948841,5131.530785998621,4512.414794415967
1776359491,125,,Aggregated,230.900000,0.000000,500,1100,1200,1300,1600,1800,2000,2100,3600,4100,5100,36906,21,500.0,760.1709674399398,90.16561399948841,5131.530785998621,4512.430905543814
1776359492,125,,Aggregated,230.900000,0.000000,490,1100,1200,1300,1600,1800,2000,2100,3600,4100,5100,37142,21,490.0,756.8183939812177,90.16561399948841,5131.530785998621,4512.4472295514515
1776359493,125,,Aggregated,230.400000,0.000000,480,1100,1200,1300,1600,1800,2000,2100,3600,4100,5100,37382,21,480.0,753.4407981547641,90.16561399948841,5131.530785998621,4512.4636188539935
1776359494,165,,Aggregated,229.800000,0.000000,460,1100,1200,1300,1600,1800,2000,2100,3600,4100,5100,37676,36,460.0,749.5245628308587,90.16561399948841,5131.530785998621,4510.685847754538
1776359495,167,,Aggregated,231.300000,0.000000,450,1100,1200,1300,1600,1800,2000,2100,3600,4100,5100,37978,36,450.0,745.5655053565603,90.16561399948841,5131.530785998621,4510.720153773237
1776359496,167,,Aggregated,235.100000,1.400000,440,1100,1200,1300,1600,1800,2000,2100,3600,4100,5100,38296,36,440.0,741.2970686126866,90.16561399948841,5131.530785998621,4510.755692500522
1776359497,167,,Aggregated,243.800000,1.500000,430,1000,1200,1300,1600,1800,2000,2100,3600,4100,5100,38607,36,430.0,737.258262032442,90.16561399948841,5131.530785998621,4510.789882663766
1776359498,167,,Aggregated,252.400000,1.500000,420,1000,1200,1300,1600,1800,2000,2100,3600,4100,5100,38907,36,420.0,733.58703749856,90.16561399948841,5131.530785998621,4510.822345593338
1776359499,167,,Aggregated,259.800000,1.500000,410,1000,1200,1300,1600,1800,2000,2100,3600,4100,5100,39212,36,410.0,729.7790203579125,90.16561399948841,5131.530785998621,4510.854840354993
1776359500,167,,Aggregated,266.900000,1.500000,410,1000,1200,1300,1600,1800,2000,2100,3600,4100,5100,39516,36,410.0,726.0755750109445,90.16561399948841,5131.530785998621,4510.886729426055
1776359501,167,,Aggregated,273.600000,1.500000,400,1000,1200,1300,1600,1800,2000,2100,3600,4100,5100,39835,36,400.0,722.1925645271622,90.16561399948841,5131.530785998621,4510.9196686331115
1776359502,167,,Aggregated,281.800000,1.500000,390,1000,1200,1300,1600,1700,2000,2100,3600,4100,5100,40151,36,390.0,718.4644273657067,90.16561399948841,5131.530785998621,4510.951782022864
1776359503,167,,Aggregated,290.900000,1.500000,380,1000,1200,1300,1600,1700,2000,2100,3600,4100,5100,40470,36,380.0,714.6460913316896,90.16561399948841,5131.530785998621,4510.983691623424
1776359506,167,,Aggregated,310.600000,0.100000,370,1000,1200,1200,1600,1700,2000,2100,3600,4100,5100,40776,36,370.0,711.0155637370374,90.16561399948841,5131.530785998621,4511.013831665686
1776359502,167,,Aggregated,281.800000,1.500000,360,1000,1200,1200,1600,1700,2000,2100,3600,4100,5100,41096,36,360.0,707.3050232463124,90.16561399948841,5131.530785998621,4511.044870547012
1776359503,167,,Aggregated,290.900000,1.500000,350,1000,1200,1200,1600,1700,2000,2100,3600,4100,5100,41405,36,350.0,703.7586993983444,90.16561399948841,5131.530785998621,4511.0743871513105
1776359504,167,,Aggregated,305.800000,1.500000,340,990,1200,1200,1600,1700,2000,2100,3600,4100,5100,41727,36,340.0,700.1269900650519,90.16561399948841,5131.530785998621,4511.104680422748
1776359505,167,,Aggregated,343.900000,1.500000,330,980,1200,1200,1600,1700,2000,2100,3600,4100,5100,42044,36,330.0,696.6100453570408,90.16561399948841,5131.530785998621,4511.134050042812
1776359506,167,,Aggregated,380.900000,0.100000,330,970,1200,1200,1600,1700,2000,2100,3600,4100,5100,42357,36,330.0,693.1758644380725,90.16561399948841,5131.530785998621,4511.162617749133
1776359507,167,,Aggregated,380.600000,0.000000,320,970,1100,1200,1600,1700,2000,2100,3600,4100,5100,42679,36,320.0,689.7279977300885,90.16561399948841,5131.530785998621,4511.191569624405
1776359508,167,,Aggregated,380.200000,0.000000,310,960,1100,1200,1600,1700,2000,2100,3600,4100,5100,42983,36,310.0,686.5796976360992,90.16561399948841,5131.530785998621,4511.218504990345
1776359509,167,,Aggregated,390.100000,0.000000,310,950,1100,1200,1600,1700,2000,2100,3600,4100,5100,43306,36,310.0,683.2040867081338,90.16561399948841,5131.530785998621,4511.246709462892
1776359510,167,,Aggregated,390.900000,0.000000,300,940,1100,1200,1500,1700,2000,2100,3600,4100,5100,43597,36,300.0,680.3148501175181,90.16561399948841,5131.530785998621,4511.271761818473
1776359511,167,,Aggregated,391.900000,0.000000,300,930,1100,1200,1500,1700,2000,2100,3600,4100,5100,43899,36,300.0,677.3467909144946,90.16561399948841,5131.530785998621,4511.29740996378
1776359512,167,,Aggregated,390.700000,0.000000,300,920,1100,1200,1500,1700,2000,2100,3600,4100,5100,44209,36,300.0,674.3782911221564,90.16561399948841,5131.530785998621,4511.323373068833
1776359513,167,,Aggregated,389.300000,0.000000,290,920,1100,1200,1500,1700,2000,2100,3600,4100,5100,44502,36,290.0,671.5367567968271,90.16561399948841,5131.530785998621,4511.34757988405
1776359514,167,,Aggregated,381.600000,0.000000,290,900,1100,1200,1500,1700,2000,2100,3600,4100,5100,44816,36,290.0,668.4521758366285,90.16561399948841,5131.530785998621,4511.373170296322
1776359515,167,,Aggregated,349.200000,0.000000,290,900,1100,1200,1500,1700,1900,2100,3500,4100,5100,45138,36,290.0,665.3372347756733,90.16561399948841,5131.530785998621,4511.399042935
1776359516,207,,Aggregated,316.600000,0.000000,290,880,1100,1200,1500,1700,1900,2100,3500,4100,5100,45486,36,290.0,662.4688757228678,90.16561399948841,5131.530785998621,4511.426592797784
1776359517,247,,Aggregated,315.700000,0.000000,280,870,1100,1200,1500,1700,1900,2100,3500,4100,5100,45897,36,280.0,659.2159575532896,90.16561399948841,5131.530785998621,4511.458592064841
1776359518,287,,Aggregated,315.500000,0.000000,280,850,1100,1200,1500,1700,1900,2100,3500,4100,5100,46349,36,280.0,655.9427056621571,90.16561399948841,5131.530785998621,4511.493128222831
1776359519,287,,Aggregated,311.300000,0.000000,280,820,1100,1200,1500,1700,1900,2100,3500,4100,5100,46864,36,280.0,651.708014479139,90.16561399948841,5131.530785998621,4511.531666097644
1776359520,287,,Aggregated,323.000000,0.000000,280,810,1100,1200,1500,1700,1900,2100,3500,4100,5100,47366,36,280.0,647.6274984424775,90.16561399948841,5131.530785998621,4511.568424608369
1776359521,287,,Aggregated,339.300000,0.000000,280,790,1100,1200,1500,1700,1900,2100,3500,4100,5100,47867,36,280.0,643.7199618076623,90.16561399948841,5131.530785998621,4511.604341195395
1776359522,287,,Aggregated,361.500000,0.000000,280,770,1100,1200,1500,1700,1900,2100,2900,4100,5100,48375,36,280.0,639.7888840217761,90.16561399948841,5131.530785998621,4511.64
1776359523,287,,Aggregated,379.900000,0.000000,280,750,1100,1200,1500,1700,1900,2100,2900,4100,5100,48855,36,280.0,636.2389610499117,90.16561399948841,5131.530785998621,4511.67301197421
1776359524,287,,Aggregated,399.400000,0.000000,270,730,1100,1200,1500,1700,1900,2100,2800,4100,5100,49350,36,270.0,632.7253664181646,90.16561399948841,5131.530785998621,4511.706382978723
1776359525,287,,Aggregated,420.800000,0.000000,270,710,1100,1200,1500,1700,1900,2100,2800,4100,5100,49848,36,270.0,629.3448119760765,90.16561399948841,5131.530785998621,4511.739287433798
1776359526,287,,Aggregated,437.700000,0.000000,270,690,1100,1200,1500,1700,1900,2100,2800,4100,5100,50354,36,270.0,625.7197322105593,90.16561399948841,5131.530785998621,4511.772053858681
1776359527,287,,Aggregated,454.800000,0.000000,270,670,1100,1200,1500,1700,1900,2100,2800,4100,5100,50866,36,270.0,622.0738206628696,90.16561399948841,5131.530785998621,4511.804545275822
1776359528,287,,Aggregated,473.900000,0.000000,270,650,1100,1200,1500,1700,1900,2100,2800,4100,5100,51371,36,270.0,618.5389882362917,90.16561399948841,5131.530785998621,4511.835958030795
1776359529,287,,Aggregated,487.800000,0.000000,270,630,1100,1200,1500,1700,1900,2100,2800,4100,5100,51864,36,270.0,615.1457250738573,90.16561399948841,5131.530785998621,4511.866034243406
1776359530,287,,Aggregated,496.000000,0.000000,270,600,1100,1200,1500,1700,1900,2100,2800,4100,5100,52354,36,270.0,612.0632945406952,90.16561399948841,5131.530785998621,4511.895366161134
1776359531,287,,Aggregated,500.200000,0.000000,270,580,1000,1200,1500,1700,1900,2100,2800,4100,5100,52855,36,270.0,608.8036986180035,90.16561399948841,5131.530785998621,4511.924794248415
1776359532,287,,Aggregated,496.200000,0.000000,270,550,1000,1100,1500,1700,1900,2100,2800,4100,5100,53364,36,270.0,605.6964736769653,90.16561399948841,5131.530785998621,4511.954126377333
1776359533,287,,Aggregated,499.200000,0.000000,260,530,1000,1100,1500,1700,1900,2100,2800,4100,5100,53877,36,260.0,602.4326152851038,90.16561399948841,5131.530785998621,4511.9831282365385
1776359532,287,,Aggregated,496.200000,0.000000,260,510,1000,1100,1500,1700,1900,2100,2800,4100,5100,54388,36,260.0,599.2632503811967,90.16561399948841,5131.530785998621,4512.011473119071
1776359533,287,,Aggregated,499.200000,0.000000,260,500,1000,1100,1500,1700,1900,2100,2800,4100,5100,54906,36,260.0,595.9254093245464,90.16561399948841,5131.530785998621,4512.03966779587
1776359534,287,,Aggregated,509.600000,0.000000,260,490,1000,1100,1500,1700,1900,2100,2800,4100,5100,55424,36,260.0,592.7261630227977,90.16561399948841,5131.530785998621,4512.067335450346
1776359535,287,,Aggregated,562.500000,0.000000,260,480,1000,1100,1500,1700,1900,2100,2800,4100,5100,55942,36,260.0,589.5124057454253,90.16561399948841,5131.530785998621,4512.094490722534
1776359536,287,,Aggregated,614.800000,0.000000,260,460,990,1100,1400,1700,1900,2100,2800,4100,5100,56448,36,260.0,586.5113177636867,90.16561399948841,5131.530785998621,4512.120535714285
1776359537,287,,Aggregated,620.000000,0.000000,260,450,980,1100,1400,1700,1900,2100,2800,4100,5100,56969,36,260.0,583.5151176537349,90.16561399948841,5131.530785998621,4512.146869349997
1776359538,287,,Aggregated,621.800000,0.000000,260,440,980,1100,1400,1700,1900,2100,2800,4100,5100,57462,36,260.0,580.7578084210368,90.16561399948841,5131.530785998621,4512.171348021301
1776359539,327,,Aggregated,634.100000,0.000000,260,440,970,1100,1400,1700,1900,2100,2700,4100,5100,58007,36,260.0,578.1903392711849,90.16561399948841,5131.530785998621,4512.197924388436
1776359540,367,,Aggregated,633.600000,0.000000,260,430,960,1100,1400,1700,1900,2100,2700,4100,5100,58591,36,260.0,575.5209185465624,90.16561399948841,5131.530785998621,4512.2258538000715
1776359541,407,,Aggregated,634.100000,0.000000,260,430,940,1100,1400,1700,1900,2000,2700,4100,5100,59310,36,260.0,572.0770069699985,90.16561399948841,5131.530785998621,4512.259484066768
1776359542,432,,Aggregated,642.800000,0.000000,260,420,930,1100,1400,1700,1900,2000,2700,4100,5100,60060,36,260.0,568.2559981533411,90.16561399948841,5131.530785998621,4512.293706293706
1776359543,432,,Aggregated,657.300000,0.000000,260,410,910,1100,1400,1600,1900,2000,2700,4100,5100,60860,36,260.0,564.1221459253134,90.16561399948841,5131.530785998621,4512.329280315478
1776359544,432,,Aggregated,671.800000,0.000000,250,410,890,1100,1400,1600,1900,2000,2700,4100,5100,61634,36,250.0,560.1779686372386,90.16561399948841,5131.530785998621,4512.362819223156
1776359545,432,,Aggregated,643.800000,0.000000,250,400,870,1100,1400,1600,1900,2000,2700,4100,5100,62407,36,250.0,556.5086223470222,90.16561399948841,5131.530785998621,4512.395484480908
1776359546,432,,Aggregated,621.700000,0.000000,250,390,840,1100,1400,1600,1900,2000,2700,4100,5100,63179,36,250.0,552.888245292083,90.16561399948841,5131.530785998621,4512.427309707339
1776359547,432,,Aggregated,644.600000,0.000000,250,380,820,1100,1400,1600,1900,2000,2700,4100,5100,63957,36,250.0,549.3784421088002,90.16561399948841,5131.530785998621,4512.4586050002345
1776359548,432,,Aggregated,670.200000,0.000000,250,380,800,1100,1400,1600,1800,2000,2700,4100,5100,64722,36,250.0,545.8323265134806,90.16561399948841,5131.530785998621,4512.488643737833
1776359549,432,,Aggregated,683.300000,0.000000,250,370,780,1100,1400,1600,1800,2000,2700,4100,5100,65500,36,250.0,542.4376740466037,90.16561399948841,5131.530785998621,4512.518473282443
1776359550,432,,Aggregated,713.700000,0.000000,250,370,750,1000,1400,1600,1800,2000,2600,4100,5100,66253,36,250.0,539.3271598055272,90.16561399948841,5131.530785998621,4512.546677131601
1776359551,432,,Aggregated,738.400000,0.000000,250,360,730,1000,1400,1600,1800,2000,2600,4100,5100,67019,36,250.0,536.2552191777935,90.16561399948841,5131.530785998621,4512.574717617392
1776359552,432,,Aggregated,758.400000,0.000000,250,360,720,1000,1300,1600,1800,2000,2600,4100,5100,67757,36,250.0,533.4344306388505,90.16561399948841,5131.530785998621,4512.601133462225
1776359553,432,,Aggregated,767.700000,0.000000,250,360,690,1000,1300,1600,1800,2000,2500,4100,5100,68517,36,250.0,530.5983581842983,90.16561399948841,5131.530785998621,4512.627742020229
1776359554,432,,Aggregated,767.300000,0.000000,250,350,670,1000,1300,1600,1800,2000,2500,4100,5100,69290,36,250.0,527.6622731458309,90.16561399948841,5131.530785998621,4512.654206956271
1776359555,432,,Aggregated,764.000000,0.000000,250,350,650,1000,1300,1600,1800,2000,2500,4100,5100,70011,36,250.0,525.2947399176091,90.16561399948841,5131.530785998621,4512.6783648283845
1776359556,432,,Aggregated,761.200000,0.000000,250,340,630,990,1300,1600,1800,2000,2500,4100,5100,70732,36,250.0,522.7530496097055,90.16561399948841,5131.530785998621,4512.702030198496
1776359557,432,,Aggregated,756.100000,0.000000,250,340,610,980,1300,1600,1800,2000,2500,4100,5100,71483,36,250.0,520.0833891664124,90.16561399948841,5131.530785998621,4512.726172656436
1776359558,432,,Aggregated,755.400000,0.000000,250,340,590,970,1300,1600,1800,2000,2500,4100,5100,72244,36,250.0,517.5588430802783,90.16561399948841,5131.530785998621,4512.750124577819
1776359559,432,,Aggregated,753.600000,0.000000,250,330,570,960,1300,1600,1800,2000,2500,4100,5100,73015,36,250.0,514.9133888267027,90.16561399948841,5131.530785998621,4512.773882079025
1776359560,432,,Aggregated,748.300000,0.000000,250,330,550,950,1300,1600,1800,2000,2500,4100,5100,73796,36,250.0,512.162165130017,90.16561399948841,5131.530785998621,4512.797441595751
1776359561,432,,Aggregated,748.600000,0.000000,250,330,530,930,1300,1600,1800,2000,2500,4100,5100,74581,36,250.0,509.4314030926216,90.16561399948841,5131.530785998621,4512.820624555852
1776359562,432,,Aggregated,748.300000,0.000000,250,320,520,920,1300,1600,1800,2000,2500,4100,5100,75367,36,250.0,506.82790392258806,90.16561399948841,5131.530785998621,4512.843353191715
1776359563,432,,Aggregated,750.900000,0.000000,250,320,510,910,1300,1600,1800,2000,2500,4100,5100,76153,36,250.0,504.1916043946105,90.16561399948841,5131.530785998621,4512.865612648221
1776359561,472,,Aggregated,748.600000,0.000000,250,320,500,890,1300,1600,1800,2000,2500,4100,5100,76987,36,250.0,501.5594130585916,90.16561399948841,5131.530785998621,4512.888734461662
1776359562,486,,Aggregated,748.300000,0.000000,250,320,490,870,1300,1600,1800,2000,2500,4100,5100,77784,36,250.0,499.2736734356261,90.16561399948841,5131.530785998621,4512.910367170626
1776359563,486,,Aggregated,750.900000,0.000000,250,320,480,850,1300,1600,1800,2000,2500,4100,5100,78637,36,250.0,496.9719582382569,90.16561399948841,5131.530785998621,4512.933034067933
1776359564,486,,Aggregated,775.800000,0.000000,250,310,470,830,1300,1600,1800,2000,2500,4100,5100,79480,36,250.0,494.52411203107374,90.16561399948841,5131.530785998621,4512.954957221943
1776359565,486,,Aggregated,861.400000,0.000000,250,310,470,810,1300,1600,1800,2000,2500,4100,5100,80347,36,250.0,492.20504850616396,90.16561399948841,5131.530785998621,4512.977024655556
1776359567,486,,Aggregated,965.000000,0.000000,250,310,460,790,1200,1600,1800,2000,2500,4100,5100,81157,36,250.0,490.11522505527137,90.16561399948841,5131.530785998621,4512.997215274098
1776359568,486,,Aggregated,975.000000,0.000000,250,310,450,770,1200,1600,1800,2000,2500,4100,5100,82014,36,250.0,487.97115462257335,90.16561399948841,5131.530785998621,4513.018143243837
1776359569,486,,Aggregated,1000.000000,0.000000,250,310,450,760,1200,1600,1800,2000,2500,4100,5100,82834,36,250.0,485.9512335874007,90.16561399948841,5131.530785998621,4513.037762271531
1776359570,486,,Aggregated,1010.600000,0.000000,250,310,440,740,1200,1600,1800,2000,2500,4100,5100,83686,36,250.0,483.7885717984573,90.16561399948841,5131.530785998621,4513.057739645819
1776359571,486,,Aggregated,1015.200000,0.000000,250,310,440,720,1200,1600,1800,2000,2500,4100,5100,84558,36,250.0,481.59458461353955,90.16561399948841,5131.530785998621,4513.07776910523
1776359572,486,,Aggregated,1023.600000,0.000000,250,310,430,710,1200,1600,1800,2000,2500,4100,5100,85363,36,250.0,479.83803085784905,90.16561399948841,5131.530785998621,4513.0958963485355
1776359573,486,,Aggregated,1031.600000,0.000000,250,310,430,690,1200,1600,1800,2000,2500,4100,5100,86232,36,250.0,477.5313303877283,90.16561399948841,5131.530785998621,4513.115084887281
1776359574,486,,Aggregated,1012.600000,0.000000,250,300,420,670,1200,1500,1800,2000,2400,4100,5100,87106,36,250.0,475.3490222528825,90.16561399948841,5131.530785998621,4513.133997658026
1776359575,486,,Aggregated,940.700000,0.000000,250,300,420,650,1200,1500,1800,2000,2400,4100,5100,87932,36,250.0,473.4207849564496,90.16561399948841,5131.530785998621,4513.15152617932
1776359576,486,,Aggregated,862.600000,0.000000,250,300,420,630,1200,1500,1800,2000,2400,4100,5100,88794,36,250.0,471.47915108468607,90.16561399948841,5131.530785998621,4513.169470910197
1776359577,486,,Aggregated,860.500000,0.000000,250,300,410,620,1200,1500,1800,2000,2400,4100,5100,89530,36,250.0,470.27500316872147,90.16561399948841,5131.530785998621,4513.18451915559
1776359578,486,,Aggregated,859.100000,0.000000,250,300,410,600,1200,1500,1800,1900,2400,4100,5100,90415,36,250.0,468.43746876517963,90.16561399948841,5131.530785998621,4513.202289443123
1776359579,486,,Aggregated,833.800000,0.000000,250,300,410,590,1200,1500,1800,1900,2400,4100,5100,91285,36,250.0,466.4403919133684,90.16561399948841,5131.530785998621,4513.219422687189
1776359580,486,,Aggregated,835.700000,0.000000,250,300,410,570,1200,1500,1800,1900,2400,4100,5100,92160,36,250.0,464.53129148374364,90.16561399948841,5131.530785998621,4513.236328125
1776359581,486,,Aggregated,840.900000,0.000000,250,300,400,550,1200,1500,1800,1900,2400,4100,5100,93030,36,250.0,462.57745599134495,90.16561399948841,5131.530785998621,4513.252821670429
1776359582,486,,Aggregated,842.500000,0.000000,250,300,400,540,1200,1500,1800,1900,2400,4100,5100,93868,36,250.0,460.8395242182846,90.16561399948841,5131.530785998621,4513.268419482678
1776359583,486,,Aggregated,844.300000,0.000000,250,300,390,530,1200,1500,1800,1900,2400,4100,5100,94682,36,250.0,459.36207685243085,90.16561399948841,5131.530785998621,4513.283306225048
1776359584,486,,Aggregated,847.500000,0.000000,250,300,390,530,1200,1500,1800,1900,2400,4100,5100,95488,36,250.0,458.01100412681075,90.16561399948841,5131.530785998621,4513.297796581769
1776359585,486,,Aggregated,840.400000,0.000000,250,300,390,520,1200,1500,1800,1900,2400,4100,5100,96128,36,250.0,457.1525581446805,90.16561399948841,5131.530785998621,4513.309129494008
1776359586,486,,Aggregated,833.100000,0.000000,250,300,400,520,1200,1500,1800,1900,2400,4100,5100,96877,36,250.0,456.87823876772563,90.16561399948841,5131.530785998621,4513.322202380338
1776359587,480,,Aggregated,819.900000,0.000000,250,300,390,520,1200,1500,1800,1900,2400,4100,5100,97688,36,250.0,455.84826745071973,90.16561399948841,5131.530785998621,4513.336131356973
1776359588,480,,Aggregated,803.000000,0.000000,250,300,390,510,1200,1500,1800,1900,2400,4100,5100,98537,36,250.0,454.3585045391962,90.16561399948841,5131.530785998621,4513.350467337143
1776359589,480,,Aggregated,811.300000,0.000000,250,300,390,510,1200,1500,1800,1900,2400,4100,5100,99372,36,250.0,452.9633672744116,90.16561399948841,5131.530785998621,4513.3643279797125
1776359590,480,,Aggregated,806.400000,0.000000,250,300,390,500,1200,1500,1700,1900,2400,4100,5100,100223,36,250.0,451.29560111452304,90.16561399948841,5131.530785998621,4513.3782165770335
1776359591,480,,Aggregated,802.600000,0.000000,250,290,390,500,1200,1500,1700,1900,2400,4100,5100,101060,36,250.0,449.7456126641479,90.16561399948841,5131.530785998621,4513.391648525629
1776359592,480,,Aggregated,802.800000,0.000000,250,290,380,490,1200,1500,1700,1900,2400,4100,5100,101914,36,250.0,448.3816698890034,90.16561399948841,5131.530785998621,4513.4051258904565
1776359593,480,,Aggregated,799.700000,0.000000,250,290,380,490,1200,1500,1700,1900,2400,4100,5100,102767,36,250.0,446.9009709005323,90.16561399948841,5131.530785998621,4513.418363871671
1776359594,480,,Aggregated,797.800000,0.000000,250,290,380,480,1200,1500,1700,1900,2400,4100,5100,103561,36,250.0,445.6721379829182,90.16561399948841,5131.530785998621,4513.430490242466
1776359592,480,,Aggregated,802.800000,0.000000,250,290,380,480,1200,1500,1700,1900,2300,4100,5100,104379,36,250.0,444.5152424302215,90.16561399948841,5131.530785998621,4513.4427902164225
1776359593,480,,Aggregated,799.700000,0.000000,250,290,380,480,1200,1500,1700,1900,2300,4100,5100,105190,36,250.0,443.32128596646174,90.16561399948841,5131.530785998621,4513.454796083278
1776359594,480,,Aggregated,820.300000,0.000000,250,290,380,470,1200,1500,1700,1900,2300,4100,5100,106051,36,250.0,441.946193395735,90.16561399948841,5131.530785998621,4513.467341184902
1776359595,480,,Aggregated,904.800000,0.000000,250,290,370,470,1100,1500,1700,1900,2300,4100,5100,106907,36,250.0,440.4983251590451,90.16561399948841,5131.530785998621,4513.479613121685
1776359596,480,,Aggregated,987.800000,0.000000,250,290,370,460,1100,1500,1700,1900,2300,4100,5100,107746,36,250.0,439.16448345354956,90.16561399948841,5131.530785998621,4513.491452118872
1776359597,480,,Aggregated,1019.200000,0.000000,250,290,370,460,1100,1500,1700,1900,2300,4100,5100,108601,36,250.0,437.832068635346,90.16561399948841,5131.530785998621,4513.503328698631
1776359598,480,,Aggregated,1037.500000,0.000000,250,290,370,460,1100,1500,1700,1900,2300,4100,5100,109407,36,250.0,436.64819857991995,90.16561399948841,5131.530785998621,4513.51435465738
1776359599,480,,Aggregated,1040.300000,0.000000,250,290,370,450,1100,1500,1700,1900,2300,4100,5100,110250,36,250.0,435.4852790140616,90.16561399948841,5131.530785998621,4513.5257142857145
1776359600,480,,Aggregated,1040.400000,0.000000,250,290,370,450,1100,1500,1700,1900,2300,4100,5100,111033,36,250.0,434.4590787251826,90.16561399948841,5131.530785998621,4513.536110885952
1776359601,480,,Aggregated,1037.900000,0.000000,250,290,360,450,1100,1500,1700,1900,2300,4100,5100,111867,36,250.0,433.3204889250645,90.16561399948841,5131.530785998621,4513.547024591702
1776359602,480,,Aggregated,1033.400000,0.000000,250,290,360,450,1100,1500,1700,1900,2300,4100,5100,112688,36,250.0,432.1886727485912,90.16561399948841,5131.530785998621,4513.557610393298
1776359603,480,,Aggregated,1028.600000,0.000000,250,290,360,440,1100,1400,1700,1900,2300,4100,5100,113511,36,250.0,431.1006231526398,90.16561399948841,5131.530785998621,4513.568068292941
1776359604,480,,Aggregated,1006.800000,0.000000,250,290,360,440,1100,1400,1700,1900,2300,4100,5100,114357,36,250.0,430.01898180113426,90.16561399948841,5131.530785998621,4513.578661559852
1776359605,480,,Aggregated,925.000000,0.000000,250,290,360,440,1100,1400,1700,1900,2300,4100,5100,115199,36,250.0,428.8573528430653,90.16561399948841,5131.530785998621,4513.5890502521725
1776359606,480,,Aggregated,843.800000,0.000000,250,290,360,440,1100,1400,1700,1900,2300,4100,5100,116011,36,250.0,427.8704270339214,90.16561399948841,5131.530785998621,4513.598925963917
1776359607,480,,Aggregated,825.400000,0.000000,250,290,360,440,1100,1400,1700,1900,2300,4100,5100,116839,36,250.0,426.8425403925854,90.16561399948841,5131.530785998621,4513.6088549200185
1776359608,480,,Aggregated,823.100000,0.000000,250,290,360,430,1100,1400,1700,1900,2300,4100,5100,117696,36,250.0,425.6731520291613,90.16561399948841,5131.530785998621,4513.618984502447
1776359609,520,,Aggregated,819.800000,0.000000,250,290,350,430,1100,1400,1700,1900,2300,4100,5100,118560,36,250.0,424.6828214576593,90.16561399948841,5131.530785998621,4513.629048582996
1776359610,555,,Aggregated,820.600000,0.000000,250,290,350,430,1100,1400,1700,1900,2300,4100,5100,119507,36,250.0,423.702067290745,90.16561399948841,5131.530785998621,4513.639912306392
1776359611,555,,Aggregated,823.700000,0.000000,250,290,350,430,1100,1400,1700,1900,2300,4100,5100,120386,36,250.0,422.9198251239018,90.16561399948841,5131.530785998621,4513.649843005001
1776359612,555,,Aggregated,830.300000,0.000000,250,290,350,430,1100,1400,1700,1900,2300,4100,5100,121348,36,250.0,421.9213169251983,90.16561399948841,5131.530785998621,4513.660546527343
1776359613,555,,Aggregated,844.100000,0.000000,250,290,350,430,1100,1400,1700,1900,2300,4100,5100,122263,36,250.0,421.07289815326635,90.16561399948841,5131.530785998621,4513.6705708186455
1776359614,555,,Aggregated,851.100000,0.000000,250,290,350,420,1100,1400,1700,1900,2300,4100,5100,123162,36,250.0,420.1135819836465,90.16561399948841,5131.530785998621,4513.680274760072
1776359615,555,,Aggregated,858.000000,0.000000,250,290,350,420,1100,1400,1700,1900,2300,4100,5100,124073,36,250.0,419.3933936825662,90.16561399948841,5131.530785998621,4513.6899647788
1776359616,555,,Aggregated,870.900000,0.000000,250,290,350,420,1100,1400,1700,1900,2300,4100,5100,125003,36,250.0,418.5740906554489,90.16561399948841,5131.530785998621,4513.699711206931
1776359617,555,,Aggregated,875.900000,0.000000,250,290,350,420,1100,1400,1700,1900,2300,4100,5100,125939,36,250.0,417.72440008840096,90.16561399948841,5131.530785998621,4513.709375173695
1776359618,555,,Aggregated,885.400000,0.000000,250,290,350,420,1100,1400,1700,1900,2300,4100,5100,126784,36,250.0,417.0337315830794,90.16561399948841,5131.530785998621,4513.717977031803
1776359619,555,,Aggregated,895.400000,0.000000,250,290,350,420,1100,1400,1700,1900,2300,4100,5100,127740,36,250.0,416.3074921706067,90.16561399948841,5131.530785998621,4513.727571629873
1776359620,555,,Aggregated,904.900000,0.000000,250,290,350,420,1100,1400,1700,1900,2300,4100,5100,128688,36,250.0,415.40906575892313,90.16561399948841,5131.530785998621,4513.736945169713
1776359621,555,,Aggregated,908.200000,0.000000,250,290,350,420,1100,1400,1700,1800,2300,4100,5100,129555,36,250.0,414.8119476678803,90.16561399948841,5131.530785998621,4513.745397707537
1776359622,555,,Aggregated,912.100000,0.000000,250,290,350,420,1100,1400,1700,1800,2300,4100,5100,130512,36,250.0,413.8952297668738,90.16561399948841,5131.530785998621,4513.754597278411
1776359623,555,,Aggregated,906.600000,0.000000,250,290,350,420,1100,1400,1700,1800,2300,4100,5100,131436,36,250.0,412.9954616910901,90.16561399948841,5131.530785998621,4513.763352506163
1776359622,555,,Aggregated,912.100000,0.000000,250,290,350,410,1000,1400,1700,1800,2300,4100,5100,132406,36,250.0,412.005377010771,90.16561399948841,5131.530785998621,4513.772412126339
1776359623,555,,Aggregated,906.600000,0.000000,250,290,350,410,1000,1400,1700,1800,2300,4100,5100,133319,36,250.0,411.2366863733525,90.16561399948841,5131.530785998621,4513.780818938036
1776359624,555,,Aggregated,933.100000,0.000000,250,290,350,410,1000,1400,1700,1800,2300,4100,5100,134262,36,250.0,410.44412071075993,90.16561399948841,5131.530785998621,4513.789381954685
1776359625,555,,Aggregated,1033.700000,0.000000,250,290,350,410,1000,1400,1700,1800,2300,4100,5100,135206,36,250.0,409.5714501851181,90.16561399948841,5131.530785998621,4513.797834415633
1776359626,555,,Aggregated,1122.700000,0.000000,250,290,350,410,1000,1300,1700,1800,2300,4100,5100,136156,36,250.0,408.70929905609063,90.16561399948841,5131.530785998621,4513.80622227445
1776359627,555,,Aggregated,1127.600000,0.000000,250,290,350,410,1000,1300,1700,1800,2300,4100,5100,137057,36,250.0,407.87687288660186,90.16561399948841,5131.530785998621,4513.814070058443
1776359628,555,,Aggregated,1132.300000,0.000000,250,290,340,410,1000,1300,1700,1800,2300,4100,5100,138046,36,250.0,407.0675428582063,90.16561399948841,5131.530785998621,4513.822566390913
1776359629,555,,Aggregated,1156.600000,0.000000,250,290,340,410,1000,1300,1700,1800,2300,4100,5100,138981,36,250.0,406.2304452516098,90.16561399948841,5131.530785998621,4513.83048762061
1776359630,555,,Aggregated,1157.000000,0.000000,250,290,340,410,1000,1300,1700,1800,2300,4100,5100,139914,36,250.0,405.45691543068546,90.16561399948841,5131.530785998621,4513.838286375917
1776359631,555,,Aggregated,1163.100000,0.000000,250,290,340,400,1000,1300,1700,1800,2300,4100,5100,140855,36,250.0,404.67802769396866,90.16561399948841,5131.530785998621,4513.846047353662
1776359632,579,,Aggregated,1161.400000,0.000000,250,290,340,400,1000,1300,1700,1800,2300,4100,5100,141822,36,250.0,403.9383339496413,90.16561399948841,5131.530785998621,4513.853915471506
1776359633,579,,Aggregated,1167.700000,0.000000,250,290,340,400,990,1300,1700,1800,2300,4100,5100,142712,36,250.0,403.39813852996286,90.16561399948841,5131.530785998621,4513.8610628398455
1776359634,579,,Aggregated,1145.700000,0.000000,250,290,340,400,980,1300,1700,1800,2300,4100,5100,143723,36,250.0,402.7434207506737,90.16561399948841,5131.530785998621,4513.869074539218
1776359635,579,,Aggregated,1053.300000,0.000000,250,290,340,400,980,1300,1700,1800,2300,4100,5100,144672,36,250.0,401.9798531771256,90.16561399948841,5131.530785998621,4513.876493032515
1776359636,579,,Aggregated,960.800000,0.000000,250,290,340,400,970,1300,1700,1800,2300,4100,5100,145565,36,250.0,401.69726968248585,90.16561399948841,5131.530785998621,4513.88338542919
1776359637,579,,Aggregated,969.000000,0.000000,250,290,340,400,970,1300,1700,1800,2300,4100,5100,146482,36,250.0,401.3592446033105,90.16561399948841,5131.530785998621,4513.89037560929
1776359638,579,,Aggregated,957.600000,0.000000,250,290,340,400,960,1300,1700,1800,2300,4100,5100,147349,36,250.0,401.06888554980395,90.16561399948841,5131.530785998621,4513.896904627789
1776359639,579,,Aggregated,931.100000,0.000000,250,290,340,400,950,1300,1700,1800,2300,4100,5100,148294,36,250.0,400.5840405768276,90.16561399948841,5131.530785998621,4513.903934076901
1776359640,579,,Aggregated,927.500000,0.000000,250,290,340,400,950,1300,1700,1800,2300,4100,5100,149206,36,250.0,400.09794384694305,90.16561399948841,5131.530785998621,4513.910633620632
1776359641,579,,Aggregated,925.100000,0.000000,250,290,340,400,940,1300,1700,1800,2300,4000,5100,150073,36,250.0,399.8026061462562,90.16561399948841,5131.530785998621,4513.91692709548
1776359642,579,,Aggregated,927.100000,0.000000,250,290,340,400,940,1300,1700,1800,2300,4000,5100,150996,36,250.0,399.4939612280128,90.16561399948841,5131.530785998621,4513.923547643646
1776359643,579,,Aggregated,918.500000,0.000000,250,290,340,400,930,1300,1600,1800,2300,4000,5100,151818,36,250.0,399.22579212186264,90.16561399948841,5131.530785998621,4513.929375963325
1776359644,579,,Aggregated,914.300000,0.000000,250,290,350,400,920,1300,1600,1800,2300,4000,5100,152724,36,250.0,399.05899368794627,90.16561399948841,5131.530785998621,4513.935727194154
1776359645,579,,Aggregated,907.200000,0.000000,250,290,350,400,920,1300,1600,1800,2300,4000,5100,153576,36,250.0,398.91057779072236,90.16561399948841,5131.530785998621,4513.941631504923
1776359646,579,,Aggregated,899.500000,0.000000,250,290,350,400,910,1300,1600,1800,2300,4000,5100,154471,36,250.0,398.72121148562536,90.16561399948841,5131.530785998621,4513.947763657903
1776359647,579,,Aggregated,883.400000,0.000000,250,290,350,400,910,1300,1600,1800,2300,4000,5100,155406,36,250.0,398.2222340682155,90.16561399948841,5131.530785998621,4513.954094436508
1776359648,579,,Aggregated,883.700000,0.000000,250,290,350,400,900,1300,1600,1800,2300,4000,5100,156356,36,250.0,397.6606251036039,90.16561399948841,5131.530785998621,4513.960449231242
1776359649,579,,Aggregated,887.700000,0.000000,250,290,350,400,890,1300,1600,1800,2300,4000,5100,157356,36,250.0,397.0710358681468,90.16561399948841,5131.530785998621,4513.9670555936855
1776359650,579,,Aggregated,893.900000,0.000000,250,290,350,400,880,1300,1600,1800,2300,4000,5100,158333,36,250.0,396.4449532726344,90.16561399948841,5131.530785998621,4513.973429417746
1776359651,579,,Aggregated,896.600000,0.000000,250,290,350,400,870,1300,1600,1800,2300,4000,5100,159266,36,250.0,395.9695143723521,90.16561399948841,5131.530785998621,4513.97944319566
1776359652,579,,Aggregated,900.200000,0.000000,250,290,340,400,860,1300,1600,1800,2300,4000,5100,160247,36,250.0,395.33730606599164,90.16561399948841,5131.530785998621,4513.985690839766
1776359653,579,,Aggregated,907.700000,0.000000,250,290,340,400,850,1300,1600,1800,2300,4000,5100,161154,36,250.0,394.8713505055231,90.16561399948841,5131.530785998621,4513.991399530883
1776359652,579,,Aggregated,900.200000,0.000000,250,300,350,400,840,1300,1600,1800,2300,4000,5100,162058,36,250.0,394.5643107795921,90.16561399948841,5131.530785998621,4513.997025756211
1776359653,579,,Aggregated,907.700000,0.000000,250,300,350,400,840,1200,1600,1800,2300,4000,5100,162973,36,250.0,394.2523216311611,90.16561399948841,5131.530785998621,4514.002656881815
1776359654,600,,Aggregated,938.500000,0.000000,250,300,350,400,830,1200,1600,1800,2300,4000,5100,163859,36,250.0,394.0786085679959,90.16561399948841,5131.530785998621,4514.008049603623
1776359655,600,,Aggregated,1035.100000,0.000000,260,300,350,400,830,1200,1600,1800,2300,4000,5100,164775,36,260.0,393.89540900633716,90.16561399948841,5131.530785998621,4514.013563950842
1776359656,600,,Aggregated,1127.400000,0.000000,260,300,350,400,830,1200,1600,1800,2300,4000,5100,165683,36,260.0,393.55260420784356,90.16561399948841,5131.530785998621,4514.018969960708
1776359657,600,,Aggregated,1158.100000,0.000000,260,300,350,400,820,1200,1600,1800,2300,4000,5100,166617,36,260.0,393.5045998101048,90.16561399948841,5131.530785998621,4514.024469291849
1776359658,600,,Aggregated,1159.300000,0.000000,260,300,350,400,820,1200,1600,1800,2300,4000,5100,167616,36,260.0,393.0535461704268,90.16561399948841,5131.530785998621,4514.030283505154
1776359659,600,,Aggregated,1156.200000,0.000000,260,300,350,400,810,1200,1600,1800,2200,4000,5100,168573,36,260.0,392.6567865239823,90.16561399948841,5131.530785998621,4514.035788649428
1776359660,600,,Aggregated,1161.200000,0.000000,260,300,350,400,810,1200,1600,1800,2200,4000,5100,169513,36,260.0,392.35129701290913,90.16561399948841,5131.530785998621,4514.0411354881335
1776359661,600,,Aggregated,1161.600000,0.000000,260,300,350,400,800,1200,1600,1800,2200,4000,5100,170493,36,260.0,391.9882975535722,90.16561399948841,5131.530785998621,4514.0466470764195
1776359662,600,,Aggregated,1158.200000,0.000000,260,300,350,400,790,1200,1600,1800,2200,4000,5100,171525,36,260.0,391.4226008168507,90.16561399948841,5131.530785998621,4514.052383034543
1776359663,600,,Aggregated,1162.200000,0.000000,260,300,350,400,790,1200,1600,1800,2200,4000,5100,172481,36,260.0,390.96973836020464,90.16561399948841,5131.530785998621,4514.0576353337465
1776359664,600,,Aggregated,1143.700000,0.000000,260,300,350,400,780,1200,1600,1800,2200,4000,5100,173401,36,260.0,390.63315005037066,90.16561399948841,5131.530785998621,4514.06263516358
1776359665,600,,Aggregated,1049.900000,0.000000,260,300,350,390,780,1200,1600,1800,2200,4000,5100,174466,36,260.0,390.0530794470018,90.16561399948841,5131.530785998621,4514.068357158415
1776359666,600,,Aggregated,969.700000,0.000000,260,300,350,390,770,1200,1600,1800,2200,4000,5100,175428,36,260.0,389.5658538139567,90.16561399948841,5131.530785998621,4514.073466037348
1776359667,600,,Aggregated,956.700000,0.000000,260,300,350,390,760,1200,1600,1800,2200,4000,5100,176464,36,260.0,389.0127226133235,90.16561399948841,5131.530785998621,4514.078905612476
1776359668,600,,Aggregated,966.100000,0.000000,260,300,350,390,750,1200,1600,1800,2200,4000,5100,177418,36,260.0,388.59749190762244,90.16561399948841,5131.530785998621,4514.083858458555
1776359669,600,,Aggregated,977.000000,0.000000,260,300,350,390,750,1200,1600,1800,2200,4000,5100,178409,36,260.0,388.117809715819,90.16561399948841,5131.530785998621,4514.08894730647
1776359670,600,,Aggregated,968.300000,0.000000,260,300,340,390,740,1200,1600,1800,2200,4000,5100,179393,36,260.0,387.6544183940814,90.16561399948841,5131.530785998621,4514.093944579778
1776359671,600,,Aggregated,979.700000,0.000000,260,300,350,390,730,1200,1600,1800,2200,4000,5100,180399,36,260.0,387.26642164859317,90.16561399948841,5131.530785998621,4514.098997222823
1776359672,600,,Aggregated,984.800000,0.000000,260,300,340,390,730,1200,1600,1800,2200,4000,5100,181367,36,260.0,386.8311673095864,90.16561399948841,5131.530785998621,4514.103806094824
1776359673,600,,Aggregated,982.700000,0.000000,260,300,350,390,730,1200,1600,1800,2200,4000,5100,182295,36,260.0,386.60410552057857,90.16561399948841,5131.530785998621,4514.108368304122
1776359674,600,,Aggregated,978.400000,0.000000,260,300,340,390,720,1200,1600,1800,2200,4000,5100,183318,36,260.0,386.15366840630526,90.16561399948841,5131.530785998621,4514.113344025137
1776359675,600,,Aggregated,979.500000,0.000000,260,300,340,390,720,1200,1600,1800,2200,4000,5100,184275,36,260.0,385.7791160666613,90.16561399948841,5131.530785998621,4514.117948717949
1776359676,600,,Aggregated,979.500000,0.000000,260,300,340,390,710,1200,1600,1800,2200,4000,5100,185285,36,260.0,385.301715455677,90.16561399948841,5131.530785998621,4514.122756834066
1776359677,600,,Aggregated,972.200000,0.000000,260,300,340,390,710,1200,1600,1800,2200,4000,5100,186251,36,260.0,384.84886058369784,90.16561399948841,5131.530785998621,4514.127306699024
1776359678,600,,Aggregated,976.500000,0.000000,260,300,340,390,700,1200,1600,1800,2200,4000,5100,187282,36,260.0,384.33456040828884,90.16561399948841,5131.530785998621,4514.132110934313
1776359679,587,,Aggregated,972.300000,0.000000,260,300,340,390,700,1200,1600,1800,2200,4000,5100,188209,36,260.0,383.95515326817133,90.16561399948841,5131.530785998621,4514.136385613865
1776359680,587,,Aggregated,982.300000,0.000000,260,300,340,390,700,1200,1600,1800,2200,4000,5100,189177,36,260.0,383.7000952886717,90.16561399948841,5131.530785998621,4514.140804643271
1776359681,587,,Aggregated,973.500000,0.000000,260,300,340,390,700,1200,1600,1800,2200,4000,5100,190112,36,260.0,383.47549110601614,90.16561399948841,5131.530785998621,4514.145030297929
1776359682,587,,Aggregated,966.300000,0.000000,260,300,340,390,700,1200,1600,1800,2200,4000,5100,191035,36,260.0,383.28163404276575,90.16561399948841,5131.530785998621,4514.149161148481
1776359683,587,,Aggregated,962.400000,0.000000,260,300,340,390,690,1200,1600,1800,2200,4000,5100,192014,36,260.0,382.9919902016197,90.16561399948841,5131.530785998621,4514.153499224015
1776359681,587,,Aggregated,973.500000,0.000000,260,300,340,390,690,1200,1600,1800,2200,4000,5100,193026,36,260.0,382.4933106258109,90.16561399948841,5131.530785998621,4514.157937272699
1776359682,587,,Aggregated,966.300000,0.000000,260,300,340,390,680,1200,1600,1800,2200,4000,5100,194008,36,260.0,382.0238801595274,90.16561399948841,5131.530785998621,4514.162199496928
1776359683,587,,Aggregated,962.400000,0.000000,260,300,340,390,680,1200,1600,1800,2200,4000,5100,194949,36,260.0,381.59456887592415,90.16561399948841,5131.530785998621,4514.166243479064
1776359684,587,,Aggregated,978.900000,0.000000,260,300,340,380,680,1200,1600,1800,2200,4000,5100,195963,36,260.0,381.25362421366196,90.16561399948841,5131.530785998621,4514.170557707323
1776359685,587,,Aggregated,1084.100000,0.000000,260,300,340,380,680,1200,1600,1800,2200,4000,5100,196921,36,260.0,380.8048406018192,90.16561399948841,5131.530785998621,4514.174592857034
1776359686,587,,Aggregated,1179.300000,0.000000,260,300,340,380,670,1200,1600,1800,2200,4000,5100,197854,36,260.0,380.50914229242727,90.16561399948841,5131.530785998621,4514.178485145612
1776359687,587,,Aggregated,1188.300000,0.000000,260,300,340,380,670,1200,1600,1800,2200,4000,5100,198855,36,260.0,380.1226731483694,90.16561399948841,5131.530785998621,4514.182620502376
1776359688,587,,Aggregated,1182.000000,0.000000,260,300,340,380,670,1200,1600,1800,2200,4000,5100,199792,36,260.0,379.8385611791668,90.16561399948841,5131.530785998621,4514.186453912069
1776359689,587,,Aggregated,1201.800000,0.000000,260,300,340,380,670,1200,1600,1700,2200,4000,5100,200722,36,260.0,379.5851881922915,90.16561399948841,5131.530785998621,4514.190223293909
1776359690,587,,Aggregated,1197.800000,0.000000,260,300,340,380,660,1200,1600,1700,2200,4000,5100,201696,36,260.0,379.4606495113396,90.16561399948841,5131.530785998621,4514.194133745836
1776359691,587,,Aggregated,1193.400000,0.000000,260,300,340,380,660,1200,1600,1700,2200,4000,5100,202544,36,260.0,379.28084260446144,90.16561399948841,5131.530785998621,4514.19750770203
1776359692,587,,Aggregated,1191.300000,0.000000,260,300,340,380,660,1200,1600,1700,2200,4000,5100,203559,36,260.0,378.93312801831894,90.16561399948841,5131.530785998621,4514.201509144769
1776359693,587,,Aggregated,1197.100000,0.000000,260,300,340,380,660,1200,1600,1700,2200,4000,5100,204575,36,260.0,378.52496750428145,90.16561399948841,5131.530785998621,4514.205474764756
1776359694,587,,Aggregated,1169.400000,0.000000,260,300,340,380,650,1200,1600,1700,2200,4000,5100,205529,36,260.0,378.1585479318943,90.16561399948841,5131.530785998621,4514.209162697235
1776359695,587,,Aggregated,1070.000000,0.000000,260,300,340,380,650,1200,1600,1700,2200,4000,5100,206511,36,260.0,377.7919967285196,90.16561399948841,5131.530785998621,4514.212923282537
1776359696,587,,Aggregated,978.000000,0.000000,260,300,340,380,650,1200,1600,1700,2200,4000,5100,207448,36,260.0,377.52514620290464,90.16561399948841,5131.530785998621,4514.21647834638
1776359697,587,,Aggregated,969.400000,0.000000,260,300,340,380,650,1200,1600,1700,2200,4000,5100,208454,36,260.0,377.1943932504002,90.16561399948841,5131.530785998621,4514.220259625625
1776359699,587,,Aggregated,947.900000,0.000000,260,300,340,380,650,1200,1600,1700,2200,4000,5100,209320,36,260.0,376.9595432299976,90.16561399948841,5131.530785998621,4514.223485572329
1776359700,587,,Aggregated,949.600000,0.000000,260,300,340,380,640,1200,1600,1700,2200,4000,5100,210286,36,260.0,376.7692971722857,90.16561399948841,5131.530785998621,4514.227052680635
1776359701,587,,Aggregated,941.500000,0.000000,260,300,340,380,640,1200,1600,1700,2200,4000,5100,211206,36,260.0,376.577509920027,90.16561399948841,5131.530785998621,4514.2304195903525
1776359702,593,,Aggregated,947.600000,0.000000,260,300,340,380,640,1200,1600,1700,2200,4000,5100,212201,36,260.0,376.29201538426946,90.16561399948841,5131.530785998621,4514.234028114854
1776359703,593,,Aggregated,945.100000,0.000000,260,300,340,380,640,1200,1600,1700,2200,4000,5100,213179,36,260.0,375.94076772681836,90.16561399948841,5131.530785998621,4514.237542159406
1776359704,593,,Aggregated,955.900000,0.000000,260,300,340,380,640,1100,1600,1700,2200,4000,5100,213929,36,260.0,376.12287570218797,90.16561399948841,5131.530785998621,4514.240215211589
1776359705,593,,Aggregated,950.600000,0.000000,260,300,340,380,640,1100,1600,1700,2200,4000,5100,214700,36,260.0,376.486599197314,90.16561399948841,5131.530785998621,4514.242943642292
1776359706,593,,Aggregated,924.300000,0.000000,260,300,340,380,650,1100,1600,1700,2200,4000,5100,215506,36,260.0,376.8657551076086,90.16561399948841,5131.530785998621,4514.245775059627
1776359707,593,,Aggregated,906.000000,0.000000,260,300,340,390,650,1100,1600,1700,2200,4000,5100,216328,36,260.0,377.1050939909317,90.16561399948841,5131.530785998621,4514.248640952627
1776359708,593,,Aggregated,882.100000,0.000000,260,300,340,390,650,1100,1600,1700,2200,4000,5100,217173,36,260.0,377.1040144877868,90.16561399948841,5131.530785998621,4514.251564420992
1776359709,593,,Aggregated,875.200000,0.000000,260,300,340,390,650,1100,1500,1700,2200,4000,5100,218091,36,260.0,377.18489832302527,90.16561399948841,5131.530785998621,4514.254714775025
1776359710,593,,Aggregated,862.300000,0.000000,260,300,350,390,650,1100,1500,1700,2200,4000,5100,218979,36,260.0,377.14556711020595,90.16561399948841,5131.530785998621,4514.257737043278
1776359711,593,,Aggregated,863.900000,0.000000,260,300,350,390,640,1100,1500,1700,2200,4000,5100,219975,36,260.0,376.7537362713666,90.16561399948841,5131.530785998621,4514.261097852029
1776359712,593,,Aggregated,858.800000,0.000000,260,300,350,390,640,1100,1500,1700,2200,4000,5100,220937,36,260.0,376.5121004529465,90.16561399948841,5131.530785998621,4514.264315166767
1776359713,593,,Aggregated,865.100000,0.000000,260,300,340,390,640,1100,1500,1700,2200,4000,5100,221915,36,260.0,376.16042847961046,90.16561399948841,5131.530785998621,4514.267557398103
1776359714,593,,Aggregated,862.100000,0.000000,260,300,340,390,640,1100,1500,1700,2200,4000,5100,222899,36,260.0,375.8681035006073,90.16561399948841,5131.530785998621,4514.270790806599
1776359712,593,,Aggregated,858.800000,0.000000,260,300,340,390,640,1100,1500,1700,2200,4000,5100,223915,36,260.0,375.4699390202652,90.16561399948841,5131.530785998621,4514.274099546703
1776359713,593,,Aggregated,865.100000,0.000000,260,300,340,390,630,1100,1500,1700,2200,4000,5100,224765,36,260.0,375.4084975359709,90.16561399948841,5131.530785998621,4514.276844704469
1776359714,593,,Aggregated,883.700000,0.000000,260,300,350,390,630,1100,1500,1700,2200,4000,5100,225703,36,260.0,375.36373677287304,90.16561399948841,5131.530785998621,4514.279850068453
1776359715,593,,Aggregated,986.300000,0.000000,260,300,340,390,630,1100,1500,1700,2200,4000,5100,226730,36,260.0,374.9295705819015,90.16561399948841,5131.530785998621,4514.283112071627
1776359716,593,,Aggregated,1078.600000,0.000000,260,300,340,390,630,1100,1500,1700,2200,4000,5100,227635,36,260.0,374.669725753898,90.16561399948841,5131.530785998621,4514.285962176291
1776359717,593,,Aggregated,1135.200000,0.000000,260,300,340,390,630,1100,1500,1700,2200,4000,5100,228661,36,260.0,374.3370557860842,90.16561399948841,5131.530785998621,4514.289166058051
1776359718,593,,Aggregated,1163.500000,0.000000,260,300,340,390,620,1100,1500,1700,2200,4000,5100,229645,36,260.0,373.9956370314614,90.16561399948841,5131.530785998621,4514.292211892269
1776359719,593,,Aggregated,1168.900000,0.000000,260,300,340,380,620,1100,1500,1700,2200,4000,5100,230661,36,260.0,373.648280203007,90.16561399948841,5131.530785998621,4514.29532950954
1776359720,593,,Aggregated,1186.700000,0.000000,260,300,340,380,620,1100,1500,1700,2200,4000,5100,231574,36,260.0,373.384835186117,90.16561399948841,5131.530785998621,4514.298107732301
1776359721,593,,Aggregated,1195.200000,0.000000,260,300,340,380,620,1100,1500,1700,2200,4000,5100,232559,36,260.0,373.1692974616803,90.16561399948841,5131.530785998621,4514.301080586002
1776359722,593,,Aggregated,1205.300000,0.000000,260,300,340,380,620,1100,1500,1700,2200,4000,5100,233528,36,260.0,372.9461313534903,90.16561399948841,5131.530785998621,4514.303980678977
1776359723,593,,Aggregated,1195.800000,0.000000,260,300,340,380,620,1100,1500,1700,2200,4000,5100,234471,36,260.0,372.7008036198761,90.16561399948841,5131.530785998621,4514.3067799429355
1776359724,574,,Aggregated,1177.100000,0.000000,260,300,340,380,610,1100,1500,1700,2200,4000,5100,235419,36,260.0,372.49686027715364,90.16561399948841,5131.530785998621,4514.3095714449555
1776359725,574,,Aggregated,1071.200000,0.000000,260,300,340,380,610,1100,1500,1700,2200,4000,5100,236328,36,260.0,372.323140237671,90.16561399948841,5131.530785998621,4514.312227074236
1776359726,574,,Aggregated,1003.800000,0.000000,260,300,340,380,610,1100,1500,1700,2200,4000,5100,237225,36,260.0,372.0684408197034,90.16561399948841,5131.530785998621,4514.314827695226
1776359727,574,,Aggregated,962.700000,0.000000,260,300,340,380,610,1100,1500,1700,2200,4000,5100,238142,36,260.0,371.945639164364,90.16561399948841,5131.530785998621,4514.317466049668
1776359728,574,,Aggregated,949.900000,0.000000,260,300,340,380,610,1100,1500,1700,2200,4000,5100,239148,36,260.0,371.6193079258025,90.16561399948841,5131.530785998621,4514.320337197049
1776359729,574,,Aggregated,950.400000,0.000000,260,300,340,380,610,1100,1500,1700,2200,4000,5100,240126,36,260.0,371.3383858655032,90.16561399948841,5131.530785998621,4514.323105369681
1776359730,574,,Aggregated,939.200000,0.000000,260,300,340,380,610,1100,1500,1700,2200,4000,5100,241084,36,260.0,371.0996279018673,90.16561399948841,5131.530785998621,4514.325795158534
1776359731,574,,Aggregated,942.500000,0.000000,260,300,340,380,610,1100,1500,1700,2200,4000,5100,242041,36,260.0,370.8621290686944,90.16561399948841,5131.530785998621,4514.328460880594
1776359732,574,,Aggregated,936.300000,0.000000,260,300,340,380,610,1100,1500,1700,2200,4000,5100,242987,36,260.0,370.6437570531223,90.16561399948841,5131.530785998621,4514.331075325017
1776359733,574,,Aggregated,937.100000,0.000000,260,300,340,380,600,1100,1500,1700,2200,4000,5100,243946,36,260.0,370.32985724222146,90.16561399948841,5131.530785998621,4514.3337050002865
1776359734,574,,Aggregated,932.300000,0.000000,260,300,340,380,600,1100,1500,1700,2200,4000,5100,244747,36,260.0,370.29423203122406,90.16561399948841,5131.530785998621,4514.335885628833
1776359735,574,,Aggregated,935.000000,0.000000,260,300,340,380,600,1100,1500,1700,2200,4000,5100,245682,36,260.0,370.12556360282827,90.16561399948841,5131.530785998621,4514.338413070554
1776359736,574,,Aggregated,933.800000,0.000000,260,300,340,380,600,1100,1500,1700,2200,4000,5100,246543,36,260.0,369.97465039190695,90.16561399948841,5131.530785998621,4514.340723524902
1776359737,574,,Aggregated,919.500000,0.000000,260,300,340,380,600,1100,1500,1700,2200,4000,5100,247447,36,260.0,369.89791819955764,90.16561399948841,5131.530785998621,4514.343132064644
1776359738,574,,Aggregated,923.500000,0.000000,260,300,340,380,600,1100,1500,1700,2200,4000,5100,248299,36,260.0,369.8112750148526,90.16561399948841,5131.530785998621,4514.345386006387
1776359739,574,,Aggregated,917.800000,0.000000,260,300,340,380,600,1100,1500,1700,2200,4000,5100,249251,36,260.0,369.7500670797499,90.16561399948841,5131.530785998621,4514.347886267256
1776359740,574,,Aggregated,913.400000,0.000000,260,300,340,380,600,1100,1500,1700,2200,4000,5100,250190,36,260.0,369.59297209090994,90.16561399948841,5131.530785998621,4514.350333746353
1776359741,574,,Aggregated,901.400000,0.000000,260,300,340,380,600,1100,1500,1700,2200,4000,5100,251035,36,260.0,369.54108149819643,90.16561399948841,5131.530785998621,4514.352520564861
1776359743,574,,Aggregated,901.200000,0.000000,260,300,340,380,600,1100,1500,1700,2200,4000,5100,251963,36,260.0,369.42209386980176,90.16561399948841,5131.530785998621,4514.3549052837125
1776359744,574,,Aggregated,892.800000,0.000000,260,300,340,380,600,1100,1500,1700,2200,4000,5100,252869,36,260.0,369.22824527554127,90.16561399948841,5131.530785998621,4514.357216582499
1776359742,574,,Aggregated,900.200000,0.000000,260,300,340,380,600,1100,1500,1700,2200,4000,5100,253864,36,260.0,368.9816755489751,90.16561399948841,5131.530785998621,4514.3597359215955
1776359743,574,,Aggregated,901.200000,0.000000,260,300,340,380,590,1100,1500,1700,2200,4000,5100,254697,36,260.0,368.8994509806243,90.16561399948841,5131.530785998621,4514.361829939104
1776359744,574,,Aggregated,914.500000,0.000000,260,300,340,380,590,1100,1500,1700,2200,4000,5100,255633,36,260.0,368.7511225867174,90.16561399948841,5131.530785998621,4514.3641665982095
1776359745,574,,Aggregated,1002.400000,0.000000,260,300,340,380,590,1100,1500,1700,2200,4000,5100,256579,36,260.0,368.4797617039445,90.16561399948841,5131.530785998621,4514.366510899177
1776359746,534,,Aggregated,1082.800000,0.000000,260,300,340,380,590,1100,1500,1700,2200,4000,5100,257376,36,260.0,368.71395589024274,90.16561399948841,5131.530785998621,4514.368472584856
1776359747,494,,Aggregated,1102.700000,0.000000,260,300,340,380,590,1100,1500,1700,2200,4000,5100,258211,36,260.0,368.45478230986754,90.16561399948841,5131.530785998621,4514.3705148115305
1776359748,492,,Aggregated,1086.900000,0.000000,260,300,340,380,590,1100,1500,1700,2200,4000,5100,259076,36,260.0,368.17605486847185,90.16561399948841,5131.530785998621,4514.372616529513
1776359749,492,,Aggregated,1103.000000,0.000000,260,300,340,380,590,1100,1500,1700,2200,4000,5100,259812,36,260.0,368.11333829400934,90.16561399948841,5131.530785998621,4514.374393792435
1776359750,492,,Aggregated,1100.700000,0.000000,260,300,340,380,590,1100,1500,1700,2200,4000,5100,260650,36,260.0,367.8264929742419,90.16561399948841,5131.530785998621,4514.3764051409935
1776359751,492,,Aggregated,1087.400000,0.000000,260,300,340,380,590,1100,1500,1700,2200,4000,5100,261500,36,260.0,367.53741723551514,90.16561399948841,5131.530785998621,4514.378432122371
1776359752,492,,Aggregated,1079.900000,0.000000,260,300,340,380,580,1100,1500,1700,2200,4000,5100,262353,36,260.0,367.21268052143984,90.16561399948841,5131.530785998621,4514.38045305371
1776359753,492,,Aggregated,1072.500000,0.000000,260,300,340,380,580,1100,1500,1700,2200,4000,5100,263216,36,260.0,366.9169225144925,90.16561399948841,5131.530785998621,4514.382484347456
1776359754,492,,Aggregated,1050.300000,0.000000,260,300,340,380,580,1100,1500,1700,2200,4000,5100,264020,36,260.0,366.71647867136477,90.16561399948841,5131.530785998621,4514.384364820847
1776359755,492,,Aggregated,953.300000,0.000000,260,300,340,380,580,1100,1500,1700,2200,4000,5100,264897,36,260.0,366.4494775921307,90.16561399948841,5131.530785998621,4514.386403017022
1776359756,492,,Aggregated,858.100000,0.000000,260,300,340,380,580,1100,1500,1700,2200,4000,5100,265725,36,260.0,366.19394825493555,90.16561399948841,5131.530785998621,4514.388314987299
1776359757,492,,Aggregated,844.900000,0.000000,260,300,340,380,580,1100,1500,1700,2200,4000,5100,266577,36,260.0,365.91501424708366,90.16561399948841,5131.530785998621,4514.39026997828
1776359758,492,,Aggregated,851.000000,0.000000,260,300,340,380,580,1100,1500,1700,2200,4000,5100,267471,36,260.0,365.553564120992,90.16561399948841,5131.530785998621,4514.392307951142
1776359759,492,,Aggregated,833.800000,0.000000,260,300,340,380,580,1100,1500,1700,2200,4000,5100,268334,36,260.0,365.2110090734232,90.16561399948841,5131.530785998621,4514.394262374503
1776359760,492,,Aggregated,833.300000,0.000000,260,300,340,380,580,1000,1500,1700,2200,4000,5100,269201,36,260.0,364.9076751308652,90.16561399948841,5131.530785998621,4514.396213238435
1776359761,492,,Aggregated,850.200000,0.000000,260,300,340,380,570,1000,1500,1700,2200,4000,5100,270003,36,260.0,364.658386861368,90.16561399948841,5131.530785998621,4514.398006688814
1776359762,492,,Aggregated,851.200000,0.000000,260,300,340,380,570,1000,1500,1700,2200,4000,5100,270837,36,260.0,364.4164618769887,90.16561399948841,5131.530785998621,4514.399860432659
1776359763,492,,Aggregated,847.600000,0.000000,260,300,340,380,570,1000,1500,1700,2200,4000,5100,271681,36,260.0,364.174487152079,90.16561399948841,5131.530785998621,4514.401724816973
1776359764,492,,Aggregated,849.200000,0.000000,260,300,340,380,570,1000,1500,1700,2200,4000,5100,272450,36,260.0,364.02591759690597,90.16561399948841,5131.530785998621,4514.403413470362
1776359765,492,,Aggregated,849.300000,0.000000,260,300,340,380,570,1000,1500,1700,2200,4000,5100,273236,36,260.0,363.97430397876155,90.16561399948841,5131.530785998621,4514.405129631527
1776359766,492,,Aggregated,845.400000,0.000000,260,300,340,380,570,1000,1500,1700,2200,4000,5100,274074,36,260.0,363.81121087360714,90.16561399948841,5131.530785998621,4514.406948488365
1776359767,492,,Aggregated,837.100000,0.000000,260,300,340,380,570,1000,1500,1700,2200,4000,5100,274930,36,260.0,363.54053414499583,90.16561399948841,5131.530785998621,4514.408794965992
1776359768,492,,Aggregated,830.900000,0.000000,260,300,340,370,570,1000,1500,1700,2200,4000,5100,275833,36,260.0,363.24153221049255,90.16561399948841,5131.530785998621,4514.410730405716
1776359769,492,,Aggregated,831.500000,0.000000,260,300,340,370,570,1000,1500,1700,2200,4000,5100,276677,36,260.0,362.9448276429555,90.16561399948841,5131.530785998621,4514.412527965823
1776359770,492,,Aggregated,831.800000,0.000000,260,300,340,370,570,1000,1500,1700,2200,4000,5100,277519,36,260.0,362.712197700861,90.16561399948841,5131.530785998621,4514.414310371542
1776359771,452,,Aggregated,828.900000,0.000000,260,300,340,370,560,1000,1500,1700,2200,4000,5100,278280,36,260.0,362.52751345670634,90.16561399948841,5131.530785998621,4514.415912031048
1776359772,450,,Aggregated,829.200000,0.000000,260,300,340,370,560,1000,1500,1700,2200,4000,5100,279077,36,260.0,362.231768068125,90.16561399948841,5131.530785998621,4514.417580094382
1776359773,450,,Aggregated,824.000000,0.000000,260,300,340,370,560,1000,1500,1700,2200,4000,5100,279867,36,260.0,361.9872311008445,90.16561399948841,5131.530785998621,4514.419224131462
1776359772,450,,Aggregated,829.200000,0.000000,260,300,340,370,560,1000,1500,1700,2200,4000,5100,280644,36,260.0,361.77440183460146,90.16561399948841,5131.530785998621,4514.420832086202
1776359773,450,,Aggregated,824.000000,0.000000,260,300,340,370,560,1000,1500,1700,2200,4000,5100,281419,36,260.0,361.4870598415638,90.16561399948841,5131.530785998621,4514.422427057164
1776359774,450,,Aggregated,841.100000,0.000000,260,300,340,370,560,1000,1500,1700,2200,4000,5100,282231,36,260.0,361.20788173079956,90.16561399948841,5131.530785998621,4514.424088778341
1776359775,450,,Aggregated,915.700000,0.000000,260,300,340,370,560,1000,1400,1700,2200,4000,5100,283034,36,260.0,360.9347540210977,90.16561399948841,5131.530785998621,4514.425722704693
1776359776,450,,Aggregated,993.100000,0.000000,260,300,340,370,560,1000,1400,1700,2200,4000,5100,283807,36,260.0,360.73002613732024,90.16561399948841,5131.530785998621,4514.42728685339
1776359777,450,,Aggregated,1013.100000,0.000000,260,300,340,370,560,1000,1400,1700,2200,4000,5100,284600,36,260.0,360.4391825557824,90.16561399948841,5131.530785998621,4514.428882642305
1776359778,450,,Aggregated,1009.000000,0.000000,260,300,340,370,550,1000,1400,1700,2200,4000,5100,285359,36,260.0,360.2161622304525,90.16561399948841,5131.530785998621,4514.43040170452
1776359779,450,,Aggregated,1005.700000,0.000000,260,300,340,370,550,1000,1400,1700,2200,4000,5100,286163,36,260.0,359.953374387638,90.16561399948841,5131.530785998621,4514.432002040795
1776359780,450,,Aggregated,997.200000,0.000000,260,300,340,370,550,1000,1400,1700,2200,4000,5100,286905,36,260.0,359.7431346702452,90.16561399948841,5131.530785998621,4514.433471009567
1776359781,450,,Aggregated,985.800000,0.000000,260,300,340,370,550,1000,1400,1700,2200,4000,5100,287709,36,260.0,359.5034971106042,90.16561399948841,5131.530785998621,4514.435054169317
1776359782,450,,Aggregated,975.200000,0.000000,260,300,330,370,550,1000,1400,1700,2200,4000,5100,288523,36,260.0,359.2051196502628,90.16561399948841,5131.530785998621,4514.436648031526
1776359783,450,,Aggregated,975.900000,0.000000,260,300,330,370,550,1000,1400,1700,2200,4000,5100,289314,36,260.0,358.909838887574,90.16561399948841,5131.530785998621,4514.438188266036
1776359784,450,,Aggregated,955.400000,0.000000,260,300,330,370,550,1000,1400,1700,2200,3900,5100,290149,36,260.0,358.6102786707339,90.16561399948841,5131.530785998621,4514.439805065673
1776359785,450,,Aggregated,877.100000,0.000000,260,300,330,370,550,1000,1400,1700,2200,3900,5100,290977,36,260.0,358.3092575274189,90.16561399948841,5131.530785998621,4514.441399148386
1776359786,450,,Aggregated,800.800000,0.000000,260,300,330,370,550,1000,1400,1700,2200,3900,5100,291751,36,260.0,358.05506691177663,90.16561399948841,5131.530785998621,4514.442881086954
1776359787,450,,Aggregated,784.600000,0.000000,260,300,330,370,540,1000,1400,1700,2200,3900,5100,292574,36,260.0,357.76639671086906,90.16561399948841,5131.530785998621,4514.444448242154
1776359788,450,,Aggregated,792.000000,0.000000,260,300,330,370,540,1000,1400,1700,2200,3900,5100,293378,36,260.0,357.48439984100594,90.16561399948841,5131.530785998621,4514.445970727184
1776359789,450,,Aggregated,790.300000,0.000000,260,300,330,370,540,990,1400,1700,2200,3900,5100,294137,36,260.0,357.22889810735325,90.16561399948841,5131.530785998621,4514.447400361057
1776359790,450,,Aggregated,793.000000,0.000000,260,300,330,370,540,990,1400,1700,2200,3900,5100,294960,36,260.0,356.9791931017541,90.16561399948841,5131.530785998621,4514.448942229455
1776359791,450,,Aggregated,797.900000,0.000000,260,300,330,370,540,990,1400,1700,2200,3900,5100,295762,36,260.0,356.7121556600797,90.16561399948841,5131.530785998621,4514.450436499618
1776359792,450,,Aggregated,799.700000,0.000000,260,300,330,370,540,990,1400,1700,2200,3900,5100,296545,36,260.0,356.4826505836903,90.16561399948841,5131.530785998621,4514.4518875718695
1776359793,450,,Aggregated,801.900000,0.000000,260,300,330,370,540,990,1400,1700,2200,3900,5100,297328,36,260.0,356.2616640400282,90.16561399948841,5131.530785998621,4514.453331001453
1776359795,450,,Aggregated,796.700000,0.000000,260,300,330,370,540,990,1400,1700,2200,3900,5100,297331,36,260.0,356.2816208869728,90.16561399948841,5131.530785998621,4514.453336517215
1776359796,0,,Aggregated,796.700000,0.000000,260,300,330,370,540,1000,1400,1700,2300,3900,5100,297551,36,260.0,357.74084092252934,90.16561399948841,5131.530785998621,4514.453740703274
1776359797,0,,Aggregated,796.700000,0.000000,260,300,330,370,540,1000,1400,1700,2300,3900,5100,297551,36,260.0,357.74084092252934,90.16561399948841,5131.530785998621,4514.453740703274
1776359798,0,,Aggregated,796.700000,0.000000,260,300,330,370,540,1000,1400,1700,2300,3900,5100,297551,36,260.0,357.74084092252934,90.16561399948841,5131.530785998621,4514.453740703274
1776359799,0,,Aggregated,796.700000,0.000000,260,300,330,370,540,1000,1400,1700,2300,3900,5100,297551,36,260.0,357.74084092252934,90.16561399948841,5131.530785998621,4514.453740703274
1776359800,0,,Aggregated,796.700000,0.000000,260,300,330,370,540,1000,1400,1700,2300,3900,5100,297551,36,260.0,357.74084092252934,90.16561399948841,5131.530785998621,4514.453740703274
