Timestamp,User Count,Type,Name,Requests/s,Failures/s,50%,66%,75%,80%,90%,95%,98%,99%,99.9%,99.99%,100%,Total Request Count,Total Failure Count,Total Median Response Time,Total Average Response Time,Total Min Response Time,Total Max Response Time,Total Average Content Size
1776009291,0,,Aggregated,0.000000,0.000000,N/A,N/A,N/A,N/A,N/A,N/A,N/A,N/A,N/A,N/A,N/A,0,0,0,0.0,0,0,0
1776009292,10,,Aggregated,0.000000,0.000000,430,430,440,440,440,440,440,440,440,440,440,16,0,420.0,351.1790356251083,209.12188000011156,443.36874999999054,4515.0
1776009293,20,,Aggregated,0.000000,0.000000,230,420,430,430,440,440,450,450,450,450,450,53,0,230.0,301.3819392453167,201.145120000092,452.01167000004716,4515.0
1776009300,30,,Aggregated,14.142857,0.000000,230,240,420,430,430,440,440,450,450,450,450,101,0,230.0,285.57563960395674,201.145120000092,452.01167000004716,4515.0
1776009294,40,,Aggregated,13.000000,0.000000,230,240,250,420,430,440,440,450,500,500,500,175,0,230.0,272.06229411427535,200.76506999976118,497.5362700001824,4515.0
1776009295,50,,Aggregated,21.000000,0.000000,230,230,240,280,430,440,500,510,610,610,610,269,0,230.0,266.7489601115052,200.76506999976118,612.1415299999171,4515.0
1776009296,50,,Aggregated,31.333333,0.000000,230,230,240,240,420,430,450,510,610,610,610,364,0,230.0,255.9117495604173,200.76506999976118,612.1415299999171,4515.0
1776009297,50,,Aggregated,44.000000,0.000000,230,230,240,240,410,430,440,500,610,610,610,459,0,230.0,251.20847673200305,200.76506999976118,612.1415299999171,4515.0
1776009298,50,,Aggregated,54.600000,0.000000,230,230,240,240,300,430,440,500,610,610,610,552,0,230.0,248.04887010868302,200.76506999976118,612.1415299999171,4515.0
1776009299,50,,Aggregated,61.000000,0.000000,230,230,230,240,280,420,440,500,610,610,610,650,0,230.0,245.05599292307048,200.76506999976118,612.1415299999171,4515.0
1776009300,50,,Aggregated,66.000000,0.000000,230,230,230,240,250,420,440,450,610,610,610,746,0,230.0,242.66661798927157,200.76506999976118,612.1415299999171,4515.0
1776009301,50,,Aggregated,69.375000,0.000000,230,230,230,240,250,420,440,450,610,610,610,842,0,230.0,241.43474579571838,200.76506999976118,612.1415299999171,4515.0
1776009302,50,,Aggregated,74.555556,0.000000,230,230,240,240,280,410,430,440,610,610,610,932,0,230.0,243.290505954929,200.76506999976118,612.1415299999171,4515.0
1776009303,50,,Aggregated,78.600000,0.000000,230,230,240,240,300,430,480,530,650,660,660,1010,0,230.0,250.40298320791226,200.76506999976118,661.7991599996458,4515.0
1776009310,50,,Aggregated,63.800000,0.000000,230,230,240,250,300,420,460,520,650,660,660,1103,0,230.0,249.98728220307652,200.76506999976118,661.7991599996458,4515.0
1776009304,50,,Aggregated,86.400000,0.000000,230,240,240,250,330,430,480,520,650,660,660,1175,0,230.0,253.96434088510193,200.76506999976118,661.7991599996458,4515.0
1776009305,50,,Aggregated,91.400000,0.000000,230,240,250,260,400,430,480,520,650,660,660,1264,0,230.0,257.9946669620199,200.76506999976118,661.7991599996458,4515.0
1776009306,50,,Aggregated,95.700000,0.000000,230,240,250,270,390,430,480,510,650,660,660,1351,0,230.0,259.01685010362496,200.76506999976118,661.7991599996458,4515.0
1776009307,50,,Aggregated,96.700000,0.000000,230,240,250,280,410,440,490,540,650,660,660,1434,0,230.0,262.9278123570426,200.76506999976118,661.7991599996458,4515.0
1776009308,50,,Aggregated,100.000000,0.000000,230,240,250,280,400,440,490,530,650,660,660,1522,0,230.0,262.2750338436273,200.76506999976118,661.7991599996458,4515.0
1776009309,50,,Aggregated,98.400000,0.000000,230,240,250,270,400,440,490,530,650,660,660,1618,0,230.0,261.0751479975295,200.76506999976118,661.7991599996458,4515.0
1776009310,50,,Aggregated,97.700000,0.000000,230,240,250,270,380,430,480,530,650,660,660,1708,0,230.0,260.2540052576132,200.76506999976118,661.7991599996458,4515.0
1776009311,50,,Aggregated,97.200000,0.000000,230,240,250,270,360,430,480,520,650,660,660,1804,0,230.0,259.0373549390263,200.76506999976118,661.7991599996458,4515.0
1776009312,50,,Aggregated,97.200000,0.000000,230,240,250,270,350,430,480,520,650,660,660,1899,0,230.0,257.89934062664673,200.76506999976118,661.7991599996458,4515.0
1776009313,50,,Aggregated,96.600000,0.000000,230,240,250,260,330,430,480,520,650,660,660,1992,0,230.0,256.50476008534247,200.76506999976118,661.7991599996458,4515.0
1776009320,50,,Aggregated,64.200000,0.000000,230,240,250,260,330,430,480,510,610,660,660,2085,0,230.0,255.27468060911414,200.76506999976118,661.7991599996458,4515.0
1776009314,50,,Aggregated,96.700000,0.000000,230,240,240,260,320,430,470,510,610,660,660,2183,0,230.0,254.03483590930065,200.76506999976118,661.7991599996458,4515.0
1776009315,50,,Aggregated,98.900000,0.000000,230,240,240,250,320,420,470,510,610,660,660,2279,0,230.0,253.09452007020815,200.76506999976118,661.7991599996458,4515.0
1776009316,50,,Aggregated,98.800000,0.000000,230,240,240,250,320,420,460,500,610,660,660,2368,0,230.0,252.14767721706258,200.76506999976118,661.7991599996458,4515.0
1776009317,50,,Aggregated,101.300000,0.000000,230,240,240,250,310,420,460,500,610,660,660,2468,0,230.0,251.21936247569056,200.76506999976118,661.7991599996458,4515.0
1776009318,50,,Aggregated,99.600000,0.000000,230,240,240,250,300,420,460,500,650,670,670,2559,0,230.0,250.566361461512,200.76506999976118,670.4539600000317,4515.0
1776009319,50,,Aggregated,102.100000,0.000000,230,230,240,250,300,420,460,500,650,670,670,2658,0,230.0,249.70794085779147,200.76506999976118,670.4539600000317,4515.0
1776009320,50,,Aggregated,101.900000,0.000000,230,230,240,250,300,420,450,500,650,670,670,2751,0,230.0,249.04996753544503,200.76506999976118,670.4539600000317,4515.0
1776009321,50,,Aggregated,102.900000,0.000000,230,230,240,250,290,420,450,500,660,690,690,2846,0,230.0,248.57093132115554,200.76506999976118,691.2594699997499,4515.0
1776009322,50,,Aggregated,101.900000,0.000000,230,230,240,250,290,410,450,500,660,690,690,2935,0,230.0,247.99196875979825,200.76506999976118,691.2594699997499,4515.0
1776009323,50,,Aggregated,103.000000,0.000000,230,230,240,240,290,410,450,490,650,690,690,3028,0,230.0,247.49990616578856,200.76506999976118,691.2594699997499,4515.0
1776009330,50,,Aggregated,65.300000,0.000000,230,230,240,240,290,410,450,490,650,690,690,3120,0,230.0,246.98312999038728,200.76506999976118,691.2594699997499,4515.0
1776009324,50,,Aggregated,103.500000,0.000000,230,230,240,240,280,400,440,490,650,690,690,3217,0,230.0,246.48903041654,200.76506999976118,691.2594699997499,4515.0
1776009325,50,,Aggregated,102.500000,0.000000,230,230,240,240,280,400,440,490,650,690,690,3311,0,230.0,246.0838712292387,200.76506999976118,691.2594699997499,4515.0
1776009326,50,,Aggregated,102.400000,0.000000,230,230,240,240,280,400,440,490,650,690,690,3411,0,230.0,245.45960051891123,200.76506999976118,691.2594699997499,4515.0
1776009327,50,,Aggregated,101.900000,0.000000,230,230,240,240,280,390,440,490,650,690,690,3511,0,230.0,244.89740648533297,200.76506999976118,691.2594699997499,4515.0
1776009328,50,,Aggregated,103.200000,0.000000,230,230,240,240,280,370,440,480,650,690,690,3605,0,230.0,244.48895407212237,200.76506999976118,691.2594699997499,4515.0
1776009329,50,,Aggregated,103.200000,0.000000,230,230,240,240,280,370,440,480,650,690,690,3706,0,230.0,244.10533547220706,200.76506999976118,691.2594699997499,4515.0
1776009330,50,,Aggregated,104.200000,0.000000,230,230,240,240,270,360,440,480,650,690,690,3800,0,230.0,243.7401316842099,200.76506999976118,691.2594699997499,4515.0
1776009331,50,,Aggregated,104.300000,0.000000,230,230,240,240,270,350,440,480,650,690,690,3889,0,230.0,243.54515551812767,200.76506999976118,691.2594699997499,4515.0
1776009332,50,,Aggregated,105.100000,0.000000,230,230,240,240,270,350,440,480,650,690,690,3987,0,230.0,243.25167659142198,200.76506999976118,691.2594699997499,4515.0
1776009333,50,,Aggregated,105.500000,0.000000,230,230,240,240,270,340,440,480,610,690,690,4087,0,230.0,242.87861467824732,200.76506999976118,691.2594699997499,4515.0
1776009340,50,,Aggregated,66.400000,0.000000,230,230,240,240,270,340,440,480,610,690,690,4173,0,230.0,242.6920249988006,200.76506999976118,691.2594699997499,4515.0
1776009334,50,,Aggregated,105.300000,0.000000,230,230,240,240,270,330,440,480,610,690,690,4267,0,230.0,242.3738226388552,200.76506999976118,691.2594699997499,4515.0
1776009335,50,,Aggregated,105.100000,0.000000,230,230,240,240,270,330,430,480,610,690,690,4368,0,230.0,242.05878898122583,200.76506999976118,691.2594699997499,4515.0
1776009336,50,,Aggregated,105.200000,0.000000,230,230,240,240,270,330,430,480,610,690,690,4459,0,230.0,241.81447701950987,200.76506999976118,691.2594699997499,4515.0
1776009337,50,,Aggregated,105.500000,0.000000,230,230,240,240,270,330,430,470,610,690,690,4553,0,230.0,241.5538893103435,200.76506999976118,691.2594699997499,4515.0
1776009338,50,,Aggregated,104.500000,0.000000,230,230,240,240,270,330,430,470,610,690,690,4653,0,230.0,241.53773281323666,200.76506999976118,691.2594699997499,4515.0
1776009339,50,,Aggregated,104.100000,0.000000,230,230,240,240,260,320,430,470,610,690,690,4748,0,230.0,241.21957833403332,200.76506999976118,691.2594699997499,4515.0
1776009340,50,,Aggregated,103.900000,0.000000,230,230,240,240,260,320,430,470,610,690,690,4835,0,230.0,241.17160924715398,200.76506999976118,691.2594699997499,4515.0
1776009341,50,,Aggregated,103.400000,0.000000,230,230,240,240,260,320,430,470,610,690,690,4935,0,230.0,240.88472212563178,200.76506999976118,691.2594699997499,4515.0
1776009342,50,,Aggregated,103.300000,0.000000,230,230,240,240,260,320,430,460,610,690,690,5027,0,230.0,240.7109879212242,200.76506999976118,691.2594699997499,4515.0
1776009343,50,,Aggregated,103.300000,0.000000,230,230,240,240,260,320,430,460,610,690,690,5118,0,230.0,240.52875062328906,200.76506999976118,691.2594699997499,4515.0
1776009350,50,,Aggregated,66.400000,0.000000,230,230,240,240,260,320,430,460,610,690,690,5217,0,230.0,240.28113369560955,200.76506999976118,691.2594699997499,4515.0
1776009344,50,,Aggregated,103.100000,0.000000,230,230,240,240,260,310,430,460,610,690,690,5307,0,230.0,240.13434434708785,200.76506999976118,691.2594699997499,4515.0
1776009345,50,,Aggregated,103.700000,0.000000,230,230,240,240,260,310,430,460,610,690,690,5406,0,230.0,240.0050363170548,200.76506999976118,691.2594699997499,4515.0
1776009346,80,,Aggregated,103.500000,0.000000,230,230,240,240,260,320,430,470,610,690,690,5547,0,230.0,240.90950223904815,200.76506999976118,691.2594699997499,4515.0
1776009347,140,,Aggregated,103.000000,0.000000,230,230,240,240,280,390,450,500,920,950,950,5738,0,230.0,244.98509026315745,200.76506999976118,950.415620000058,4515.0
1776009348,170,,Aggregated,103.300000,0.000000,230,230,240,240,290,420,500,560,950,1000,1000,6005,0,230.0,249.7850015703577,199.30569999996806,1049.5180299999447,4515.0
1776009349,230,,Aggregated,108.300000,0.000000,230,230,240,250,320,440,550,620,1000,1000,1000,6327,0,230.0,255.96237272483074,199.30569999996806,1049.5180299999447,4515.0
1776009350,260,,Aggregated,118.400000,0.000000,230,240,240,260,370,480,630,720,1400,1500,1500,6680,0,230.0,265.6371073083836,199.30569999996806,1459.4548099998974,4515.0
1776009351,290,,Aggregated,136.000000,0.000000,230,240,250,280,420,520,690,770,1400,1500,1500,7017,0,230.0,274.47880833689646,199.30569999996806,1489.1602000002422,4515.0
1776009352,320,,Aggregated,163.800000,0.000000,230,240,270,310,460,590,760,800,1500,1700,1700,7366,0,230.0,289.0428266752649,199.30569999996806,1728.149829999893,4515.0
1776009353,350,,Aggregated,191.000000,0.000000,230,240,290,350,520,670,810,920,1900,2000,2000,7672,9,230.0,306.2130112161107,199.30569999996806,1952.613520000341,4509.703467153285
1776009360,380,,Aggregated,227.200000,2.400000,230,250,330,420,580,760,900,1100,1900,2000,2000,8040,26,230.0,324.9304008171633,199.30569999996806,1952.613520000341,4500.399253731343
1776009354,410,,Aggregated,215.700000,0.000000,230,270,390,460,660,800,970,1200,1900,2200,2200,8433,60,230.0,345.71537907861807,199.30569999996806,2174.941559999752,4482.876200640341
1776009355,428,,Aggregated,239.000000,0.900000,230,290,430,520,710,830,1000,1300,2000,2200,2200,8828,99,230.0,362.61792825781407,197.18072000023312,2174.941559999752,4464.367353874037
1776009356,439,,Aggregated,264.300000,2.100000,240,320,490,580,750,880,1100,1400,2000,2400,2400,9242,134,240.0,380.4285032514586,197.18072000023312,2392.5080300000445,4449.536896775589
1776009357,450,,Aggregated,300.600000,5.700000,240,370,540,630,770,910,1200,1400,2200,2400,2400,9644,171,240.0,397.7946010452075,197.18072000023312,2392.5080300000445,4434.9434881791785
1776009358,460,,Aggregated,337.800000,9.600000,240,420,590,670,800,970,1200,1400,2200,2400,2500,10029,195,240.0,415.5864826403413,197.18072000023312,2455.797079999684,4427.212084953634
1776009359,470,,Aggregated,363.600000,13.100000,240,460,620,700,830,1000,1200,1500,2200,2500,2600,10442,210,240.0,433.61175058992444,197.18072000023312,2607.0991100000356,4424.198429419652
1776009360,479,,Aggregated,384.700000,16.900000,250,510,650,720,860,1100,1200,1500,2300,2500,2600,10837,224,250.0,448.4658531613911,197.18072000023312,2607.0991100000356,4421.675279136292
1776009361,488,,Aggregated,395.900000,19.200000,260,550,690,750,890,1100,1300,1500,2300,2800,2900,11250,237,260.0,466.37087089511084,197.18072000023312,2883.6743100000604,4419.884
1776009362,497,,Aggregated,405.600000,21.100000,270,580,720,770,920,1100,1300,1500,2300,2800,2900,11588,245,270.0,480.3230907714877,197.18072000023312,2883.6743100000604,4419.541335864687
1776009363,504,,Aggregated,412.900000,22.900000,280,610,740,800,970,1200,1300,1600,2400,2900,3000,11919,248,280.0,498.44130425203485,197.18072000023312,2959.7266599998875,4421.055877170904
1776009370,512,,Aggregated,260.400000,8.000000,300,630,760,820,1000,1200,1500,1700,2400,2900,3000,12239,249,300.0,516.0250884067331,197.18072000023312,2959.7266599998875,4423.143230656099
1776009364,518,,Aggregated,417.100000,23.900000,310,650,780,850,1100,1300,1500,1900,2500,2900,3000,12561,249,310.0,535.3032670607444,197.18072000023312,2959.7266599998875,4425.497969906854
1776009365,524,,Aggregated,417.200000,23.400000,330,680,800,880,1100,1300,1600,2200,2500,3000,5000,12900,249,330.0,554.8144507860478,197.18072000023312,5024.858409999979,4427.85
1776009366,530,,Aggregated,414.300000,22.400000,360,700,820,910,1200,1300,1800,2200,2600,3200,5000,13258,249,360.0,573.151444970585,197.18072000023312,5024.858409999979,4430.203273495248
1776009367,535,,Aggregated,404.700000,18.800000,390,720,840,940,1200,1400,2000,2200,2600,3200,5000,13606,249,390.0,588.9093766823473,197.18072000023312,5024.858409999979,4432.372115243275
1776009369,539,,Aggregated,402.900000,15.300000,420,730,860,950,1200,1500,2000,2300,2600,4700,5000,13946,249,420.0,601.6508498135679,197.18072000023312,5024.858409999979,4434.3865624551845
1776009369,542,,Aggregated,398.100000,11.800000,430,750,880,980,1300,1600,2100,2300,2600,4700,5000,14320,249,430.0,620.2759117192753,197.18072000023312,5024.858409999979,4436.491969273743
1776009370,545,,Aggregated,392.200000,8.000000,440,760,900,1000,1300,1600,2100,2300,2700,4700,5000,14706,251,440.0,635.2262233720944,197.18072000023312,5024.858409999979,4437.938596491228
1776009371,547,,Aggregated,388.000000,5.700000,470,770,920,1000,1400,1600,2100,2300,2600,4700,5000,15108,253,470.0,647.1959059743187,197.18072000023312,5024.858409999979,4439.391382049245
1776009372,549,,Aggregated,386.700000,3.900000,500,790,950,1100,1400,1700,2100,2300,2700,4700,5000,15551,254,500.0,660.9374231901487,197.18072000023312,5024.858409999979,4441.2549032216575
1776009373,549,,Aggregated,391.000000,2.300000,520,800,960,1100,1400,1600,2000,2300,2600,4700,5000,16014,256,520.0,667.291273500064,197.18072000023312,5024.858409999979,4442.823154739603
1776009380,549,,Aggregated,283.800000,0.900000,530,810,980,1100,1400,1600,2000,2300,2600,4700,5000,16423,258,530.0,674.6037877026135,197.18072000023312,5024.858409999979,4444.0708153199785
1776009375,549,,Aggregated,405.900000,1.200000,550,830,1000,1100,1400,1600,2000,2300,2600,4700,5000,16856,259,550.0,683.8333411687255,197.18072000023312,5024.858409999979,4445.625
1776009376,548,,Aggregated,417.000000,1.200000,570,840,1000,1100,1400,1600,2000,2300,2600,4700,5000,17266,261,570.0,690.3335028947101,197.18072000023312,5024.858409999979,4446.749391868412
1776009377,546,,Aggregated,430.500000,1.400000,580,860,1000,1100,1400,1700,2000,2300,2600,4700,5000,17670,261,580.0,697.3599386536545,197.18072000023312,5024.858409999979,4448.309847198641
1776009378,543,,Aggregated,434.300000,1.200000,600,880,1000,1200,1400,1700,2000,2300,2600,4700,5000,18132,261,600.0,704.6299348499938,197.18072000023312,5024.858409999979,4450.009099933819
1776009379,540,,Aggregated,438.600000,1.200000,610,880,1000,1200,1400,1700,2000,2200,2600,4700,5000,18603,261,610.0,710.467784671294,197.18072000023312,5024.858409999979,4451.654571843251
1776009379,536,,Aggregated,438.600000,1.200000,630,890,1000,1200,1400,1700,2000,2200,2600,4700,5000,19097,261,630.0,713.2786241121704,197.18072000023312,5024.858409999979,4453.293187411636
1776009380,531,,Aggregated,450.200000,1.200000,640,890,1000,1200,1400,1700,2000,2200,2600,4700,5000,19586,261,640.0,714.9967744996484,197.18072000023312,5024.858409999979,4454.833809864189
1776009381,526,,Aggregated,462.800000,1.200000,650,880,1000,1200,1400,1700,2000,2200,2600,4600,5000,20103,261,650.0,716.0226744485948,197.18072000023312,5024.858409999979,4456.38113714371
1776009382,520,,Aggregated,477.700000,1.100000,660,880,1000,1100,1400,1600,2000,2200,2600,4600,5000,20618,261,660.0,716.9016491575363,197.18072000023312,5024.858409999979,4457.845329323892
1776009383,513,,Aggregated,490.500000,0.900000,670,870,1000,1100,1400,1600,2000,2200,2600,4600,5000,21127,261,670.0,716.753370244241,197.18072000023312,5024.858409999979,4459.222322147016
1776009390,506,,Aggregated,352.600000,0.000000,670,870,1000,1100,1400,1600,2000,2200,2600,4600,5000,21621,261,670.0,716.3256591822802,197.18072000023312,5024.858409999979,4460.496739281254
1776009385,498,,Aggregated,504.600000,0.600000,670,860,1000,1100,1400,1600,1900,2200,2500,4600,5000,22118,261,670.0,715.8410392711859,197.18072000023312,5024.858409999979,4461.721448593906
1776009386,490,,Aggregated,512.200000,0.400000,670,860,1000,1100,1400,1600,1900,2200,2500,4600,5000,22611,261,670.0,716.1035021847813,197.18072000023312,5024.858409999979,4462.883109990713
1776009387,481,,Aggregated,522.500000,0.200000,660,860,1000,1100,1400,1600,1900,2200,2500,4600,5000,23103,261,660.0,714.857587647495,197.18072000023312,5024.858409999979,4463.992987923646
1776009388,472,,Aggregated,532.600000,0.000000,660,860,1000,1100,1400,1600,1900,2200,2500,4600,5000,23561,261,660.0,714.6944318445775,197.18072000023312,5024.858409999979,4464.984508297611
1776009389,462,,Aggregated,541.800000,0.000000,660,860,1000,1100,1400,1600,1900,2200,2500,4600,5000,24063,261,660.0,714.2384092972655,197.18072000023312,5024.858409999979,4466.027926692433
1776009389,452,,Aggregated,541.800000,0.000000,660,850,1000,1100,1400,1600,1900,2200,2500,4600,5000,24547,261,660.0,713.0661423807438,197.18072000023312,5024.858409999979,4466.993522630057
1776009390,442,,Aggregated,540.700000,0.000000,660,850,990,1100,1300,1600,1900,2200,2500,4600,5000,25068,261,660.0,710.5097123396398,197.18072000023312,5024.858409999979,4467.991263762566
1776009391,430,,Aggregated,544.000000,0.000000,660,840,980,1100,1300,1600,1900,2200,2500,4600,5000,25539,261,660.0,707.8833211962136,197.18072000023312,5024.858409999979,4468.858216844826
1776009392,419,,Aggregated,542.600000,0.000000,650,840,980,1100,1300,1600,1900,2200,2500,4600,5000,26012,261,650.0,706.0966678048633,197.18072000023312,5024.858409999979,4469.697255113025
1776009393,407,,Aggregated,542.800000,0.000000,650,830,970,1100,1300,1600,1900,2200,2500,4600,5000,26494,261,650.0,703.2972112829362,197.18072000023312,5024.858409999979,4470.521438816336
1776009400,395,,Aggregated,346.700000,0.000000,650,830,970,1100,1300,1500,1900,2100,2500,4600,5000,26978,261,650.0,700.1579367254834,197.18072000023312,5024.858409999979,4471.31940840685
1776009395,383,,Aggregated,537.500000,0.000000,640,820,960,1100,1300,1500,1900,2100,2500,4600,5000,27451,261,640.0,696.883754752836,197.18072000023312,5024.858409999979,4472.072055662818
1776009396,371,,Aggregated,534.200000,0.000000,640,820,950,1100,1300,1500,1900,2100,2500,4600,5000,27946,261,640.0,693.1226236631405,197.18072000023312,5024.858409999979,4472.832426823159
1776009397,358,,Aggregated,531.400000,0.000000,630,810,950,1000,1300,1500,1900,2100,2500,4600,5000,28456,261,630.0,688.6539851711455,197.18072000023312,5024.858409999979,4473.588171211695
1776009398,345,,Aggregated,533.000000,0.000000,630,800,940,1000,1300,1500,1900,2100,2500,4600,5000,28955,261,630.0,683.7188397323465,197.18072000023312,5024.858409999979,4474.301847694699
1776009399,332,,Aggregated,532.500000,0.000000,620,800,930,1000,1300,1500,1800,2100,2500,4600,5000,29407,261,620.0,679.3769816628713,197.18072000023312,5024.858409999979,4474.927398238515
1776009399,319,,Aggregated,532.500000,0.000000,620,790,930,1000,1300,1500,1800,2100,2500,4600,5000,29873,261,620.0,675.423890583806,197.18072000023312,5024.858409999979,4475.55250560707
1776009400,306,,Aggregated,537.400000,0.000000,610,790,920,1000,1300,1500,1800,2100,2500,4000,5000,30316,261,610.0,671.2442997169829,197.18072000023312,5024.858409999979,4476.1289418129045
1776009401,293,,Aggregated,533.600000,0.000000,610,780,910,1000,1300,1500,1800,2100,2500,4000,5000,30757,261,610.0,666.739381741395,197.18072000023312,5024.858409999979,4476.686282797412
1776009402,280,,Aggregated,527.400000,0.000000,600,770,910,1000,1300,1500,1800,2100,2500,4000,5000,31170,261,600.0,662.9020339573327,197.18072000023312,5024.858409999979,4477.1939364773825
1776009403,267,,Aggregated,520.500000,0.000000,590,770,900,990,1300,1500,1800,2100,2500,4000,5000,31588,261,590.0,658.6217299237069,197.18072000023312,5024.858409999979,4477.694219323794
1776009410,254,,Aggregated,310.400000,0.000000,580,760,900,990,1300,1500,1800,2000,2500,4000,5000,31999,261,580.0,654.5103908112771,197.18072000023312,5024.858409999979,4478.173380418138
1776009405,241,,Aggregated,509.900000,0.000000,570,760,890,980,1300,1500,1800,2000,2500,4000,5000,32397,261,570.0,650.3023441290882,197.18072000023312,5024.858409999979,4478.625798685063
1776009406,228,,Aggregated,503.300000,0.000000,560,760,890,980,1300,1500,1800,2000,2500,4000,5000,32779,261,560.0,646.2108682827445,197.18072000023312,5024.858409999979,4479.049696451997
1776009407,216,,Aggregated,490.600000,0.000000,550,750,880,970,1300,1500,1800,2000,2500,4000,5000,33166,261,550.0,641.7007120038616,197.18072000023312,5024.858409999979,4479.469185310258
1776009408,203,,Aggregated,481.000000,0.000000,550,750,880,970,1300,1500,1800,2000,2500,4000,5000,33534,261,550.0,637.5584032221049,197.18072000023312,5024.858409999979,4479.859098228663
1776009409,191,,Aggregated,470.500000,0.000000,540,740,870,970,1300,1500,1800,2000,2500,4000,5000,33875,261,540.0,633.7516247598542,197.18072000023312,5024.858409999979,4480.212841328414
1776009409,180,,Aggregated,470.500000,0.000000,530,740,870,960,1300,1500,1800,2000,2500,4000,5000,34206,261,530.0,629.9944035221897,197.18072000023312,5024.858409999979,4480.549465006139
1776009410,168,,Aggregated,456.900000,0.000000,520,730,860,960,1300,1500,1800,2000,2500,4000,5000,34529,261,520.0,626.4077474450468,197.18072000023312,5024.858409999979,4480.871731008718
1776009411,157,,Aggregated,445.500000,0.000000,510,730,860,960,1300,1500,1800,2000,2500,4000,5000,34809,284,510.0,623.2224761682328,3.7062299998069648,5024.858409999979,4478.162975092649
1776009412,147,,Aggregated,430.200000,0.000000,510,730,860,950,1300,1500,1800,2000,2500,4000,5000,35050,284,510.0,621.2637864174044,3.7062299998069648,5024.858409999979,4478.416262482168
1776009413,136,,Aggregated,417.200000,0.000000,500,730,850,950,1200,1500,1800,2000,2500,4000,5000,35283,284,500.0,618.9582508009528,3.7062299998069648,5024.858409999979,4478.65785222345
1776009420,127,,Aggregated,209.700000,2.300000,500,720,850,950,1200,1500,1800,2000,2500,4000,5000,35512,284,500.0,616.6361394939751,3.7062299998069648,5024.858409999979,4478.892205451678
1776009415,117,,Aggregated,382.900000,2.300000,490,720,850,950,1200,1500,1800,2000,2500,4000,5000,35723,284,490.0,614.6635375668352,3.7062299998069648,5024.858409999979,4479.105478263304
1776009416,109,,Aggregated,365.700000,2.300000,490,720,840,940,1200,1500,1800,2000,2500,4000,5000,35912,284,490.0,612.7696076949228,3.7062299998069648,5024.858409999979,4479.294386277567
1776009417,100,,Aggregated,345.000000,2.300000,480,720,840,940,1200,1400,1800,2000,2500,4000,5000,36098,284,480.0,610.8691645495614,3.7062299998069648,5024.858409999979,4479.478364452324
1776009418,93,,Aggregated,320.700000,2.300000,480,710,840,940,1200,1400,1800,2000,2500,4000,5000,36275,284,480.0,609.0112757290171,3.7062299998069648,5024.858409999979,4479.651688490696
1776009419,86,,Aggregated,301.000000,2.300000,470,710,840,940,1200,1400,1800,2000,2500,4000,5000,36438,284,470.0,607.3192750908419,3.7062299998069648,5024.858409999979,4479.809813930512
1776009419,79,,Aggregated,301.000000,2.300000,470,710,840,940,1200,1400,1800,2000,2500,4000,5000,36585,284,470.0,605.7885257529072,3.7062299998069648,5024.858409999979,4479.951209512095
1776009420,73,,Aggregated,282.800000,2.300000,470,710,830,930,1200,1400,1800,2000,2500,4000,5000,36724,284,470.0,604.3587120561515,3.7062299998069648,5024.858409999979,4480.083868859601
1776009421,68,,Aggregated,264.700000,2.300000,460,710,830,930,1200,1400,1800,2000,2500,4000,5000,36846,284,460.0,603.1234188707077,3.7062299998069648,5024.858409999979,4480.199478912229
1776009422,63,,Aggregated,242.700000,2.300000,460,710,830,930,1200,1400,1800,2000,2500,4000,5000,36973,284,460.0,601.8822516909669,3.7062299998069648,5024.858409999979,4480.319016579666
1776009423,59,,Aggregated,218.900000,2.300000,460,700,830,930,1200,1400,1800,2000,2500,4000,5000,37078,284,460.0,600.847047880957,3.7062299998069648,5024.858409999979,4480.417228545229
1776009424,56,,Aggregated,98.100000,0.000000,450,700,830,930,1200,1400,1800,2000,2500,4000,5000,37188,284,450.0,599.7894176936145,3.7062299998069648,5024.858409999979,4480.519522426589
1776009425,53,,Aggregated,193.500000,0.000000,450,700,830,930,1200,1400,1800,2000,2500,4000,5000,37285,284,450.0,598.8484426423531,3.7062299998069648,5024.858409999979,4480.609226230387
1776009426,51,,Aggregated,181.200000,0.000000,450,700,830,930,1200,1400,1800,2000,2500,4000,5000,37386,284,450.0,597.8486015677025,3.7062299998069648,5024.858409999979,4480.702134488846
1776009427,50,,Aggregated,167.300000,0.000000,450,700,830,930,1200,1400,1800,2000,2500,4000,5000,37484,284,450.0,596.8892417850318,3.7062299998069648,5024.858409999979,4480.791804503255
1776009428,50,,Aggregated,152.600000,0.000000,440,700,830,930,1200,1400,1800,2000,2500,4000,5000,37578,284,440.0,595.9945284597404,3.7062299998069648,5024.858409999979,4480.877375059876
1776009429,50,,Aggregated,143.900000,0.000000,440,700,820,920,1200,1400,1800,2000,2500,4000,5000,37674,284,440.0,595.1072964068093,3.7062299998069648,5024.858409999979,4480.964325529543
1776009429,50,,Aggregated,143.900000,0.000000,440,700,820,920,1200,1400,1800,2000,2500,4000,5000,37762,284,440.0,594.2675048991083,3.7062299998069648,5024.858409999979,4481.043641756263
1776009430,52,,Aggregated,134.500000,0.000000,440,690,820,920,1200,1400,1800,2000,2500,4000,5000,37856,284,440.0,593.3921480634544,3.7062299998069648,5024.858409999979,4481.127958579882
1776009431,54,,Aggregated,127.200000,0.000000,440,690,820,920,1200,1400,1800,2000,2500,4000,5000,37960,285,430.0,592.4087310284546,3.7062299998069648,5024.858409999979,4481.101817702845
1776009432,57,,Aggregated,121.400000,0.000000,430,690,820,920,1200,1400,1800,2000,2500,4000,5000,38066,288,430.0,591.4167772602888,3.7062299998069648,5024.858409999979,4480.840382493564
1776009433,60,,Aggregated,113.900000,0.100000,430,690,820,920,1200,1400,1800,2000,2500,4000,5000,38186,293,430.0,590.2861470656826,3.7062299998069648,5024.858409999979,4480.356544283245
1776009434,65,,Aggregated,111.700000,0.300000,430,690,820,920,1200,1400,1800,2000,2500,4000,5000,38305,305,430.0,589.1724813400382,3.7062299998069648,5024.858409999979,4479.049732410913
1776009435,69,,Aggregated,110.500000,0.700000,430,690,820,910,1200,1400,1800,2000,2500,4000,5000,38433,312,430.0,588.0086280079659,3.7062299998069648,5024.858409999979,4478.347123565686
1776009436,75,,Aggregated,111.900000,1.300000,420,690,810,910,1200,1400,1800,2000,2500,4000,5000,38569,323,420.0,586.754342469604,3.7062299998069648,5024.858409999979,4477.18867484249
1776009437,81,,Aggregated,114.000000,2.200000,420,690,810,910,1200,1400,1800,2000,2500,4000,5000,38719,341,420.0,585.4797322415394,3.7062299998069648,5024.858409999979,4475.236188951161
1776009438,88,,Aggregated,115.900000,3.200000,420,680,810,910,1200,1400,1800,2000,2500,4000,5000,38881,351,420.0,584.0283913297029,3.7062299998069648,5024.858409999979,4474.240631670996
1776009439,95,,Aggregated,119.900000,4.900000,410,680,810,910,1200,1400,1800,2000,2500,4000,5000,39055,358,410.0,582.4860940939747,3.7062299998069648,5024.858409999979,4473.612981692485
1776009439,103,,Aggregated,119.900000,4.900000,410,680,810,910,1200,1400,1800,2000,2500,4000,5000,39244,367,410.0,580.7931626804145,3.7062299998069648,5024.858409999979,4472.7768576088065
1776009440,111,,Aggregated,127.500000,6.300000,410,680,800,900,1200,1400,1800,2000,2500,4000,5000,39460,372,410.0,578.9208371756253,3.7062299998069648,5024.858409999979,4472.435884439939
1776009441,120,,Aggregated,134.200000,7.000000,400,670,800,900,1200,1400,1800,2000,2500,4000,5000,39685,376,400.0,576.970955431024,3.7062299998069648,5024.858409999979,4472.222124228298
1776009442,129,,Aggregated,146.500000,7.500000,400,670,800,900,1200,1400,1800,2000,2500,4000,5000,39929,382,400.0,574.8650169135261,3.7062299998069648,5024.858409999979,4471.805079015252
1776009443,139,,Aggregated,157.900000,8.200000,390,670,800,900,1200,1400,1800,2000,2500,3600,5000,40185,384,390.0,572.7186869886822,3.7062299998069648,5024.858409999979,4471.855543113102
1776009444,150,,Aggregated,171.300000,8.400000,380,660,790,890,1200,1400,1800,2000,2500,3600,5000,40453,384,380.0,570.4951555845106,3.7062299998069648,5024.858409999979,4472.141373940128
1776009445,160,,Aggregated,184.200000,8.600000,380,660,790,890,1200,1400,1700,2000,2500,3600,5000,40746,384,380.0,568.0859659078244,3.7062299998069648,5024.858409999979,4472.4495656015315
1776009446,171,,Aggregated,198.400000,8.200000,370,660,790,880,1200,1400,1700,2000,2500,3600,5000,41069,384,370.0,565.4661210966959,3.7062299998069648,5024.858409999979,4472.784216805863
1776009447,183,,Aggregated,217.400000,7.300000,360,650,780,880,1200,1400,1700,2000,2500,3600,5000,41409,384,360.0,562.7682645731651,3.7062299998069648,5024.858409999979,4473.130841121495
1776009448,195,,Aggregated,237.200000,6.800000,360,650,780,880,1200,1400,1700,2000,2500,3600,5000,41782,384,360.0,559.8428770463406,3.7062299998069648,5024.858409999979,4473.504619214015
1776009449,207,,Aggregated,257.400000,5.100000,350,650,780,870,1200,1400,1700,2000,2500,3600,5000,42155,384,350.0,557.0201367190175,3.7062299998069648,5024.858409999979,4473.871782706678
1776009449,219,,Aggregated,257.400000,5.100000,340,640,770,870,1200,1400,1700,2000,2500,3600,5000,42555,384,340.0,554.171263257436,3.7062299998069648,5024.858409999979,4474.25837151921
1776009450,232,,Aggregated,276.200000,3.700000,330,640,770,870,1200,1400,1700,2000,2500,3600,5000,42988,384,330.0,551.0461746622364,3.7062299998069648,5024.858409999979,4474.6687447659815
1776009451,244,,Aggregated,297.800000,3.000000,330,630,760,860,1200,1400,1700,1900,2500,3600,5000,43433,384,330.0,548.0322398268653,3.7062299998069648,5024.858409999979,4475.081965325904
1776009452,257,,Aggregated,321.800000,2.500000,320,630,760,860,1200,1400,1700,1900,2500,3600,5000,43893,384,320.0,544.8915257870326,3.7062299998069648,5024.858409999979,4475.500307566127
1776009453,270,,Aggregated,348.300000,1.700000,320,620,760,850,1200,1400,1700,1900,2500,3600,5000,44338,384,320.0,542.4002748543062,3.7062299998069648,5024.858409999979,4475.896747710767
1776009454,283,,Aggregated,371.100000,1.300000,310,620,750,840,1200,1400,1700,1900,2500,3600,5000,44842,384,310.0,539.4297531720315,3.7062299998069648,5024.858409999979,4476.3362472681865
1776009455,296,,Aggregated,393.100000,0.700000,310,610,750,840,1200,1400,1700,1900,2500,3600,5000,45390,384,310.0,535.8615592150303,3.7062299998069648,5024.858409999979,4476.803040317251
1776009456,310,,Aggregated,412.200000,0.500000,300,600,740,830,1100,1400,1700,1900,2500,3600,5000,45970,384,300.0,532.084574581254,3.7062299998069648,5024.858409999979,4477.2849684576895
1776009457,323,,Aggregated,444.000000,0.500000,290,590,740,830,1100,1400,1700,1900,2500,3600,5000,46565,384,290.0,528.3473648884407,3.7062299998069648,5024.858409999979,4477.766884999463
1776009458,336,,Aggregated,475.900000,0.000000,290,580,730,820,1100,1400,1700,1900,2500,3600,5000,47186,384,290.0,524.4885227900265,3.7062299998069648,5024.858409999979,4478.2568982325265
1776009459,349,,Aggregated,500.300000,0.000000,280,570,730,820,1100,1400,1700,1900,2500,3600,5000,47817,384,280.0,520.7987611617243,3.7062299998069648,5024.858409999979,4478.741765480896
1776009459,361,,Aggregated,500.300000,0.000000,280,560,720,810,1100,1400,1700,1900,2500,3600,5000,48505,384,280.0,516.7866050322694,3.7062299998069648,5024.858409999979,4479.256056076693
1776009460,374,,Aggregated,527.100000,0.000000,270,550,720,800,1100,1400,1700,1900,2500,3600,5000,49184,384,270.0,513.0960153104713,3.7062299998069648,5024.858409999979,4479.749512036435
1776009461,387,,Aggregated,552.100000,0.000000,270,540,710,800,1100,1300,1700,1900,2500,3600,5000,49870,384,270.0,509.49925581973577,3.7062299998069648,5024.858409999979,4480.234409464608
1776009462,399,,Aggregated,580.600000,0.000000,270,530,700,790,1100,1300,1600,1900,2500,3400,5000,50618,384,270.0,505.60280963867086,3.7062299998069648,5024.858409999979,4480.748152831009
1776009463,411,,Aggregated,610.300000,0.000000,260,510,700,790,1100,1300,1600,1900,2500,3400,5000,51363,384,260.0,501.85238827639057,3.7062299998069648,5024.858409999979,4481.244962326967
1776009464,422,,Aggregated,634.100000,0.000000,260,500,690,780,1100,1300,1600,1900,2500,3400,5000,52157,384,260.0,497.9492855745205,3.7062299998069648,5024.858409999979,4481.758824318883
1776009465,434,,Aggregated,663.200000,0.000000,260,490,680,780,1100,1300,1600,1900,2500,3400,5000,52949,384,260.0,494.2376168533921,3.7062299998069648,5024.858409999979,4482.256038829817
1776009466,444,,Aggregated,693.400000,0.000000,260,480,680,770,1100,1300,1600,1900,2500,3400,5000,53762,384,260.0,490.5677594812376,3.7062299998069648,5024.858409999979,4482.751199732153
1776009467,455,,Aggregated,717.000000,0.000000,250,460,670,760,1100,1300,1600,1900,2500,3400,5000,54584,384,250.0,486.86772575278906,3.7062299998069648,5024.858409999979,4483.236845962187
1776009468,465,,Aggregated,750.000000,0.000000,250,450,660,760,1100,1300,1600,1900,2400,3400,5000,55452,384,250.0,483.1265894705381,3.7062299998069648,5024.858409999979,4483.734040251028
1776009469,475,,Aggregated,774.500000,0.000000,250,440,650,750,1000,1300,1600,1900,2400,3400,5000,56299,384,250.0,479.74387304428666,3.7062299998069648,5024.858409999979,4484.204426366366
1776009469,484,,Aggregated,774.500000,0.000000,250,430,650,750,1000,1300,1600,1900,2400,3400,5000,57162,384,250.0,476.240523922541,3.7062299998069648,5024.858409999979,4484.669360764144
1776009470,492,,Aggregated,796.500000,0.000000,250,430,640,740,1000,1300,1600,1900,2400,3400,5000,57977,384,250.0,473.5386365391497,3.7062299998069648,5024.858409999979,4485.095727616123
1776009471,501,,Aggregated,818.200000,0.000000,250,420,630,730,1000,1300,1600,1800,2400,3400,5000,58825,384,250.0,471.07048147488814,3.7062299998069648,5024.858409999979,4485.526816829579
1776009472,508,,Aggregated,848.800000,0.000000,250,410,630,730,1000,1300,1600,1800,2400,3400,5000,59743,384,250.0,467.9482443474604,3.7062299998069648,5024.858409999979,4485.979696366101
1776009473,515,,Aggregated,871.700000,0.000000,250,400,620,720,1000,1300,1600,1800,2400,3300,5000,60573,384,250.0,465.5396761875811,3.7062299998069648,5024.858409999979,4486.3773463424295
1776009474,521,,Aggregated,890.500000,0.000000,250,390,610,720,1000,1300,1600,1800,2400,3300,5000,61511,384,250.0,462.6842094082418,3.7062299998069648,5024.858409999979,4486.813821918031
1776009475,527,,Aggregated,905.800000,0.000000,250,380,600,710,1000,1300,1600,1800,2400,3300,5000,62390,384,250.0,459.95377328434637,3.7062299998069648,5024.858409999979,4487.21093123898
1776009476,532,,Aggregated,915.000000,0.000000,250,380,600,700,990,1300,1600,1800,2400,3300,5000,63268,384,250.0,458.01865143722523,3.7062299998069648,5024.858409999979,4487.596573307201
1776009477,537,,Aggregated,938.200000,0.000000,260,370,590,700,990,1300,1600,1800,2400,3300,5000,64128,384,260.0,455.95241509933794,3.7062299998069648,5024.858409999979,4487.964071856288
1776009478,541,,Aggregated,946.600000,0.000000,260,370,580,690,980,1300,1600,1800,2400,3300,5000,64963,384,260.0,454.56631322399375,3.7062299998069648,5024.858409999979,4488.31157735942
1776009479,544,,Aggregated,952.200000,0.000000,260,370,570,690,980,1300,1600,1800,2400,3300,5000,65824,384,260.0,452.8856986597646,3.7062299998069648,5024.858409999979,4488.660670879922
1776009479,546,,Aggregated,952.200000,0.000000,260,360,560,680,970,1300,1600,1800,2400,3300,5000,66749,384,260.0,450.6835094515322,3.7062299998069648,5024.858409999979,4489.025678287315
1776009480,548,,Aggregated,953.000000,0.000000,260,360,550,670,970,1300,1500,1800,2400,3300,5000,67593,384,260.0,449.02486678680225,3.7062299998069648,5024.858409999979,4489.350006657494
1776009481,549,,Aggregated,948.900000,0.000000,260,360,540,670,960,1300,1500,1800,2400,3300,5000,68560,384,260.0,446.9014306687619,3.7062299998069648,5024.858409999979,4489.71178529755
1776009482,549,,Aggregated,955.000000,0.000000,260,360,530,660,960,1300,1500,1800,2400,3300,5000,69416,384,260.0,445.2041748461495,3.7062299998069648,5024.858409999979,4490.023625677078
1776009483,549,,Aggregated,960.200000,0.000000,260,360,530,660,950,1300,1500,1800,2400,3200,5000,70223,384,260.0,444.3619782430301,3.7062299998069648,5024.858409999979,4490.3106532047905
1776009484,548,,Aggregated,968.200000,0.000000,260,360,520,650,950,1200,1500,1800,2400,3200,5000,71074,384,260.0,443.1921288004088,3.7062299998069648,5024.858409999979,4490.606269521907
1776009485,547,,Aggregated,962.300000,0.000000,260,360,520,650,940,1200,1500,1800,2400,3200,5000,71907,384,260.0,442.4538702615916,3.7062299998069648,5024.858409999979,4490.8888564395675
1776009486,544,,Aggregated,958.000000,0.000000,260,360,510,640,940,1200,1500,1800,2400,3200,5000,72855,384,260.0,440.4217655436174,3.7062299998069648,5024.858409999979,4491.202594193947
1776009487,541,,Aggregated,946.200000,0.000000,260,350,500,640,930,1200,1500,1800,2400,3200,5000,73829,384,260.0,438.3141008610471,3.7062299998069648,5024.858409999979,4491.5165449890965
1776009488,537,,Aggregated,957.900000,0.000000,260,350,490,630,930,1200,1500,1800,2400,3200,5000,74721,384,260.0,436.57707198579027,3.7062299998069648,5024.858409999979,4491.796884410005
1776009495,533,,Aggregated,646.000000,0.000000,260,350,490,620,920,1200,1500,1800,2400,3200,5000,75678,384,260.0,434.4324236269482,3.7062299998069648,5024.858409999979,4492.090303654959
1776009490,528,,Aggregated,965.900000,0.000000,260,340,480,620,920,1200,1500,1800,2400,3200,5000,76554,384,260.0,432.71268627034726,3.7062299998069648,5024.858409999979,4492.352457089113
1776009491,522,,Aggregated,981.600000,0.000000,260,340,470,620,910,1200,1500,1800,2400,3200,5000,77453,384,260.0,430.88393150788454,3.7062299998069648,5024.858409999979,4492.615328005371
1776009492,516,,Aggregated,974.600000,0.000000,260,340,470,610,910,1200,1500,1800,2400,3200,5000,78372,384,260.0,429.2786211056274,3.7062299998069648,5024.858409999979,4492.877813504823
1776009493,509,,Aggregated,976.600000,0.000000,260,340,460,600,900,1200,1500,1800,2400,3200,5000,79261,384,260.0,427.5113726132682,3.7062299998069648,5024.858409999979,4493.12593835556
1776009494,502,,Aggregated,971.000000,0.000000,260,330,450,600,900,1200,1500,1800,2400,3200,5000,80177,384,260.0,425.5865345287335,3.7062299998069648,5024.858409999979,4493.375843446375
1776009494,494,,Aggregated,971.000000,0.000000,260,330,450,590,890,1200,1500,1800,2400,3200,5000,80961,384,260.0,424.24819587801744,3.7062299998069648,5024.858409999979,4493.585244747471
1776009495,485,,Aggregated,974.100000,0.000000,260,330,440,580,890,1200,1500,1700,2400,3200,5000,81868,384,260.0,422.51249040870766,3.7062299998069648,5024.858409999979,4493.822494747643
1776009496,476,,Aggregated,984.400000,0.000000,260,330,440,580,880,1200,1500,1700,2400,3200,5000,82702,384,260.0,420.9304555852341,3.7062299998069648,5024.858409999979,4494.0360571691135
1776009497,466,,Aggregated,985.400000,0.000000,260,330,440,570,880,1200,1500,1700,2400,3200,5000,83511,384,260.0,419.41824118427604,3.7062299998069648,5024.858409999979,4494.239142148938
1776009498,456,,Aggregated,973.300000,0.000000,260,320,430,560,870,1200,1500,1700,2400,3200,5000,84354,384,260.0,417.6895470928467,3.7062299998069648,5024.858409999979,4494.446617824881
1776009505,446,,Aggregated,615.600000,0.000000,260,320,430,560,870,1200,1500,1700,2400,3200,5000,85182,384,260.0,416.1709020114575,3.7062299998069648,5024.858409999979,4494.646404169895
1776009500,435,,Aggregated,963.900000,0.000000,260,320,420,550,870,1200,1500,1700,2400,3200,5000,85929,384,260.0,414.91984247017854,3.7062299998069648,5024.858409999979,4494.82334252697
1776009501,423,,Aggregated,949.100000,0.000000,260,320,420,540,860,1200,1500,1700,2400,3200,5000,86684,384,260.0,413.4806656972456,3.7062299998069648,5024.858409999979,4494.9990771076555
1776009502,412,,Aggregated,934.400000,0.000000,260,320,420,540,860,1200,1500,1700,2400,3200,5000,87466,384,260.0,411.98246833375345,3.7062299998069648,5024.858409999979,4495.177897697391
1776009503,400,,Aggregated,922.400000,0.000000,260,320,410,530,850,1200,1500,1700,2400,3200,5000,88203,384,260.0,410.6042264424122,3.7062299998069648,5024.858409999979,4495.343525730417
1776009504,388,,Aggregated,907.800000,0.000000,260,310,410,530,850,1200,1500,1700,2400,3200,5000,88909,384,260.0,409.2516276560321,3.7062299998069648,5024.858409999979,4495.499611962793
1776009504,375,,Aggregated,907.800000,0.000000,260,310,410,520,850,1200,1500,1700,2400,3200,5000,89608,384,260.0,407.9184708624247,3.7062299998069648,5024.858409999979,4495.651727524329
1776009505,362,,Aggregated,892.100000,0.000000,260,310,410,520,840,1200,1400,1700,2400,3100,5000,90281,384,260.0,406.6826042983583,3.7062299998069648,5024.858409999979,4495.795959282684
1776009506,350,,Aggregated,873.400000,0.000000,260,310,400,510,840,1200,1400,1700,2400,3100,5000,90933,384,260.0,405.4668658469428,3.7062299998069648,5024.858409999979,4495.93365444888
1776009507,337,,Aggregated,856.700000,0.000000,260,310,400,510,840,1200,1400,1700,2400,3100,5000,91572,384,260.0,404.2846218561353,3.7062299998069648,5024.858409999979,4496.066701611847
1776009508,324,,Aggregated,832.400000,0.000000,260,310,400,500,830,1100,1400,1700,2400,3100,5000,92185,384,260.0,403.17169256918135,3.7062299998069648,5024.858409999979,4496.19260183327
1776009515,310,,Aggregated,479.500000,0.000000,260,310,390,500,830,1100,1400,1700,2400,3100,5000,92742,384,260.0,402.25735780919115,3.7062299998069648,5024.858409999979,4496.305557352655
1776009510,297,,Aggregated,790.700000,0.000000,260,310,390,500,830,1100,1400,1700,2400,3100,5000,93293,384,260.0,401.2838507758343,3.7062299998069648,5024.858409999979,4496.4159690437655
1776009511,284,,Aggregated,768.300000,0.000000,250,300,390,490,830,1100,1400,1700,2400,3100,5000,93815,384,250.0,400.3837569050785,3.7062299998069648,5024.858409999979,4496.519373234557
1776009512,271,,Aggregated,739.700000,0.000000,250,300,390,490,820,1100,1400,1700,2400,3100,5000,94330,384,250.0,399.4787614757758,3.7062299998069648,5024.858409999979,4496.620269267465
1776009513,258,,Aggregated,711.800000,0.000000,250,300,390,490,820,1100,1400,1700,2400,3100,5000,94813,384,250.0,398.63193403214626,3.7062299998069648,5024.858409999979,4496.713899992617
1776009514,245,,Aggregated,688.700000,0.000000,250,300,380,480,820,1100,1400,1700,2400,3100,5000,95263,384,250.0,397.8702336877899,3.7062299998069648,5024.858409999979,4496.800279226982
1776009514,232,,Aggregated,688.700000,0.000000,250,300,380,480,820,1100,1400,1700,2400,3100,5000,95700,384,250.0,397.11879029885023,3.7062299998069648,5024.858409999979,4496.883385579938
1776009515,220,,Aggregated,667.100000,0.000000,250,300,380,480,820,1100,1400,1700,2400,3100,5000,96106,384,250.0,396.414009556739,3.7062299998069648,5024.858409999979,4496.959919255822
1776009516,208,,Aggregated,640.300000,0.000000,250,300,380,470,820,1100,1400,1700,2400,3100,5000,96502,384,250.0,395.73968841733847,3.7062299998069648,5024.858409999979,4497.033947482953
1776009517,195,,Aggregated,606.000000,0.000000,250,300,380,470,810,1100,1400,1700,2400,3100,5000,96873,391,250.0,395.0983373705784,3.7062299998069648,5024.858409999979,4496.776501192283
1776009518,184,,Aggregated,575.300000,0.000000,250,300,380,470,810,1100,1400,1700,2400,3100,5000,97179,429,250.0,394.6943084464757,0.7202799997685361,5024.858409999979,4495.0683789707655
1776009526,172,,Aggregated,247.500000,4.500000,250,300,380,470,810,1100,1400,1700,2400,3100,5000,97490,429,250.0,394.34554664622055,0.7202799997685361,5024.858409999979,4495.131962252539
1776009520,161,,Aggregated,526.900000,3.200000,250,300,380,470,810,1100,1400,1700,2400,3100,5000,97793,429,250.0,393.9088378792967,0.7202799997685361,5024.858409999979,4495.193521008661
1776009521,150,,Aggregated,497.700000,4.500000,250,300,370,470,810,1100,1400,1700,2400,3100,5000,98074,429,250.0,393.4428439807702,0.7202799997685361,5024.858409999979,4495.250270204132
1776009522,140,,Aggregated,470.600000,4.500000,250,300,370,460,810,1100,1400,1700,2400,3100,5000,98335,429,250.0,393.01495922184495,0.7202799997685361,5024.858409999979,4495.302689784919
1776009523,130,,Aggregated,439.000000,4.500000,250,300,370,460,810,1100,1400,1700,2400,3100,5000,98583,429,250.0,392.59719615552535,0.7202799997685361,5024.858409999979,4495.352241258634
1776009524,121,,Aggregated,418.100000,4.500000,250,300,370,460,800,1100,1400,1700,2400,3100,5000,98812,429,250.0,392.21529810377444,0.7202799997685361,5024.858409999979,4495.397775573817
1776009524,112,,Aggregated,418.100000,4.500000,250,300,370,460,800,1100,1400,1700,2400,3100,5000,99020,429,250.0,391.87351144627564,0.7202799997685361,5024.858409999979,4495.438951726924
1776009525,103,,Aggregated,392.700000,4.500000,250,300,370,460,800,1100,1400,1700,2400,3100,5000,99220,429,250.0,391.5410589113106,0.7202799997685361,5024.858409999979,4495.478381374723
1776009526,95,,Aggregated,370.800000,4.500000,250,300,370,460,800,1100,1400,1700,2400,3100,5000,99390,429,250.0,391.27363821652307,0.7202799997685361,5024.858409999979,4495.511771808029
1776009527,88,,Aggregated,345.800000,4.500000,250,300,370,460,800,1100,1400,1700,2400,3100,5000,99561,429,250.0,390.999078473099,0.7202799997685361,5024.858409999979,4495.545243619489
1776009528,81,,Aggregated,317.500000,4.500000,250,290,370,460,800,1100,1400,1700,2400,3100,5000,99719,429,250.0,390.7416702007659,0.7202799997685361,5024.858409999979,4495.5760687531965
1776009536,75,,Aggregated,117.100000,0.000000,250,290,370,460,800,1100,1400,1700,2400,3100,5000,99859,429,250.0,390.51359848246204,0.7202799997685361,5024.858409999979,4495.603300653922
1776009530,70,,Aggregated,272.100000,1.300000,250,290,370,460,800,1100,1400,1700,2400,3100,5000,99995,429,250.0,390.29281588939637,0.7202799997685361,5024.858409999979,4495.629681484074
1776009531,65,,Aggregated,257.700000,0.000000,250,290,370,460,800,1100,1400,1700,2400,3000,5000,100116,429,250.0,390.1000875286683,0.7202799997685361,5024.858409999979,4495.653092412801
1776009532,61,,Aggregated,238.300000,0.000000,250,290,370,460,800,1100,1400,1700,2400,3000,5000,100230,429,250.0,389.91702184086733,0.7202799997685361,5024.858409999979,4495.675097276265
1776009533,57,,Aggregated,216.200000,0.000000,250,290,370,450,800,1100,1400,1700,2400,3000,5000,100335,446,250.0,389.7310400604982,0.7202799997685361,5024.858409999979,4494.930333383167
1776009534,54,,Aggregated,198.100000,0.000000,250,290,370,450,800,1100,1400,1700,2400,3000,5000,100424,449,250.0,389.657336498945,0.7202799997685361,5024.858409999979,4494.8132418545365
1776009534,52,,Aggregated,198.100000,0.000000,250,290,370,450,800,1100,1400,1700,2400,3000,5000,100524,449,250.0,389.51000604472614,0.7202799997685361,5024.858409999979,4494.83332338546
1776009535,51,,Aggregated,184.300000,0.000000,250,290,370,450,800,1100,1400,1600,2400,3000,5000,100614,449,250.0,389.36853106893705,0.7202799997685361,5024.858409999979,4494.851362633431
1776009536,50,,Aggregated,169.900000,2.000000,250,290,370,450,800,1100,1400,1600,2400,3000,5000,100709,449,250.0,389.21735740529647,0.7202799997685361,5024.858409999979,4494.8703690832
1776009537,50,,Aggregated,156.300000,2.000000,250,290,370,450,800,1100,1400,1600,2400,3000,5000,100808,449,250.0,389.05729531535223,0.7202799997685361,5024.858409999979,4494.890137687486
1776009538,50,,Aggregated,143.000000,2.000000,250,290,370,450,800,1100,1400,1600,2400,3000,5000,100901,449,250.0,388.91155589359886,0.7202799997685361,5024.858409999979,4494.908672857553
1776009546,51,,Aggregated,62.600000,0.000000,250,290,360,450,800,1100,1400,1600,2400,3000,5000,101002,449,250.0,388.7562883881508,0.7202799997685361,5024.858409999979,4494.928763786856
1776009540,53,,Aggregated,127.000000,2.000000,250,290,360,450,800,1100,1400,1600,2400,3000,5000,101095,449,250.0,388.6178277119541,0.7202799997685361,5024.858409999979,4494.947227854987
1776009541,56,,Aggregated,121.400000,2.000000,250,290,360,450,800,1100,1400,1600,2400,3000,5000,101205,449,250.0,388.45697594644537,0.7202799997685361,5024.858409999979,4494.969023269601
1776009542,59,,Aggregated,115.900000,2.000000,250,290,360,450,800,1100,1400,1600,2400,3000,5000,101313,449,250.0,388.31182934569136,0.7202799997685361,5024.858409999979,4494.990376358414
1776009543,63,,Aggregated,110.800000,2.000000,250,290,360,450,790,1100,1400,1600,2400,3000,5000,101402,449,250.0,388.26804516922755,0.7202799997685361,5024.858409999979,4495.007938699434
1776009544,68,,Aggregated,108.300000,2.000000,250,290,360,450,790,1100,1400,1600,2400,3000,5000,101519,449,250.0,388.19827320619777,0.7202799997685361,5024.858409999979,4495.030979422571
1776009544,73,,Aggregated,108.300000,2.000000,250,290,360,450,790,1100,1400,1600,2400,3000,5000,101643,449,250.0,388.0775846199939,0.7202799997685361,5024.858409999979,4495.0553407514535
1776009545,79,,Aggregated,106.800000,2.000000,250,290,360,450,790,1100,1400,1600,2400,3000,5000,101778,449,250.0,387.92186905244773,0.7202799997685361,5024.858409999979,4495.081795672935
1776009546,85,,Aggregated,108.400000,0.000000,250,290,360,450,790,1100,1400,1600,2400,3000,5000,101920,449,250.0,387.7819675433674,0.7202799997685361,5024.858409999979,4495.1095467032965
1776009547,92,,Aggregated,113.700000,0.000000,250,290,360,450,790,1100,1400,1600,2400,3000,5000,102080,449,250.0,387.68668285021545,0.7202799997685361,5024.858409999979,4495.140722962383
1776009548,100,,Aggregated,115.800000,0.000000,250,290,360,450,790,1100,1400,1600,2400,3000,5000,102237,449,250.0,387.56855752144526,0.7202799997685361,5024.858409999979,4495.171219812788
1776009549,108,,Aggregated,90.400000,0.000000,250,290,360,450,790,1100,1400,1600,2400,3000,5000,102405,449,250.0,387.49389488706584,0.7202799997685361,5024.858409999979,4495.203749816904
1776009550,117,,Aggregated,127.300000,0.000000,250,290,360,450,790,1100,1400,1600,2400,3000,5000,102610,451,250.0,387.2475755542339,0.7202799997685361,5024.858409999979,4495.155296754702
1776009551,126,,Aggregated,133.800000,0.000000,250,290,360,450,790,1100,1400,1600,2400,3000,5000,102799,454,250.0,387.0603417351333,0.7202799997685361,5024.858409999979,4495.060020039105
1776009552,136,,Aggregated,143.000000,0.200000,250,290,360,450,790,1100,1400,1600,2400,3000,5000,102963,458,250.0,387.3228294969062,0.7202799997685361,5024.858409999979,4494.916377727922
1776009553,146,,Aggregated,153.900000,0.400000,250,290,360,450,790,1100,1400,1600,2400,3000,5000,103154,462,250.0,387.3972694992913,0.7202799997685361,5024.858409999979,4494.778486534696
1776009554,157,,Aggregated,158.000000,0.700000,250,290,370,450,790,1100,1400,1600,2400,3000,5000,103410,469,250.0,387.39889359549255,0.7202799997685361,5024.858409999979,4494.522918479837
1776009554,168,,Aggregated,158.000000,0.700000,250,290,370,450,790,1100,1400,1600,2400,3000,5000,103663,474,250.0,387.26079622738996,0.7202799997685361,5024.858409999979,4494.35512188534
1776009555,179,,Aggregated,168.500000,1.200000,250,300,370,450,790,1100,1400,1600,2400,3000,5000,103909,486,250.0,387.2173495128423,0.7202799997685361,5024.858409999979,4493.882579949764
1776009556,191,,Aggregated,178.800000,1.700000,250,300,370,450,790,1100,1400,1600,2400,3000,5000,104115,493,250.0,387.55401710618025,0.7202799997685361,5024.858409999979,4493.620803918744
1776009557,203,,Aggregated,193.100000,2.200000,250,300,370,450,780,1100,1400,1600,2400,3000,5000,104319,499,250.0,388.03292266461466,0.7202799997685361,5024.858409999979,4493.402927558738
1776009558,215,,Aggregated,207.300000,3.400000,250,300,370,460,780,1100,1400,1600,2400,3000,5000,104591,499,250.0,388.54226462955677,0.7202799997685361,5024.858409999979,4493.4590930385975
1776009559,227,,Aggregated,213.600000,4.100000,250,300,380,460,780,1100,1400,1600,2400,3000,5000,104895,499,250.0,388.8605963667475,0.7202799997685361,5024.858409999979,4493.521521521521
1776009560,240,,Aggregated,219.700000,4.700000,250,300,380,460,780,1100,1400,1600,2400,3000,5000,105234,499,250.0,388.9892674393258,0.7202799997685361,5024.858409999979,4493.590712127259
1776009561,253,,Aggregated,230.500000,4.700000,250,300,380,460,780,1100,1400,1600,2400,3000,5000,105549,499,250.0,388.9003194509667,0.7202799997685361,5024.858409999979,4493.654605917631
1776009562,266,,Aggregated,245.900000,4.500000,250,300,380,460,780,1100,1400,1600,2400,3000,5000,105824,499,250.0,389.5892586807349,0.7202799997685361,5024.858409999979,4493.710075219232
1776009563,279,,Aggregated,264.500000,4.600000,250,300,380,470,780,1100,1400,1600,2400,3000,5000,106136,499,250.0,390.2487781060155,0.7202799997685361,5024.858409999979,4493.772659606542
1776009564,292,,Aggregated,277.600000,4.300000,250,300,390,470,780,1100,1400,1600,2400,3000,5000,106492,499,250.0,390.7466873880675,0.7202799997685361,5024.858409999979,4493.843622056117
1776009565,305,,Aggregated,288.700000,3.800000,250,300,390,470,790,1100,1400,1600,2400,3000,5000,106766,499,250.0,391.3157292200707,0.7202799997685361,5024.858409999979,4493.89791693985
1776009566,318,,Aggregated,300.600000,3.300000,250,300,390,480,790,1100,1400,1600,2300,3000,5000,107072,499,250.0,392.3997399236969,0.7202799997685361,5024.858409999979,4493.958224372385
1776009567,331,,Aggregated,307.800000,2.800000,250,300,390,480,790,1100,1400,1600,2300,3000,5000,107535,503,250.0,393.152565104571,0.7202799997685361,5024.858409999979,4493.880875993863
1776009568,344,,Aggregated,314.200000,1.600000,250,310,400,490,790,1100,1400,1600,2300,3000,5000,107999,521,250.0,393.3684643054112,0.7202799997685361,5024.858409999979,4493.219103880591
1776009569,357,,Aggregated,341.400000,1.300000,250,310,400,490,790,1100,1400,1600,2300,3000,5000,108402,549,250.0,393.5508875322423,0.7202799997685361,5024.858409999979,4492.133862843859
1776009569,370,,Aggregated,341.400000,1.300000,250,310,400,490,800,1100,1400,1600,2300,3000,5000,108838,581,250.0,394.34221238143107,0.7202799997685361,5024.858409999979,4490.897985997538
1776009570,382,,Aggregated,367.200000,2.500000,250,310,400,500,790,1100,1400,1600,2300,3000,5000,109309,613,250.0,394.89828157818795,0.7202799997685361,5024.858409999979,4489.680081237592
1776009571,395,,Aggregated,381.000000,5.300000,250,310,410,500,790,1100,1400,1600,2300,3000,5000,109734,634,250.0,395.49217742869274,0.7202799997685361,5024.858409999979,4488.914101372409
1776009572,407,,Aggregated,398.700000,9.300000,250,310,410,510,800,1100,1400,1600,2300,2900,5000,110120,660,250.0,396.5153347246652,0.7202799997685361,5024.858409999979,4487.939520523066
1776009573,418,,Aggregated,405.400000,11.700000,250,310,410,510,800,1100,1400,1600,2300,2900,5000,110608,681,250.0,397.79341776490077,0.7202799997685361,5024.858409999979,4487.201694271662
1776009574,430,,Aggregated,417.100000,14.200000,250,310,410,510,800,1100,1400,1600,2300,2900,5000,111021,691,250.0,398.52240612100525,0.7202799997685361,5024.858409999979,4486.898424622369
1776009581,441,,Aggregated,273.400000,14.200000,260,310,420,520,810,1100,1400,1600,2300,2900,5000,111475,693,260.0,399.95934822175536,0.7202799997685361,5024.858409999979,4486.931868131868
1776009582,452,,Aggregated,220.200000,10.200000,260,320,420,530,810,1100,1400,1600,2300,2900,5000,111991,693,260.0,400.91760796385546,0.7202799997685361,5024.858409999979,4487.061192417248
1776009583,462,,Aggregated,175.100000,7.500000,260,320,420,530,820,1100,1400,1600,2300,2900,5000,112482,693,260.0,401.8483376694962,0.7202799997685361,5024.858409999979,4487.183149303889
1776009584,472,,Aggregated,181.200000,5.200000,260,320,430,540,820,1100,1400,1600,2300,2900,5000,113013,693,260.0,402.57076295621044,0.7202799997685361,5024.858409999979,4487.313848849248
1776009585,481,,Aggregated,187.900000,2.800000,260,320,430,540,820,1100,1400,1600,2300,2900,5000,113481,693,260.0,403.4128481372232,0.7202799997685361,5024.858409999979,4487.428027599334
1776009586,490,,Aggregated,192.500000,1.100000,260,320,430,540,830,1100,1400,1600,2300,2900,5000,113939,693,260.0,404.98723859319676,0.7202799997685361,5024.858409999979,4487.538858512011
1776009587,498,,Aggregated,218.100000,1.000000,260,320,430,550,830,1100,1400,1600,2300,2900,5000,114439,693,260.0,406.4765690837064,0.7202799997685361,5024.858409999979,4487.658840080741
1776009588,506,,Aggregated,259.700000,0.500000,260,320,440,560,840,1100,1400,1600,2300,2900,5000,114862,693,260.0,407.8103565274879,0.7202799997685361,5024.858409999979,4487.759528825895
1776009589,513,,Aggregated,295.000000,0.200000,260,320,440,560,840,1100,1400,1600,2300,2900,5000,115201,693,260.0,409.3532792083431,0.7202799997685361,5024.858409999979,4487.8396888915895
1776009590,519,,Aggregated,344.500000,0.200000,260,330,440,570,850,1100,1400,1600,2300,2900,5000,115656,695,260.0,411.73199777884804,0.7202799997685361,5024.858409999979,4487.868463374144
1776009591,525,,Aggregated,384.200000,0.200000,260,330,450,570,860,1100,1400,1600,2300,2900,5000,116202,700,260.0,413.5791177445339,0.7202799997685361,5024.858409999979,4487.801672948831
1776009592,531,,Aggregated,421.800000,0.200000,260,330,450,580,870,1100,1400,1600,2300,2900,5000,116682,702,260.0,414.728581145338,0.7202799997685361,5024.858409999979,4487.836170103358
1776009593,535,,Aggregated,464.800000,0.400000,260,330,450,580,870,1100,1400,1600,2300,2900,5000,117128,706,260.0,416.12674106968717,0.7202799997685361,5024.858409999979,4487.785414247661
1776009594,539,,Aggregated,469.800000,0.700000,260,330,460,590,880,1100,1400,1600,2300,2900,5000,117630,707,260.0,418.08278855572803,0.7202799997685361,5024.858409999979,4487.863172660036
1776009595,543,,Aggregated,468.300000,0.900000,260,330,460,600,880,1200,1400,1600,2300,3000,5000,118185,713,260.0,419.92564248991266,0.7202799997685361,5024.858409999979,4487.761391039472
1776009588,545,,Aggregated,259.700000,0.500000,260,340,470,600,880,1200,1400,1600,2300,3000,5000,118780,717,260.0,420.9544982745448,0.7202799997685361,5024.858409999979,4487.7457905371275
1776009589,547,,Aggregated,295.000000,0.200000,260,340,470,610,890,1200,1400,1600,2300,3000,5000,119303,720,260.0,421.77588266607177,0.7202799997685361,5024.858409999979,4487.751732982406
1776009590,549,,Aggregated,344.500000,0.200000,260,340,480,610,890,1200,1400,1600,2300,3000,5000,119852,724,260.0,423.21737441786854,0.7202799997685361,5024.858409999979,4487.725861896339
1776009591,549,,Aggregated,423.000000,0.500000,260,340,480,620,900,1200,1400,1600,2300,2900,5000,120491,724,260.0,424.4631107345803,0.7202799997685361,5024.858409999979,4487.870504850985
1776009592,549,,Aggregated,504.900000,0.900000,260,340,490,620,900,1200,1400,1600,2300,2900,5000,121073,724,260.0,425.2548955032119,0.7202799997685361,5024.858409999979,4488.00091680226
1776009593,549,,Aggregated,604.600000,1.200000,260,340,490,620,900,1200,1400,1600,2300,2900,5000,121657,724,260.0,426.2809693369086,0.7202799997685361,5024.858409999979,4488.1305226990635
1776009594,547,,Aggregated,671.900000,1.500000,260,350,500,620,900,1200,1400,1600,2300,2900,5000,122166,724,260.0,427.228194595716,0.7202799997685361,5024.858409999979,4488.2424733559255
1776009595,545,,Aggregated,727.900000,1.700000,260,350,500,630,910,1200,1400,1600,2300,2900,5000,122701,724,260.0,428.79715537143335,0.7202799997685361,5024.858409999979,4488.359141327292
1776009596,542,,Aggregated,777.700000,2.100000,260,350,510,630,910,1200,1400,1600,2300,2900,5000,123241,724,260.0,430.24171163768756,0.7202799997685361,5024.858409999979,4488.475872477504
1776009597,539,,Aggregated,835.900000,2.200000,260,350,510,640,920,1200,1400,1600,2300,2900,5000,123849,724,260.0,431.3421884190443,0.7202799997685361,5024.858409999979,4488.606084829106
1776009598,535,,Aggregated,905.000000,2.800000,260,350,510,640,920,1200,1400,1600,2300,2900,5000,124364,724,260.0,431.85544450572684,0.7202799997685361,5024.858409999979,4488.7153838731465
1776009599,530,,Aggregated,962.100000,3.100000,260,360,520,640,920,1200,1400,1600,2300,2900,5000,124916,724,260.0,433.0784107907731,0.7202799997685361,5024.858409999979,4488.831534791379
1776009599,525,,Aggregated,962.100000,3.100000,260,360,520,640,930,1200,1400,1600,2300,2900,5000,125510,724,260.0,434.3019046950062,0.7202799997685361,5024.858409999979,4488.955382041272
1776009600,519,,Aggregated,962.500000,3.100000,260,360,520,640,930,1200,1400,1600,2300,2900,5000,126016,724,260.0,434.917638962991,0.7202799997685361,5024.858409999979,4489.059960639919
1776009601,512,,Aggregated,940.300000,2.800000,260,360,520,650,930,1200,1400,1600,2300,2900,5000,126455,724,260.0,435.96308190305103,0.7202799997685361,5024.858409999979,4489.150013838915
1776009602,505,,Aggregated,925.600000,2.400000,260,360,530,650,940,1200,1400,1600,2300,2900,5000,126730,724,260.0,436.8253719058651,0.7202799997685361,5024.858409999979,4489.20610747258
1776009603,497,,Aggregated,874.600000,2.100000,260,360,530,650,940,1200,1400,1600,2400,2900,5000,127020,724,260.0,438.3064220970738,0.7202799997685361,5024.858409999979,4489.264997638167
1776009604,489,,Aggregated,805.100000,1.600000,260,360,530,650,940,1200,1500,1600,2500,3300,5000,127312,724,260.0,440.18973652735224,0.7202799997685361,5024.858409999979,4489.324022872942
1776009605,480,,Aggregated,728.200000,1.400000,260,360,530,660,940,1200,1500,1700,3100,3500,5000,127621,724,260.0,442.6694175576924,0.7202799997685361,5024.858409999979,4489.38619036052
1776009606,470,,Aggregated,652.800000,1.000000,260,360,530,660,950,1200,1500,1700,3200,3600,5000,127913,724,260.0,444.64997741863806,0.7202799997685361,5024.858409999979,4489.444661605935
1776009607,460,,Aggregated,580.900000,0.900000,260,370,540,660,950,1200,1500,1700,3200,3600,5000,128184,724,260.0,446.1860119003948,0.7202799997685361,5024.858409999979,4489.4986893840105
1776009608,450,,Aggregated,496.800000,0.300000,260,370,540,660,950,1200,1500,1800,3300,3600,5000,128463,724,260.0,447.8904578282481,0.7202799997685361,5024.858409999979,4489.554073935686
1776009609,440,,Aggregated,440.000000,0.000000,260,370,540,660,950,1200,1500,1800,3400,3800,5000,128751,724,260.0,450.0503138846323,0.7202799997685361,5024.858409999979,4489.610993312674
1776009609,428,,Aggregated,440.000000,0.000000,260,370,540,660,960,1200,1500,1800,3500,4000,5000,129025,724,260.0,451.93328357202324,0.7202799997685361,5024.858409999979,4489.664909901182
1776009610,417,,Aggregated,417.300000,0.000000,260,370,540,660,960,1200,1500,1900,3600,4000,5000,129295,724,260.0,453.65408447418935,0.7202799997685361,5024.858409999979,4489.717815847481
1776009611,405,,Aggregated,389.300000,0.000000,260,370,540,670,960,1200,1500,1900,3600,4000,5000,129536,724,260.0,455.4237441830865,0.7202799997685361,5024.858409999979,4489.764853013834
1776009612,393,,Aggregated,353.400000,0.000000,260,370,550,670,960,1200,1500,2000,3600,4000,5000,129780,724,260.0,456.9433127926512,0.7202799997685361,5024.858409999979,4489.8122977346275
1776009613,381,,Aggregated,329.600000,0.000000,260,370,550,670,960,1200,1500,2000,3600,4000,5000,130037,724,260.0,458.63830354560827,0.7202799997685361,5024.858409999979,4489.862077716342
1776009614,368,,Aggregated,314.600000,0.000000,260,370,550,670,970,1200,1600,2100,3600,4000,5000,130317,724,260.0,460.4040031189351,0.7202799997685361,5024.858409999979,4489.916089228574
1776009615,356,,Aggregated,310.400000,0.000000,260,370,550,670,970,1200,1600,2200,3600,4000,5000,130575,724,260.0,461.4438297661898,0.7202799997685361,5024.858409999979,4489.965651924182
1776009616,343,,Aggregated,309.700000,0.000000,260,370,550,670,970,1200,1600,2300,3600,4000,5000,130855,724,260.0,462.8211318752837,0.7202799997685361,5024.858409999979,4490.019219747048
1776009617,330,,Aggregated,305.200000,0.000000,260,380,550,670,970,1200,1600,2300,3600,4000,5000,131101,724,260.0,463.92542269296354,0.7202799997685361,5024.858409999979,4490.066094080136
1776009618,317,,Aggregated,301.000000,0.000000,260,380,550,670,970,1300,1600,2300,3600,4000,5000,131356,724,260.0,464.9059211813712,0.7202799997685361,5024.858409999979,4490.1144980054205
1776009619,303,,Aggregated,293.800000,0.000000,260,380,550,670,970,1300,1600,2300,3600,4000,5000,131613,724,260.0,465.9674871083413,0.7202799997685361,5024.858409999979,4490.163091791845
1776009619,290,,Aggregated,293.800000,0.000000,260,380,560,680,980,1300,1600,2300,3600,4000,5000,131872,724,260.0,466.72920874355486,0.7202799997685361,5024.858409999979,4490.211872118418
1776009620,277,,Aggregated,290.000000,0.000000,260,380,560,680,980,1300,1700,2300,3600,4000,5000,132122,724,260.0,467.498749723892,0.7202799997685361,5024.858409999979,4490.258775979776
1776009621,264,,Aggregated,288.200000,0.000000,270,380,560,680,980,1300,1700,2300,3600,4000,5000,132365,724,270.0,468.03734860552294,0.7202799997685361,5024.858409999979,4490.304196728743
1776009622,251,,Aggregated,285.900000,0.000000,270,380,560,680,980,1300,1700,2300,3600,4000,5000,132617,724,270.0,468.7323230657456,0.7202799997685361,5024.858409999979,4490.351123913224
1776009623,238,,Aggregated,283.300000,0.000000,270,380,560,680,980,1300,1700,2300,3600,4000,5000,132878,724,270.0,469.17702590677135,0.7202799997685361,5024.858409999979,4490.399539427143
1776009631,226,,Aggregated,163.100000,0.800000,270,380,560,680,990,1300,1700,2300,3600,4000,5000,133112,733,270.0,469.44877221212187,0.7202799997685361,5024.858409999979,4490.137515776189
1776009625,213,,Aggregated,285.700000,0.000000,270,380,560,680,990,1300,1700,2300,3600,4000,5000,133282,733,270.0,469.88071429420313,0.7202799997685361,5024.858409999979,4490.169227652646
1776009626,201,,Aggregated,284.400000,0.000000,270,380,560,680,990,1300,1700,2300,3600,4000,5000,133496,733,270.0,470.3328934698416,0.7202799997685361,5024.858409999979,4490.209032480374
1776009627,189,,Aggregated,276.500000,0.800000,270,380,560,680,990,1300,1700,2300,3600,4000,5000,133670,733,270.0,470.60257544146015,0.7202799997685361,5024.858409999979,4490.241303209396
1776009628,177,,Aggregated,270.100000,0.800000,270,380,560,690,990,1300,1700,2300,3600,4000,5000,133859,733,270.0,471.0834657942308,0.7202799997685361,5024.858409999979,4490.2762608416315
1776009629,166,,Aggregated,260.900000,0.800000,270,380,570,690,990,1300,1700,2300,3600,4000,5000,134064,733,270.0,471.28017722348915,0.7202799997685361,5024.858409999979,4490.31406641604
1776009629,155,,Aggregated,260.900000,0.800000,270,380,570,690,990,1300,1700,2300,3600,4000,5000,134268,733,270.0,471.30519445735274,0.7202799997685361,5024.858409999979,4490.351572973456
1776009630,145,,Aggregated,255.100000,0.800000,270,380,570,690,990,1300,1700,2300,3600,4000,5000,134442,733,270.0,471.31248170184784,0.7202799997685361,5024.858409999979,4490.383473914402
1776009631,135,,Aggregated,248.800000,0.800000,270,380,570,690,990,1300,1700,2300,3600,4000,5000,134616,733,270.0,471.32803454046956,0.7202799997685361,5024.858409999979,4490.415292387235
1776009632,125,,Aggregated,242.700000,0.800000,270,390,570,690,990,1300,1700,2300,3600,4000,5000,134786,733,270.0,471.3632305689747,0.7202799997685361,5024.858409999979,4490.4463000608375
1776009633,116,,Aggregated,234.100000,0.800000,270,390,570,690,990,1300,1700,2300,3600,4000,5000,134919,733,270.0,471.32152239261956,0.7202799997685361,5024.858409999979,4490.4705045249375
1776009641,107,,Aggregated,111.100000,0.100000,270,390,570,690,990,1300,1700,2300,3600,4000,5000,135079,733,270.0,471.34391767891265,0.7202799997685361,5024.858409999979,4490.499559517023
1776009635,99,,Aggregated,214.400000,0.900000,270,390,570,690,990,1300,1700,2300,3600,4000,5000,135224,733,270.0,471.2170890419588,0.7202799997685361,5024.858409999979,4490.525831213394
1776009636,91,,Aggregated,203.200000,0.900000,270,390,570,680,990,1300,1700,2300,3600,4000,5000,135366,733,270.0,471.1347754355584,0.7202799997685361,5024.858409999979,4490.551504809184
1776009637,84,,Aggregated,196.500000,0.100000,270,390,570,680,990,1300,1700,2300,3600,4000,5000,135514,733,270.0,470.9094022381435,0.7202799997685361,5024.858409999979,4490.578205941822
1776009638,78,,Aggregated,188.500000,0.100000,270,390,570,680,990,1300,1700,2300,3600,4000,5000,135652,733,270.0,470.6779872924083,0.7202799997685361,5024.858409999979,4490.603050452629
1776009639,72,,Aggregated,183.700000,0.100000,270,390,570,680,990,1300,1700,2300,3600,4000,5000,135783,733,270.0,470.4954397247799,0.7202799997685361,5024.858409999979,4490.626588011754
1776009639,67,,Aggregated,183.700000,0.100000,270,380,560,680,990,1300,1700,2300,3600,4000,5000,135896,733,270.0,470.32230533216455,0.7202799997685361,5024.858409999979,4490.646854947901
1776009640,63,,Aggregated,180.600000,0.100000,270,380,560,680,990,1300,1700,2300,3600,4000,5000,136010,733,270.0,470.13750397294206,0.7202799997685361,5024.858409999979,4490.667267112713
1776009641,59,,Aggregated,172.900000,0.100000,270,380,560,680,990,1300,1700,2300,3600,4000,5000,136123,733,270.0,469.9566720458695,0.7202799997685361,5024.858409999979,4490.687466482519
1776009642,56,,Aggregated,164.500000,0.100000,270,380,560,680,990,1300,1700,2300,3600,4000,5000,136231,733,270.0,469.78589012295214,0.7202799997685361,5024.858409999979,4490.706740756509
1776009643,53,,Aggregated,158.700000,0.100000,270,380,560,680,990,1300,1700,2300,3600,4000,5000,136326,733,270.0,469.63343280195943,0.7202799997685361,5024.858409999979,4490.723669732846
1776009651,51,,Aggregated,72.300000,0.000000,270,380,560,680,990,1300,1700,2300,3600,4000,5000,136424,733,270.0,469.4758395231771,0.7202799997685361,5024.858409999979,4490.741108602592
1776009645,50,,Aggregated,146.200000,0.000000,270,380,560,680,990,1300,1700,2300,3600,4000,5000,136515,733,270.0,469.3253733009556,0.7202799997685361,5024.858409999979,4490.757279419844
1776009646,50,,Aggregated,142.400000,0.000000,270,380,560,680,990,1300,1700,2300,3600,4000,5000,136607,733,270.0,469.1658916442051,0.7202799997685361,5024.858409999979,4490.773606037758
1776009647,50,,Aggregated,135.600000,0.000000,270,380,560,680,990,1300,1700,2300,3600,4000,5000,136695,733,270.0,469.0286496665565,0.7202799997685361,5024.858409999979,4490.78920223856
1776009648,51,,Aggregated,131.400000,0.000000,270,380,560,680,990,1300,1700,2300,3600,4000,5000,136793,733,270.0,468.86834726806194,0.7202799997685361,5024.858409999979,4490.806547118639
1776009649,52,,Aggregated,121.700000,0.000000,270,380,560,680,990,1300,1700,2300,3600,4000,5000,136886,733,270.0,468.7149048761016,0.7202799997685361,5024.858409999979,4490.82298408895
1776009649,55,,Aggregated,121.700000,0.000000,260,380,560,680,990,1300,1700,2300,3600,4000,5000,136990,734,260.0,468.5379574939049,0.7202799997685361,5024.858409999979,4490.808380173736
1776009650,57,,Aggregated,116.300000,0.000000,260,380,560,680,980,1300,1700,2300,3600,4000,5000,137096,736,260.0,468.3550656688016,0.7202799997685361,5024.858409999979,4490.761218416293
1776009651,61,,Aggregated,113.800000,0.000000,260,380,560,680,980,1300,1700,2300,3600,4000,5000,137207,740,260.0,468.1637253006773,0.7202799997685361,5024.858409999979,4490.649201571348
1776009652,65,,Aggregated,111.200000,0.100000,260,380,560,680,980,1300,1700,2300,3600,4000,5000,137324,744,260.0,467.9697122148353,0.7202799997685361,5024.858409999979,4490.538434650899
1776009653,70,,Aggregated,110.900000,0.300000,260,380,560,680,980,1300,1700,2300,3600,4000,5000,137454,747,260.0,467.77171048110665,0.7202799997685361,5024.858409999979,4490.463027631062
1776009661,76,,Aggregated,73.900000,2.000000,260,380,560,680,980,1300,1700,2300,3600,4000,5000,137591,753,260.0,467.53979595751184,0.7202799997685361,5024.858409999979,4490.290571330974
1776009655,82,,Aggregated,110.300000,1.100000,260,380,560,680,980,1300,1700,2300,3600,4000,5000,137725,764,260.0,467.33949128103126,0.7202799997685361,5024.858409999979,4489.954002541296
1776009656,89,,Aggregated,113.000000,1.400000,260,380,560,680,980,1300,1700,2300,3600,4000,5000,137885,764,260.0,467.1282067259678,0.7202799997685361,5024.858409999979,4489.983065598143
1776009657,96,,Aggregated,117.500000,3.100000,260,380,550,670,980,1300,1700,2300,3600,4000,5000,138063,764,260.0,466.8466101002445,0.7202799997685361,5024.858409999979,4490.015319093457
1776009658,104,,Aggregated,122.900000,3.100000,260,380,550,670,980,1300,1700,2300,3600,4000,5000,138220,764,260.0,466.70558323824366,0.7202799997685361,5024.858409999979,4490.043698451744
1776009659,113,,Aggregated,130.200000,3.100000,260,380,550,670,980,1300,1700,2300,3600,4000,5000,138413,764,260.0,466.4919070038942,0.7202799997685361,5024.858409999979,4490.078496961991
1776009659,122,,Aggregated,130.200000,3.100000,260,380,550,670,980,1300,1700,2300,3600,4000,5000,138625,764,260.0,466.1915987713616,0.7202799997685361,5024.858409999979,4490.11660955816
1776009660,131,,Aggregated,136.600000,3.100000,260,380,550,670,980,1300,1700,2300,3600,4000,5000,138832,764,260.0,465.98104645009806,0.7202799997685361,5024.858409999979,4490.153710960009
1776009661,141,,Aggregated,144.900000,3.100000,260,380,550,670,980,1300,1700,2300,3600,4000,5000,139009,764,260.0,465.8820042590046,0.7202799997685361,5024.858409999979,4490.185347711299
1776009662,152,,Aggregated,156.600000,3.000000,260,380,550,670,980,1300,1700,2300,3600,4000,5000,139165,764,260.0,466.05313186656093,0.7202799997685361,5024.858409999979,4490.213164229512
1776009663,162,,Aggregated,166.700000,2.800000,260,380,550,670,980,1300,1700,2300,3600,4000,5000,139347,764,260.0,466.28054113673005,0.7202799997685361,5024.858409999979,4490.245538117075
1776009671,173,,Aggregated,121.400000,0.000000,270,380,550,670,980,1300,1700,2300,3600,4000,5000,139518,764,270.0,466.47648739990433,0.7202799997685361,5024.858409999979,4490.275878381284
1776009665,185,,Aggregated,179.800000,2.000000,270,380,560,670,980,1300,1700,2300,3600,4000,5000,139700,764,270.0,466.73423126771553,0.7202799997685361,5024.858409999979,4490.3080887616325
1776009666,197,,Aggregated,185.200000,1.700000,270,380,560,670,980,1300,1700,2300,3600,4000,5000,139931,764,270.0,467.0299027379914,0.7202799997685361,5024.858409999979,4490.348850504892
1776009667,209,,Aggregated,190.100000,0.000000,270,380,560,670,980,1300,1700,2300,3600,4000,5000,140160,764,270.0,467.1106095732016,0.7202799997685361,5024.858409999979,4490.389126712329
1776009668,221,,Aggregated,197.100000,0.000000,270,380,560,680,980,1300,1700,2300,3600,4000,5000,140394,764,270.0,467.55201884361105,0.7202799997685361,5024.858409999979,4490.430146587461
1776009669,234,,Aggregated,209.400000,0.000000,270,390,560,680,980,1300,1700,2300,3600,4000,5000,140683,764,270.0,467.6914657405653,0.7202799997685361,5024.858409999979,4490.480619548915
1776009669,247,,Aggregated,209.400000,0.000000,270,390,560,680,980,1300,1600,2300,3600,4000,5000,140941,764,270.0,467.9403149822263,0.7202799997685361,5024.858409999979,4490.525503579512
1776009670,260,,Aggregated,212.200000,0.000000,270,390,560,680,980,1300,1600,2200,3600,4000,5000,141229,764,270.0,468.1544886634473,0.7202799997685361,5024.858409999979,4490.575412981753
1776009672,273,,Aggregated,220.800000,0.000000,270,390,570,680,980,1300,1600,2200,3600,4000,5000,141486,764,270.0,468.6602925272466,0.7202799997685361,5024.858409999979,4490.619778635342
1776009673,286,,Aggregated,232.300000,0.000000,270,390,570,680,980,1300,1600,2200,3600,4000,5000,141773,765,270.0,469.10574172077935,0.7202799997685361,5024.858409999979,4490.637286366234
1776009674,299,,Aggregated,247.300000,0.000000,270,390,570,680,970,1300,1600,2200,3600,4000,5000,142029,766,270.0,469.6987235782136,0.7202799997685361,5024.858409999979,4490.649409627611
1776009681,312,,Aggregated,175.100000,1.400000,270,400,580,680,970,1300,1600,2200,3600,4000,5000,142296,781,270.0,470.3605426909402,0.7202799997685361,5024.858409999979,4490.2191558441555
1776009675,325,,Aggregated,260.800000,0.100000,270,400,580,690,980,1300,1600,2200,3600,4000,5000,142607,806,270.0,471.0113454150216,0.7202799997685361,5024.858409999979,4489.481687434698
1776009676,338,,Aggregated,268.400000,0.200000,270,400,580,690,970,1300,1600,2200,3600,4000,5000,142926,839,270.0,471.6085958049617,0.7202799997685361,5024.858409999979,4488.496179841317
1776009677,351,,Aggregated,280.900000,2.800000,270,400,590,690,970,1300,1600,2200,3600,4000,5000,143266,874,270.0,472.2863774239517,0.7202799997685361,5024.858409999979,4487.456060754122
1776009678,364,,Aggregated,291.900000,5.700000,270,400,590,690,970,1300,1600,2200,3600,4000,5000,143554,917,270.0,472.9074491268085,0.7202799997685361,5024.858409999979,4486.158901876645
1776009679,377,,Aggregated,296.200000,8.800000,270,410,590,700,980,1300,1600,2200,3600,4000,5000,143828,956,270.0,473.8835889033422,0.7202799997685361,5024.858409999979,4484.989570876324
1776009680,389,,Aggregated,310.100000,13.000000,270,410,600,700,980,1300,1600,2200,3600,4000,5000,144121,995,270.0,474.96233458052563,0.7202799997685361,5024.858409999979,4483.8287966361595
1776009681,401,,Aggregated,310.600000,17.200000,270,410,600,700,990,1300,1600,2200,3600,4000,5000,144403,1028,270.0,476.1181306704837,0.7202799997685361,5024.858409999979,4482.85786998885
1776009682,413,,Aggregated,311.400000,22.100000,270,410,600,710,990,1300,1600,2200,3600,4000,5000,144655,1042,270.0,477.29213862797656,0.7202799997685361,5024.858409999979,4482.476893297847
1776009683,424,,Aggregated,310.500000,25.500000,270,410,600,710,1000,1300,1700,2200,3600,4000,5000,144899,1042,270.0,478.59057850357885,0.7202799997685361,5024.858409999979,4482.531659983851
1776009684,436,,Aggregated,314.100000,27.200000,270,410,610,710,1000,1300,1700,2200,3600,4000,5000,145274,1042,270.0,480.44455053017106,0.7202799997685361,5024.858409999979,4482.6154714539425
1776009691,447,,Aggregated,195.200000,10.600000,270,420,610,710,1000,1300,1700,2200,3600,4000,5000,145596,1042,270.0,481.3546490903597,0.7202799997685361,5024.858409999979,4482.687093052007
1776009685,457,,Aggregated,309.700000,27.100000,270,420,610,720,1000,1300,1700,2200,3600,4000,5000,145935,1042,270.0,482.68232191619575,0.7202799997685361,5024.858409999979,4482.762154383801
1776009686,467,,Aggregated,321.200000,27.000000,270,420,610,720,1000,1300,1700,2200,3600,4000,5000,146333,1042,270.0,484.1293263361656,0.7202799997685361,5024.858409999979,4482.849835648828
1776009687,476,,Aggregated,323.300000,24.400000,270,420,620,720,1000,1300,1700,2200,3600,4000,5000,146709,1042,270.0,485.1403823144464,0.7202799997685361,5024.858409999979,4482.932233196328
1776009688,485,,Aggregated,330.000000,21.500000,270,420,620,730,1000,1300,1700,2200,3600,4000,5000,147062,1042,270.0,486.0860187864311,0.7202799997685361,5024.858409999979,4483.009207001129
1776009689,494,,Aggregated,341.200000,19.000000,270,420,620,730,1000,1300,1700,2300,3600,4000,5100,147429,1043,270.0,487.25098050770305,0.7202799997685361,5118.704689999959,4483.058217854018
1776009690,502,,Aggregated,345.000000,14.800000,270,420,620,730,1000,1300,1700,2300,3600,4000,5100,147904,1044,270.0,488.9723589130787,0.7202799997685361,5118.704689999959,4483.130273691043
1776009691,509,,Aggregated,352.400000,10.700000,270,430,620,730,1000,1300,1700,2300,3600,4000,5100,148384,1049,270.0,490.00034518202773,0.7202799997685361,5118.704689999959,4483.081228434333
1776009692,516,,Aggregated,363.900000,5.900000,270,430,630,740,1000,1300,1800,2300,3600,4000,5100,148831,1053,270.0,490.931310600211,0.7202799997685361,5118.704689999959,4483.0557477944785
1776009693,523,,Aggregated,384.800000,3.000000,270,430,630,740,1100,1300,1800,2300,3600,4000,5100,149243,1059,270.0,492.08576005641714,0.7202799997685361,5118.704689999959,4482.962416997782
1776009694,528,,Aggregated,404.300000,1.700000,270,430,630,740,1100,1300,1800,2300,3600,4000,5100,149770,1067,270.0,493.43895315730646,0.7202799997685361,5118.704689999959,4482.833978767443
1776009701,533,,Aggregated,302.100000,2.900000,270,430,630,740,1100,1300,1700,2300,3600,4000,5100,150262,1075,270.0,494.14570271425947,0.7202799997685361,5118.704689999959,4482.698919221094
1776009695,538,,Aggregated,418.700000,2.300000,270,430,640,750,1100,1300,1700,2300,3600,4000,5100,150797,1078,270.0,494.98047614853135,0.7202799997685361,5118.704689999959,4482.723694768463
1776009696,541,,Aggregated,436.200000,3.100000,270,430,640,750,1100,1300,1700,2300,3600,4000,5100,151325,1079,270.0,495.8097800081945,0.7202799997685361,5118.704689999959,4482.80647612754
1776009697,544,,Aggregated,463.400000,3.800000,270,430,640,750,1100,1300,1700,2300,3600,4000,5100,151801,1083,270.0,496.5261262138592,0.7202799997685361,5118.704689999959,4482.788453303997
1776009698,547,,Aggregated,478.400000,4.000000,270,440,640,750,1100,1300,1700,2300,3600,4000,5100,152286,1085,270.0,497.4641073201734,0.7202799997685361,5118.704689999959,4482.831744218116
1776009699,548,,Aggregated,498.200000,3.700000,270,440,650,760,1100,1300,1800,2300,3600,4000,5100,152749,1086,270.0,498.3600129873844,0.7202799997685361,5118.704689999959,4482.89969165101
1776009700,549,,Aggregated,508.200000,3.900000,270,440,650,760,1100,1300,1800,2300,3600,4000,5100,153163,1086,270.0,499.5240744290069,0.7202799997685361,5118.704689999959,4482.986458870615
1776009701,549,,Aggregated,520.100000,4.000000,270,440,650,760,1100,1300,1800,2400,3600,4000,5100,153644,1086,270.0,501.1803987362341,0.7202799997685361,5118.704689999959,4483.086680898701
1776009702,549,,Aggregated,524.900000,3.900000,270,440,650,760,1100,1400,1800,2400,3600,4100,5300,154169,1086,270.0,502.5013566574332,0.7202799997685361,5267.78043000013,4483.195357043245
1776009703,548,,Aggregated,524.200000,3.400000,270,440,650,760,1100,1400,1800,2400,3600,4100,5300,154635,1086,270.0,503.3067424865002,0.7202799997685361,5267.78043000013,4483.29120186245
1776009704,546,,Aggregated,535.200000,3.300000,270,440,650,770,1100,1400,1800,2300,3600,4100,5300,155121,1086,270.0,504.3210402522545,0.7202799997685361,5267.78043000013,4483.390546734485
1776009711,544,,Aggregated,316.200000,0.300000,270,440,660,770,1100,1400,1800,2300,3600,4100,5300,155648,1086,270.0,505.50365529226195,0.7202799997685361,5267.78043000013,4483.497571443257
1776009705,541,,Aggregated,544.000000,2.700000,270,440,660,770,1100,1400,1800,2300,3600,4100,5300,156183,1086,270.0,506.16931329197166,0.7202799997685361,5267.78043000013,4483.6054820306945
1776009706,537,,Aggregated,539.200000,1.900000,280,450,660,780,1100,1400,1800,2300,3600,4100,5300,156663,1086,280.0,506.9368664984072,0.7202799997685361,5267.78043000013,4483.701671741253
1776009707,532,,Aggregated,534.500000,1.200000,280,450,660,780,1100,1400,1800,2300,3600,4100,5300,157171,1086,280.0,507.92679333922894,0.7202799997685361,5267.78043000013,4483.802832583619
1776009708,527,,Aggregated,532.700000,1.000000,280,450,670,780,1100,1400,1800,2300,3600,4100,5300,157723,1086,280.0,508.67063263956373,0.7202799997685361,5267.78043000013,4483.912016636762
1776009709,521,,Aggregated,521.700000,0.700000,280,450,670,780,1100,1400,1800,2300,3600,4100,5300,158298,1086,280.0,509.11192531491145,0.7202799997685361,5267.78043000013,4484.024940302467
1776009710,515,,Aggregated,531.000000,0.500000,280,450,670,780,1100,1400,1800,2300,3600,4100,5300,158804,1086,280.0,509.53025094172693,0.7202799997685361,5267.78043000013,4484.123636684215
1776009711,508,,Aggregated,538.800000,0.300000,280,450,670,790,1100,1400,1800,2300,3600,4100,5300,159270,1086,280.0,510.1821364110615,0.7202799997685361,5267.78043000013,4484.213976266717
1776009712,501,,Aggregated,553.500000,0.300000,280,460,670,790,1100,1400,1800,2300,3600,4100,5300,159688,1086,280.0,510.9328268665129,0.7202799997685361,5267.78043000013,4484.2945618956965
1776009713,493,,Aggregated,551.800000,0.300000,280,460,680,790,1100,1400,1800,2300,3600,4000,5300,160151,1086,280.0,512.1411920069794,0.7202799997685361,5267.78043000013,4484.3833319804435
1776009714,484,,Aggregated,549.200000,0.000000,280,460,680,800,1100,1400,1700,2300,3600,4000,5300,160606,1086,280.0,512.8153133511184,0.7202799997685361,5267.78043000013,4484.470069611347
1776009721,475,,Aggregated,320.800000,0.000000,280,460,680,800,1100,1400,1700,2300,3600,4000,5300,161043,1086,280.0,513.5281074979325,0.7202799997685361,5267.78043000013,4484.552914439001
1776009715,465,,Aggregated,544.900000,0.000000,280,460,680,800,1100,1400,1700,2300,3600,4000,5300,161388,1086,280.0,514.2260522322564,0.7202799997685361,5267.78043000013,4484.618001338389
1776009716,455,,Aggregated,543.300000,0.000000,280,460,690,800,1100,1400,1700,2300,3600,4000,5300,161790,1086,280.0,515.3986890744751,0.7202799997685361,5267.78043000013,4484.693491563137
1776009717,445,,Aggregated,532.800000,0.000000,280,470,690,810,1100,1400,1700,2300,3600,4000,5300,162178,1086,280.0,516.2312916931969,0.7202799997685361,5267.78043000013,4484.76599785421
1776009718,434,,Aggregated,516.600000,0.000000,280,470,690,810,1100,1400,1700,2300,3600,4000,5300,162580,1086,280.0,516.9899169769905,0.7202799997685361,5267.78043000013,4484.840755320458
1776009719,422,,Aggregated,514.100000,0.000000,280,470,690,810,1100,1400,1700,2300,3600,4000,5300,162926,1086,280.0,517.6300887182465,0.7202799997685361,5267.78043000013,4484.904803407682
1776009720,411,,Aggregated,500.000000,0.000000,280,470,690,820,1100,1400,1700,2300,3600,4000,5300,163291,1086,280.0,518.5475671991655,0.7202799997685361,5267.78043000013,4484.972074394792
1776009721,399,,Aggregated,482.300000,0.000000,280,470,700,820,1100,1400,1700,2300,3600,4000,5300,163626,1086,280.0,519.2753272512251,0.7202799997685361,5267.78043000013,4485.033552124968
1776009722,387,,Aggregated,460.000000,0.000000,280,470,700,820,1200,1400,1700,2300,3600,4000,5300,163907,1086,280.0,520.0210204907595,0.7202799997685361,5267.78043000013,4485.084926208155
1776009723,374,,Aggregated,446.500000,0.000000,280,480,700,820,1200,1400,1700,2300,3600,4000,5300,164108,1086,280.0,520.7437096827631,0.7202799997685361,5267.78043000013,4485.121566285617
1776009724,362,,Aggregated,428.000000,0.000000,280,480,700,820,1200,1400,1800,2300,3600,4000,5300,164300,1086,280.0,521.8186598326165,0.7202799997685361,5267.78043000013,4485.156482045039
1776009724,349,,Aggregated,428.000000,0.000000,280,480,700,830,1200,1400,1800,2300,3600,4000,5300,164485,1086,280.0,523.0328593925212,0.7202799997685361,5267.78043000013,4485.190047724716
1776009725,336,,Aggregated,405.300000,0.000000,280,480,700,830,1200,1400,1800,2300,3600,4000,5300,164751,1086,280.0,524.4614696593582,0.7202799997685361,5267.78043000013,4485.23817761349
1776009726,323,,Aggregated,377.900000,0.000000,280,480,710,830,1200,1400,1800,2300,3600,4000,5300,165032,1086,280.0,525.2089599952661,0.7202799997685361,5267.78043000013,4485.28885307092
1776009727,310,,Aggregated,354.200000,0.000000,280,480,710,830,1200,1400,1800,2300,3600,4000,5300,165263,1086,280.0,525.7803466595593,0.7202799997685361,5267.78043000013,4485.330382481257
1776009728,300,,Aggregated,343.600000,0.000000,280,490,710,830,1200,1400,1800,2300,3600,4000,5300,165488,1086,280.0,526.4237940146035,0.7202799997685361,5267.78043000013,4485.370721744175
1776009729,290,,Aggregated,327.200000,0.000000,280,490,710,840,1200,1400,1800,2300,3600,4000,5300,165724,1086,280.0,527.1711801722662,0.7202799997685361,5267.78043000013,4485.412915449784
1776009730,280,,Aggregated,309.200000,0.000000,280,490,710,840,1200,1400,1800,2300,3600,4000,5300,165933,1086,280.0,527.7020567456664,0.7202799997685361,5267.78043000013,4485.450181699843
1776009731,270,,Aggregated,294.100000,0.000000,280,490,720,840,1200,1400,1800,2300,3600,4000,5300,166185,1089,280.0,528.3037488436897,0.7202799997685361,5267.78043000013,4485.413484971567
1776009732,260,,Aggregated,276.900000,0.000000,280,490,720,840,1200,1400,1800,2300,3600,4000,5300,166416,1089,280.0,528.6423221223234,0.7202799997685361,5267.78043000013,4485.454553648688
1776009733,250,,Aggregated,268.500000,0.300000,280,490,720,840,1200,1400,1800,2300,3600,4000,5300,166638,1089,280.0,529.0850788846392,0.7202799997685361,5267.78043000013,4485.493914953372
1776009734,240,,Aggregated,255.300000,0.300000,280,500,720,840,1200,1400,1800,2300,3600,4000,5300,166886,1089,280.0,529.4447460982855,0.7202799997685361,5267.78043000013,4485.537762304807
1776009734,230,,Aggregated,255.300000,0.300000,280,500,720,840,1200,1400,1800,2300,3600,4000,5300,167136,1089,280.0,529.6347081736334,0.7202799997685361,5267.78043000013,4485.58183156232
1776009735,220,,Aggregated,254.300000,0.300000,280,500,720,840,1200,1400,1800,2300,3600,4000,5300,167370,1089,280.0,529.7826225196777,0.7202799997685361,5267.78043000013,4485.622961104141
1776009736,210,,Aggregated,259.500000,0.300000,280,500,720,840,1200,1400,1800,2300,3600,4000,5300,167571,1089,280.0,529.9607323306448,0.7202799997685361,5267.78043000013,4485.658198614318
1776009737,200,,Aggregated,266.100000,0.300000,280,500,720,840,1200,1400,1800,2300,3600,4000,5300,167772,1089,280.0,530.1427294735021,0.7202799997685361,5267.78043000013,4485.6933516915815
1776009738,190,,Aggregated,263.600000,0.300000,280,500,720,850,1200,1400,1800,2300,3600,4000,5300,167953,1089,280.0,530.3833956286485,0.7202799997685361,5267.78043000013,4485.72493495204
1776009739,180,,Aggregated,253.900000,0.300000,280,500,720,840,1200,1400,1800,2300,3600,4000,5300,168185,1089,280.0,530.4864229321188,0.7202799997685361,5267.78043000013,4485.7653179534445
1776009740,170,,Aggregated,250.600000,0.300000,280,500,720,840,1200,1400,1800,2300,3600,4000,5300,168418,1089,280.0,530.3839680466957,0.7202799997685361,5267.78043000013,4485.805763041955
1776009741,160,,Aggregated,247.400000,0.300000,280,500,720,840,1200,1400,1800,2300,3600,4000,5300,168670,1089,280.0,530.0992613002212,0.7202799997685361,5267.78043000013,4485.849380447026
1776009742,150,,Aggregated,247.000000,0.300000,280,500,720,840,1200,1400,1800,2300,3600,4000,5300,168874,1089,280.0,529.9431517254774,0.7202799997685361,5267.78043000013,4485.884594431352
1776009743,140,,Aggregated,247.900000,0.000000,280,500,720,840,1200,1400,1800,2300,3600,4000,5300,169095,1089,280.0,529.7957760904712,0.7202799997685361,5267.78043000013,4485.922647032733
1776009744,130,,Aggregated,245.000000,0.000000,280,500,720,840,1200,1400,1800,2300,3600,4000,5300,169319,1089,280.0,529.4553411956613,0.7202799997685361,5267.78043000013,4485.961114818774
1776009744,120,,Aggregated,245.000000,0.000000,280,500,720,840,1200,1400,1800,2300,3600,4000,5300,169535,1089,280.0,529.1048900263559,0.7202799997685361,5267.78043000013,4485.998112484148
1776009745,110,,Aggregated,245.800000,0.000000,280,500,720,840,1200,1400,1800,2300,3600,4000,5300,169733,1089,280.0,528.7875654056562,0.7202799997685361,5267.78043000013,4486.031944288971
1776009746,100,,Aggregated,243.300000,0.000000,280,500,720,840,1200,1400,1800,2300,3600,4000,5300,169920,1089,280.0,528.4719771223411,0.7202799997685361,5267.78043000013,4486.063824152542
1776009747,90,,Aggregated,239.300000,0.000000,280,500,720,840,1200,1400,1800,2300,3600,4000,5300,170100,1089,280.0,528.1557520936988,0.7202799997685361,5267.78043000013,4486.094444444445
1776009748,80,,Aggregated,235.300000,0.000000,280,500,720,840,1200,1400,1800,2300,3600,4000,5300,170246,1089,280.0,527.9031564551187,0.7202799997685361,5267.78043000013,4486.11923334469
1776009749,70,,Aggregated,233.200000,0.000000,280,500,720,840,1200,1400,1800,2300,3600,4000,5300,170378,1089,280.0,527.6788358449927,0.7202799997685361,5267.78043000013,4486.141608658395
1776009750,60,,Aggregated,230.900000,0.000000,280,500,710,840,1200,1400,1800,2300,3600,4000,5300,170492,1089,280.0,527.4814144313993,0.7202799997685361,5267.78043000013,4486.1609049104945
1776009751,50,,Aggregated,227.000000,0.000000,280,500,710,840,1200,1400,1800,2300,3600,4000,5300,170589,1089,280.0,527.3124986400543,0.7202799997685361,5267.78043000013,4486.177303343123
1776009752,40,,Aggregated,216.400000,0.000000,280,500,710,840,1200,1400,1800,2300,3600,4000,5300,170665,1089,280.0,527.179230170792,0.7202799997685361,5267.78043000013,4486.190138575572
1776009753,30,,Aggregated,200.800000,0.000000,280,500,710,840,1200,1400,1800,2300,3600,4000,5300,170717,1089,280.0,527.0891736283918,0.7202799997685361,5267.78043000013,4486.1989139921625
1776009754,20,,Aggregated,187.400000,0.000000,280,490,710,840,1200,1400,1800,2300,3600,4000,5300,170758,1089,280.0,527.0189615078538,0.7202799997685361,5267.78043000013,4486.205829302287
1776009754,10,,Aggregated,187.400000,0.000000,280,490,710,840,1200,1400,1800,2300,3600,4000,5300,170776,1089,280.0,526.9883194596321,0.7202799997685361,5267.78043000013,4486.208864243219
1776009755,10,,Aggregated,173.100000,0.000000,280,490,710,840,1200,1400,1800,2300,3600,4000,5300,170794,1089,280.0,526.9574740294047,0.7202799997685361,5267.78043000013,4486.211898544445
1776009756,10,,Aggregated,154.400000,0.000000,280,490,710,840,1200,1400,1800,2300,3600,4000,5300,170814,1089,280.0,526.922736944736,0.7202799997685361,5267.78043000013,4486.215269240226
1776009757,10,,Aggregated,131.400000,0.000000,280,490,710,840,1200,1400,1800,2300,3600,4000,5300,170832,1089,280.0,526.8914973223292,0.7202799997685361,5267.78043000013,4486.218302191627
1776009758,10,,Aggregated,114.300000,0.000000,280,490,710,840,1200,1400,1800,2300,3600,4000,5300,170851,1089,280.0,526.8586862911433,0.7202799997685361,5267.78043000013,4486.221502947013
1776009759,10,,Aggregated,92.100000,0.000000,280,490,710,840,1200,1400,1800,2300,3600,4000,5300,170871,1089,280.0,526.825185338344,0.7202799997685361,5267.78043000013,4486.22487139421
1776009760,10,,Aggregated,76.600000,0.000000,280,490,710,840,1200,1400,1800,2300,3600,4000,5300,170891,1089,280.0,526.790815326367,0.7202799997685361,5267.78043000013,4486.2282390529635
1776009761,10,,Aggregated,63.800000,0.000000,280,490,710,840,1200,1400,1800,2300,3600,4000,5300,170908,1089,280.0,526.7614858088457,0.7202799997685361,5267.78043000013,4486.231100943198
1776009762,10,,Aggregated,49.700000,0.000000,280,490,710,840,1200,1400,1800,2300,3600,4000,5300,170925,1089,280.0,526.7384775741302,0.7202799997685361,5267.78043000013,4486.233962264151
1776009763,10,,Aggregated,41.600000,0.000000,280,490,710,840,1200,1400,1800,2300,3600,4000,5300,170945,1089,280.0,526.7032594766634,0.7202799997685361,5267.78043000013,4486.237327795489
1776009764,10,,Aggregated,29.700000,0.000000,280,490,710,840,1200,1400,1800,2300,3600,4000,5300,170963,1089,280.0,526.6718412740668,0.7202799997685361,5267.78043000013,4486.240356100443
1776009764,10,,Aggregated,29.700000,0.000000,280,490,710,840,1200,1400,1800,2300,3600,4000,5300,170980,1089,280.0,526.6421289448374,0.7202799997685361,5267.78043000013,4486.24321558077
1776009765,10,,Aggregated,25.500000,0.000000,280,490,710,840,1200,1400,1800,2300,3600,4000,5300,170999,1089,280.0,526.6090988286966,0.7202799997685361,5267.78043000013,4486.246410797724
1776009766,10,,Aggregated,22.800000,0.000000,280,490,710,840,1200,1400,1800,2300,3600,4000,5300,171018,1089,280.0,526.5759075315361,0.7202799997685361,5267.78043000013,4486.249605304704
1776009767,10,,Aggregated,21.000000,0.000000,280,490,710,840,1200,1400,1800,2300,3600,4000,5300,171036,1089,280.0,526.5446070927071,0.7202799997685361,5267.78043000013,4486.252631025048
1776009768,10,,Aggregated,21.200000,0.000000,280,490,710,840,1200,1400,1800,2300,3600,4000,5300,171053,1089,280.0,526.5151023711845,0.7202799997685361,5267.78043000013,4486.255488065102
1776009776,10,,Aggregated,12.500000,0.000000,280,490,710,840,1200,1400,1800,2300,3600,4000,5300,171073,1089,280.0,526.4804845188793,0.7202799997685361,5267.78043000013,4486.258848561725
1776009770,10,,Aggregated,19.700000,0.000000,280,490,710,840,1200,1400,1800,2300,3600,4000,5300,171091,1089,280.0,526.4490961242161,0.7202799997685361,5267.78043000013,4486.261872336943
1776009771,10,,Aggregated,19.600000,0.000000,280,490,710,840,1200,1400,1800,2300,3600,4000,5300,171110,1089,280.0,526.4158616279484,0.7202799997685361,5267.78043000013,4486.265063409503
1776009772,10,,Aggregated,19.500000,0.000000,280,490,710,840,1200,1400,1800,2300,3600,4000,5300,171127,1089,280.0,526.3863977643404,0.7202799997685361,5267.78043000013,4486.267917979045
1776009773,10,,Aggregated,19.900000,0.000000,280,490,710,840,1200,1400,1800,2300,3600,4000,5300,171149,1089,280.0,526.3479307526089,0.7202799997685361,5267.78043000013,4486.271611286073
1776009774,10,,Aggregated,20.200000,0.000000,280,490,710,840,1200,1400,1800,2300,3600,4000,5300,171166,1089,280.0,526.3180098084216,0.7202799997685361,5267.78043000013,4486.274464554876
1776009774,10,,Aggregated,20.200000,0.000000,280,490,710,840,1200,1400,1800,2300,3600,4000,5300,171183,1089,280.0,526.2885832774183,0.7202799997685361,5267.78043000013,4486.2773172569705
1776009775,10,,Aggregated,20.300000,0.000000,280,490,710,840,1200,1400,1800,2300,3600,4000,5300,171203,1089,280.0,526.2536903369585,0.7202799997685361,5267.78043000013,4486.280672651765
1776009777,10,,Aggregated,20.500000,0.000000,280,490,710,840,1200,1400,1800,2300,3600,4000,5300,171225,1089,280.0,526.2153758397333,0.7202799997685361,5267.78043000013,4486.284362680683
1776009778,10,,Aggregated,20.400000,0.000000,280,490,710,840,1200,1400,1800,2300,3600,4000,5300,171245,1089,280.0,526.1806994737268,0.7202799997685361,5267.78043000013,4486.287716429677
1776009779,10,,Aggregated,20.400000,0.000000,280,490,710,840,1200,1400,1800,2300,3600,4000,5300,171261,1089,280.0,526.1528061579597,0.7202799997685361,5267.78043000013,4486.29039886489
1776009786,10,,Aggregated,20.600000,0.000000,280,490,710,840,1200,1400,1800,2300,3600,4000,5300,171280,1089,280.0,526.1197128190001,0.7202799997685361,5267.78043000013,4486.293583605791
1776009780,10,,Aggregated,20.900000,0.000000,280,490,710,840,1200,1400,1800,2300,3600,4000,5300,171301,1089,280.0,526.0829528257769,0.7202799997685361,5267.78043000013,4486.297102760638
1776009781,10,,Aggregated,20.800000,0.000000,280,490,710,840,1200,1400,1800,2300,3600,4000,5300,171317,1089,280.0,526.0573898107508,0.7202799997685361,5267.78043000013,4486.29978344239
1776009782,10,,Aggregated,20.500000,0.000000,280,490,710,840,1200,1400,1800,2300,3600,4000,5300,171335,1089,280.0,526.0263962122065,0.7202799997685361,5267.78043000013,4486.302798610908
1776009784,10,,Aggregated,20.400000,0.000000,280,490,710,840,1200,1400,1800,2300,3600,4000,5300,171336,1089,280.0,526.0373458821169,0.7202799997685361,5267.78043000013,4486.302966101695
1776009785,0,,Aggregated,20.400000,0.000000,280,490,710,840,1200,1400,1800,2300,3600,4000,5300,171341,1089,280.0,526.088818670303,0.7202799997685361,5267.78043000013,4486.303803526302
1776009786,0,,Aggregated,20.400000,0.000000,280,490,710,840,1200,1400,1800,2300,3600,4000,5300,171341,1089,280.0,526.088818670303,0.7202799997685361,5267.78043000013,4486.303803526302
1776009787,0,,Aggregated,20.400000,0.000000,280,490,710,840,1200,1400,1800,2300,3600,4000,5300,171341,1089,280.0,526.088818670303,0.7202799997685361,5267.78043000013,4486.303803526302
1776009788,0,,Aggregated,20.400000,0.000000,280,490,710,840,1200,1400,1800,2300,3600,4000,5300,171341,1089,280.0,526.088818670303,0.7202799997685361,5267.78043000013,4486.303803526302
1776009789,0,,Aggregated,20.400000,0.000000,280,490,710,840,1200,1400,1800,2300,3600,4000,5300,171341,1089,280.0,526.088818670303,0.7202799997685361,5267.78043000013,4486.303803526302
1776009796,0,,Aggregated,20.400000,0.000000,280,490,710,840,1200,1400,1800,2300,3600,4000,5300,171341,1089,280.0,526.088818670303,0.7202799997685361,5267.78043000013,4486.303803526302
1776009790,0,,Aggregated,20.400000,0.000000,280,490,710,840,1200,1400,1800,2300,3600,4000,5300,171341,1089,280.0,526.088818670303,0.7202799997685361,5267.78043000013,4486.303803526302
1776009791,0,,Aggregated,20.400000,0.000000,280,490,710,840,1200,1400,1800,2300,3600,4000,5300,171341,1089,280.0,526.088818670303,0.7202799997685361,5267.78043000013,4486.303803526302
1776009792,0,,Aggregated,20.400000,0.000000,280,490,710,840,1200,1400,1800,2300,3600,4000,5300,171341,1089,280.0,526.088818670303,0.7202799997685361,5267.78043000013,4486.303803526302
1776009793,0,,Aggregated,20.400000,0.000000,280,490,710,840,1200,1400,1800,2300,3600,4000,5300,171341,1089,280.0,526.088818670303,0.7202799997685361,5267.78043000013,4486.303803526302
1776009794,0,,Aggregated,20.400000,0.000000,280,490,710,840,1200,1400,1800,2300,3600,4000,5300,171341,1089,280.0,526.088818670303,0.7202799997685361,5267.78043000013,4486.303803526302
1776009795,0,,Aggregated,20.400000,0.000000,280,490,710,840,1200,1400,1800,2300,3600,4000,5300,171341,1089,280.0,526.088818670303,0.7202799997685361,5267.78043000013,4486.303803526302
1776009796,0,,Aggregated,20.400000,0.000000,280,490,710,840,1200,1400,1800,2300,3600,4000,5300,171341,1089,280.0,526.088818670303,0.7202799997685361,5267.78043000013,4486.303803526302
1776009797,0,,Aggregated,20.400000,0.000000,280,490,710,840,1200,1400,1800,2300,3600,4000,5300,171341,1089,280.0,526.088818670303,0.7202799997685361,5267.78043000013,4486.303803526302
1776009798,0,,Aggregated,20.400000,0.000000,280,490,710,840,1200,1400,1800,2300,3600,4000,5300,171341,1089,280.0,526.088818670303,0.7202799997685361,5267.78043000013,4486.303803526302
1776009799,0,,Aggregated,20.400000,0.000000,280,490,710,840,1200,1400,1800,2300,3600,4000,5300,171341,1089,280.0,526.088818670303,0.7202799997685361,5267.78043000013,4486.303803526302
1776009799,0,,Aggregated,20.400000,0.000000,280,490,710,840,1200,1400,1800,2300,3600,4000,5300,171341,1089,280.0,526.088818670303,0.7202799997685361,5267.78043000013,4486.303803526302
1776009800,0,,Aggregated,20.400000,0.000000,280,490,710,840,1200,1400,1800,2300,3600,4000,5300,171341,1089,280.0,526.088818670303,0.7202799997685361,5267.78043000013,4486.303803526302
1776009801,0,,Aggregated,20.400000,0.000000,280,490,710,840,1200,1400,1800,2300,3600,4000,5300,171341,1089,280.0,526.088818670303,0.7202799997685361,5267.78043000013,4486.303803526302
1776009802,0,,Aggregated,20.400000,0.000000,280,490,710,840,1200,1400,1800,2300,3600,4000,5300,171341,1089,280.0,526.088818670303,0.7202799997685361,5267.78043000013,4486.303803526302
1776009803,0,,Aggregated,20.400000,0.000000,280,490,710,840,1200,1400,1800,2300,3600,4000,5300,171341,1089,280.0,526.088818670303,0.7202799997685361,5267.78043000013,4486.303803526302
1776009804,0,,Aggregated,20.400000,0.000000,280,490,710,840,1200,1400,1800,2300,3600,4000,5300,171341,1089,280.0,526.088818670303,0.7202799997685361,5267.78043000013,4486.303803526302
1776009805,0,,Aggregated,20.400000,0.000000,280,490,710,840,1200,1400,1800,2300,3600,4000,5300,171341,1089,280.0,526.088818670303,0.7202799997685361,5267.78043000013,4486.303803526302
1776009806,0,,Aggregated,20.400000,0.000000,280,490,710,840,1200,1400,1800,2300,3600,4000,5300,171341,1089,280.0,526.088818670303,0.7202799997685361,5267.78043000013,4486.303803526302
1776009807,0,,Aggregated,20.400000,0.000000,280,490,710,840,1200,1400,1800,2300,3600,4000,5300,171341,1089,280.0,526.088818670303,0.7202799997685361,5267.78043000013,4486.303803526302
1776009808,0,,Aggregated,20.400000,0.000000,280,490,710,840,1200,1400,1800,2300,3600,4000,5300,171341,1089,280.0,526.088818670303,0.7202799997685361,5267.78043000013,4486.303803526302
1776009809,0,,Aggregated,20.400000,0.000000,280,490,710,840,1200,1400,1800,2300,3600,4000,5300,171341,1089,280.0,526.088818670303,0.7202799997685361,5267.78043000013,4486.303803526302
1776009809,0,,Aggregated,20.400000,0.000000,280,490,710,840,1200,1400,1800,2300,3600,4000,5300,171341,1089,280.0,526.088818670303,0.7202799997685361,5267.78043000013,4486.303803526302
1776009810,0,,Aggregated,20.400000,0.000000,280,490,710,840,1200,1400,1800,2300,3600,4000,5300,171341,1089,280.0,526.088818670303,0.7202799997685361,5267.78043000013,4486.303803526302
1776009811,0,,Aggregated,20.400000,0.000000,280,490,710,840,1200,1400,1800,2300,3600,4000,5300,171341,1089,280.0,526.088818670303,0.7202799997685361,5267.78043000013,4486.303803526302
1776009812,0,,Aggregated,20.400000,0.000000,280,490,710,840,1200,1400,1800,2300,3600,4000,5300,171341,1089,280.0,526.088818670303,0.7202799997685361,5267.78043000013,4486.303803526302
