Timestamp,User Count,Type,Name,Requests/s,Failures/s,50%,66%,75%,80%,90%,95%,98%,99%,99.9%,99.99%,100%,Total Request Count,Total Failure Count,Total Median Response Time,Total Average Response Time,Total Min Response Time,Total Max Response Time,Total Average Content Size
1776355879,0,,Aggregated,0.000000,0.000000,N/A,N/A,N/A,N/A,N/A,N/A,N/A,N/A,N/A,N/A,N/A,0,0,0,0.0,0,0,0
1776355880,40,,Aggregated,0.000000,0.000000,470,520,550,560,580,600,660,660,660,660,660,54,0,470.0,432.58454762952977,199.65101499929006,664.0519730008236,4515.0
1776355881,80,,Aggregated,0.000000,0.000000,370,460,490,540,630,730,750,780,860,860,860,182,0,370.0,379.57251101096233,199.65101499929006,857.3603659997389,4515.0
1776355882,120,,Aggregated,0.000000,0.000000,300,450,520,550,640,740,820,830,860,860,860,348,0,300.0,380.28817917238393,199.13631100007478,857.3603659997389,4515.0
1776355883,160,,Aggregated,31.000000,0.000000,400,470,500,520,630,750,820,840,860,860,860,527,0,400.0,400.4474040094556,199.13631100007478,858.9560430000347,4515.0
1776355884,200,,Aggregated,67.333333,0.000000,440,500,580,600,740,820,1100,1200,2200,2200,2200,732,0,440.0,455.78305284287825,199.13631100007478,2225.0001299998985,4515.0
1776355885,240,,Aggregated,91.500000,0.000000,470,550,610,640,840,1100,1300,1400,2200,2200,2200,942,0,460.0,507.3862825074163,199.13631100007478,2225.0001299998985,4515.0
1776355886,280,,Aggregated,109.000000,0.000000,510,620,720,810,890,1100,1400,1400,2000,2200,2200,1164,0,510.0,565.2803132998235,199.13631100007478,2225.0001299998985,4515.0
1776355887,308,,Aggregated,126.500000,0.000000,580,680,840,880,1000,1200,1600,1900,2200,2500,2500,1365,0,580.0,629.9044049978036,199.13631100007478,2523.1970989998445,4515.0
1776355888,308,,Aggregated,138.000000,0.000000,620,840,900,940,1100,1400,2000,2400,3300,3300,3300,1558,0,620.0,704.0851669377425,199.13631100007478,3330.988568000066,4515.0
1776355889,308,,Aggregated,148.375000,0.000000,670,890,950,1000,1300,1400,2300,2900,3300,3300,3300,1795,0,670.0,772.1379486857985,199.13631100007478,3330.988568000066,4515.0
1776355890,308,,Aggregated,154.888889,0.000000,820,930,1000,1100,1300,1400,2200,2500,3300,3300,3300,1985,0,820.0,809.1404697818721,199.13631100007478,3330.988568000066,4515.0
1776355891,308,,Aggregated,158.700000,0.000000,850,970,1100,1200,1400,1500,2000,2500,3000,3300,3300,2163,0,850.0,848.2262470860019,199.13631100007478,3330.988568000066,4515.0
1776355892,308,,Aggregated,181.100000,0.000000,880,1100,1200,1300,1500,1700,2000,2400,3000,3300,3300,2351,0,880.0,893.9890187788269,199.13631100007478,3330.988568000066,4515.0
1776355893,308,,Aggregated,194.200000,0.000000,910,1100,1200,1300,1600,1700,2000,2400,3000,3300,3300,2542,0,910.0,928.1350561129111,199.13631100007478,3330.988568000066,4515.0
1776355894,308,,Aggregated,198.300000,0.000000,940,1100,1200,1300,1600,1700,1900,2400,3000,3300,3300,2726,0,940.0,952.4633814229743,199.13631100007478,3330.988568000066,4515.0
1776355895,308,,Aggregated,200.000000,0.000000,950,1100,1300,1400,1700,1800,1900,2400,3000,3300,3300,2932,0,950.0,979.6597129642021,199.13631100007478,3330.988568000066,4515.0
1776355896,308,,Aggregated,200.900000,0.000000,950,1100,1300,1400,1700,1700,1900,2400,3000,3300,3300,3147,0,950.0,997.4216266955984,199.13631100007478,3330.988568000066,4515.0
1776355897,308,,Aggregated,198.800000,0.000000,960,1100,1300,1400,1600,1700,1800,2400,3000,3300,3300,3352,0,960.0,1006.3343682926796,199.13631100007478,3330.988568000066,4515.0
1776355898,308,,Aggregated,198.800000,0.000000,980,1200,1300,1400,1600,1700,1800,2300,3000,3300,3300,3550,0,980.0,1019.2578004786071,199.13631100007478,3330.988568000066,4515.0
1776355899,308,,Aggregated,197.700000,0.000000,1000,1200,1300,1400,1600,1700,1800,2300,3000,3300,3300,3716,0,1000.0,1032.764693175743,199.13631100007478,3330.988568000066,4515.0
1776355900,308,,Aggregated,196.100000,0.000000,1000,1200,1400,1500,1600,1700,1800,2200,3000,3300,3300,3946,0,1000.0,1047.8879879310823,199.13631100007478,3330.988568000066,4515.0
1776355901,308,,Aggregated,197.300000,0.000000,1000,1200,1400,1500,1600,1700,1800,2000,3000,3300,3300,4154,0,1000.0,1055.7178184581257,199.13631100007478,3330.988568000066,4515.0
1776355902,308,,Aggregated,192.500000,0.000000,1000,1200,1400,1400,1600,1700,1800,2000,3000,3300,3300,4370,0,1000.0,1059.136636439142,199.13631100007478,3330.988568000066,4515.0
1776355903,308,,Aggregated,195.600000,0.000000,1000,1300,1400,1400,1600,1700,1800,2000,3000,3300,3300,4569,0,1000.0,1061.5603680407198,199.13631100007478,3330.988568000066,4515.0
1776355904,308,,Aggregated,197.600000,0.000000,1000,1300,1400,1400,1600,1700,1800,2000,3000,3300,3300,4761,0,1000.0,1067.0706212799946,199.13631100007478,3330.988568000066,4515.0
1776355905,307,,Aggregated,201.400000,0.000000,1000,1300,1400,1400,1600,1700,1800,2000,3000,3300,3300,4968,0,1000.0,1077.0710885308115,199.13631100007478,3330.988568000066,4515.0
1776355906,307,,Aggregated,202.800000,0.000000,1000,1300,1400,1500,1600,1700,1800,2000,3000,3300,3300,5140,0,1000.0,1084.6913745659685,199.13631100007478,3330.988568000066,4515.0
1776355905,307,,Aggregated,201.400000,0.000000,1000,1300,1400,1500,1600,1700,1800,1900,3000,3300,3300,5343,0,1000.0,1094.1145120177937,199.13631100007478,3330.988568000066,4515.0
1776355906,307,,Aggregated,202.800000,0.000000,1000,1300,1400,1500,1600,1700,1800,1900,3000,3300,3300,5535,0,1000.0,1101.2500315624334,199.13631100007478,3330.988568000066,4515.0
1776355907,307,,Aggregated,207.400000,0.000000,1000,1300,1400,1500,1600,1700,1800,1900,3000,3300,3300,5732,0,1000.0,1106.6609001476027,199.13631100007478,3330.988568000066,4515.0
1776355908,307,,Aggregated,220.400000,0.000000,1100,1300,1400,1500,1600,1700,1800,1900,3000,3300,3300,5911,0,1100.0,1113.8197198008895,199.13631100007478,3330.988568000066,4515.0
1776355909,307,,Aggregated,239.300000,0.000000,1100,1300,1400,1500,1600,1700,1800,1900,2900,3300,3300,6090,0,1100.0,1121.4935049609287,199.13631100007478,3330.988568000066,4515.0
1776355910,307,,Aggregated,243.600000,0.000000,1100,1300,1500,1500,1600,1700,1800,1900,2900,3300,3300,6234,0,1100.0,1128.6948689082549,199.13631100007478,3330.988568000066,4515.0
1776355911,307,,Aggregated,242.200000,0.000000,1100,1300,1500,1600,1700,1700,1900,2000,2900,3300,3300,6431,0,1100.0,1142.7680111500645,199.13631100007478,3330.988568000066,4515.0
1776355912,307,,Aggregated,241.200000,0.000000,1100,1300,1500,1600,1700,1800,1900,2000,2900,3300,3300,6616,0,1100.0,1149.5493902212904,199.13631100007478,3330.988568000066,4515.0
1776355913,307,,Aggregated,237.400000,0.000000,1100,1300,1500,1600,1700,1800,1900,2000,2900,3300,3300,6799,0,1100.0,1156.0199300298652,199.13631100007478,3330.988568000066,4515.0
1776355914,307,,Aggregated,236.400000,0.000000,1100,1400,1500,1600,1700,1800,1900,2000,2900,3300,3300,7002,0,1100.0,1161.9216362083775,199.13631100007478,3330.988568000066,4515.0
1776355915,307,,Aggregated,232.900000,0.000000,1100,1400,1500,1600,1700,1800,1900,2000,2900,3300,3300,7195,0,1100.0,1164.3719750525454,199.13631100007478,3330.988568000066,4515.0
1776355916,307,,Aggregated,231.600000,0.000000,1100,1400,1500,1600,1700,1800,1900,2000,2900,3300,3300,7387,0,1100.0,1166.8301152840195,199.13631100007478,3330.988568000066,4515.0
1776355917,307,,Aggregated,227.800000,0.000000,1100,1400,1500,1600,1700,1800,1900,2000,2900,3300,3300,7578,0,1100.0,1169.1155083581507,199.13631100007478,3330.988568000066,4515.0
1776355918,307,,Aggregated,213.000000,0.000000,1100,1400,1500,1600,1700,1800,1900,2000,2900,3300,3300,7779,0,1100.0,1172.753526517684,199.13631100007478,3330.988568000066,4515.0
1776355919,307,,Aggregated,192.600000,0.000000,1100,1400,1500,1600,1700,1800,1900,2000,2900,3300,3300,7956,0,1100.0,1176.031433587112,199.13631100007478,3330.988568000066,4515.0
1776355920,307,,Aggregated,189.800000,0.000000,1100,1400,1500,1600,1700,1800,1900,2000,2900,3300,3300,8141,0,1100.0,1180.0821271286147,199.13631100007478,3330.988568000066,4515.0
1776355921,307,,Aggregated,187.700000,0.000000,1100,1400,1500,1600,1700,1800,1900,2000,2900,3300,3300,8305,0,1100.0,1184.662502823486,199.13631100007478,3330.988568000066,4515.0
1776355922,307,,Aggregated,190.300000,0.000000,1100,1400,1500,1600,1700,1800,1900,2000,2900,3300,3300,8470,0,1100.0,1192.7587103690726,199.13631100007478,3330.988568000066,4515.0
1776355923,307,,Aggregated,189.700000,0.000000,1100,1400,1500,1600,1700,1800,1900,2000,2900,3300,3300,8606,0,1100.0,1199.6090559543397,199.13631100007478,3330.988568000066,4515.0
1776355924,307,,Aggregated,185.500000,0.000000,1100,1400,1500,1600,1700,1800,2000,2200,2900,3300,3300,8717,0,1100.0,1208.9692505539808,199.13631100007478,3330.988568000066,4515.0
1776355925,307,,Aggregated,182.700000,0.000000,1100,1400,1600,1600,1700,1800,2100,2400,2900,3300,3300,8861,0,1100.0,1223.2465466681008,199.13631100007478,3330.988568000066,4515.0
1776355926,307,,Aggregated,175.600000,0.000000,1200,1500,1600,1600,1700,1900,2300,2500,2900,3300,3300,8997,0,1200.0,1235.1386030432398,199.13631100007478,3330.988568000066,4515.0
1776355927,307,,Aggregated,169.400000,0.000000,1200,1500,1600,1600,1700,1900,2400,2500,2900,3300,3300,9168,0,1200.0,1246.1903620601036,199.13631100007478,3330.988568000066,4515.0
1776355928,283,,Aggregated,164.800000,0.000000,1200,1500,1600,1600,1800,2000,2400,2500,2900,3300,3300,9333,0,1200.0,1251.922042164258,199.13631100007478,3330.988568000066,4515.0
1776355929,283,,Aggregated,159.300000,0.000000,1200,1500,1600,1600,1800,2000,2400,2500,2900,3300,3300,9520,0,1200.0,1253.7418067095605,199.13631100007478,3330.988568000066,4515.0
1776355930,283,,Aggregated,156.300000,0.000000,1200,1500,1600,1600,1800,1900,2300,2400,2900,3300,3300,9726,0,1200.0,1253.0911413483464,199.13631100007478,3330.988568000066,4515.0
1776355931,283,,Aggregated,155.600000,0.000000,1200,1500,1600,1600,1800,1900,2300,2400,2900,3300,3300,9906,0,1200.0,1249.990863616093,199.13631100007478,3330.988568000066,4515.0
1776355932,283,,Aggregated,156.300000,0.000000,1200,1500,1600,1600,1800,1900,2300,2400,2900,3300,3300,10096,0,1200.0,1249.7260046041022,199.13631100007478,3330.988568000066,4515.0
1776355933,283,,Aggregated,158.500000,0.000000,1200,1500,1600,1600,1700,1900,2300,2400,2900,3300,3300,10288,0,1200.0,1249.5978741212107,199.13631100007478,3330.988568000066,4515.0
1776355934,283,,Aggregated,161.500000,0.000000,1200,1500,1600,1600,1700,1900,2300,2400,2900,3300,3300,10484,0,1200.0,1247.9202831121706,199.13631100007478,3330.988568000066,4515.0
1776355935,283,,Aggregated,163.600000,0.000000,1200,1500,1600,1600,1700,1900,2300,2400,2900,3300,3300,10663,0,1200.0,1246.5597988509799,199.13631100007478,3330.988568000066,4515.0
1776355936,283,,Aggregated,172.400000,0.000000,1200,1500,1600,1600,1700,1900,2300,2400,2900,3300,3300,10849,0,1200.0,1245.5489841346662,199.13631100007478,3330.988568000066,4515.0
1776355935,283,,Aggregated,163.600000,0.000000,1200,1500,1600,1600,1700,1900,2300,2400,2900,3300,3300,11060,0,1200.0,1244.9393000282091,199.13631100007478,3330.988568000066,4515.0
1776355936,283,,Aggregated,172.400000,0.000000,1200,1500,1600,1600,1700,1900,2300,2400,2900,3300,3300,11264,0,1200.0,1243.0325994705238,199.13631100007478,3330.988568000066,4515.0
1776355937,283,,Aggregated,176.100000,0.000000,1200,1500,1600,1600,1700,1900,2300,2400,2900,3300,3300,11477,0,1200.0,1239.313412028142,199.13631100007478,3330.988568000066,4515.0
1776355938,283,,Aggregated,200.000000,0.000000,1200,1500,1600,1600,1700,1900,2300,2400,2900,3300,3300,11662,0,1200.0,1236.3370369241113,199.13631100007478,3330.988568000066,4515.0
1776355939,283,,Aggregated,226.400000,0.000000,1200,1500,1600,1600,1700,1900,2300,2400,2900,3300,3300,11867,0,1200.0,1235.100036882698,199.13631100007478,3330.988568000066,4515.0
1776355940,283,,Aggregated,240.100000,0.000000,1200,1500,1600,1600,1700,1900,2300,2400,2900,3300,3300,12041,0,1200.0,1234.3161198953558,199.13631100007478,3330.988568000066,4515.0
1776355941,283,,Aggregated,243.200000,0.000000,1200,1500,1600,1600,1700,1900,2300,2400,2900,3300,3300,12204,0,1200.0,1234.9633060076196,199.13631100007478,3330.988568000066,4515.0
1776355942,283,,Aggregated,240.600000,0.000000,1200,1500,1600,1600,1700,1900,2200,2400,2900,3300,3300,12367,0,1200.0,1238.246599300234,199.13631100007478,3330.988568000066,4515.0
1776355943,283,,Aggregated,237.600000,0.000000,1200,1500,1600,1600,1700,1900,2200,2400,2900,3300,3300,12550,0,1200.0,1240.9595543318735,199.13631100007478,3330.988568000066,4515.0
1776355944,283,,Aggregated,235.400000,0.000000,1200,1500,1600,1600,1700,1900,2200,2400,2900,3300,3300,12746,0,1200.0,1240.7446730992488,199.13631100007478,3330.988568000066,4515.0
1776355945,283,,Aggregated,235.300000,0.000000,1200,1500,1600,1600,1700,1900,2200,2400,2900,3300,3300,12892,0,1200.0,1241.2931758296638,199.13631100007478,3330.988568000066,4515.0
1776355946,283,,Aggregated,234.500000,0.000000,1200,1500,1600,1600,1700,1900,2200,2400,2900,3300,3300,13062,0,1200.0,1243.7327539786422,199.13631100007478,3330.988568000066,4515.0
1776355947,283,,Aggregated,231.800000,0.000000,1200,1500,1600,1600,1700,1900,2200,2400,2900,3300,3300,13230,0,1200.0,1245.6206950267583,199.13631100007478,3330.988568000066,4515.0
1776355948,283,,Aggregated,210.600000,0.000000,1200,1500,1600,1600,1700,1900,2200,2400,2900,3300,3300,13422,0,1200.0,1246.807451372076,199.13631100007478,3330.988568000066,4515.0
1776355949,283,,Aggregated,187.700000,0.000000,1200,1500,1600,1600,1700,1800,2200,2400,2900,3300,3300,13585,0,1200.0,1246.6777181104892,199.13631100007478,3330.988568000066,4515.0
1776355950,283,,Aggregated,174.300000,0.000000,1200,1500,1600,1600,1700,1800,2200,2400,2900,3300,3300,13770,0,1200.0,1247.9743342427732,199.13631100007478,3330.988568000066,4515.0
1776355951,243,,Aggregated,172.400000,0.000000,1200,1500,1600,1600,1700,1800,2200,2400,2900,3300,3300,13925,0,1200.0,1248.43698711878,199.13631100007478,3330.988568000066,4515.0
1776355952,222,,Aggregated,171.700000,0.000000,1200,1500,1600,1600,1700,1800,2200,2400,2900,3300,3300,14104,0,1200.0,1247.110395570407,199.13631100007478,3330.988568000066,4515.0
1776355953,222,,Aggregated,170.900000,0.000000,1200,1500,1600,1600,1700,1800,2200,2400,2900,3300,3300,14293,0,1200.0,1242.948538234242,199.13631100007478,3330.988568000066,4515.0
1776355954,222,,Aggregated,172.800000,0.000000,1200,1500,1600,1600,1700,1800,2200,2400,2900,3300,3300,14496,0,1200.0,1237.4267637471032,199.13631100007478,3330.988568000066,4515.0
1776355955,222,,Aggregated,174.500000,0.000000,1200,1500,1500,1600,1700,1800,2200,2400,2900,3300,3300,14712,0,1200.0,1230.0724452261438,199.13631100007478,3330.988568000066,4515.0
1776355956,222,,Aggregated,174.100000,0.000000,1100,1400,1500,1600,1700,1800,2200,2400,2900,3300,3300,14901,0,1100.0,1224.802634375211,199.13631100007478,3330.988568000066,4515.0
1776355957,222,,Aggregated,180.300000,0.000000,1100,1400,1500,1600,1700,1800,2200,2400,2900,3300,3300,15093,0,1100.0,1219.5382709206915,199.13631100007478,3330.988568000066,4515.0
1776355958,222,,Aggregated,183.800000,0.000000,1100,1400,1500,1600,1700,1800,2200,2400,2900,3300,3300,15284,0,1100.0,1215.5145661865993,199.13631100007478,3330.988568000066,4515.0
1776355959,222,,Aggregated,185.600000,0.000000,1100,1400,1500,1600,1700,1800,2100,2400,2900,3300,3300,15463,0,1100.0,1211.7185568808102,199.13631100007478,3330.988568000066,4515.0
1776355960,222,,Aggregated,185.400000,0.000000,1100,1400,1500,1600,1700,1800,2100,2400,2900,3300,3300,15644,0,1100.0,1208.5406262143945,199.13631100007478,3330.988568000066,4515.0
1776355961,222,,Aggregated,185.500000,0.000000,1100,1400,1500,1600,1700,1800,2100,2400,2900,3300,3300,15845,0,1100.0,1204.0008814110447,199.13631100007478,3330.988568000066,4515.0
1776355962,222,,Aggregated,187.700000,0.000000,1100,1400,1500,1600,1700,1800,2100,2400,2900,3300,3300,16037,0,1100.0,1200.1139526744403,199.13631100007478,3330.988568000066,4515.0
1776355963,222,,Aggregated,191.700000,0.000000,1100,1400,1500,1600,1700,1800,2100,2400,2900,3300,3300,16233,0,1100.0,1195.9869770893247,199.13631100007478,3330.988568000066,4515.0
1776355964,222,,Aggregated,192.500000,0.000000,1100,1400,1500,1600,1700,1800,2100,2400,2900,3300,3300,16440,0,1100.0,1191.2702743132004,199.13631100007478,3330.988568000066,4515.0
1776355965,222,,Aggregated,192.900000,0.000000,1100,1400,1500,1600,1700,1800,2100,2400,2900,3300,3300,16619,0,1100.0,1187.1107724343242,199.13631100007478,3330.988568000066,4515.0
1776355966,222,,Aggregated,193.400000,0.000000,1100,1400,1500,1600,1700,1800,2100,2400,2900,3300,3300,16802,0,1100.0,1184.2340767850878,199.13631100007478,3330.988568000066,4515.0
1776355967,222,,Aggregated,191.100000,0.000000,1100,1400,1500,1600,1700,1800,2100,2400,2900,3300,3300,16973,0,1100.0,1181.7784891844121,199.13631100007478,3330.988568000066,4515.0
1776355965,222,,Aggregated,192.900000,0.000000,1100,1400,1500,1600,1700,1800,2000,2400,2900,3300,3300,17141,0,1100.0,1179.8765511971324,199.13631100007478,3330.988568000066,4515.0
1776355966,222,,Aggregated,193.400000,0.000000,1100,1400,1500,1600,1700,1800,2000,2400,2900,3300,3300,17332,0,1100.0,1177.5387425308134,199.13631100007478,3330.988568000066,4515.0
1776355967,222,,Aggregated,194.000000,0.000000,1100,1400,1500,1600,1700,1800,2000,2400,2900,3300,3300,17508,0,1100.0,1175.1842373907948,199.13631100007478,3330.988568000066,4515.0
1776355968,222,,Aggregated,206.100000,0.000000,1100,1400,1500,1600,1700,1800,2000,2400,2900,3300,3300,17660,0,1100.0,1174.0841608947358,199.13631100007478,3330.988568000066,4515.0
1776355969,222,,Aggregated,221.800000,0.000000,1100,1300,1500,1600,1700,1800,2000,2400,2900,3300,3300,17838,0,1100.0,1172.3010076689116,199.13631100007478,3330.988568000066,4515.0
1776355970,222,,Aggregated,226.100000,0.000000,1100,1300,1500,1600,1700,1800,2000,2400,2900,3300,3300,18019,0,1100.0,1170.098595657197,199.13631100007478,3330.988568000066,4515.0
1776355971,222,,Aggregated,225.600000,0.000000,1100,1300,1500,1600,1700,1800,2000,2400,2900,3300,3300,18205,0,1100.0,1168.059303699534,199.13631100007478,3330.988568000066,4515.0
1776355972,222,,Aggregated,224.300000,0.000000,1100,1300,1500,1500,1700,1800,2000,2400,2900,3300,3300,18379,0,1100.0,1165.7671884680894,199.13631100007478,3330.988568000066,4515.0
1776355973,182,,Aggregated,225.500000,0.000000,1100,1300,1500,1500,1700,1800,2000,2400,2900,3300,3300,18522,0,1100.0,1164.0240717410643,199.13631100007478,3330.988568000066,4515.0
1776355974,142,,Aggregated,226.000000,0.000000,1100,1300,1500,1500,1700,1800,2000,2400,2900,3300,3300,18676,0,1100.0,1161.2294679564673,199.13631100007478,3330.988568000066,4515.0
1776355975,126,,Aggregated,222.700000,0.000000,1100,1300,1500,1500,1700,1800,2000,2400,2900,3300,3300,18847,0,1100.0,1155.3051374799152,199.13631100007478,3330.988568000066,4515.0
1776355976,126,,Aggregated,216.300000,0.000000,1100,1300,1500,1500,1700,1800,2000,2400,2900,3300,3300,19029,0,1100.0,1148.074093464343,199.13631100007478,3330.988568000066,4515.0
1776355977,126,,Aggregated,210.700000,0.000000,1100,1300,1500,1500,1700,1800,2000,2400,2900,3300,3300,19208,0,1100.0,1141.0614081061003,199.13631100007478,3330.988568000066,4515.0
1776355978,126,,Aggregated,195.400000,0.000000,1100,1300,1500,1500,1700,1800,2000,2400,2900,3300,3300,19388,0,1100.0,1134.116518049205,199.13631100007478,3330.988568000066,4515.0
1776355979,126,,Aggregated,178.600000,0.000000,1100,1300,1500,1500,1700,1800,2000,2300,2900,3300,3300,19588,0,1100.0,1126.3930367293754,199.13631100007478,3330.988568000066,4515.0
1776355980,126,,Aggregated,174.400000,0.000000,1100,1300,1500,1500,1700,1800,2000,2300,2900,3300,3300,19787,0,1100.0,1118.1723227789453,199.13631100007478,3330.988568000066,4515.0
1776355981,126,,Aggregated,175.600000,0.000000,1100,1300,1500,1500,1700,1800,2000,2300,2900,3300,3300,19956,0,1100.0,1112.135542444879,199.13631100007478,3330.988568000066,4515.0
1776355982,126,,Aggregated,178.500000,0.000000,1100,1300,1400,1500,1700,1800,2000,2300,2700,3100,3300,20126,0,1100.0,1106.5967394891188,199.13631100007478,3330.988568000066,4515.0
1776355983,126,,Aggregated,176.500000,0.000000,1100,1300,1400,1500,1700,1800,2000,2300,2700,3100,3300,20252,0,1100.0,1103.1957434379317,199.13631100007478,3330.988568000066,4515.0
1776355984,126,,Aggregated,174.400000,0.000000,1100,1200,1400,1500,1700,1800,2000,2300,2700,3100,3300,20377,0,1100.0,1100.8798599743834,199.13631100007478,3330.988568000066,4515.0
1776355985,126,,Aggregated,173.500000,0.000000,1100,1200,1400,1500,1700,1800,2000,2300,2700,3100,3300,20545,0,1100.0,1096.3044224688733,199.13631100007478,3330.988568000066,4515.0
1776355986,126,,Aggregated,171.700000,0.000000,1100,1200,1400,1500,1700,1800,2000,2300,2700,3100,3300,20719,0,1100.0,1090.6336367353153,199.13631100007478,3330.988568000066,4515.0
1776355987,126,,Aggregated,169.900000,0.000000,1100,1200,1400,1500,1700,1800,2000,2300,2700,3100,3300,20903,0,1100.0,1084.8107945196393,199.13631100007478,3330.988568000066,4515.0
1776355988,126,,Aggregated,170.300000,0.000000,1000,1200,1400,1500,1700,1800,2000,2300,2700,3100,3300,21086,0,1000.0,1078.9138642892922,199.13631100007478,3330.988568000066,4515.0
1776355989,126,,Aggregated,168.600000,0.000000,1000,1200,1400,1500,1700,1800,2000,2300,2700,3100,3300,21282,0,1000.0,1072.2792661620626,199.13631100007478,3330.988568000066,4515.0
1776355990,126,,Aggregated,169.000000,0.000000,1000,1200,1400,1500,1700,1800,2000,2300,2700,3100,3300,21473,0,1000.0,1066.0431430303645,199.13631100007478,3330.988568000066,4515.0
1776355991,126,,Aggregated,169.700000,0.000000,1000,1200,1400,1500,1600,1800,2000,2300,2700,3100,3300,21664,0,1000.0,1059.5722626842703,199.13631100007478,3330.988568000066,4515.0
1776355992,126,,Aggregated,168.800000,0.000000,1000,1200,1400,1500,1600,1800,2000,2300,2700,3100,3300,21858,0,1000.0,1053.2727535095173,199.13631100007478,3330.988568000066,4515.0
1776355993,126,,Aggregated,168.200000,0.000000,1000,1200,1400,1500,1600,1800,2000,2300,2700,3100,3300,22055,0,1000.0,1047.1871825593305,199.13631100007478,3330.988568000066,4515.0
1776355994,126,,Aggregated,170.700000,0.000000,1000,1200,1400,1500,1600,1800,2000,2300,2700,3100,3300,22249,0,1000.0,1041.2748531154218,199.13631100007478,3330.988568000066,4515.0
1776355995,126,,Aggregated,174.500000,0.000000,1000,1200,1400,1500,1600,1800,2000,2300,2700,3100,3300,22448,0,1000.0,1034.736676911753,199.13631100007478,3330.988568000066,4515.0
1776355996,126,,Aggregated,182.100000,0.000000,1000,1200,1400,1500,1600,1800,2000,2300,2700,3100,3300,22653,0,1000.0,1028.3801954034363,199.13631100007478,3330.988568000066,4515.0
1776355995,126,,Aggregated,174.500000,0.000000,1000,1200,1400,1500,1600,1800,2000,2300,2700,3100,3300,22861,0,1000.0,1021.993310441366,199.13631100007478,3330.988568000066,4515.0
1776355996,86,,Aggregated,182.100000,0.000000,1000,1200,1400,1500,1600,1800,2000,2300,2700,3100,3300,23017,0,1000.0,1016.8956739677229,199.13631100007478,3330.988568000066,4515.0
1776355997,46,,Aggregated,187.000000,0.000000,1000,1200,1400,1500,1600,1800,2000,2300,2700,3100,3300,23104,0,1000.0,1013.9434637223458,199.13631100007478,3330.988568000066,4515.0
1776355998,31,,Aggregated,206.300000,0.000000,1000,1200,1400,1500,1600,1800,2000,2300,2700,3100,3300,23160,0,1000.0,1012.0463286472825,199.13631100007478,3330.988568000066,4515.0
1776355999,31,,Aggregated,220.200000,0.000000,1000,1200,1400,1500,1600,1800,2000,2300,2700,3100,3300,23221,0,1000.0,1009.9785258454442,199.13631100007478,3330.988568000066,4515.0
1776356000,31,,Aggregated,220.100000,0.000000,1000,1200,1400,1500,1600,1800,2000,2300,2700,3100,3300,23284,0,1000.0,1007.8518165420918,199.13631100007478,3330.988568000066,4515.0
1776356001,31,,Aggregated,207.000000,0.000000,1000,1200,1400,1500,1600,1800,2000,2300,2700,3100,3300,23342,0,1000.0,1005.9168190648642,199.13631100007478,3330.988568000066,4515.0
1776356002,31,,Aggregated,193.400000,0.000000,1000,1200,1400,1500,1600,1800,2000,2300,2700,3100,3300,23401,0,1000.0,1003.9463359376546,199.13631100007478,3330.988568000066,4515.0
1776356003,31,,Aggregated,179.900000,0.000000,1000,1200,1400,1500,1600,1800,2000,2300,2700,3100,3300,23462,0,1000.0,1001.9290180197368,199.13631100007478,3330.988568000066,4515.0
1776356004,31,,Aggregated,166.700000,0.000000,1000,1200,1400,1500,1600,1800,2000,2300,2700,3100,3300,23521,0,1000.0,999.9861650091007,199.13631100007478,3330.988568000066,4515.0
1776356005,31,,Aggregated,153.700000,0.000000,1000,1200,1400,1500,1600,1800,2000,2300,2700,3100,3300,23578,0,1000.0,998.1121772090104,199.13631100007478,3330.988568000066,4515.0
1776356006,31,,Aggregated,140.200000,0.000000,1000,1200,1400,1500,1600,1800,2000,2300,2700,3100,3300,23638,0,1000.0,996.1568447052646,199.13631100007478,3330.988568000066,4515.0
1776356007,31,,Aggregated,126.800000,0.000000,1000,1200,1400,1500,1600,1800,2000,2300,2700,3100,3300,23700,0,1000.0,994.1489251361623,199.13631100007478,3330.988568000066,4515.0
1776356008,31,,Aggregated,95.800000,0.000000,1000,1200,1400,1500,1600,1800,2000,2300,2700,3100,3300,23759,0,1000.0,992.2451258343389,199.13631100007478,3330.988568000066,4515.0
1776356009,31,,Aggregated,71.400000,0.000000,1000,1200,1400,1500,1600,1800,2000,2300,2700,3100,3300,23819,0,1000.0,990.3106860093642,199.13631100007478,3330.988568000066,4515.0
1776356010,31,,Aggregated,58.900000,0.000000,1000,1200,1400,1500,1600,1800,2000,2300,2700,3100,3300,23873,0,1000.0,988.5803248511303,199.13631100007478,3330.988568000066,4515.0
1776356011,31,,Aggregated,59.000000,0.000000,990,1200,1400,1500,1600,1800,2000,2300,2700,3100,3300,23930,0,990.0,986.7636351708329,199.13631100007478,3330.988568000066,4515.0
1776356012,31,,Aggregated,59.100000,0.000000,990,1200,1400,1500,1600,1800,2000,2300,2700,3100,3300,23996,0,990.0,984.6700318319728,199.13631100007478,3330.988568000066,4515.0
1776356013,31,,Aggregated,59.700000,0.000000,990,1200,1300,1500,1600,1700,2000,2300,2700,3100,3300,24055,0,990.0,982.8062070888809,199.13631100007478,3330.988568000066,4515.0
1776356014,31,,Aggregated,59.500000,0.000000,990,1200,1300,1500,1600,1700,2000,2300,2700,3100,3300,24113,0,990.0,980.9821156357161,199.13631100007478,3330.988568000066,4515.0
1776356015,31,,Aggregated,58.600000,0.000000,990,1200,1300,1500,1600,1700,2000,2300,2700,3100,3300,24172,0,990.0,979.1366511393767,199.13631100007478,3330.988568000066,4515.0
1776356016,31,,Aggregated,58.900000,0.000000,990,1200,1300,1500,1600,1700,1900,2300,2700,3100,3300,24230,0,990.0,977.3330217098644,199.13631100007478,3330.988568000066,4515.0
1776356017,31,,Aggregated,59.100000,0.000000,990,1200,1300,1500,1600,1700,1900,2300,2700,3100,3300,24291,0,990.0,975.4489006189539,199.13631100007478,3330.988568000066,4515.0
1776356018,31,,Aggregated,59.100000,0.000000,980,1200,1300,1500,1600,1700,1900,2300,2700,3100,3300,24353,0,980.0,973.5407148496289,199.13631100007478,3330.988568000066,4515.0
1776356019,31,,Aggregated,58.900000,0.000000,980,1200,1300,1500,1600,1700,1900,2300,2700,3100,3300,24405,0,980.0,971.9527485205904,199.13631100007478,3330.988568000066,4515.0
1776356020,31,,Aggregated,59.500000,0.000000,980,1200,1300,1500,1600,1700,1900,2300,2700,3100,3300,24466,0,980.0,970.0985465357235,199.13631100007478,3330.988568000066,4515.0
1776356021,20,,Aggregated,59.200000,0.000000,980,1200,1300,1500,1600,1700,1900,2300,2700,3100,3300,24505,0,980.0,968.9181239440115,199.13631100007478,3330.988568000066,4515.0
1776356022,20,,Aggregated,58.800000,0.000000,980,1100,1300,1500,1600,1700,1900,2300,2700,3100,3300,24540,0,980.0,967.853668042584,199.13631100007478,3330.988568000066,4515.0
1776356023,20,,Aggregated,57.200000,0.000000,980,1100,1300,1500,1600,1700,1900,2300,2700,3100,3300,24579,0,980.0,966.6805517321699,199.13631100007478,3330.988568000066,4515.0
1776356024,20,,Aggregated,55.400000,0.000000,980,1100,1300,1500,1600,1700,1900,2300,2700,3100,3300,24621,0,980.0,965.4179353754115,199.13631100007478,3330.988568000066,4515.0
1776356025,20,,Aggregated,53.300000,0.000000,980,1100,1300,1500,1600,1700,1900,2300,2700,3100,3300,24656,0,980.0,964.3641788247891,199.13631100007478,3330.988568000066,4515.0
1776356026,20,,Aggregated,51.400000,0.000000,980,1100,1300,1500,1600,1700,1900,2300,2700,3100,3300,24692,0,980.0,963.2835838604404,199.13631100007478,3330.988568000066,4515.0
1776356024,20,,Aggregated,55.400000,0.000000,980,1100,1300,1500,1600,1700,1900,2200,2700,3100,3300,24735,0,980.0,961.9981590844951,199.13631100007478,3330.988568000066,4515.0
1776356025,20,,Aggregated,53.300000,0.000000,980,1100,1300,1500,1600,1700,1900,2200,2700,3100,3300,24770,0,980.0,960.9538282362125,199.13631100007478,3330.988568000066,4515.0
1776356026,20,,Aggregated,51.400000,0.000000,970,1100,1300,1500,1600,1700,1900,2200,2700,3100,3300,24809,0,970.0,959.7936025057029,199.13631100007478,3330.988568000066,4515.0
1776356027,20,,Aggregated,49.500000,0.000000,970,1100,1300,1500,1600,1700,1900,2200,2700,3100,3300,24847,0,970.0,958.6746954559899,199.13631100007478,3330.988568000066,4515.0
1776356028,20,,Aggregated,50.200000,0.000000,970,1100,1300,1500,1600,1700,1900,2200,2700,3100,3300,24884,0,970.0,957.5981273533991,199.13631100007478,3330.988568000066,4515.0
1776356029,20,,Aggregated,52.300000,0.000000,970,1100,1300,1500,1600,1700,1900,2200,2700,3100,3300,24925,0,970.0,956.3967741442322,199.13631100007478,3330.988568000066,4515.0
1776356030,20,,Aggregated,51.200000,0.000000,970,1100,1300,1500,1600,1700,1900,2200,2700,3100,3300,24962,0,970.0,955.3088197236596,199.13631100007478,3330.988568000066,4515.0
1776356031,20,,Aggregated,49.400000,0.000000,970,1100,1300,1500,1600,1700,1900,2200,2700,3100,3300,25002,0,970.0,954.1408535240777,199.13631100007478,3330.988568000066,4515.0
1776356032,20,,Aggregated,47.800000,0.000000,970,1100,1300,1500,1600,1700,1900,2200,2700,3100,3300,25038,0,970.0,953.0921801645493,199.13631100007478,3330.988568000066,4515.0
1776356033,20,,Aggregated,47.700000,0.000000,970,1100,1300,1500,1600,1700,1900,2200,2700,3100,3300,25078,0,970.0,951.9300419826938,199.13631100007478,3330.988568000066,4515.0
1776356034,20,,Aggregated,47.500000,0.000000,970,1100,1300,1400,1600,1700,1900,2200,2700,3100,3300,25122,0,970.0,950.6552495457364,199.13631100007478,3330.988568000066,4515.0
1776356035,20,,Aggregated,48.100000,0.000000,970,1100,1300,1400,1600,1700,1900,2200,2700,3100,3300,25157,0,970.0,949.6427371855544,199.13631100007478,3330.988568000066,4515.0
1776356036,20,,Aggregated,47.800000,0.000000,970,1100,1300,1400,1600,1700,1900,2200,2700,3100,3300,25196,0,970.0,948.5196485539766,199.13631100007478,3330.988568000066,4515.0
1776356037,20,,Aggregated,47.700000,0.000000,960,1100,1300,1400,1600,1700,1900,2200,2700,3100,3300,25232,0,960.0,947.490121747067,199.13631100007478,3330.988568000066,4515.0
1776356038,20,,Aggregated,44.500000,0.000000,960,1100,1300,1400,1600,1700,1900,2200,2700,3100,3300,25273,0,960.0,946.3197008110628,199.13631100007478,3330.988568000066,4515.0
1776356039,20,,Aggregated,40.700000,0.000000,960,1100,1300,1400,1600,1700,1900,2200,2700,3100,3300,25310,0,960.0,945.2660025457133,199.13631100007478,3330.988568000066,4515.0
1776356040,20,,Aggregated,39.300000,0.000000,960,1100,1300,1400,1600,1700,1900,2200,2700,3100,3300,25351,0,960.0,944.103174701984,199.13631100007478,3330.988568000066,4515.0
1776356041,20,,Aggregated,39.500000,0.000000,960,1100,1300,1400,1600,1700,1900,2200,2700,3100,3300,25387,0,960.0,943.0865699808166,199.13631100007478,3330.988568000066,4515.0
1776356042,20,,Aggregated,39.100000,0.000000,960,1100,1300,1400,1600,1700,1900,2200,2700,3100,3300,25432,0,960.0,941.8403826801276,199.13631100007478,3330.988568000066,4515.0
1776356043,32,,Aggregated,39.000000,0.000000,960,1100,1300,1400,1600,1700,1900,2200,2700,3100,3300,25488,0,960.0,940.3783476577998,198.06487200003176,3330.988568000066,4515.0
1776356044,32,,Aggregated,38.500000,0.000000,960,1100,1300,1400,1600,1700,1900,2200,2700,3100,3300,25549,0,960.0,938.6849876061292,198.06487200003176,3330.988568000066,4515.0
1776356045,32,,Aggregated,38.900000,0.000000,960,1100,1300,1400,1600,1700,1900,2200,2700,3100,3300,25607,0,960.0,937.0683241867068,198.06487200003176,3330.988568000066,4515.0
1776356046,32,,Aggregated,40.900000,0.000000,950,1100,1300,1400,1600,1700,1900,2200,2700,3100,3300,25664,0,950.0,935.5123013155005,198.06487200003176,3330.988568000066,4515.0
1776356047,32,,Aggregated,42.700000,0.000000,950,1100,1300,1400,1600,1700,1900,2200,2700,3100,3300,25728,0,950.0,933.7394488358212,198.06487200003176,3330.988568000066,4515.0
1776356048,32,,Aggregated,45.000000,0.000000,950,1100,1300,1400,1600,1700,1900,2200,2700,3100,3300,25791,0,950.0,932.0022085114184,198.06487200003176,3330.988568000066,4515.0
1776356050,32,,Aggregated,46.800000,0.000000,950,1100,1300,1400,1600,1700,1900,2200,2700,3100,3300,25850,0,950.0,930.4002997741967,198.06487200003176,3330.988568000066,4515.0
1776356051,32,,Aggregated,49.300000,0.000000,950,1100,1300,1400,1600,1700,1900,2200,2700,3100,3300,25911,0,950.0,928.7316578489823,198.06487200003176,3330.988568000066,4515.0
1776356052,32,,Aggregated,53.800000,0.000000,950,1100,1300,1400,1600,1700,1900,2200,2700,3100,3300,25974,0,950.0,927.017121645799,198.06487200003176,3330.988568000066,4515.0
1776356053,32,,Aggregated,55.600000,0.000000,950,1100,1300,1400,1600,1700,1900,2200,2700,3100,3300,26035,0,950.0,925.3656925779135,198.06487200003176,3330.988568000066,4515.0
1776356054,32,,Aggregated,55.600000,0.000000,940,1100,1300,1400,1600,1700,1900,2200,2700,3100,3300,26094,0,940.0,923.7778302981131,198.06487200003176,3330.988568000066,4515.0
1776356055,32,,Aggregated,60.200000,0.000000,940,1100,1300,1400,1600,1700,1900,2200,2700,3100,3300,26156,0,940.0,922.12015746364,198.06487200003176,3330.988568000066,4515.0
1776356056,32,,Aggregated,60.300000,0.000000,940,1100,1300,1400,1600,1700,1900,2200,2700,3100,3300,26220,0,940.0,920.422562835392,198.06487200003176,3330.988568000066,4515.0
1776356057,32,,Aggregated,60.500000,0.000000,940,1100,1300,1400,1600,1700,1900,2200,2700,3100,3300,26276,0,940.0,918.9368531897541,198.06487200003176,3330.988568000066,4515.0
1776356055,32,,Aggregated,60.200000,0.000000,940,1100,1300,1400,1600,1700,1900,2200,2700,3100,3300,26335,0,940.0,917.3760012437817,198.06487200003176,3330.988568000066,4515.0
1776356056,32,,Aggregated,60.300000,0.000000,940,1100,1300,1400,1600,1700,1900,2200,2700,3100,3300,26392,0,940.0,915.8736746329563,198.06487200003176,3330.988568000066,4515.0
1776356057,32,,Aggregated,60.500000,0.000000,930,1100,1300,1400,1600,1700,1900,2200,2700,3100,3300,26457,0,930.0,914.1758704583661,198.06487200003176,3330.988568000066,4515.0
1776356058,32,,Aggregated,67.100000,0.000000,930,1100,1300,1400,1600,1700,1900,2200,2700,3100,3300,26516,0,930.0,912.6530980436715,198.06487200003176,3330.988568000066,4515.0
1776356059,32,,Aggregated,72.500000,0.000000,930,1100,1300,1400,1600,1700,1900,2200,2700,3100,3300,26581,0,930.0,910.971741548437,198.06487200003176,3330.988568000066,4515.0
1776356060,32,,Aggregated,75.700000,0.000000,930,1100,1300,1400,1600,1700,1900,2200,2700,3100,3300,26639,0,930.0,909.4756609456061,198.06487200003176,3330.988568000066,4515.0
1776356061,32,,Aggregated,75.500000,0.000000,930,1100,1300,1400,1600,1700,1900,2200,2700,3100,3300,26701,0,930.0,907.8792055308793,198.06487200003176,3330.988568000066,4515.0
1776356062,32,,Aggregated,75.600000,0.000000,930,1100,1300,1400,1600,1700,1900,2200,2700,3100,3300,26760,0,930.0,906.3739251724963,198.06487200003176,3330.988568000066,4515.0
1776356063,32,,Aggregated,75.400000,0.000000,930,1100,1300,1400,1600,1700,1900,2200,2700,3100,3300,26822,0,930.0,904.7923325352695,198.06487200003176,3330.988568000066,4515.0
1776356064,32,,Aggregated,75.100000,0.000000,920,1100,1300,1400,1600,1700,1900,2200,2700,3100,3300,26881,0,920.0,903.2941666869166,198.06487200003176,3330.988568000066,4515.0
1776356065,32,,Aggregated,75.300000,0.000000,920,1100,1300,1400,1600,1700,1900,2200,2700,3100,3300,26941,0,920.0,901.7773745293422,198.06487200003176,3330.988568000066,4515.0
1776356066,68,,Aggregated,75.200000,0.000000,920,1100,1300,1400,1600,1700,1900,2200,2700,3100,3300,27057,0,920.0,899.2494367092432,198.06487200003176,3330.988568000066,4515.0
1776356067,68,,Aggregated,75.300000,0.000000,920,1100,1300,1400,1600,1700,1900,2200,2700,3100,3300,27191,0,920.0,895.9197268958478,198.06487200003176,3330.988568000066,4515.0
1776356068,68,,Aggregated,68.800000,0.000000,910,1100,1300,1400,1600,1700,1900,2200,2700,3100,3300,27323,0,910.0,892.6738808625338,198.06487200003176,3330.988568000066,4515.0
1776356069,68,,Aggregated,72.100000,0.000000,910,1100,1300,1400,1600,1700,1900,2200,2700,3100,3300,27453,0,910.0,889.5172486892885,198.06487200003176,3330.988568000066,4515.0
1776356070,68,,Aggregated,76.300000,0.000000,910,1100,1300,1400,1600,1700,1900,2200,2700,3100,3300,27581,0,910.0,886.4454314388181,198.06487200003176,3330.988568000066,4515.0
1776356071,68,,Aggregated,83.000000,0.000000,900,1100,1200,1400,1600,1700,1900,2200,2700,3100,3300,27720,0,900.0,883.1260530660185,198.06487200003176,3330.988568000066,4515.0
1776356072,68,,Aggregated,90.100000,0.000000,900,1100,1200,1400,1600,1700,1900,2200,2700,3100,3300,27848,0,900.0,880.098530850619,198.06487200003176,3330.988568000066,4515.0
1776356073,68,,Aggregated,97.300000,0.000000,890,1100,1200,1400,1600,1700,1900,2200,2700,3100,3300,27979,0,890.0,877.0347942461863,198.06487200003176,3330.988568000066,4515.0
1776356074,68,,Aggregated,104.100000,0.000000,890,1100,1200,1400,1600,1700,1900,2200,2700,3100,3300,28113,0,890.0,873.9235842429499,198.06487200003176,3330.988568000066,4515.0
1776356075,68,,Aggregated,111.300000,0.000000,890,1100,1200,1400,1600,1700,1900,2200,2700,3100,3300,28234,0,890.0,871.1400710727862,198.06487200003176,3330.988568000066,4515.0
1776356076,68,,Aggregated,118.600000,0.000000,880,1100,1200,1400,1600,1700,1900,2200,2700,3100,3300,28361,0,880.0,868.2531822693851,198.06487200003176,3330.988568000066,4515.0
1776356077,68,,Aggregated,124.800000,0.000000,880,1100,1200,1400,1600,1700,1900,2200,2700,3100,3300,28490,0,880.0,865.3415903106362,198.06487200003176,3330.988568000066,4515.0
1776356078,68,,Aggregated,131.900000,0.000000,870,1100,1200,1400,1600,1700,1900,2200,2700,3100,3300,28624,0,870.0,862.3481493265454,198.06487200003176,3330.988568000066,4515.0
1776356079,68,,Aggregated,130.500000,0.000000,870,1100,1200,1400,1600,1700,1900,2200,2700,3100,3300,28757,0,870.0,859.406347601594,198.06487200003176,3330.988568000066,4515.0
1776356080,68,,Aggregated,129.800000,0.000000,860,1100,1200,1400,1600,1700,1900,2200,2700,3100,3300,28889,0,860.0,856.5146603636693,198.06487200003176,3330.988568000066,4515.0
1776356081,68,,Aggregated,129.400000,0.000000,860,1100,1200,1400,1600,1700,1900,2200,2700,3100,3300,29014,0,860.0,853.8011634968648,198.06487200003176,3330.988568000066,4515.0
1776356082,68,,Aggregated,129.800000,0.000000,860,1100,1200,1400,1600,1700,1900,2200,2700,3100,3300,29142,0,860.0,851.0384764516524,198.06487200003176,3330.988568000066,4515.0
1776356083,68,,Aggregated,129.000000,0.000000,850,1100,1200,1400,1600,1700,1900,2200,2700,3100,3300,29268,0,850.0,848.3490116590493,198.06487200003176,3330.988568000066,4515.0
1776356084,68,,Aggregated,129.100000,0.000000,850,1100,1200,1400,1600,1700,1900,2200,2700,3100,3300,29399,0,850.0,845.573045665262,198.06487200003176,3330.988568000066,4515.0
1776356085,68,,Aggregated,128.700000,0.000000,840,1100,1200,1400,1600,1700,1900,2200,2700,3100,3300,29531,0,840.0,842.8070717821619,198.06487200003176,3330.988568000066,4515.0
1776356086,68,,Aggregated,127.800000,0.000000,840,1100,1200,1400,1600,1700,1900,2200,2700,3100,3300,29658,0,840.0,840.1662888149583,198.06487200003176,3330.988568000066,4515.0
1776356090,68,,Aggregated,122.300000,0.000000,830,1100,1200,1400,1600,1700,1900,2200,2700,3100,3300,29783,0,830.0,837.5934543540957,198.06487200003176,3330.988568000066,4515.0
1776356086,68,,Aggregated,127.800000,0.000000,830,1100,1200,1400,1600,1700,1900,2200,2700,3100,3300,29908,0,830.0,835.0365742752789,198.06487200003176,3330.988568000066,4515.0
1776356087,68,,Aggregated,131.000000,0.000000,820,1100,1200,1400,1600,1700,1900,2200,2700,3000,3300,30036,0,820.0,832.4419456224213,198.06487200003176,3330.988568000066,4515.0
1776356088,68,,Aggregated,142.100000,0.000000,820,1100,1200,1300,1600,1700,1900,2200,2700,3000,3300,30160,0,820.0,829.9582415783171,198.06487200003176,3330.988568000066,4515.0
1776356089,90,,Aggregated,154.100000,0.000000,810,1100,1200,1300,1600,1700,1900,2200,2700,3000,3300,30329,9,810.0,826.7302760965424,197.45797500036133,3330.988568000066,4513.660193214415
1776356090,90,,Aggregated,157.800000,0.000000,800,1100,1200,1300,1600,1700,1900,2200,2700,3000,3300,30504,10,800.0,823.3141586133299,197.45797500036133,3330.988568000066,4513.519866247049
1776356091,90,,Aggregated,161.300000,0.900000,790,1100,1200,1300,1600,1700,1900,2200,2700,3000,3300,30673,10,790.0,820.0268103665444,197.45797500036133,3330.988568000066,4513.528021386887
1776356092,90,,Aggregated,164.900000,1.000000,790,1100,1200,1300,1600,1700,1900,2100,2700,3000,3300,30847,10,790.0,816.6788932881645,197.45797500036133,3330.988568000066,4513.536324439978
1776356093,90,,Aggregated,172.000000,1.000000,780,1000,1200,1300,1600,1700,1900,2100,2700,3000,3300,31017,10,780.0,813.4322755516656,197.45797500036133,3330.988568000066,4513.544346648612
1776356094,90,,Aggregated,176.500000,1.000000,770,1000,1200,1300,1600,1700,1900,2100,2700,3000,3300,31181,10,770.0,810.3379935238443,197.45797500036133,3330.988568000066,4513.552002822232
1776356095,90,,Aggregated,179.500000,1.000000,760,1000,1200,1300,1600,1700,1900,2100,2700,3000,3300,31356,10,760.0,807.0784747907248,197.45797500036133,3330.988568000066,4513.560084194412
1776356096,90,,Aggregated,184.600000,1.000000,760,1000,1200,1300,1600,1700,1900,2100,2700,3000,3300,31527,10,760.0,803.9343573879212,197.45797500036133,3330.988568000066,4513.567894185936
1776356097,90,,Aggregated,186.400000,1.000000,750,1000,1200,1300,1600,1700,1900,2100,2700,3000,3300,31703,10,750.0,800.7303927641547,197.45797500036133,3330.988568000066,4513.575844557297
1776356098,90,,Aggregated,178.700000,1.000000,740,1000,1200,1300,1600,1700,1900,2100,2700,3000,3300,31868,10,740.0,797.7661240530317,197.45797500036133,3330.988568000066,4513.583218275386
1776356099,90,,Aggregated,170.900000,1.000000,740,1000,1200,1300,1600,1700,1900,2100,2700,3000,3300,32028,10,740.0,794.9310797457547,197.45797500036133,3330.988568000066,4513.590295991008
1776356100,90,,Aggregated,170.300000,1.000000,730,1000,1200,1300,1600,1700,1900,2100,2700,3000,3300,32205,10,730.0,791.8510792315794,197.45797500036133,3330.988568000066,4513.598043782022
1776356101,90,,Aggregated,172.000000,0.100000,720,1000,1200,1300,1600,1700,1900,2100,2700,3000,3300,32381,10,720.0,788.7741358118344,197.45797500036133,3330.988568000066,4513.6056638152
1776356102,90,,Aggregated,172.000000,0.000000,720,1000,1200,1300,1600,1700,1900,2100,2700,3000,3300,32548,10,720.0,785.906071443099,197.45797500036133,3330.988568000066,4513.612817991889
1776356103,90,,Aggregated,169.900000,0.000000,710,1000,1200,1300,1600,1700,1900,2100,2700,3000,3300,32707,10,710.0,783.240389444308,197.45797500036133,3330.988568000066,4513.619561561745
1776356104,90,,Aggregated,168.800000,0.000000,700,1000,1200,1300,1600,1700,1900,2100,2700,3000,3300,32874,10,700.0,780.6450242765708,197.45797500036133,3330.988568000066,4513.626574192371
1776356105,90,,Aggregated,169.700000,0.000000,700,1000,1200,1300,1600,1700,1900,2100,2600,3000,3300,33037,10,700.0,778.0105221580346,197.45797500036133,3330.988568000066,4513.6333504858185
1776356106,90,,Aggregated,168.300000,0.000000,690,1000,1200,1300,1600,1700,1900,2100,2600,3000,3300,33210,10,690.0,775.2581706447445,197.45797500036133,3330.988568000066,4513.64046973803
1776356107,90,,Aggregated,167.500000,0.000000,680,1000,1100,1300,1600,1700,1900,2100,2600,3000,3300,33368,10,680.0,772.7590211517014,197.45797500036133,3330.988568000066,4513.646907216495
1776356108,90,,Aggregated,167.900000,0.000000,680,1000,1100,1300,1600,1700,1900,2100,2600,3000,3300,33532,10,680.0,770.2520047398295,197.45797500036133,3330.988568000066,4513.653524991053
1776356109,90,,Aggregated,167.000000,0.000000,670,1000,1100,1300,1600,1700,1800,2100,2600,3000,3300,33701,10,670.0,767.592890175988,197.45797500036133,3330.988568000066,4513.660277143112
1776356110,90,,Aggregated,166.500000,0.000000,660,1000,1100,1300,1600,1700,1800,2100,2600,3000,3300,33874,10,660.0,764.860196237438,197.45797500036133,3330.988568000066,4513.667119324556
1776356111,90,,Aggregated,165.100000,0.000000,660,1000,1100,1300,1600,1700,1800,2100,2600,3000,3300,34040,10,660.0,762.2479874061095,197.45797500036133,3330.988568000066,4513.673619271445
1776356112,90,,Aggregated,166.400000,0.000000,650,1000,1100,1300,1600,1700,1800,2000,2600,3000,3300,34205,10,650.0,759.7196350784674,197.45797500036133,3330.988568000066,4513.6800175412955
1776356113,90,,Aggregated,165.900000,0.000000,650,1000,1100,1300,1600,1700,1800,2000,2600,3000,3300,34383,10,650.0,756.9790924955644,197.45797500036133,3330.988568000066,4513.686851060117
1776356114,125,,Aggregated,165.700000,0.000000,640,1000,1100,1300,1600,1700,1800,2000,2600,3000,3300,34606,10,640.0,753.7887320255155,197.45797500036133,3330.988568000066,4513.695312951511
1776356115,125,,Aggregated,165.600000,0.000000,630,1000,1100,1200,1600,1700,1800,2000,2600,3000,3300,34846,10,630.0,750.1404116471028,197.45797500036133,3330.988568000066,4513.704298915227
1776356116,125,,Aggregated,169.800000,0.000000,630,1000,1100,1200,1600,1700,1800,2000,2600,3000,3300,35087,10,630.0,746.5327319250982,197.45797500036133,3330.988568000066,4513.713198620571
1776356117,125,,Aggregated,177.700000,0.000000,620,990,1100,1200,1600,1700,1800,2000,2600,3000,3300,35323,10,620.0,743.0495140643189,197.45797500036133,3330.988568000066,4513.721795996942
1776356115,125,,Aggregated,165.600000,0.000000,610,990,1100,1200,1600,1700,1800,2000,2600,3000,3300,35561,10,610.0,739.5833889970452,197.45797500036133,3330.988568000066,4513.730350665054
1776356116,125,,Aggregated,169.800000,0.000000,600,980,1100,1200,1600,1700,1800,2000,2600,3000,3300,35792,10,600.0,736.2657353347099,197.45797500036133,3330.988568000066,4513.73854492624
1776356117,125,,Aggregated,177.700000,0.000000,590,980,1100,1200,1600,1700,1800,2000,2600,3000,3300,36026,10,590.0,732.9524350350001,197.45797500036133,3330.988568000066,4513.746738466663
1776356118,125,,Aggregated,208.100000,0.000000,580,980,1100,1200,1600,1700,1800,2000,2600,3000,3300,36263,10,580.0,729.6323630084078,197.45797500036133,3330.988568000066,4513.754929266745
1776356119,125,,Aggregated,237.300000,0.000000,570,970,1100,1200,1600,1700,1800,2000,2600,3000,3300,36504,10,570.0,726.3193726195174,197.45797500036133,3330.988568000066,4513.763149243919
1776356120,125,,Aggregated,258.400000,0.000000,560,970,1100,1200,1500,1700,1800,2000,2600,3000,3300,36746,10,560.0,723.0290590998717,197.45797500036133,3330.988568000066,4513.771294834812
1776356121,125,,Aggregated,266.200000,0.000000,550,970,1100,1200,1500,1700,1800,2000,2600,3000,3300,36974,10,550.0,719.9921217884969,197.45797500036133,3330.988568000066,4513.778871639531
1776356122,125,,Aggregated,271.400000,0.000000,540,960,1100,1200,1500,1700,1800,2000,2600,3000,3300,37214,10,540.0,716.8387774585614,197.45797500036133,3330.988568000066,4513.786746923201
1776356123,125,,Aggregated,277.700000,0.000000,530,960,1100,1200,1500,1700,1800,2000,2600,3000,3300,37459,10,530.0,713.679320840863,197.45797500036133,3330.988568000066,4513.794682185857
1776356124,125,,Aggregated,285.000000,0.000000,520,950,1100,1200,1500,1700,1800,2000,2600,3000,3300,37685,10,520.0,710.7828646289486,197.45797500036133,3330.988568000066,4513.801910574499
1776356125,125,,Aggregated,292.200000,0.000000,500,950,1100,1200,1500,1700,1800,2000,2600,3000,3300,37923,10,500.0,707.7704715928047,197.45797500036133,3330.988568000066,4513.809429633731
1776356126,125,,Aggregated,295.100000,0.000000,500,950,1100,1200,1500,1700,1800,2000,2600,3000,3300,38165,10,500.0,704.7463667446589,197.45797500036133,3330.988568000066,4513.816978907375
1776356127,125,,Aggregated,294.700000,0.000000,490,940,1100,1200,1500,1700,1800,2000,2600,3000,3300,38392,10,490.0,701.9241308486907,197.45797500036133,3330.988568000066,4513.82397374453
1776356128,125,,Aggregated,270.600000,0.000000,480,940,1100,1200,1500,1700,1800,2000,2600,3000,3300,38630,10,480.0,699.0038681148579,197.45797500036133,3330.988568000066,4513.831219259643
1776356129,125,,Aggregated,249.100000,0.000000,470,940,1100,1200,1500,1700,1800,2000,2600,3000,3300,38869,10,470.0,696.1310645399402,197.45797500036133,3330.988568000066,4513.838405927603
1776356130,125,,Aggregated,236.000000,0.000000,460,930,1100,1200,1500,1700,1800,2000,2600,3000,3300,39113,10,460.0,693.2279184438403,197.45797500036133,3330.988568000066,4513.845652340654
1776356131,125,,Aggregated,235.300000,0.000000,460,930,1100,1200,1500,1700,1800,2000,2600,3000,3300,39340,10,460.0,690.5608152618432,197.45797500036133,3330.988568000066,4513.85231316726
1776356132,125,,Aggregated,235.700000,0.000000,450,920,1100,1200,1500,1700,1800,2000,2600,3000,3300,39581,10,450.0,687.7441448227409,197.45797500036133,3330.988568000066,4513.859301179859
1776356133,125,,Aggregated,235.700000,0.000000,440,920,1100,1200,1500,1700,1800,2000,2600,3000,3300,39818,10,440.0,684.9981130017302,197.45797500036133,3330.988568000066,4513.866090712743
1776356134,125,,Aggregated,235.900000,0.000000,430,910,1100,1200,1500,1700,1800,2000,2600,3000,3300,40059,10,430.0,682.2339265465412,197.45797500036133,3330.988568000066,4513.8729124541305
1776356135,165,,Aggregated,235.600000,0.000000,420,910,1100,1200,1500,1700,1800,2000,2600,3000,3300,40353,18,420.0,679.119990489998,197.0822670000416,3330.988568000066,4512.9860233439895
1776356136,167,,Aggregated,236.600000,0.000000,410,900,1100,1200,1500,1700,1800,2000,2600,3000,3300,40661,18,410.0,675.7204770727941,197.0822670000416,3330.988568000066,4513.001278866727
1776356137,167,,Aggregated,235.500000,0.000000,400,900,1100,1200,1500,1700,1800,2000,2600,3000,3300,40969,18,400.0,672.3868869558909,197.0822670000416,3330.988568000066,4513.016305011106
1776356138,167,,Aggregated,244.100000,0.800000,380,890,1100,1200,1500,1700,1800,2000,2600,3000,3300,41282,18,380.0,669.0663558557944,197.0822670000416,3330.988568000066,4513.031345380553
1776356139,167,,Aggregated,250.300000,0.800000,360,880,1100,1200,1500,1700,1800,2000,2600,3000,3300,41610,18,360.0,665.6638975446023,197.0822670000416,3330.988568000066,4513.046863734679
1776356140,167,,Aggregated,257.100000,0.800000,350,880,1100,1100,1500,1700,1800,2000,2600,3000,3300,41913,18,350.0,662.5026045354159,197.0822670000416,3330.988568000066,4513.060983465751
1776356141,167,,Aggregated,265.800000,0.800000,340,870,1000,1100,1500,1700,1800,2000,2600,3000,3300,42245,18,340.0,659.0927344098446,197.0822670000416,3330.988568000066,4513.076222038111
1776356142,167,,Aggregated,273.400000,0.800000,320,860,1000,1100,1500,1700,1800,2000,2600,3000,3300,42573,18,320.0,655.755114390737,197.0822670000416,3330.988568000066,4513.091043619195
1776356143,167,,Aggregated,281.900000,0.800000,310,860,1000,1100,1500,1700,1800,2000,2600,3000,3300,42898,18,310.0,652.5012045121875,197.0822670000416,3330.988568000066,4513.1055060842
1776356144,167,,Aggregated,290.600000,0.800000,310,850,1000,1100,1500,1600,1800,2000,2600,3000,3300,43209,18,310.0,649.4756625932282,197.0822670000416,3330.988568000066,4513.119141845449
1776356145,167,,Aggregated,298.700000,0.800000,300,840,1000,1100,1500,1600,1800,2000,2600,3000,3300,43524,18,300.0,646.4641334280578,197.0822670000416,3330.988568000066,4513.132754342431
1776356146,167,,Aggregated,307.300000,0.800000,290,830,1000,1100,1500,1600,1800,2000,2600,3000,3300,43843,18,290.0,643.4326671276776,197.0822670000416,3330.988568000066,4513.146340350797
1776356145,167,,Aggregated,298.700000,0.800000,280,820,1000,1100,1500,1600,1800,2000,2600,3000,3300,44152,18,280.0,640.5300037699938,197.0822670000416,3330.988568000066,4513.159313281391
1776356146,167,,Aggregated,307.300000,0.800000,280,810,1000,1100,1500,1600,1800,2000,2600,3000,3300,44478,18,280.0,637.5119564619308,197.0822670000416,3330.988568000066,4513.172804532578
1776356147,167,,Aggregated,321.300000,0.800000,270,810,1000,1100,1500,1600,1800,2000,2600,3000,3300,44799,18,270.0,634.573439164909,197.0822670000416,3330.988568000066,4513.18589700663
1776356148,167,,Aggregated,345.500000,0.000000,270,790,1000,1100,1500,1600,1800,2000,2600,3000,3300,45119,18,270.0,631.6878216698232,197.0822670000416,3330.988568000066,4513.198763270462
1776356149,167,,Aggregated,378.900000,0.000000,260,780,1000,1100,1500,1600,1800,2000,2600,3000,3300,45435,18,260.0,628.873546662369,197.0822670000416,3330.988568000066,4513.211290855068
1776356150,167,,Aggregated,389.400000,0.000000,260,770,1000,1100,1500,1600,1800,2000,2600,3000,3300,45750,18,260.0,626.1145829362129,197.0822670000416,3330.988568000066,4513.223606557377
1776356151,167,,Aggregated,388.700000,0.000000,260,760,1000,1100,1500,1600,1800,2000,2600,3000,3300,46049,18,260.0,623.5333813435846,197.0822670000416,3330.988568000066,4513.235140828248
1776356152,167,,Aggregated,388.300000,0.000000,250,750,1000,1100,1500,1600,1800,2000,2600,3000,3300,46371,18,250.0,620.7787863112012,197.0822670000416,3330.988568000066,4513.2473960018115
1776356153,167,,Aggregated,397.400000,0.000000,250,750,1000,1100,1500,1600,1800,2000,2600,3000,3300,46682,18,250.0,618.1612183739492,197.0822670000416,3330.988568000066,4513.259072019194
1776356154,167,,Aggregated,396.400000,0.000000,250,740,1000,1100,1500,1600,1800,2000,2600,3000,3300,47013,18,250.0,615.436171507917,197.0822670000416,3330.988568000066,4513.271329206815
1776356155,167,,Aggregated,396.100000,0.000000,250,730,1000,1100,1500,1600,1800,2000,2600,3000,3300,47328,18,250.0,612.8576953558513,197.0822670000416,3330.988568000066,4513.282834685599
1776356156,167,,Aggregated,394.400000,0.000000,250,720,1000,1100,1500,1600,1800,2000,2600,3000,3300,47642,18,250.0,610.340412529359,197.0822670000416,3330.988568000066,4513.29415221863
1776356157,167,,Aggregated,389.300000,0.000000,250,710,990,1100,1500,1600,1800,2000,2600,3000,3300,47964,18,250.0,607.8048982065443,197.0822670000416,3330.988568000066,4513.305604203152
1776356158,207,,Aggregated,364.800000,0.000000,240,700,990,1100,1500,1600,1800,2000,2600,3000,3300,48329,21,240.0,605.1344010463628,197.0822670000416,3330.988568000066,4513.0381344534335
1776356159,247,,Aggregated,332.300000,0.000000,240,690,980,1100,1500,1600,1800,1900,2600,3000,3300,48774,21,240.0,601.9998671240351,197.0822670000416,3330.988568000066,4513.0560339525155
1776356160,287,,Aggregated,327.400000,0.300000,240,680,980,1100,1500,1600,1800,1900,2600,3000,3300,49273,21,240.0,598.7679418171962,197.0822670000416,3330.988568000066,4513.0757209830945
1776356161,287,,Aggregated,336.900000,0.300000,240,670,970,1100,1500,1600,1800,1900,2600,3000,3300,49777,21,240.0,595.2288424352356,197.0822670000416,3330.988568000066,4513.095204612572
1776356162,287,,Aggregated,350.500000,0.300000,240,660,970,1100,1400,1600,1800,1900,2600,3000,3300,50294,21,240.0,591.8004480278096,197.0822670000416,3330.988568000066,4513.1147850638245
1776356163,287,,Aggregated,362.600000,0.300000,240,640,960,1100,1400,1600,1800,1900,2600,3000,3300,50827,21,240.0,588.2591529013048,197.0822670000416,3330.988568000066,4513.134554469081
1776356164,287,,Aggregated,381.700000,0.300000,240,630,950,1100,1400,1600,1800,1900,2600,3000,3300,51316,21,240.0,585.3308234504764,197.0822670000416,3330.988568000066,4513.152330657105
1776356165,287,,Aggregated,402.200000,0.300000,240,620,950,1100,1400,1600,1800,1900,2600,3000,3300,51840,21,240.0,582.0377807062622,197.0822670000416,3330.988568000066,4513.171006944444
1776356166,287,,Aggregated,421.300000,0.300000,240,610,940,1100,1400,1600,1800,1900,2600,3000,3300,52352,21,240.0,578.6946895894256,197.0822670000416,3330.988568000066,4513.188894407091
1776356167,287,,Aggregated,439.500000,0.300000,240,600,940,1000,1400,1600,1800,1900,2600,3000,3300,52896,21,240.0,575.2683726787578,197.0822670000416,3330.988568000066,4513.2075204174225
1776356168,287,,Aggregated,460.800000,0.300000,240,580,930,1000,1400,1600,1800,1900,2600,3000,3300,53421,21,240.0,571.9828643165346,197.0822670000416,3330.988568000066,4513.2251361824
1776356169,287,,Aggregated,481.800000,0.300000,240,560,920,1000,1400,1600,1800,1900,2600,3000,3300,53950,21,240.0,568.7019478675185,197.0822670000416,3330.988568000066,4513.242539388322
1776356170,287,,Aggregated,499.000000,0.000000,240,550,910,1000,1400,1600,1800,1900,2600,3000,3300,54501,21,240.0,565.3866972100444,197.0822670000416,3330.988568000066,4513.260307150327
1776356171,287,,Aggregated,511.400000,0.000000,240,530,910,1000,1400,1600,1800,1900,2600,3000,3300,55037,21,240.0,562.1673728432258,197.0822670000416,3330.988568000066,4513.277249850101
1776356172,287,,Aggregated,521.000000,0.000000,240,520,900,1000,1400,1600,1800,1900,2600,3000,3300,55573,21,240.0,559.0100502802184,197.0822670000416,3330.988568000066,4513.293865726162
1776356173,287,,Aggregated,520.300000,0.000000,240,500,890,1000,1400,1600,1800,1900,2600,3000,3300,56100,21,240.0,555.9607767717217,197.0822670000416,3330.988568000066,4513.309893048128
1776356174,287,,Aggregated,524.100000,0.000000,240,490,880,1000,1400,1600,1800,1900,2600,3000,3300,56625,21,240.0,553.1255875108449,197.0822670000416,3330.988568000066,4513.325562913908
1776356175,287,,Aggregated,525.400000,0.000000,240,480,880,1000,1400,1600,1800,1900,2600,3000,3300,57185,21,240.0,549.9973884273247,197.0822670000416,3330.988568000066,4513.341960304276
1776356176,287,,Aggregated,526.700000,0.000000,240,470,870,1000,1400,1600,1800,1900,2600,3000,3300,57723,21,240.0,547.0199661003163,197.0822670000416,3330.988568000066,4513.357413855829
1776356177,287,,Aggregated,531.500000,0.000000,240,460,860,1000,1400,1600,1800,1900,2600,3000,3300,58266,21,240.0,544.0679594527271,197.0822670000416,3330.988568000066,4513.372721655855
1776356176,287,,Aggregated,526.700000,0.000000,240,450,850,1000,1400,1600,1800,1900,2600,3000,3300,58814,21,240.0,541.1753986066511,197.0822670000416,3330.988568000066,4513.387883837182
1776356177,287,,Aggregated,531.500000,0.000000,240,440,840,1000,1400,1600,1800,1900,2600,3000,3300,59348,21,240.0,538.4241886303603,197.0822670000416,3330.988568000066,4513.402389297028
1776356178,287,,Aggregated,573.200000,0.000000,240,430,830,990,1400,1600,1800,1900,2600,3000,3300,59892,21,240.0,535.6396257714489,197.0822670000416,3330.988568000066,4513.416900420757
1776356179,287,,Aggregated,629.700000,0.000000,240,420,820,990,1300,1600,1700,1900,2600,3000,3300,60427,21,240.0,532.9805137738365,197.0822670000416,3330.988568000066,4513.430916643222
1776356180,287,,Aggregated,657.800000,0.000000,240,410,810,980,1300,1600,1700,1900,2600,3000,3300,60969,21,240.0,530.3762608413887,197.0822670000416,3330.988568000066,4513.444865423412
1776356181,327,,Aggregated,659.100000,0.000000,240,390,790,980,1300,1600,1700,1900,2600,3000,3300,61541,21,240.0,527.8850625929971,197.0822670000416,3330.988568000066,4513.459319803058
1776356182,367,,Aggregated,658.600000,0.000000,240,380,770,970,1300,1600,1700,1900,2600,3000,3300,62200,21,240.0,525.0765868371178,197.0822670000416,3330.988568000066,4513.4756430868165
1776356183,407,,Aggregated,674.300000,0.000000,240,360,760,970,1300,1600,1700,1900,2600,3000,3300,62909,21,240.0,522.1362804066622,197.0822670000416,3330.988568000066,4513.492822966507
1776356184,432,,Aggregated,685.700000,0.000000,240,350,740,960,1300,1600,1700,1900,2600,3000,3300,63686,21,240.0,518.9636081054667,197.0822670000416,3330.988568000066,4513.511211255221
1776356185,432,,Aggregated,704.200000,0.000000,240,330,730,950,1300,1600,1700,1900,2600,3000,3300,64473,21,240.0,515.6865310969989,197.0822670000416,3330.988568000066,4513.529384393467
1776356186,432,,Aggregated,729.800000,0.000000,240,320,710,940,1300,1600,1700,1900,2600,3000,3300,65237,21,240.0,512.6769293084562,197.0822670000416,3330.988568000066,4513.546606986833
1776356187,432,,Aggregated,751.900000,0.000000,240,310,700,940,1300,1600,1700,1900,2600,3000,3300,66023,21,240.0,509.71839106136827,197.0822670000416,3330.988568000066,4513.563909546673
1776356188,432,,Aggregated,733.400000,0.000000,240,310,680,930,1300,1600,1700,1900,2600,3000,3300,66796,21,240.0,506.84479740599323,197.0822670000416,3330.988568000066,4513.580528774178
1776356189,432,,Aggregated,701.200000,0.000000,240,300,670,920,1300,1600,1700,1800,2600,3000,3300,67591,21,240.0,503.83446788495104,197.0822670000416,3330.988568000066,4513.59722448255
1776356190,432,,Aggregated,699.000000,0.000000,240,300,660,910,1300,1600,1700,1800,2500,3000,3300,68372,21,240.0,500.99039307612423,197.0822670000416,3330.988568000066,4513.613248113263
1776356191,432,,Aggregated,725.100000,0.000000,240,300,640,900,1300,1600,1700,1800,2500,3000,3300,69156,21,240.0,498.31114432797983,197.0822670000416,3330.988568000066,4513.6289692868295
1776356192,432,,Aggregated,748.200000,0.000000,240,300,630,890,1200,1600,1700,1800,2500,3000,3300,69889,21,240.0,495.93583586735775,197.0822670000416,3330.988568000066,4513.643348738714
1776356193,432,,Aggregated,757.900000,0.000000,240,290,620,890,1200,1600,1700,1800,2500,2900,3300,70677,21,240.0,493.4651760974258,197.0822670000416,3330.988568000066,4513.658474468356
1776356194,432,,Aggregated,766.600000,0.000000,240,290,610,880,1200,1600,1700,1800,2500,2900,3300,71441,21,240.0,491.02335033878035,197.0822670000416,3330.988568000066,4513.672820929159
1776356195,432,,Aggregated,767.000000,0.000000,240,290,590,870,1200,1600,1700,1800,2500,2900,3300,72171,21,240.0,488.87035044864166,197.0822670000416,3330.988568000066,4513.686245167727
1776356196,432,,Aggregated,770.200000,0.000000,240,290,580,860,1200,1600,1700,1800,2500,2900,3300,72966,21,240.0,486.43575424703306,197.0822670000416,3330.988568000066,4513.700559164542
1776356197,432,,Aggregated,767.900000,0.000000,240,290,560,850,1200,1500,1700,1800,2500,2900,3300,73741,21,240.0,484.03113672270507,197.0822670000416,3330.988568000066,4513.714215972119
1776356198,432,,Aggregated,771.200000,0.000000,240,290,540,830,1200,1500,1700,1800,2500,2900,3300,74524,21,240.0,481.5062732349454,197.0822670000416,3330.988568000066,4513.727725296549
1776356199,432,,Aggregated,770.600000,0.000000,240,290,530,820,1200,1500,1700,1800,2500,2900,3300,75328,21,240.0,479.0943119082553,197.0822670000416,3330.988568000066,4513.741304694137
1776356200,432,,Aggregated,770.500000,0.000000,240,280,510,810,1200,1500,1700,1800,2500,2900,3300,76116,21,240.0,476.82089222879586,197.0822670000416,3330.988568000066,4513.75433548794
1776356201,432,,Aggregated,768.300000,0.000000,240,280,500,790,1200,1500,1700,1800,2500,2900,3300,76922,21,240.0,474.3353584088816,197.0822670000416,3330.988568000066,4513.767387743428
1776356202,432,,Aggregated,770.100000,0.000000,240,280,490,780,1200,1500,1700,1800,2500,2900,3300,77699,21,240.0,471.9353369245541,197.0822670000416,3330.988568000066,4513.779714024634
1776356203,432,,Aggregated,772.800000,0.000000,240,280,480,760,1200,1500,1700,1800,2500,2900,3300,78485,21,240.0,469.71613338762546,197.0822670000416,3330.988568000066,4513.791934764605
1776356204,432,,Aggregated,777.400000,0.000000,240,280,470,750,1200,1500,1700,1800,2500,2900,3300,79302,21,240.0,467.35813028866727,197.0822670000416,3330.988568000066,4513.804380721797
1776356205,432,,Aggregated,783.000000,0.000000,240,280,460,740,1200,1500,1700,1800,2500,2900,3300,80111,21,240.0,465.0291328817633,197.0822670000416,3330.988568000066,4513.816454669147
1776356206,472,,Aggregated,783.000000,0.000000,240,280,450,730,1200,1500,1700,1800,2500,2900,3300,80891,21,240.0,463.41037980874137,197.0822670000416,3330.988568000066,4513.827867129841
1776356207,486,,Aggregated,790.700000,0.000000,240,280,440,710,1200,1500,1700,1800,2500,2900,3300,81781,21,240.0,461.12598017841486,197.0822670000416,3330.988568000066,4513.840623127621
1776356205,486,,Aggregated,783.000000,0.000000,240,270,430,700,1200,1500,1700,1800,2500,2900,3300,82660,21,240.0,458.8829675117446,197.0822670000416,3330.988568000066,4513.852951850956
1776356206,486,,Aggregated,783.000000,0.000000,240,270,420,690,1100,1500,1700,1800,2500,2900,3300,83492,21,240.0,457.04824282813655,197.0822670000416,3330.988568000066,4513.86438221626
1776356207,486,,Aggregated,790.700000,0.000000,240,270,410,670,1100,1500,1700,1800,2500,2900,3300,84383,21,240.0,454.9038021284132,197.0822670000416,3330.988568000066,4513.876373203133
1776356208,486,,Aggregated,847.300000,0.000000,240,270,410,660,1100,1500,1700,1800,2500,2900,3300,85269,21,240.0,452.8286306359502,197.0822670000416,3330.988568000066,4513.888048411498
1776356209,486,,Aggregated,946.100000,0.000000,240,270,390,650,1100,1500,1700,1800,2500,2900,3300,86139,21,240.0,450.73121052368595,197.0822670000416,3330.988568000066,4513.899279072198
1776356210,486,,Aggregated,1004.700000,0.000000,240,270,390,640,1100,1500,1700,1800,2500,2900,3300,86995,21,240.0,448.8843294767489,197.0822670000416,3330.988568000066,4513.910109776424
1776356211,486,,Aggregated,1012.800000,0.000000,240,270,380,630,1100,1500,1700,1800,2500,2900,3300,87863,21,240.0,447.0184877989689,197.0822670000416,3330.988568000066,4513.920876819594
1776356212,486,,Aggregated,1022.100000,0.000000,240,270,370,620,1100,1500,1700,1800,2500,2900,3300,88738,21,240.0,445.2238633374297,197.0822670000416,3330.988568000066,4513.931517500958
1776356213,486,,Aggregated,1043.200000,0.000000,240,270,360,600,1100,1500,1700,1800,2500,2900,3300,89591,21,240.0,443.48396461764986,197.0822670000416,3330.988568000066,4513.941690571598
1776356214,486,,Aggregated,1055.400000,0.000000,240,270,360,590,1100,1500,1700,1800,2500,2900,3300,90506,21,240.0,441.6507313513342,197.0822670000416,3330.988568000066,4513.952389896803
1776356215,486,,Aggregated,1062.400000,0.000000,240,270,350,580,1100,1500,1700,1800,2500,2900,3300,91357,21,240.0,439.89887516329156,197.0822670000416,3330.988568000066,4513.962148494368
1776356216,486,,Aggregated,1065.400000,0.000000,240,270,350,560,1100,1500,1700,1800,2500,2900,3300,92192,21,240.0,438.47119004363583,197.0822670000416,3330.988568000066,4513.971548507463
1776356217,486,,Aggregated,1073.000000,0.000000,240,270,350,550,1100,1500,1700,1800,2500,2900,3300,93040,21,240.0,437.02978232759966,197.0822670000416,3330.988568000066,4513.980922184007
1776356218,486,,Aggregated,1020.000000,0.000000,240,270,340,530,1100,1500,1700,1800,2500,2900,3300,93893,21,240.0,435.50234970676104,197.0822670000416,3330.988568000066,4513.990180311632
1776356219,486,,Aggregated,932.500000,0.000000,240,270,340,520,1100,1500,1700,1800,2500,2900,3300,94658,21,240.0,434.33926612093967,197.0822670000416,3330.988568000066,4513.998341397451
1776356220,486,,Aggregated,877.600000,0.000000,240,270,340,510,1100,1500,1700,1800,2500,2900,3300,95553,21,240.0,432.8489477402063,197.0822670000416,3330.988568000066,4514.007723462371
1776356221,486,,Aggregated,875.300000,0.000000,240,270,340,500,1100,1500,1700,1800,2500,2900,3300,96356,21,240.0,431.7626181104234,197.0822670000416,3330.988568000066,4514.015992776786
1776356222,486,,Aggregated,867.600000,0.000000,240,270,340,500,1100,1500,1700,1800,2400,2900,3300,97154,21,240.0,430.7328382636428,197.0822670000416,3330.988568000066,4514.024075179612
1776356223,486,,Aggregated,850.700000,0.000000,240,270,340,490,1100,1500,1700,1800,2400,2900,3300,97816,21,240.0,430.04762755558363,197.0822670000416,3330.988568000066,4514.030680052343
1776356224,486,,Aggregated,839.100000,0.000000,240,270,340,490,1100,1500,1700,1800,2400,2900,3300,98601,21,240.0,429.528817594821,197.0822670000416,3330.988568000066,4514.0383971764995
1776356225,486,,Aggregated,833.800000,0.000000,240,270,340,490,1100,1500,1700,1800,2400,2900,3300,99363,21,240.0,428.9053112055796,197.0822670000416,3330.988568000066,4514.045771564868
1776356226,486,,Aggregated,820.000000,0.000000,240,280,340,480,1100,1500,1700,1800,2400,2900,3300,100162,21,240.0,427.9379953698806,197.0822670000416,3330.988568000066,4514.0533835187
1776356227,486,,Aggregated,806.500000,0.000000,240,280,340,480,1100,1400,1700,1800,2400,2900,3300,100991,21,240.0,426.9751621531918,197.0822670000416,3330.988568000066,4514.061153964215
1776356228,480,,Aggregated,797.900000,0.000000,240,280,340,480,1100,1400,1700,1800,2400,2900,3300,101767,21,240.0,426.0663191734839,197.0822670000416,3330.988568000066,4514.068312910865
1776356229,480,,Aggregated,792.800000,0.000000,240,280,340,470,1100,1400,1700,1800,2400,2900,3300,102577,21,240.0,425.0303539850446,197.0822670000416,3330.988568000066,4514.0756699845
1776356230,480,,Aggregated,791.000000,0.000000,240,280,340,470,1100,1400,1700,1800,2400,2900,3300,103383,21,240.0,424.0423424514272,197.0822670000416,3330.988568000066,4514.082876294942
1776356231,480,,Aggregated,782.900000,0.000000,240,280,340,460,1100,1400,1700,1800,2400,2900,3300,104203,21,240.0,422.9208582948463,197.0822670000416,3330.988568000066,4514.090093375431
1776356232,480,,Aggregated,784.700000,0.000000,240,280,340,460,1100,1400,1700,1800,2400,2900,3300,105024,21,240.0,421.8922222223476,197.0822670000416,3330.988568000066,4514.097206352833
1776356233,480,,Aggregated,781.500000,0.000000,240,280,340,460,1000,1400,1700,1800,2400,2900,3300,105887,21,240.0,420.68780267036374,197.0822670000416,3330.988568000066,4514.104564299678
1776356234,480,,Aggregated,783.700000,0.000000,240,280,330,450,1000,1400,1700,1800,2400,2900,3300,106729,21,240.0,419.52872652926396,197.0822670000416,3330.988568000066,4514.111628517086
1776356235,480,,Aggregated,783.800000,0.000000,240,280,330,450,1000,1400,1600,1800,2400,2900,3300,107528,21,240.0,418.53604758102875,197.0822670000416,3330.988568000066,4514.118229670411
1776356236,480,,Aggregated,798.700000,0.000000,240,280,330,440,1000,1400,1600,1800,2400,2900,3300,108326,21,240.0,417.6451743930803,197.0822670000416,3330.988568000066,4514.124725366025
1776356235,480,,Aggregated,783.800000,0.000000,240,280,330,440,1000,1400,1600,1800,2400,2900,3300,109195,21,240.0,416.50108735458286,197.0822670000416,3330.988568000066,4514.131691011493
1776356236,480,,Aggregated,798.700000,0.000000,240,280,330,440,1000,1400,1600,1800,2400,2900,3300,109987,21,240.0,415.4304471094554,197.0822670000416,3330.988568000066,4514.13794357515
1776356237,480,,Aggregated,806.900000,0.000000,240,280,330,430,1000,1400,1600,1800,2400,2900,3300,110863,21,240.0,414.506475017623,197.0822670000416,3330.988568000066,4514.144755238447
1776356238,480,,Aggregated,875.900000,0.000000,240,280,330,430,1000,1400,1600,1800,2400,2900,3300,111707,21,240.0,413.40112650959037,197.0822670000416,3330.988568000066,4514.151217023105
1776356239,480,,Aggregated,956.200000,0.000000,240,280,330,430,1000,1400,1600,1800,2400,2900,3300,112541,21,240.0,412.30970030159506,197.0822670000416,3330.988568000066,4514.1575070418785
1776356240,480,,Aggregated,1000.100000,0.000000,240,280,330,420,1000,1400,1600,1800,2400,2900,3300,113355,21,240.0,411.2883480374119,197.0822670000416,3330.988568000066,4514.163556967051
1776356241,480,,Aggregated,1010.000000,0.000000,240,280,320,420,1000,1400,1600,1800,2400,2900,3300,114242,21,240.0,410.1972445174973,197.0822670000416,3330.988568000066,4514.17005129462
1776356242,480,,Aggregated,1015.000000,0.000000,240,280,320,420,1000,1400,1600,1800,2400,2900,3300,115066,21,240.0,409.2365583389797,197.0822670000416,3330.988568000066,4514.175994646551
1776356243,480,,Aggregated,1032.100000,0.000000,240,280,320,410,1000,1400,1600,1800,2400,2900,3300,115941,21,240.0,408.1783369912456,197.0822670000416,3330.988568000066,4514.182213367144
1776356244,480,,Aggregated,1037.200000,0.000000,240,280,320,410,1000,1400,1600,1800,2400,2900,3300,116800,21,240.0,407.1019126836299,197.0822670000416,3330.988568000066,4514.188227739726
1776356245,480,,Aggregated,1041.600000,0.000000,240,280,320,410,1000,1400,1600,1800,2400,2900,3300,117660,21,240.0,405.98863741913857,197.0822670000416,3330.988568000066,4514.194161142274
1776356246,480,,Aggregated,1041.200000,0.000000,240,280,320,400,1000,1400,1600,1800,2400,2900,3300,118518,21,240.0,405.02496536442493,197.0822670000416,3330.988568000066,4514.199994937478
1776356247,480,,Aggregated,1042.400000,0.000000,240,280,320,400,1000,1400,1600,1800,2400,2900,3300,119372,21,240.0,403.96880021649014,197.0822670000416,3330.988568000066,4514.205718258888
1776356248,480,,Aggregated,981.800000,0.000000,240,270,320,400,990,1400,1600,1700,2400,2900,3300,120227,21,240.0,402.94539861157455,197.0822670000416,3330.988568000066,4514.211366831078
1776356249,480,,Aggregated,907.600000,0.000000,250,280,320,390,990,1300,1600,1700,2400,2900,3300,121087,21,250.0,402.0654032053964,197.0822670000416,3330.988568000066,4514.216967965182
1776356250,480,,Aggregated,865.800000,0.000000,250,270,320,390,980,1300,1600,1700,2400,2900,3300,121931,21,250.0,401.1109662393466,197.0822670000416,3330.988568000066,4514.222388071942
1776356251,520,,Aggregated,864.600000,0.000000,250,280,320,390,980,1300,1600,1700,2400,2900,3300,122750,21,250.0,400.48826549708093,197.0822670000416,3330.988568000066,4514.227576374746
1776356252,555,,Aggregated,861.000000,0.000000,250,280,320,390,980,1300,1600,1700,2400,2900,3300,123661,21,250.0,399.9319077591947,197.0822670000416,3330.988568000066,4514.233266753463
1776356253,555,,Aggregated,843.600000,0.000000,250,280,320,380,970,1300,1600,1700,2400,2900,3300,124657,21,250.0,398.9477137868212,197.0822670000416,3330.988568000066,4514.239392894101
1776356254,555,,Aggregated,843.800000,0.000000,250,280,320,380,970,1300,1600,1700,2400,2900,3300,125614,21,250.0,398.0399911970539,197.0822670000416,3330.988568000066,4514.24518763832
1776356255,555,,Aggregated,856.200000,0.000000,250,280,320,380,960,1300,1600,1700,2400,2900,3300,126581,21,250.0,397.12972584222416,197.0822670000416,3330.988568000066,4514.250953934635
1776356256,555,,Aggregated,866.200000,0.000000,250,280,320,380,960,1300,1600,1700,2400,2900,3300,127459,21,250.0,396.68409290036567,197.0822670000416,3330.988568000066,4514.25611373069
1776356257,555,,Aggregated,877.900000,0.000000,250,280,320,380,960,1300,1600,1700,2400,2900,3300,128366,21,250.0,395.87846814731046,197.0822670000416,3330.988568000066,4514.261369833133
1776356258,555,,Aggregated,886.800000,0.000000,250,280,320,380,950,1300,1600,1700,2400,2900,3300,129234,21,250.0,395.56825008252247,197.0822670000416,3330.988568000066,4514.266330841729
1776356259,555,,Aggregated,885.800000,0.000000,250,280,320,380,950,1300,1600,1700,2400,2900,3300,130166,21,250.0,394.81976072848227,197.0822670000416,3330.988568000066,4514.271583977383
1776356260,555,,Aggregated,887.500000,0.000000,250,280,320,380,940,1300,1600,1700,2400,2900,3300,131115,21,250.0,394.18378992022,197.0822670000416,3330.988568000066,4514.276856194943
1776356261,555,,Aggregated,893.200000,0.000000,250,280,320,370,940,1300,1600,1700,2400,2900,3300,132059,21,250.0,393.3884418872671,197.0822670000416,3330.988568000066,4514.282025458318
1776356262,555,,Aggregated,902.000000,0.000000,250,280,320,370,930,1300,1600,1700,2400,2900,3300,133077,21,250.0,392.448586214624,197.0822670000416,3330.988568000066,4514.2875177528795
1776356263,555,,Aggregated,913.000000,0.000000,250,280,320,370,930,1300,1600,1700,2400,2900,3300,134018,21,250.0,391.79207961921986,197.0822670000416,3330.988568000066,4514.292520407706
1776356264,555,,Aggregated,924.300000,0.000000,250,280,320,370,920,1300,1600,1700,2400,2900,3300,134965,21,250.0,390.8936357754723,197.0822670000416,3330.988568000066,4514.297484533027
1776356265,555,,Aggregated,928.100000,0.000000,250,280,320,370,920,1300,1600,1700,2400,2900,3300,135900,21,250.0,390.0816677477453,197.0822670000416,3330.988568000066,4514.302317880794
1776356266,555,,Aggregated,925.100000,0.000000,250,280,320,370,910,1300,1600,1700,2400,2900,3300,136879,21,250.0,389.44452025609974,197.0822670000416,3330.988568000066,4514.30730791429
1776356270,555,,Aggregated,902.800000,0.000000,250,280,320,370,910,1300,1600,1700,2400,2900,3300,137845,21,250.0,388.65924998374834,197.0822670000416,3330.988568000066,4514.312162211179
1776356266,555,,Aggregated,925.100000,0.000000,250,280,320,360,900,1200,1600,1700,2400,2900,3300,138817,21,250.0,387.9195538992036,197.0822670000416,3330.988568000066,4514.316978468055
1776356267,555,,Aggregated,927.700000,0.000000,250,280,320,360,900,1200,1600,1700,2400,2900,3300,139800,21,250.0,387.0543134154494,197.0822670000416,3330.988568000066,4514.32178111588
1776356268,555,,Aggregated,989.400000,0.000000,250,280,320,360,890,1200,1600,1700,2400,2900,3300,140763,21,250.0,386.31000012395225,197.0822670000416,3330.988568000066,4514.3264210055195
1776356269,555,,Aggregated,1097.300000,0.000000,250,280,320,360,890,1200,1600,1700,2400,2900,3300,141738,21,250.0,385.47861957109495,197.0822670000416,3330.988568000066,4514.331054480803
1776356270,555,,Aggregated,1160.500000,0.000000,250,280,310,360,880,1200,1600,1700,2400,2900,3300,142633,21,250.0,384.8221443051946,197.0822670000416,3330.988568000066,4514.3352520104045
1776356271,555,,Aggregated,1169.300000,0.000000,250,280,320,360,870,1200,1600,1700,2400,2900,3300,143549,21,250.0,384.395043852447,197.0822670000416,3330.988568000066,4514.339493831375
1776356272,555,,Aggregated,1170.300000,0.000000,250,280,320,360,870,1200,1600,1700,2400,2900,3300,144426,21,250.0,384.0433624494407,197.0822670000416,3330.988568000066,4514.34350463213
1776356273,555,,Aggregated,1191.400000,0.000000,250,280,320,360,860,1200,1600,1700,2400,2900,3300,145300,21,250.0,383.7078271027727,197.0822670000416,3330.988568000066,4514.347453544391
1776356274,579,,Aggregated,1177.500000,0.000000,250,280,320,360,860,1200,1600,1700,2400,2900,3300,146246,21,250.0,383.3926388485352,197.0822670000416,3330.988568000066,4514.351674575715
1776356275,579,,Aggregated,1167.000000,0.000000,250,280,320,360,850,1200,1600,1700,2400,2900,3300,147209,21,250.0,382.7523490649748,197.0822670000416,3330.988568000066,4514.355915738847
1776356276,579,,Aggregated,1163.100000,0.000000,250,280,320,360,850,1200,1600,1700,2400,2900,3300,148168,21,250.0,382.15808940232614,197.0822670000416,3330.988568000066,4514.360084498677
1776356277,579,,Aggregated,1160.700000,0.000000,250,280,320,360,840,1200,1600,1700,2400,2900,3300,149074,21,250.0,381.71183835717665,197.0822670000416,3330.988568000066,4514.3639735970055
1776356278,579,,Aggregated,1104.000000,0.000000,250,280,320,360,840,1200,1600,1700,2400,2900,3300,149976,21,250.0,381.6015612440045,197.0822670000416,3330.988568000066,4514.367798847816
1776356279,579,,Aggregated,1005.400000,0.000000,250,280,320,360,830,1200,1600,1700,2400,2900,3300,150977,21,250.0,380.91330687148934,197.0822670000416,3330.988568000066,4514.371990435629
1776356280,579,,Aggregated,945.500000,0.000000,250,280,320,360,820,1200,1600,1700,2400,2900,3300,151945,21,250.0,380.4133195958587,197.0822670000416,3330.988568000066,4514.375991312646
1776356281,579,,Aggregated,945.900000,0.000000,250,280,320,360,810,1200,1600,1700,2400,2900,3300,152926,21,250.0,379.82631025676955,197.0822670000416,3330.988568000066,4514.379994245583
1776356282,579,,Aggregated,944.600000,0.000000,250,280,320,360,810,1200,1600,1700,2400,2900,3300,153850,21,250.0,379.42390895238054,197.0822670000416,3330.988568000066,4514.383717907052
1776356283,579,,Aggregated,930.700000,0.000000,250,280,320,360,800,1200,1600,1700,2400,2900,3300,154820,21,250.0,378.9077047039125,197.0822670000416,3330.988568000066,4514.387579124144
1776356284,579,,Aggregated,943.100000,0.000000,250,280,320,360,790,1200,1600,1700,2400,2900,3300,155565,21,250.0,379.3067851384809,197.0822670000416,3330.988568000066,4514.390512004628
1776356285,579,,Aggregated,949.300000,0.000000,250,290,320,360,790,1200,1600,1700,2400,2900,3300,156291,21,250.0,379.6486029470145,197.0822670000416,3330.988568000066,4514.393343186748
1776356286,579,,Aggregated,935.300000,0.000000,250,290,320,360,790,1200,1600,1700,2400,2900,3300,157209,21,250.0,379.6201308099468,197.0822670000416,3330.988568000066,4514.396885674484
1776356287,579,,Aggregated,912.600000,0.000000,250,290,320,360,780,1200,1600,1700,2400,2900,3300,158170,21,250.0,379.43652129375295,197.0822670000416,3330.988568000066,4514.400550041095
1776356288,579,,Aggregated,904.200000,0.000000,250,290,320,360,770,1200,1600,1700,2400,2900,3300,159064,21,250.0,379.12249432272387,197.0822670000416,3330.988568000066,4514.403919177186
1776356289,579,,Aggregated,899.500000,0.000000,250,290,320,360,770,1200,1600,1700,2400,2900,3300,159995,21,250.0,378.8810518377057,197.0822670000416,3330.988568000066,4514.4073877308665
1776356290,579,,Aggregated,902.000000,0.000000,250,290,320,360,760,1200,1600,1700,2400,2900,3300,160907,21,250.0,378.67196571360256,197.0822670000416,3330.988568000066,4514.410746580323
1776356291,579,,Aggregated,895.300000,0.000000,250,290,320,360,760,1200,1600,1700,2400,2900,3300,161791,21,250.0,378.39249567069055,197.0822670000416,3330.988568000066,4514.413966166227
1776356292,579,,Aggregated,891.200000,0.000000,250,290,320,360,750,1200,1600,1700,2400,2900,3300,162711,21,250.0,378.25110282363596,197.0822670000416,3330.988568000066,4514.4172797167985
1776356293,579,,Aggregated,884.900000,0.000000,260,290,330,370,740,1200,1600,1700,2400,2900,3300,163592,21,260.0,378.0860159759682,197.0822670000416,3330.988568000066,4514.420417868844
1776356294,579,,Aggregated,876.500000,0.000000,260,290,330,370,740,1200,1600,1700,2400,2900,3300,164539,21,260.0,377.7419102451427,197.0822670000416,3330.988568000066,4514.423753638955
1776356295,579,,Aggregated,867.900000,0.000000,260,290,330,370,730,1200,1600,1700,2400,2900,3300,165435,21,260.0,377.55360772110777,197.0822670000416,3330.988568000066,4514.4268746033185
1776356296,579,,Aggregated,888.600000,0.000000,260,290,330,370,730,1200,1600,1700,2400,2900,3300,166362,21,260.0,377.27738667717637,197.0822670000416,3330.988568000066,4514.430068164605
1776356297,579,,Aggregated,899.300000,0.000000,260,290,330,370,720,1200,1600,1700,2400,2900,3300,167280,21,260.0,376.92033418018514,197.0822670000416,3330.988568000066,4514.433195839311
1776356295,600,,Aggregated,867.900000,0.000000,260,290,330,370,720,1200,1600,1700,2400,2900,3300,168252,21,260.0,376.5395756011475,197.0822670000416,3330.988568000066,4514.436470294559
1776356296,600,,Aggregated,888.600000,0.000000,260,290,330,370,710,1100,1600,1700,2400,2900,3300,169210,21,260.0,376.3143960719359,197.0822670000416,3330.988568000066,4514.43966077655
1776356297,600,,Aggregated,899.300000,0.000000,260,290,330,370,710,1100,1600,1700,2400,2900,3300,170148,21,260.0,376.0640497576888,197.0822670000416,3330.988568000066,4514.442749841314
1776356298,600,,Aggregated,981.600000,0.000000,260,290,330,370,700,1100,1600,1700,2400,2900,3300,171121,21,260.0,375.624910840605,197.0822670000416,3330.988568000066,4514.445918385236
1776356299,600,,Aggregated,1075.400000,0.000000,260,290,330,370,700,1100,1600,1700,2400,2900,3300,172092,21,260.0,375.46058606819054,197.0822670000416,3330.988568000066,4514.449044697022
1776356300,600,,Aggregated,1124.100000,0.000000,260,290,330,370,700,1100,1600,1700,2400,2900,3300,173063,21,260.0,375.11906240853943,197.0822670000416,3330.988568000066,4514.4521359273795
1776356301,600,,Aggregated,1129.200000,0.000000,260,290,330,370,690,1100,1600,1700,2400,2900,3300,174030,21,260.0,374.7488314772457,197.0822670000416,3330.988568000066,4514.4551801413545
1776356302,600,,Aggregated,1138.800000,0.000000,260,290,330,370,690,1100,1600,1700,2400,2900,3300,175014,21,260.0,374.455091688437,197.0822670000416,3330.988568000066,4514.458243340533
1776356303,600,,Aggregated,1163.100000,0.000000,260,290,330,370,680,1100,1600,1700,2400,2900,3300,176000,21,260.0,374.03942575489253,197.0822670000416,3330.988568000066,4514.4612784090905
1776356304,600,,Aggregated,1170.500000,0.000000,260,290,330,370,680,1100,1600,1700,2400,2900,3300,176969,21,260.0,373.8374669031254,197.0822670000416,3330.988568000066,4514.464228198159
1776356305,600,,Aggregated,1182.700000,0.000000,260,290,330,370,670,1100,1600,1700,2400,2900,3300,177937,21,260.0,373.4269388178638,197.0822670000416,3330.988568000066,4514.467142865172
1776356306,600,,Aggregated,1183.400000,0.000000,260,290,330,370,670,1100,1600,1700,2400,2900,3300,178886,21,260.0,373.3651184617872,197.0822670000416,3330.988568000066,4514.469969701374
1776356307,600,,Aggregated,1194.800000,0.000000,260,290,330,370,660,1100,1600,1700,2400,2900,3300,179835,21,260.0,373.1850957056147,197.0822670000416,3330.988568000066,4514.472766702811
1776356308,600,,Aggregated,1122.400000,0.000000,260,290,330,370,660,1100,1600,1700,2400,2900,3300,180808,21,260.0,372.88492710437083,197.0822670000416,3330.988568000066,4514.475603955577
1776356309,600,,Aggregated,1029.700000,0.000000,260,290,330,370,660,1100,1600,1700,2400,2900,3300,181768,21,260.0,372.57537458102746,197.0822670000416,3330.988568000066,4514.478373531095
1776356310,600,,Aggregated,986.100000,0.000000,260,290,330,370,650,1100,1600,1700,2400,2900,3300,182746,21,260.0,372.28866448093663,197.0822670000416,3330.988568000066,4514.481165114421
1776356311,600,,Aggregated,985.500000,0.000000,260,290,330,370,650,1100,1600,1700,2400,2900,3300,183701,21,260.0,372.05606400287667,197.0822670000416,3330.988568000066,4514.483862363297
1776356312,600,,Aggregated,982.300000,0.000000,260,290,330,370,640,1100,1500,1700,2400,2900,3300,184672,21,260.0,371.8551600259934,197.0822670000416,3330.988568000066,4514.486576199965
1776356314,600,,Aggregated,960.900000,0.000000,260,290,330,370,640,1100,1500,1700,2400,2900,3300,185595,21,260.0,371.62960710619524,197.0822670000416,3330.988568000066,4514.489129556292
1776356315,600,,Aggregated,956.500000,0.000000,260,290,330,370,640,1100,1500,1700,2400,2900,3300,186569,21,260.0,371.45465904182544,197.0822670000416,3330.988568000066,4514.4917966007215
1776356316,600,,Aggregated,953.400000,0.000000,260,290,330,370,630,1100,1500,1700,2400,2900,3300,187557,21,260.0,371.1634607417974,197.0822670000416,3330.988568000066,4514.494473680002
1776356317,600,,Aggregated,953.500000,0.000000,260,290,330,370,630,1100,1500,1700,2400,2900,3300,188484,21,260.0,370.95126521957974,197.0822670000416,3330.988568000066,4514.496959954161
1776356318,600,,Aggregated,949.500000,0.000000,260,290,330,370,630,1100,1500,1700,2400,2900,3300,189441,21,260.0,370.7352804964448,197.0822670000416,3330.988568000066,4514.499501163951
1776356319,600,,Aggregated,950.900000,0.000000,260,290,330,370,630,1100,1500,1700,2400,2900,3300,190352,21,260.0,370.70626393557734,197.0822670000416,3330.988568000066,4514.501896486509
1776356320,600,,Aggregated,950.400000,0.000000,260,290,330,370,630,1100,1500,1700,2400,2900,3300,191320,21,260.0,370.48363472438893,197.0822670000416,3330.988568000066,4514.50441668409
1776356321,587,,Aggregated,943.100000,0.000000,260,290,330,370,630,1100,1500,1700,2400,2900,3300,192213,21,260.0,370.31036297057,197.0822670000416,3330.988568000066,4514.506719108489
1776356322,587,,Aggregated,945.900000,0.000000,260,300,330,370,620,1100,1500,1700,2400,2900,3300,193149,21,260.0,370.1208263124225,197.0822670000416,3330.988568000066,4514.509109547552
1776356323,587,,Aggregated,941.400000,0.000000,260,300,330,370,620,1100,1500,1700,2300,2900,3300,194076,21,260.0,369.84026749450305,197.0822670000416,3330.988568000066,4514.511454275645
1776356324,587,,Aggregated,935.200000,0.000000,260,300,330,370,620,1100,1500,1700,2300,2900,3300,195010,21,260.0,369.8219017861597,197.0822670000416,3330.988568000066,4514.513794164402
1776356325,587,,Aggregated,930.900000,0.000000,260,300,330,370,610,1100,1500,1700,2300,2900,3300,195954,21,260.0,369.61232683564435,197.0822670000416,3330.988568000066,4514.516136440185
1776356326,587,,Aggregated,928.500000,0.000000,260,300,330,370,610,1100,1500,1700,2300,2900,3300,196857,21,260.0,369.52362446220747,197.0822670000416,3330.988568000066,4514.518355963974
1776356327,587,,Aggregated,927.100000,0.000000,260,300,330,370,610,1100,1500,1700,2300,2900,3300,197819,21,260.0,369.28067420242087,197.0822670000416,3330.988568000066,4514.520698214024
1776356325,587,,Aggregated,930.900000,0.000000,260,300,330,370,610,1100,1500,1700,2300,2900,3300,198731,21,260.0,369.0336309189127,197.0822670000416,3330.988568000066,4514.522897786455
1776356326,587,,Aggregated,928.500000,0.000000,260,300,330,370,600,1100,1500,1700,2300,2900,3300,199652,21,260.0,368.8980820033987,197.0822670000416,3330.988568000066,4514.525098671689
1776356327,587,,Aggregated,927.100000,0.000000,260,300,330,370,600,1100,1500,1700,2300,2700,3300,200597,21,260.0,368.7447691360457,197.0822670000416,3330.988568000066,4514.527335902331
1776356328,587,,Aggregated,995.900000,0.000000,260,300,330,370,600,1100,1500,1700,2300,2700,3300,201566,21,260.0,368.5254363153026,197.0822670000416,3330.988568000066,4514.529608168044
1776356329,587,,Aggregated,1088.100000,0.000000,260,300,330,370,600,1100,1500,1700,2300,2700,3300,202529,21,260.0,368.216903159578,197.0822670000416,3330.988568000066,4514.531844822223
1776356330,587,,Aggregated,1136.400000,0.000000,260,300,330,370,600,1100,1500,1700,2300,2700,3300,203434,21,260.0,367.97102588865226,197.0822670000416,3330.988568000066,4514.533927465419
1776356331,587,,Aggregated,1142.200000,0.000000,260,300,330,370,600,1100,1500,1700,2300,2700,3300,204376,21,260.0,367.92539848924105,197.0822670000416,3330.988568000066,4514.536075664461
1776356332,587,,Aggregated,1141.600000,0.000000,260,300,330,370,600,1100,1500,1700,2300,2700,3300,205339,21,260.0,367.60668313864534,197.0822670000416,3330.988568000066,4514.538251379427
1776356333,587,,Aggregated,1153.200000,0.000000,260,300,330,370,600,1100,1500,1700,2300,2700,3300,206225,21,260.0,367.54801836240534,197.0822670000416,3330.988568000066,4514.540235180022
1776356334,587,,Aggregated,1164.600000,0.000000,260,300,330,370,600,1100,1500,1700,2300,2700,3300,207205,21,260.0,367.2946927741664,197.0822670000416,3330.988568000066,4514.5424096908855
1776356335,587,,Aggregated,1163.300000,0.000000,260,300,330,370,600,1100,1500,1700,2300,2700,3300,208089,21,260.0,367.1427832897337,197.0822670000416,3330.988568000066,4514.544353617923
1776356336,587,,Aggregated,1163.900000,0.000000,260,300,340,380,600,1100,1500,1700,2300,2700,3300,208997,21,260.0,367.1330239757762,197.0822670000416,3330.988568000066,4514.546333200955
1776356337,587,,Aggregated,1166.700000,0.000000,260,300,340,380,600,1100,1500,1700,2300,2700,3300,209930,21,260.0,366.9004257918508,197.0822670000416,3330.988568000066,4514.548349449817
1776356338,587,,Aggregated,1084.500000,0.000000,260,300,340,380,590,1100,1500,1700,2300,2700,3300,210835,21,260.0,366.7423819137201,197.0822670000416,3330.988568000066,4514.550288140014
1776356339,587,,Aggregated,998.900000,0.000000,260,300,340,380,600,1100,1500,1700,2300,2700,3300,211760,21,260.0,366.6764299511193,197.0822670000416,3330.988568000066,4514.552252550056
1776356340,587,,Aggregated,945.900000,0.000000,260,300,340,380,600,1100,1500,1700,2300,2700,3300,212613,21,260.0,366.6560293140545,197.0822670000416,3330.988568000066,4514.5540489057585
1776356341,587,,Aggregated,938.700000,0.000000,260,300,340,380,600,1000,1500,1700,2300,2700,3300,213527,21,260.0,366.6576825042129,197.0822670000416,3330.988568000066,4514.555957794565
1776356342,587,,Aggregated,933.700000,0.000000,260,300,340,380,600,1000,1500,1700,2300,2700,3300,214453,21,260.0,366.521058544138,197.0822670000416,3330.988568000066,4514.557875152132
1776356343,593,,Aggregated,915.700000,0.000000,260,300,340,380,600,1000,1500,1600,2300,2700,3300,215223,21,260.0,366.6432540850284,197.0822670000416,3330.988568000066,4514.559456935364
1776356344,593,,Aggregated,908.500000,0.000000,260,300,340,380,600,1000,1500,1600,2300,2700,3300,215980,21,260.0,366.9591583842105,197.0822670000416,3330.988568000066,4514.561001018613
1776356345,593,,Aggregated,910.400000,0.000000,260,300,340,380,600,1000,1500,1600,2300,2700,3300,216748,21,260.0,367.3428502828254,197.0822670000416,3330.988568000066,4514.562556517246
1776356346,593,,Aggregated,896.700000,0.000000,260,300,340,380,600,1000,1500,1600,2300,2700,3300,217588,21,260.0,367.6231811015076,197.0822670000416,3330.988568000066,4514.564245270879
1776356347,593,,Aggregated,872.700000,0.000000,260,300,340,380,610,1000,1500,1600,2300,2700,3300,218445,21,260.0,367.77319848452885,197.0822670000416,3330.988568000066,4514.565954817002
1776356348,593,,Aggregated,870.300000,0.000000,260,300,340,380,610,1000,1500,1600,2300,2700,3300,219220,21,260.0,367.9192677623525,197.0822670000416,3330.988568000066,4514.567489280175
1776356349,593,,Aggregated,850.500000,0.000000,260,300,340,380,610,1000,1500,1600,2300,2700,3300,220111,21,260.0,368.19240234467526,197.0822670000416,3330.988568000066,4514.56924006524
1776356350,593,,Aggregated,842.800000,0.000000,260,300,340,380,610,1000,1500,1600,2300,2700,3300,220995,21,260.0,368.0602139538399,197.0822670000416,3330.988568000066,4514.570963143962
1776356351,593,,Aggregated,831.400000,0.000000,260,300,340,380,610,1000,1500,1600,2300,2700,3300,221867,21,260.0,368.14635048398367,197.0822670000416,3330.988568000066,4514.572649380034
1776356352,593,,Aggregated,834.400000,0.000000,260,300,340,380,610,1000,1500,1600,2300,2700,3300,222730,21,260.0,368.29278524232933,197.0822670000416,3330.988568000066,4514.574305212589
1776356353,593,,Aggregated,832.800000,0.000000,260,300,340,380,610,1000,1500,1600,2300,2700,3300,223610,21,260.0,368.4069968196369,197.0822670000416,3330.988568000066,4514.575980501766
1776356354,593,,Aggregated,825.900000,0.000000,260,300,340,380,610,1000,1500,1600,2300,2700,3300,224554,21,260.0,368.24058565071255,197.0822670000416,3330.988568000066,4514.5777630325
1776356355,593,,Aggregated,819.700000,0.000000,260,300,340,380,610,1000,1500,1600,2300,2700,3300,225558,21,260.0,368.02498759688064,197.0822670000416,3330.988568000066,4514.579642486633
1776356356,593,,Aggregated,836.900000,0.000000,260,300,340,380,610,1000,1500,1600,2300,2700,3300,226449,21,260.0,367.8831447080666,197.0822670000416,3330.988568000066,4514.581296450857
1776356355,593,,Aggregated,819.700000,0.000000,260,300,340,380,610,1000,1500,1600,2300,2700,3300,227310,21,260.0,367.89432559355095,197.0822670000416,3330.988568000066,4514.582882407285
1776356356,593,,Aggregated,836.900000,0.000000,260,300,340,380,610,1000,1500,1600,2300,2700,3300,228272,21,260.0,367.8523825550748,197.0822670000416,3330.988568000066,4514.584640253733
1776356357,593,,Aggregated,857.800000,0.000000,260,300,340,390,610,1000,1500,1600,2300,2700,3300,229209,21,260.0,367.80212104621154,197.0822670000416,3330.988568000066,4514.586338232792
1776356358,593,,Aggregated,941.500000,0.000000,260,300,340,380,610,1000,1500,1600,2300,2700,3300,230215,21,260.0,367.4332588239649,197.0822670000416,3330.988568000066,4514.5881458636495
1776356359,593,,Aggregated,1036.800000,0.000000,260,300,340,380,610,1000,1500,1600,2300,2700,3300,231231,21,260.0,367.0424107199172,197.0822670000416,3330.988568000066,4514.5899554990465
1776356360,593,,Aggregated,1123.900000,0.000000,260,300,340,380,600,1000,1500,1600,2300,2700,3300,232174,21,260.0,366.81319914565256,197.0822670000416,3330.988568000066,4514.591620939468
1776356361,593,,Aggregated,1148.700000,0.000000,260,300,340,380,600,1000,1500,1600,2300,2700,3300,233199,21,260.0,366.4919979322629,197.0822670000416,3330.988568000066,4514.593415923739
1776356362,593,,Aggregated,1151.100000,0.000000,260,300,340,380,600,1000,1500,1600,2300,2700,3300,234104,21,260.0,366.27723158625207,197.0822670000416,3330.988568000066,4514.594987697776
1776356363,593,,Aggregated,1164.100000,0.000000,260,300,340,380,600,1000,1500,1600,2300,2700,3300,235131,21,260.0,366.031852739536,197.0822670000416,3330.988568000066,4514.596756701583
1776356364,593,,Aggregated,1174.100000,0.000000,260,300,340,380,600,1000,1500,1600,2300,2700,3300,236063,21,260.0,365.785830064105,197.0822670000416,3330.988568000066,4514.598348745885
1776356365,593,,Aggregated,1183.600000,0.000000,260,300,340,380,600,1000,1500,1600,2300,2700,3300,237100,21,260.0,365.48031999401456,197.0822670000416,3330.988568000066,4514.6001054407425
1776356366,574,,Aggregated,1187.000000,0.000000,260,300,340,380,590,1000,1500,1600,2300,2700,3300,238057,21,260.0,365.2425585172197,197.0822670000416,3330.988568000066,4514.601713035114
1776356367,574,,Aggregated,1192.300000,0.000000,270,300,340,380,590,1000,1500,1600,2300,2700,3300,238951,21,270.0,365.07283906480336,197.0822670000416,3330.988568000066,4514.603203167177
1776356368,574,,Aggregated,1124.900000,0.000000,270,300,340,380,590,1000,1500,1600,2300,2700,3300,239912,21,270.0,364.8476895170675,197.0822670000416,3330.988568000066,4514.604792590617
1776356369,574,,Aggregated,1039.400000,0.000000,270,300,340,380,590,1000,1500,1600,2300,2700,3300,240762,21,270.0,364.8207012527754,197.0822670000416,3330.988568000066,4514.606187853565
1776356370,574,,Aggregated,962.700000,0.000000,270,300,340,380,590,1000,1500,1600,2300,2700,3300,241726,21,270.0,364.44324572770614,197.0822670000416,3330.988568000066,4514.6077583710485
1776356371,574,,Aggregated,940.100000,0.000000,270,300,340,380,580,1000,1500,1600,2300,2700,3300,242677,21,270.0,364.24777444098277,197.0822670000416,3330.988568000066,4514.609295483297
1776356372,574,,Aggregated,947.800000,0.000000,270,300,340,380,580,1000,1500,1600,2300,2700,3300,243629,21,270.0,363.991827314348,197.0822670000416,3330.988568000066,4514.610822192761
1776356373,574,,Aggregated,943.600000,0.000000,270,300,340,380,580,1000,1500,1600,2300,2700,3300,244579,21,270.0,363.7648032615401,197.0822670000416,3330.988568000066,4514.612333847142
1776356374,574,,Aggregated,940.300000,0.000000,270,300,340,380,580,1000,1500,1600,2300,2700,3300,245498,21,270.0,363.6728272212618,197.0822670000416,3330.988568000066,4514.613785041019
1776356375,574,,Aggregated,938.900000,0.000000,270,300,340,380,580,1000,1500,1600,2300,2700,3300,246435,21,270.0,363.5515655378098,197.0822670000416,3330.988568000066,4514.615253515126
1776356376,574,,Aggregated,928.300000,0.000000,270,300,340,380,580,1000,1500,1600,2300,2700,3300,247411,21,270.0,363.26176539098117,197.0822670000416,3330.988568000066,4514.616771283411
1776356377,574,,Aggregated,917.300000,0.000000,270,300,340,380,570,1000,1500,1600,2200,2700,3300,248377,21,270.0,362.9390290429993,197.0822670000416,3330.988568000066,4514.618261755316
1776356378,574,,Aggregated,922.000000,0.000000,270,300,340,380,570,990,1500,1600,2200,2700,3300,249321,21,270.0,362.71009331364854,197.0822670000416,3330.988568000066,4514.619707124551
1776356379,574,,Aggregated,925.900000,0.000000,270,300,340,380,570,990,1500,1600,2200,2700,3300,250314,21,270.0,362.4422455894892,197.0822670000416,3330.988568000066,4514.621215753014
1776356380,574,,Aggregated,928.800000,0.000000,270,300,340,380,570,990,1500,1600,2200,2700,3300,251200,21,270.0,362.25134684791965,197.0822670000416,3330.988568000066,4514.622551751592
1776356381,574,,Aggregated,943.800000,0.000000,270,300,340,380,570,990,1400,1600,2200,2700,3300,252172,21,270.0,362.0519252502399,197.0822670000416,3330.988568000066,4514.624006630395
1776356382,574,,Aggregated,936.600000,0.000000,270,300,340,380,570,980,1400,1600,2200,2700,3300,253132,21,270.0,361.7813661617945,197.0822670000416,3330.988568000066,4514.625432580629
1776356383,574,,Aggregated,933.400000,0.000000,270,300,340,380,570,980,1400,1600,2200,2700,3300,254097,21,270.0,361.5280313855548,197.0822670000416,3330.988568000066,4514.626855098643
1776356384,574,,Aggregated,934.700000,0.000000,270,300,340,380,560,980,1400,1600,2200,2700,3300,255089,21,270.0,361.1632175011362,197.0822670000416,3330.988568000066,4514.6283061990125
1776356385,574,,Aggregated,933.800000,0.000000,270,300,340,380,560,980,1400,1600,2200,2700,3300,256061,21,270.0,360.89591716616474,197.0822670000416,3330.988568000066,4514.629717137714
1776356386,574,,Aggregated,944.900000,0.000000,270,300,340,380,560,980,1400,1600,2200,2700,3300,257055,21,270.0,360.58365659865115,197.0822670000416,3330.988568000066,4514.6311489759
1776356390,574,,Aggregated,922.000000,0.000000,270,300,340,380,560,980,1400,1600,2200,2700,3300,258026,21,270.0,360.29240276441624,197.0822670000416,3330.988568000066,4514.6325370311515
1776356386,574,,Aggregated,944.900000,0.000000,270,300,340,380,560,970,1400,1600,2200,2700,3300,259024,21,270.0,359.926727838873,197.0822670000416,3330.988568000066,4514.633952838347
1776356387,574,,Aggregated,951.300000,0.000000,270,300,340,370,560,970,1400,1600,2200,2700,3300,260000,21,270.0,359.6716602422014,197.0822670000416,3330.988568000066,4514.635326923077
1776356388,574,,Aggregated,1024.800000,0.000000,270,300,340,370,550,970,1400,1600,2200,2700,3300,260984,21,270.0,359.3295534489858,197.0822670000416,3330.988568000066,4514.636701866782
1776356389,534,,Aggregated,1123.000000,0.000000,270,300,340,370,550,970,1400,1600,2200,2700,3300,261837,21,270.0,359.12012492252046,197.0822670000416,3330.988568000066,4514.637885401987
1776356390,494,,Aggregated,1181.800000,0.000000,270,300,340,370,550,970,1400,1600,2200,2700,3300,262697,21,270.0,358.93153430480356,197.0822670000416,3330.988568000066,4514.6390708687195
1776356391,492,,Aggregated,1174.900000,0.000000,270,300,340,370,550,960,1400,1600,2200,2700,3300,263580,21,270.0,358.64588912531656,197.0822670000416,3330.988568000066,4514.640279990895
1776356392,492,,Aggregated,1159.300000,0.000000,270,300,340,370,550,960,1400,1600,2200,2700,3300,264405,21,270.0,358.37790633029243,197.0822670000416,3330.988568000066,4514.641402394054
1776356393,492,,Aggregated,1176.600000,0.000000,270,300,340,370,550,960,1400,1600,2200,2700,3300,265248,21,270.0,358.19099523034646,197.0822670000416,3330.988568000066,4514.642542073832
1776356394,492,,Aggregated,1167.100000,0.000000,270,300,340,370,550,960,1400,1600,2200,2700,3300,266075,21,270.0,357.95001911108085,197.0822670000416,3330.988568000066,4514.643653105328
1776356395,492,,Aggregated,1156.800000,0.000000,270,300,340,370,550,960,1400,1600,2200,2700,3300,266908,21,270.0,357.69421317880636,197.0822670000416,3330.988568000066,4514.64476523746
1776356396,492,,Aggregated,1144.500000,0.000000,270,300,340,370,550,960,1400,1600,2200,2700,3300,267722,21,270.0,357.4705715422221,197.0822670000416,3330.988568000066,4514.645845317157
1776356397,492,,Aggregated,1134.400000,0.000000,270,300,340,370,550,950,1400,1600,2200,2700,3300,268589,21,270.0,357.2681453477576,197.0822670000416,3330.988568000066,4514.646988521496
1776356398,492,,Aggregated,1041.300000,0.000000,270,300,340,370,540,950,1400,1600,2200,2700,3300,269436,21,270.0,357.01744251762926,197.0822670000416,3330.988568000066,4514.648098249677
1776356399,492,,Aggregated,933.400000,0.000000,270,300,340,370,540,950,1400,1600,2200,2700,3300,270320,21,270.0,356.71986932366013,197.0822670000416,3330.988568000066,4514.649249038177
1776356400,492,,Aggregated,862.200000,0.000000,270,300,340,370,540,950,1400,1600,2200,2700,3300,271223,21,270.0,356.3796979106664,197.0822670000416,3330.988568000066,4514.6504168156835
1776356401,492,,Aggregated,862.200000,0.000000,270,300,340,370,540,950,1400,1600,2200,2700,3300,272088,21,270.0,356.086802751568,197.0822670000416,3330.988568000066,4514.651528182058
1776356402,492,,Aggregated,868.200000,0.000000,270,300,340,370,540,940,1400,1600,2200,2700,3300,272919,21,270.0,355.8605251024252,197.0822670000416,3330.988568000066,4514.652589229771
1776356403,492,,Aggregated,847.700000,0.000000,270,300,340,370,540,940,1400,1600,2200,2700,3300,273720,21,270.0,355.6866311934268,197.0822670000416,3330.988568000066,4514.653605874616
1776356404,492,,Aggregated,847.100000,0.000000,270,300,340,370,540,940,1400,1600,2200,2700,3300,274406,21,270.0,355.79693552275,197.0822670000416,3330.988568000066,4514.654471840995
1776356405,492,,Aggregated,847.200000,0.000000,270,300,340,370,540,940,1400,1600,2200,2700,3300,275114,21,270.0,355.92296676859354,197.0822670000416,3330.988568000066,4514.655361050328
1776356406,492,,Aggregated,830.100000,0.000000,270,300,340,370,540,940,1400,1600,2200,2700,3300,275854,21,270.0,355.96531418124044,197.0822670000416,3330.988568000066,4514.656285571353
1776356407,492,,Aggregated,814.500000,0.000000,270,300,340,370,540,940,1400,1600,2200,2700,3300,276571,21,270.0,356.02063854674867,197.0822670000416,3330.988568000066,4514.657176638187
1776356408,492,,Aggregated,809.700000,0.000000,270,300,340,370,540,940,1400,1600,2200,2700,3300,277305,21,270.0,356.03174257819694,197.0822670000416,3330.988568000066,4514.658084059069
1776356409,492,,Aggregated,795.300000,0.000000,270,300,340,370,540,940,1400,1600,2200,2700,3300,278091,21,270.0,356.12431361829755,197.0822670000416,3330.988568000066,4514.6590504547075
1776356410,492,,Aggregated,787.500000,0.000000,270,300,340,370,540,930,1400,1600,2200,2700,3300,278848,21,270.0,356.0221547110251,197.0822670000416,3330.988568000066,4514.659976044297
1776356411,492,,Aggregated,771.000000,0.000000,270,300,340,370,540,930,1400,1600,2200,2700,3300,279649,21,270.0,355.9357641130089,197.0822670000416,3330.988568000066,4514.660949976578
1776356412,492,,Aggregated,763.500000,0.000000,270,300,340,370,540,930,1400,1600,2200,2700,3300,280465,21,270.0,355.8090321098667,197.0822670000416,3330.988568000066,4514.6619364270055
1776356413,452,,Aggregated,756.800000,0.000000,270,300,340,370,540,930,1400,1600,2200,2700,3300,281194,21,270.0,355.70465012425205,197.0822670000416,3330.988568000066,4514.662812862294
1776356414,450,,Aggregated,752.600000,0.000000,270,300,340,370,540,930,1400,1600,2200,2700,3300,281958,21,270.0,355.55465499887896,197.0822670000416,3330.988568000066,4514.663726512459
1776356415,450,,Aggregated,743.500000,0.000000,270,300,340,370,540,930,1400,1600,2200,2700,3300,282762,21,270.0,355.3275279037431,197.0822670000416,3330.988568000066,4514.664682665988
1776356416,450,,Aggregated,752.600000,0.000000,270,300,340,370,540,930,1400,1600,2200,2700,3300,283512,21,270.0,355.2031490668834,197.0822670000416,3330.988568000066,4514.665569711335
1776356417,450,,Aggregated,761.200000,0.000000,270,300,340,370,540,920,1400,1600,2200,2700,3300,284281,21,270.0,354.96201271698834,197.0822670000416,3330.988568000066,4514.666474368671
1776356415,450,,Aggregated,743.500000,0.000000,270,300,340,370,540,920,1400,1600,2200,2700,3300,285034,21,270.0,354.7999764523357,197.0822670000416,3330.988568000066,4514.6673554733825
1776356416,450,,Aggregated,752.600000,0.000000,270,300,340,370,540,920,1400,1600,2200,2700,3300,285780,21,270.0,354.70309668193806,197.0822670000416,3330.988568000066,4514.668223808524
1776356417,450,,Aggregated,761.200000,0.000000,270,300,340,370,540,920,1400,1600,2200,2700,3300,286574,21,270.0,354.46393448087895,197.0822670000416,3330.988568000066,4514.669143048567
1776356418,450,,Aggregated,812.800000,0.000000,270,300,340,370,540,920,1400,1600,2200,2700,3300,287384,21,270.0,354.20014639866,197.0822670000416,3330.988568000066,4514.67007557832
1776356419,450,,Aggregated,899.000000,0.000000,270,300,340,370,530,920,1400,1600,2200,2700,3300,288174,21,270.0,353.9416162144108,197.0822670000416,3330.988568000066,4514.670980032897
1776356420,450,,Aggregated,956.900000,0.000000,270,300,340,370,530,910,1400,1600,2200,2700,3300,288955,21,270.0,353.76193490973145,197.0822670000416,3330.988568000066,4514.671869322213
1776356421,450,,Aggregated,969.400000,0.000000,270,300,340,370,530,910,1400,1600,2200,2700,3300,289760,21,270.0,353.4975036124323,197.0822670000416,3330.988568000066,4514.672780922142
1776356422,450,,Aggregated,966.600000,0.000000,270,300,340,370,530,910,1400,1600,2200,2700,3300,290560,21,270.0,353.25432568059335,197.0822670000416,3330.988568000066,4514.6736818557265
1776356423,450,,Aggregated,962.600000,0.000000,270,300,340,370,530,910,1400,1600,2200,2700,3300,291338,21,270.0,353.01453766521735,197.0822670000416,3330.988568000066,4514.674553268025
1776356424,450,,Aggregated,966.900000,0.000000,270,300,340,370,530,910,1400,1600,2200,2700,3300,292106,21,270.0,352.8052152985363,197.0822670000416,3330.988568000066,4514.675408926896
1776356425,450,,Aggregated,972.100000,0.000000,270,300,340,370,530,910,1400,1600,2200,2700,3300,292915,21,270.0,352.59426648421305,197.0822670000416,3330.988568000066,4514.676305412833
1776356426,450,,Aggregated,974.800000,0.000000,270,300,330,370,530,900,1400,1600,2200,2700,3300,293725,21,270.0,352.33052188504666,197.0822670000416,3330.988568000066,4514.677198059409
1776356427,450,,Aggregated,972.000000,0.000000,270,300,330,370,530,900,1400,1600,2200,2700,3300,294536,21,270.0,352.08131458126877,197.0822670000416,3330.988568000066,4514.678086889209
1776356428,450,,Aggregated,922.600000,0.000000,270,300,330,370,530,900,1400,1600,2200,2700,3300,295274,21,270.0,351.8983407287858,197.0822670000416,3330.988568000066,4514.678891470296
1776356429,450,,Aggregated,847.200000,0.000000,270,300,330,370,530,900,1400,1600,2200,2700,3300,296023,21,270.0,351.8305051548545,197.0822670000416,3330.988568000066,4514.679703941923
1776356430,450,,Aggregated,793.800000,0.000000,270,300,330,370,530,900,1400,1600,2200,2700,3300,296734,21,270.0,351.662919639531,197.0822670000416,3330.988568000066,4514.680471398627
1776356431,450,,Aggregated,784.800000,0.000000,270,300,330,370,530,890,1400,1600,2200,2700,3300,297522,21,270.0,351.5547432181377,197.0822670000416,3330.988568000066,4514.681317684071
1776356432,450,,Aggregated,780.800000,0.000000,270,300,330,370,530,890,1400,1600,2200,2700,3300,298283,21,270.0,351.4397013112334,197.0822670000416,3330.988568000066,4514.682130728201
1776356433,450,,Aggregated,779.400000,0.000000,270,300,330,370,530,890,1400,1600,2200,2700,3300,299092,21,270.0,351.210286901662,197.0822670000416,3330.988568000066,4514.6829905179675
1776356434,450,,Aggregated,769.900000,0.000000,270,300,330,370,520,890,1400,1600,2200,2700,3300,299883,21,270.0,351.0180749300159,197.0822670000416,3330.988568000066,4514.68382669241
1776356436,450,,Aggregated,767.900000,0.000000,270,300,330,370,520,890,1400,1600,2200,2700,3300,299892,21,270.0,351.0721966259052,197.0822670000416,3330.988568000066,4514.683836181025
1776356437,0,,Aggregated,767.900000,0.000000,270,300,330,370,530,900,1400,1600,2200,2700,3300,300052,21,270.0,352.02653421027986,197.0822670000416,3330.988568000066,4514.684004772506
1776356438,0,,Aggregated,767.900000,0.000000,270,300,330,370,530,900,1400,1600,2200,2700,3300,300052,21,270.0,352.02653421027986,197.0822670000416,3330.988568000066,4514.684004772506
1776356439,0,,Aggregated,767.900000,0.000000,270,300,330,370,530,900,1400,1600,2200,2700,3300,300052,21,270.0,352.02653421027986,197.0822670000416,3330.988568000066,4514.684004772506
1776356440,0,,Aggregated,767.900000,0.000000,270,300,330,370,530,900,1400,1600,2200,2700,3300,300052,21,270.0,352.02653421027986,197.0822670000416,3330.988568000066,4514.684004772506
1776356441,0,,Aggregated,767.900000,0.000000,270,300,330,370,530,900,1400,1600,2200,2700,3300,300052,21,270.0,352.02653421027986,197.0822670000416,3330.988568000066,4514.684004772506
1776356442,0,,Aggregated,767.900000,0.000000,270,300,330,370,530,900,1400,1600,2200,2700,3300,300052,21,270.0,352.02653421027986,197.0822670000416,3330.988568000066,4514.684004772506
1776356443,0,,Aggregated,767.900000,0.000000,270,300,330,370,530,900,1400,1600,2200,2700,3300,300052,21,270.0,352.02653421027986,197.0822670000416,3330.988568000066,4514.684004772506
1776356444,0,,Aggregated,767.900000,0.000000,270,300,330,370,530,900,1400,1600,2200,2700,3300,300052,21,270.0,352.02653421027986,197.0822670000416,3330.988568000066,4514.684004772506
1776356445,0,,Aggregated,767.900000,0.000000,270,300,330,370,530,900,1400,1600,2200,2700,3300,300052,21,270.0,352.02653421027986,197.0822670000416,3330.988568000066,4514.684004772506
1776356446,0,,Aggregated,767.900000,0.000000,270,300,330,370,530,900,1400,1600,2200,2700,3300,300052,21,270.0,352.02653421027986,197.0822670000416,3330.988568000066,4514.684004772506
1776356445,0,,Aggregated,767.900000,0.000000,270,300,330,370,530,900,1400,1600,2200,2700,3300,300052,21,270.0,352.02653421027986,197.0822670000416,3330.988568000066,4514.684004772506
1776356446,0,,Aggregated,767.900000,0.000000,270,300,330,370,530,900,1400,1600,2200,2700,3300,300052,21,270.0,352.02653421027986,197.0822670000416,3330.988568000066,4514.684004772506
1776356447,0,,Aggregated,767.900000,0.000000,270,300,330,370,530,900,1400,1600,2200,2700,3300,300052,21,270.0,352.02653421027986,197.0822670000416,3330.988568000066,4514.684004772506
1776356448,0,,Aggregated,767.900000,0.000000,270,300,330,370,530,900,1400,1600,2200,2700,3300,300052,21,270.0,352.02653421027986,197.0822670000416,3330.988568000066,4514.684004772506
1776356449,0,,Aggregated,767.900000,0.000000,270,300,330,370,530,900,1400,1600,2200,2700,3300,300052,21,270.0,352.02653421027986,197.0822670000416,3330.988568000066,4514.684004772506
1776356450,0,,Aggregated,767.900000,0.000000,270,300,330,370,530,900,1400,1600,2200,2700,3300,300052,21,270.0,352.02653421027986,197.0822670000416,3330.988568000066,4514.684004772506
1776356451,0,,Aggregated,767.900000,0.000000,270,300,330,370,530,900,1400,1600,2200,2700,3300,300052,21,270.0,352.02653421027986,197.0822670000416,3330.988568000066,4514.684004772506
1776356452,0,,Aggregated,767.900000,0.000000,270,300,330,370,530,900,1400,1600,2200,2700,3300,300052,21,270.0,352.02653421027986,197.0822670000416,3330.988568000066,4514.684004772506
1776356453,0,,Aggregated,767.900000,0.000000,270,300,330,370,530,900,1400,1600,2200,2700,3300,300052,21,270.0,352.02653421027986,197.0822670000416,3330.988568000066,4514.684004772506
1776356454,0,,Aggregated,767.900000,0.000000,270,300,330,370,530,900,1400,1600,2200,2700,3300,300052,21,270.0,352.02653421027986,197.0822670000416,3330.988568000066,4514.684004772506
1776356455,0,,Aggregated,767.900000,0.000000,270,300,330,370,530,900,1400,1600,2200,2700,3300,300052,21,270.0,352.02653421027986,197.0822670000416,3330.988568000066,4514.684004772506
1776356456,0,,Aggregated,767.900000,0.000000,270,300,330,370,530,900,1400,1600,2200,2700,3300,300052,21,270.0,352.02653421027986,197.0822670000416,3330.988568000066,4514.684004772506
1776356457,0,,Aggregated,767.900000,0.000000,270,300,330,370,530,900,1400,1600,2200,2700,3300,300052,21,270.0,352.02653421027986,197.0822670000416,3330.988568000066,4514.684004772506
1776356458,0,,Aggregated,767.900000,0.000000,270,300,330,370,530,900,1400,1600,2200,2700,3300,300052,21,270.0,352.02653421027986,197.0822670000416,3330.988568000066,4514.684004772506
1776356459,0,,Aggregated,767.900000,0.000000,270,300,330,370,530,900,1400,1600,2200,2700,3300,300052,21,270.0,352.02653421027986,197.0822670000416,3330.988568000066,4514.684004772506
1776356460,0,,Aggregated,767.900000,0.000000,270,300,330,370,530,900,1400,1600,2200,2700,3300,300052,21,270.0,352.02653421027986,197.0822670000416,3330.988568000066,4514.684004772506
1776356461,0,,Aggregated,767.900000,0.000000,270,300,330,370,530,900,1400,1600,2200,2700,3300,300052,21,270.0,352.02653421027986,197.0822670000416,3330.988568000066,4514.684004772506
1776356462,0,,Aggregated,767.900000,0.000000,270,300,330,370,530,900,1400,1600,2200,2700,3300,300052,21,270.0,352.02653421027986,197.0822670000416,3330.988568000066,4514.684004772506
1776356463,0,,Aggregated,767.900000,0.000000,270,300,330,370,530,900,1400,1600,2200,2700,3300,300052,21,270.0,352.02653421027986,197.0822670000416,3330.988568000066,4514.684004772506
1776356464,0,,Aggregated,767.900000,0.000000,270,300,330,370,530,900,1400,1600,2200,2700,3300,300052,21,270.0,352.02653421027986,197.0822670000416,3330.988568000066,4514.684004772506
1776356465,0,,Aggregated,767.900000,0.000000,270,300,330,370,530,900,1400,1600,2200,2700,3300,300052,21,270.0,352.02653421027986,197.0822670000416,3330.988568000066,4514.684004772506
1776356466,0,,Aggregated,767.900000,0.000000,270,300,330,370,530,900,1400,1600,2200,2700,3300,300052,21,270.0,352.02653421027986,197.0822670000416,3330.988568000066,4514.684004772506
1776356467,0,,Aggregated,767.900000,0.000000,270,300,330,370,530,900,1400,1600,2200,2700,3300,300052,21,270.0,352.02653421027986,197.0822670000416,3330.988568000066,4514.684004772506
1776356468,0,,Aggregated,767.900000,0.000000,270,300,330,370,530,900,1400,1600,2200,2700,3300,300052,21,270.0,352.02653421027986,197.0822670000416,3330.988568000066,4514.684004772506
1776356469,0,,Aggregated,767.900000,0.000000,270,300,330,370,530,900,1400,1600,2200,2700,3300,300052,21,270.0,352.02653421027986,197.0822670000416,3330.988568000066,4514.684004772506
1776356470,0,,Aggregated,767.900000,0.000000,270,300,330,370,530,900,1400,1600,2200,2700,3300,300052,21,270.0,352.02653421027986,197.0822670000416,3330.988568000066,4514.684004772506
1776356471,0,,Aggregated,767.900000,0.000000,270,300,330,370,530,900,1400,1600,2200,2700,3300,300052,21,270.0,352.02653421027986,197.0822670000416,3330.988568000066,4514.684004772506
1776356472,0,,Aggregated,767.900000,0.000000,270,300,330,370,530,900,1400,1600,2200,2700,3300,300052,21,270.0,352.02653421027986,197.0822670000416,3330.988568000066,4514.684004772506
1776356473,0,,Aggregated,767.900000,0.000000,270,300,330,370,530,900,1400,1600,2200,2700,3300,300052,21,270.0,352.02653421027986,197.0822670000416,3330.988568000066,4514.684004772506
1776356474,0,,Aggregated,767.900000,0.000000,270,300,330,370,530,900,1400,1600,2200,2700,3300,300052,21,270.0,352.02653421027986,197.0822670000416,3330.988568000066,4514.684004772506
1776356475,0,,Aggregated,767.900000,0.000000,270,300,330,370,530,900,1400,1600,2200,2700,3300,300052,21,270.0,352.02653421027986,197.0822670000416,3330.988568000066,4514.684004772506
1776356476,0,,Aggregated,767.900000,0.000000,270,300,330,370,530,900,1400,1600,2200,2700,3300,300052,21,270.0,352.02653421027986,197.0822670000416,3330.988568000066,4514.684004772506
1776356477,0,,Aggregated,767.900000,0.000000,270,300,330,370,530,900,1400,1600,2200,2700,3300,300052,21,270.0,352.02653421027986,197.0822670000416,3330.988568000066,4514.684004772506
1776356476,0,,Aggregated,767.900000,0.000000,270,300,330,370,530,900,1400,1600,2200,2700,3300,300052,21,270.0,352.02653421027986,197.0822670000416,3330.988568000066,4514.684004772506
1776356477,0,,Aggregated,767.900000,0.000000,270,300,330,370,530,900,1400,1600,2200,2700,3300,300052,21,270.0,352.02653421027986,197.0822670000416,3330.988568000066,4514.684004772506
1776356478,0,,Aggregated,767.900000,0.000000,270,300,330,370,530,900,1400,1600,2200,2700,3300,300052,21,270.0,352.02653421027986,197.0822670000416,3330.988568000066,4514.684004772506
1776356479,0,,Aggregated,767.900000,0.000000,270,300,330,370,530,900,1400,1600,2200,2700,3300,300052,21,270.0,352.02653421027986,197.0822670000416,3330.988568000066,4514.684004772506
1776356480,0,,Aggregated,767.900000,0.000000,270,300,330,370,530,900,1400,1600,2200,2700,3300,300052,21,270.0,352.02653421027986,197.0822670000416,3330.988568000066,4514.684004772506
1776356481,0,,Aggregated,767.900000,0.000000,270,300,330,370,530,900,1400,1600,2200,2700,3300,300052,21,270.0,352.02653421027986,197.0822670000416,3330.988568000066,4514.684004772506
1776356482,0,,Aggregated,767.900000,0.000000,270,300,330,370,530,900,1400,1600,2200,2700,3300,300052,21,270.0,352.02653421027986,197.0822670000416,3330.988568000066,4514.684004772506
1776356483,0,,Aggregated,767.900000,0.000000,270,300,330,370,530,900,1400,1600,2200,2700,3300,300052,21,270.0,352.02653421027986,197.0822670000416,3330.988568000066,4514.684004772506
1776356484,0,,Aggregated,767.900000,0.000000,270,300,330,370,530,900,1400,1600,2200,2700,3300,300052,21,270.0,352.02653421027986,197.0822670000416,3330.988568000066,4514.684004772506
1776356485,0,,Aggregated,767.900000,0.000000,270,300,330,370,530,900,1400,1600,2200,2700,3300,300052,21,270.0,352.02653421027986,197.0822670000416,3330.988568000066,4514.684004772506
1776356486,0,,Aggregated,767.900000,0.000000,270,300,330,370,530,900,1400,1600,2200,2700,3300,300052,21,270.0,352.02653421027986,197.0822670000416,3330.988568000066,4514.684004772506
1776356487,0,,Aggregated,767.900000,0.000000,270,300,330,370,530,900,1400,1600,2200,2700,3300,300052,21,270.0,352.02653421027986,197.0822670000416,3330.988568000066,4514.684004772506
1776356488,0,,Aggregated,767.900000,0.000000,270,300,330,370,530,900,1400,1600,2200,2700,3300,300052,21,270.0,352.02653421027986,197.0822670000416,3330.988568000066,4514.684004772506
1776356489,0,,Aggregated,767.900000,0.000000,270,300,330,370,530,900,1400,1600,2200,2700,3300,300052,21,270.0,352.02653421027986,197.0822670000416,3330.988568000066,4514.684004772506
1776356490,0,,Aggregated,767.900000,0.000000,270,300,330,370,530,900,1400,1600,2200,2700,3300,300052,21,270.0,352.02653421027986,197.0822670000416,3330.988568000066,4514.684004772506
1776356491,0,,Aggregated,767.900000,0.000000,270,300,330,370,530,900,1400,1600,2200,2700,3300,300052,21,270.0,352.02653421027986,197.0822670000416,3330.988568000066,4514.684004772506
1776356492,0,,Aggregated,767.900000,0.000000,270,300,330,370,530,900,1400,1600,2200,2700,3300,300052,21,270.0,352.02653421027986,197.0822670000416,3330.988568000066,4514.684004772506
1776356493,0,,Aggregated,767.900000,0.000000,270,300,330,370,530,900,1400,1600,2200,2700,3300,300052,21,270.0,352.02653421027986,197.0822670000416,3330.988568000066,4514.684004772506
