Timestamp,User Count,Type,Name,Requests/s,Failures/s,50%,66%,75%,80%,90%,95%,98%,99%,99.9%,99.99%,100%,Total Request Count,Total Failure Count,Total Median Response Time,Total Average Response Time,Total Min Response Time,Total Max Response Time,Total Average Content Size
1776013137,0,,Aggregated,0.000000,0.000000,N/A,N/A,N/A,N/A,N/A,N/A,N/A,N/A,N/A,N/A,N/A,0,0,0,0.0,0,0,0
1776013138,10,,Aggregated,0.000000,0.000000,420,420,420,430,430,460,460,460,460,460,460,18,0,420.0,331.1226966667265,203.56204000017897,456.06737000071007,4515.0
1776013139,20,,Aggregated,0.000000,0.000000,220,410,420,420,440,450,460,460,460,460,460,51,0,220.0,300.01358372557627,201.83383000039612,460.4934400003913,4515.0
1776013146,30,,Aggregated,12.857143,0.000000,220,230,410,420,430,440,450,460,460,460,460,105,0,220.0,278.6330517143489,201.83383000039612,460.4934400003913,4515.0
1776013141,40,,Aggregated,11.000000,0.000000,230,230,260,410,430,440,450,460,460,460,460,176,0,230.0,270.3924131250594,201.83383000039612,460.4934400003913,4515.0
1776013142,50,,Aggregated,20.666667,0.000000,230,230,250,280,430,440,450,450,460,460,460,268,0,230.0,264.7528420522894,201.83383000039612,460.4934400003913,4515.0
1776013143,50,,Aggregated,36.000000,0.000000,230,230,250,260,420,430,440,450,460,460,460,360,0,230.0,257.5360519722429,201.83383000039612,460.4934400003913,4515.0
1776013144,50,,Aggregated,46.400000,0.000000,230,230,250,260,410,430,440,450,460,460,460,455,0,230.0,253.2980090989157,201.83383000039612,460.4934400003913,4515.0
1776013145,50,,Aggregated,54.833333,0.000000,230,230,240,250,290,430,440,450,460,460,460,544,0,230.0,249.25399751838754,201.83383000039612,460.4934400003913,4515.0
1776013145,50,,Aggregated,54.833333,0.000000,230,230,240,250,280,420,440,450,460,460,460,640,0,230.0,246.35781173438264,201.83383000039612,460.4934400003913,4515.0
1776013146,50,,Aggregated,59.285714,0.000000,230,230,240,240,270,420,440,440,460,460,460,730,0,230.0,243.90250515069738,201.83383000039612,460.4934400003913,4515.0
1776013147,50,,Aggregated,64.125000,0.000000,230,230,230,240,270,420,430,440,460,460,460,829,0,230.0,241.9200656936134,201.83383000039612,460.4934400003913,4515.0
1776013148,50,,Aggregated,69.222222,0.000000,230,230,240,240,270,410,430,440,460,460,460,926,0,230.0,241.42574856372053,201.83383000039612,460.4934400003913,4515.0
1776013149,50,,Aggregated,73.800000,0.000000,230,230,240,240,270,320,430,440,460,460,460,1020,0,230.0,240.76500357843668,201.83383000039612,460.4934400003913,4515.0
1776013156,50,,Aggregated,67.800000,0.000000,230,230,230,240,270,310,430,440,460,460,460,1118,0,230.0,239.4784985330927,201.83383000039612,460.4934400003913,4515.0
1776013151,50,,Aggregated,90.700000,0.000000,230,230,230,240,260,310,430,440,460,460,460,1214,0,230.0,238.33533903624343,201.83383000039612,460.4934400003913,4515.0
1776013152,50,,Aggregated,96.200000,0.000000,230,230,230,240,260,290,430,440,460,460,460,1306,0,230.0,237.74102960184084,201.83383000039612,460.4934400003913,4515.0
1776013153,50,,Aggregated,99.400000,0.000000,230,230,230,240,250,290,430,440,460,460,460,1401,0,230.0,237.10157076374693,201.83383000039612,460.4934400003913,4515.0
1776013154,50,,Aggregated,103.100000,0.000000,230,230,230,240,250,290,420,440,460,460,460,1496,0,230.0,236.68063301471258,201.83383000039612,460.4934400003913,4515.0
1776013155,50,,Aggregated,102.400000,0.000000,230,230,230,240,250,290,420,440,460,460,460,1589,0,230.0,236.3616481749593,201.83383000039612,460.4934400003913,4515.0
1776013155,50,,Aggregated,102.400000,0.000000,230,230,230,240,250,280,420,430,460,460,460,1683,0,230.0,235.79592411764963,201.83383000039612,460.4934400003913,4515.0
1776013156,50,,Aggregated,103.200000,0.000000,230,230,230,240,250,280,420,430,460,460,460,1786,0,230.0,235.4148798096317,201.83383000039612,460.4934400003913,4515.0
1776013157,50,,Aggregated,102.400000,0.000000,230,230,230,240,250,280,420,430,460,460,460,1880,0,230.0,235.23261060106384,201.83383000039612,460.4934400003913,4515.0
1776013158,50,,Aggregated,103.200000,0.000000,230,230,230,240,250,280,420,430,460,460,460,1969,0,230.0,235.0412324581013,201.83383000039612,460.4934400003913,4515.0
1776013159,50,,Aggregated,104.400000,0.000000,230,230,230,240,250,270,420,430,450,460,460,2066,0,230.0,234.7013136495667,201.83383000039612,460.4934400003913,4515.0
1776013166,50,,Aggregated,69.100000,0.000000,230,230,230,230,250,270,420,430,460,640,640,2162,0,230.0,234.4939166697529,201.83383000039612,638.0177099999855,4515.0
1776013161,50,,Aggregated,103.800000,0.000000,230,230,230,230,250,270,420,430,460,640,640,2253,0,230.0,234.38590838881865,201.83383000039612,638.0177099999855,4515.0
1776013162,50,,Aggregated,104.000000,0.000000,230,230,230,230,250,270,420,430,460,640,640,2348,0,230.0,234.20456169506343,201.83383000039612,638.0177099999855,4515.0
1776013163,50,,Aggregated,104.300000,0.000000,230,230,230,230,250,270,420,430,460,640,640,2446,0,230.0,234.17281800899823,201.83383000039612,638.0177099999855,4515.0
1776013164,50,,Aggregated,103.300000,0.000000,230,230,230,230,250,270,420,430,460,640,640,2538,0,230.0,234.01071872340665,201.83383000039612,638.0177099999855,4515.0
1776013165,50,,Aggregated,104.400000,0.000000,230,230,230,230,250,270,410,430,460,640,640,2636,0,230.0,233.8869382321712,201.83383000039612,638.0177099999855,4515.0
1776013165,50,,Aggregated,104.400000,0.000000,230,230,230,230,250,270,410,430,460,640,640,2733,0,230.0,233.63667572996826,201.83383000039612,638.0177099999855,4515.0
1776013166,50,,Aggregated,104.800000,0.000000,230,230,230,230,250,270,410,430,460,640,640,2825,0,230.0,233.43256250619453,201.83383000039612,638.0177099999855,4515.0
1776013167,50,,Aggregated,104.700000,0.000000,230,230,230,230,240,270,410,430,460,640,640,2923,0,230.0,233.16841494697113,201.83383000039612,638.0177099999855,4515.0
1776013168,50,,Aggregated,104.400000,0.000000,230,230,230,230,240,260,410,430,450,640,640,3020,0,230.0,232.94358202317795,201.83383000039612,638.0177099999855,4515.0
1776013169,50,,Aggregated,103.200000,0.000000,230,230,230,230,240,260,400,430,450,640,640,3112,0,230.0,232.76591260604064,201.83383000039612,638.0177099999855,4515.0
1776013177,50,,Aggregated,59.900000,0.000000,230,230,230,230,240,260,400,430,450,640,640,3205,0,230.0,232.72592165678566,201.83383000039612,638.0177099999855,4515.0
1776013171,50,,Aggregated,104.300000,0.000000,230,230,230,230,240,260,400,430,450,640,640,3299,0,230.0,232.56938823885991,201.83383000039612,638.0177099999855,4515.0
1776013172,50,,Aggregated,104.100000,0.000000,230,230,230,230,240,260,400,430,450,640,640,3393,0,230.0,232.47372598879988,201.83383000039612,638.0177099999855,4515.0
1776013173,50,,Aggregated,103.800000,0.000000,230,230,230,230,240,260,330,420,450,640,640,3487,0,230.0,232.37116337539322,201.83383000039612,638.0177099999855,4515.0
1776013174,50,,Aggregated,103.500000,0.000000,230,230,230,230,240,260,320,420,450,640,640,3583,0,230.0,232.21929523025224,201.83383000039612,638.0177099999855,4515.0
1776013175,50,,Aggregated,103.400000,0.000000,230,230,230,230,240,260,320,420,450,640,640,3673,0,230.0,232.03289715491206,201.83383000039612,638.0177099999855,4515.0
1776013175,50,,Aggregated,103.400000,0.000000,230,230,230,230,240,260,310,420,450,640,640,3770,0,230.0,231.9542040159121,201.83383000039612,638.0177099999855,4515.0
1776013176,50,,Aggregated,103.200000,0.000000,230,230,230,230,240,260,320,420,450,640,640,3864,0,230.0,231.93044465061743,201.83383000039612,638.0177099999855,4515.0
1776013177,50,,Aggregated,104.300000,0.000000,230,230,230,230,240,260,320,420,450,640,640,3961,0,230.0,231.88693941428525,201.83383000039612,638.0177099999855,4515.0
1776013178,50,,Aggregated,103.800000,0.000000,230,230,230,230,240,260,320,420,450,640,640,4053,0,230.0,231.87909144830627,201.83383000039612,638.0177099999855,4515.0
1776013179,50,,Aggregated,103.900000,0.000000,230,230,230,230,240,260,320,420,450,640,640,4150,0,230.0,231.8225811132484,201.83383000039612,638.0177099999855,4515.0
1776013187,50,,Aggregated,59.700000,0.000000,230,230,230,230,240,260,310,420,450,640,640,4249,0,230.0,231.73416216050242,201.83383000039612,638.0177099999855,4515.0
1776013181,50,,Aggregated,104.600000,0.000000,230,230,230,230,240,260,310,420,450,640,640,4345,0,230.0,231.810028253158,201.83383000039612,638.0177099999855,4515.0
1776013182,50,,Aggregated,104.800000,0.000000,230,230,230,230,240,260,310,420,450,640,640,4438,0,230.0,231.76198013744283,201.83383000039612,638.0177099999855,4515.0
1776013183,50,,Aggregated,104.300000,0.000000,230,230,230,230,240,260,310,420,450,640,640,4534,0,230.0,231.74494086457184,201.83383000039612,638.0177099999855,4515.0
1776013184,50,,Aggregated,104.700000,0.000000,230,230,230,230,240,260,310,420,450,640,640,4627,0,230.0,231.6474268597296,201.83383000039612,638.0177099999855,4515.0
1776013185,50,,Aggregated,104.600000,0.000000,230,230,230,230,240,260,310,420,450,640,640,4720,0,230.0,231.52755522245238,201.83383000039612,638.0177099999855,4515.0
1776013185,50,,Aggregated,104.600000,0.000000,230,230,230,230,240,260,310,420,450,640,640,4817,0,230.0,231.53109902220766,201.83383000039612,638.0177099999855,4515.0
1776013186,50,,Aggregated,104.300000,0.000000,230,230,230,230,240,250,300,420,450,640,640,4914,0,230.0,231.42666544362538,201.83383000039612,638.0177099999855,4515.0
1776013187,50,,Aggregated,103.900000,0.000000,230,230,230,230,240,250,300,420,450,640,640,5009,0,230.0,231.42918424834755,201.83383000039612,638.0177099999855,4515.0
1776013188,50,,Aggregated,104.800000,0.000000,230,230,230,230,240,250,300,420,450,640,640,5105,0,230.0,231.37248452105231,201.83383000039612,638.0177099999855,4515.0
1776013189,50,,Aggregated,104.200000,0.000000,230,230,230,230,240,250,300,420,450,640,640,5199,0,230.0,231.34985790920808,201.83383000039612,638.0177099999855,4515.0
1776013197,50,,Aggregated,60.200000,0.000000,230,230,230,230,240,250,300,420,450,640,640,5288,0,230.0,231.27023992057033,201.83383000039612,638.0177099999855,4515.0
1776013191,50,,Aggregated,103.700000,0.000000,230,230,230,230,240,250,290,420,450,640,640,5385,0,230.0,231.2256908709324,201.83383000039612,638.0177099999855,4515.0
1776013192,50,,Aggregated,104.000000,0.000000,230,230,230,230,240,250,290,420,450,640,640,5484,0,230.0,231.14589454047663,201.83383000039612,638.0177099999855,4515.0
1776013193,80,,Aggregated,104.800000,0.000000,230,230,230,230,240,260,400,430,460,640,640,5621,0,230.0,232.15295471623682,198.4701399996993,638.0177099999855,4515.0
1776013194,110,,Aggregated,105.200000,0.000000,230,230,230,230,240,260,420,430,460,640,640,5824,7,230.0,233.0951604996505,155.36609000082535,638.0177099999855,4509.573317307692
1776013195,140,,Aggregated,107.700000,0.000000,230,230,230,230,240,270,420,440,510,640,640,6075,7,230.0,234.53409725596117,155.36609000082535,638.0177099999855,4509.797530864197
1776013195,170,,Aggregated,107.700000,0.000000,230,230,230,230,250,280,430,450,570,640,640,6374,7,230.0,235.95529083777348,155.36609000082535,638.0177099999855,4510.041575149043
1776013196,200,,Aggregated,116.400000,0.700000,230,230,230,240,250,290,430,460,570,640,640,6719,7,230.0,237.4368899895774,155.36609000082535,638.0177099999855,4510.296175026046
1776013197,230,,Aggregated,129.900000,0.700000,230,230,230,240,260,310,440,470,620,680,680,7099,7,230.0,240.0529466347328,155.36609000082535,680.6804400002875,4510.547964502042
1776013198,260,,Aggregated,153.400000,0.700000,230,230,240,240,280,410,460,490,750,780,780,7507,7,230.0,245.60154919674568,155.36609000082535,781.7206099998657,4510.789929399228
1776013199,290,,Aggregated,177.300000,0.700000,230,230,240,250,300,410,460,510,760,780,780,8001,7,230.0,248.95166595800245,155.36609000082535,781.7206099998657,4511.049868766404
1776013200,320,,Aggregated,206.000000,0.700000,230,230,240,250,320,420,470,540,760,870,870,8436,7,230.0,253.0184702204814,155.36609000082535,873.1783500006713,4511.253556187767
1776013201,350,,Aggregated,240.700000,0.700000,230,240,250,270,390,470,590,630,830,890,890,8841,7,230.0,264.68588391697426,155.36609000082535,885.8262600006128,4511.4251781472685
1776013202,380,,Aggregated,279.400000,0.700000,230,240,260,290,430,550,730,820,1900,2000,2000,9111,7,230.0,279.90279699703325,155.36609000082535,1951.4909699992131,4511.5311162331245
1776013203,410,,Aggregated,319.400000,0.700000,230,240,270,300,460,650,890,1100,1900,2100,2100,9337,7,230.0,298.2119237924359,155.36609000082535,2051.6491600001245,4511.615079790083
1776013204,440,,Aggregated,343.400000,0.700000,230,240,280,320,530,780,1200,1400,2500,2700,2700,9577,7,230.0,320.909911898296,155.36609000082535,2657.1321700002954,4511.699906024851
1776013205,460,,Aggregated,360.000000,0.700000,230,250,290,360,620,940,1300,1800,2500,2700,2700,9811,7,230.0,345.7004738517969,155.36609000082535,2657.1321700002954,4511.778615839364
1776013205,470,,Aggregated,360.000000,0.700000,230,250,310,410,750,1200,1500,2400,3000,3400,3400,10068,7,230.0,378.2713962991638,155.36609000082535,3394.1273300006287,4511.86084624553
1776013206,479,,Aggregated,366.300000,0.000000,230,260,340,440,880,1300,1800,2500,4700,5600,5600,10331,7,230.0,411.64532812021923,155.36609000082535,5575.8850399997755,4511.940760816959
1776013207,488,,Aggregated,365.700000,0.000000,230,270,390,490,1100,1400,2100,2600,4700,5600,5600,10629,7,230.0,439.7769733700246,155.36609000082535,5575.8850399997755,4512.026531188259
1776013208,497,,Aggregated,360.300000,0.000000,230,280,430,570,1200,1500,2400,2600,5300,5600,5600,10886,7,230.0,464.39295884530463,155.36609000082535,5575.8850399997755,4512.096729744626
1776013209,504,,Aggregated,358.900000,0.000000,230,290,460,660,1200,1500,2400,2600,5300,5600,5600,11158,7,230.0,489.92928570621785,155.36609000082535,5575.8850399997755,4512.167503136763
1776013210,512,,Aggregated,352.900000,0.000000,240,310,520,760,1300,1600,2400,2700,5300,5600,5600,11434,7,240.0,512.0309857582641,155.36609000082535,5575.8850399997755,4512.235875459157
1776013211,518,,Aggregated,333.700000,0.000000,240,330,600,860,1300,1600,2500,2800,5300,6000,6100,11704,7,240.0,538.072141221804,155.36609000082535,6065.369089999876,4512.2996411483255
1776013212,524,,Aggregated,312.900000,0.000000,240,370,670,960,1400,1600,2600,2900,5300,6000,6100,11953,7,240.0,561.213410942023,155.36609000082535,6065.369089999876,4512.355893917845
1776013213,530,,Aggregated,295.200000,0.000000,240,410,750,1100,1400,1700,2600,3000,5400,6000,6100,12186,7,240.0,585.8613015944528,155.36609000082535,6065.369089999876,4512.406450024619
1776013214,535,,Aggregated,290.600000,0.000000,240,430,820,1100,1500,1800,2800,3000,5400,6000,6100,12383,7,240.0,608.1518403577489,155.36609000082535,6065.369089999876,4512.447710570944
1776013215,539,,Aggregated,287.000000,0.000000,240,450,900,1200,1500,2100,2900,3100,5400,6000,6100,12589,7,240.0,634.0193766470733,155.36609000082535,6065.369089999876,4512.489474938438
1776013215,542,,Aggregated,287.000000,0.000000,240,470,970,1200,1600,2400,2900,3200,5400,6000,6100,12785,14,240.0,660.6235186656247,155.36609000082535,6065.369089999876,4510.055924912006
1776013216,545,,Aggregated,283.600000,0.000000,250,510,1100,1200,1700,2500,3000,3200,5300,6000,6100,13004,21,250.0,689.5981844263324,155.36609000082535,6065.369089999876,4507.708781913258
1776013217,547,,Aggregated,280.400000,0.000000,250,580,1100,1300,1800,2500,3000,3200,5500,6000,6100,13263,26,250.0,721.1322676423149,155.36609000082535,6065.369089999876,4506.149061298349
1776013218,549,,Aggregated,274.300000,0.400000,250,640,1200,1400,1900,2500,3000,3200,5500,6100,6100,13510,33,250.0,744.1918228304971,155.36609000082535,6146.283989999574,4503.9715025906735
1776013219,549,,Aggregated,267.400000,1.100000,260,720,1200,1400,2000,2500,3000,3200,5500,6100,6100,13769,39,260.0,765.3810984101985,155.36609000082535,6146.283989999574,4502.211489578038
1776013220,549,,Aggregated,261.600000,1.600000,270,790,1300,1400,2100,2500,3000,3200,5500,6100,6100,14012,39,270.0,784.0917690658024,155.36609000082535,6146.283989999574,4502.433271481587
1776013221,549,,Aggregated,262.400000,2.400000,270,870,1300,1500,2100,2500,3000,3200,5500,6100,6100,14252,39,270.0,804.897083733512,155.36609000082535,6146.283989999574,4502.64489194499
1776013222,547,,Aggregated,259.700000,2.900000,280,950,1400,1500,2200,2500,3000,3200,5500,6100,6100,14536,39,280.0,826.0765273046242,155.36609000082535,6146.283989999574,4502.886282333517
1776013223,545,,Aggregated,251.400000,2.900000,290,1000,1400,1600,2200,2500,3000,3200,5500,6100,6100,14800,39,290.0,841.9565963168933,155.36609000082535,6146.283989999574,4503.102364864865
1776013224,543,,Aggregated,251.000000,3.200000,300,1100,1400,1600,2100,2500,3000,3200,5500,6100,6100,15080,39,300.0,858.6321841147229,155.36609000082535,6146.283989999574,4503.323275862069
1776013225,539,,Aggregated,257.200000,3.200000,330,1100,1400,1600,2100,2500,3000,3200,5500,6100,6100,15415,39,330.0,872.8961602030503,155.36609000082535,6146.283989999574,4503.577035355173
1776013226,535,,Aggregated,262.500000,3.200000,360,1200,1500,1600,2100,2500,3000,3200,5500,6100,6100,15707,39,360.0,883.8281497644377,155.36609000082535,6146.283989999574,4503.78939326415
1776013227,531,,Aggregated,274.500000,3.200000,400,1200,1500,1700,2100,2500,2900,3200,5400,6100,6100,16010,39,390.0,894.6118325415381,155.36609000082535,6146.283989999574,4504.001561524047
1776013228,525,,Aggregated,288.200000,2.800000,420,1200,1500,1700,2100,2500,2900,3200,5400,6100,6100,16348,39,420.0,905.8630131520698,155.36609000082535,6146.283989999574,4504.2289576706635
1776013229,519,,Aggregated,297.400000,2.100000,450,1200,1500,1700,2100,2500,2900,3200,5400,6100,6100,16740,39,450.0,912.7462355591416,155.36609000082535,6146.283989999574,4504.481182795699
1776013230,513,,Aggregated,305.600000,1.600000,500,1200,1500,1600,2000,2500,2900,3200,5400,6100,6100,17148,39,500.0,914.8605815675326,155.36609000082535,6146.283989999574,4504.731455563331
1776013230,506,,Aggregated,305.600000,1.600000,550,1200,1500,1600,2000,2500,2900,3200,5400,6100,6100,17517,39,550.0,916.0018672078581,155.36609000082535,6146.283989999574,4504.947765028258
1776013231,498,,Aggregated,319.400000,0.800000,590,1200,1500,1600,2000,2500,2900,3200,5400,6100,6100,17864,39,590.0,919.2975662007406,155.36609000082535,6146.283989999574,4505.14302507837
1776013232,490,,Aggregated,334.500000,0.300000,630,1200,1400,1600,2000,2400,2900,3200,5400,6100,6100,18223,39,630.0,921.8682580996557,155.36609000082535,6146.283989999574,4505.337211216594
1776013233,481,,Aggregated,353.700000,0.300000,660,1200,1400,1600,2000,2400,2900,3200,5400,6100,6100,18600,39,660.0,924.5853608779579,155.36609000082535,6146.283989999574,4505.533064516129
1776013234,472,,Aggregated,359.900000,0.000000,690,1200,1400,1600,2000,2400,2900,3200,5400,6100,6100,19025,39,690.0,925.1396314706972,155.36609000082535,6146.283989999574,4505.744546649146
1776013235,462,,Aggregated,370.200000,0.000000,700,1200,1400,1600,2000,2400,2900,3200,5400,6100,6100,19458,39,700.0,921.8962318927954,155.36609000082535,6146.283989999574,4505.950508788159
1776013236,452,,Aggregated,384.100000,0.000000,710,1200,1400,1600,2000,2400,2900,3200,5400,6100,6100,19872,39,710.0,919.8236546547914,155.36609000082535,6146.283989999574,4506.139039855072
1776013237,441,,Aggregated,394.600000,0.000000,710,1200,1400,1600,1900,2400,2900,3200,5300,6000,6100,20308,39,710.0,916.3533598852681,155.36609000082535,6146.283989999574,4506.329279101832
1776013238,430,,Aggregated,408.000000,0.000000,700,1200,1400,1500,1900,2400,2900,3100,5300,6000,6100,20757,39,700.0,911.2360711075783,155.36609000082535,6146.283989999574,4506.516837693308
1776013239,419,,Aggregated,418.600000,0.000000,700,1100,1400,1500,1900,2400,2800,3100,5300,6000,6100,21206,39,700.0,905.2854516674515,155.36609000082535,6146.283989999574,4506.696453833821
1776013240,407,,Aggregated,433.400000,0.000000,700,1100,1400,1500,1900,2400,2800,3100,5300,6000,6100,21634,39,700.0,900.8633552496071,155.36609000082535,6146.283989999574,4506.860728482943
1776013240,395,,Aggregated,433.400000,0.000000,690,1100,1300,1500,1900,2400,2800,3100,5300,6000,6100,22135,39,690.0,893.4674838269693,155.36609000082535,6146.283989999574,4507.04495143438
1776013241,383,,Aggregated,440.700000,0.000000,670,1100,1300,1500,1900,2400,2800,3100,5300,6000,6100,22585,39,670.0,886.0691993956139,155.36609000082535,6146.283989999574,4507.203453619659
1776013242,370,,Aggregated,443.000000,0.000000,670,1000,1300,1500,1900,2300,2800,3100,5300,6000,6100,23012,39,670.0,880.5437177103225,155.36609000082535,6146.283989999574,4507.348122718581
1776013243,357,,Aggregated,456.500000,0.000000,660,1000,1300,1500,1900,2300,2800,3100,5300,6000,6100,23454,39,660.0,873.6294670866364,155.36609000082535,6146.283989999574,4507.492325402916
1776013244,344,,Aggregated,465.000000,0.000000,650,990,1300,1400,1900,2300,2800,3100,5300,6000,6100,23815,39,650.0,869.0947747251714,155.36609000082535,6146.283989999574,4507.606130589964
1776013245,331,,Aggregated,474.900000,0.000000,650,970,1300,1400,1900,2300,2700,3100,5300,6000,6100,24227,39,650.0,864.2695330891132,155.36609000082535,6146.283989999574,4507.731869401907
1776013246,318,,Aggregated,475.100000,0.000000,640,950,1300,1400,1800,2300,2700,3100,5300,6000,6100,24627,39,640.0,858.3023645669357,155.36609000082535,6146.283989999574,4507.849920818614
1776013247,305,,Aggregated,470.500000,0.000000,630,930,1300,1400,1800,2300,2700,3100,5200,6000,6100,25073,39,630.0,850.3601858377505,155.36609000082535,6146.283989999574,4507.977106848004
1776013248,292,,Aggregated,470.100000,0.000000,610,910,1200,1400,1800,2300,2700,3000,5200,6000,6100,25526,39,610.0,842.1900628155574,155.36609000082535,6146.283989999574,4508.101739402961
1776013249,279,,Aggregated,472.600000,0.000000,590,890,1200,1400,1800,2300,2700,3000,5200,6000,6100,25974,39,590.0,833.3345297824719,155.36609000082535,6146.283989999574,4508.220720720721
1776013250,266,,Aggregated,475.000000,0.000000,580,880,1200,1400,1800,2300,2700,3000,5100,6000,6100,26430,39,580.0,823.880341276955,155.36609000082535,6146.283989999574,4508.33768444949
1776013250,253,,Aggregated,475.000000,0.000000,560,870,1200,1400,1800,2300,2700,3000,5100,6000,6100,26862,39,560.0,815.3171561834516,155.36609000082535,6146.283989999574,4508.444829126647
1776013251,240,,Aggregated,474.000000,0.000000,550,850,1200,1400,1800,2200,2700,3000,5100,6000,6100,27246,39,550.0,808.0317749996277,155.36609000082535,6146.283989999574,4508.537216472143
1776013252,227,,Aggregated,476.300000,0.000000,540,840,1200,1300,1800,2200,2700,3000,5100,6000,6100,27625,39,540.0,801.2894457744738,155.36609000082535,6146.283989999574,4508.6258823529415
1776013253,215,,Aggregated,468.700000,0.000000,530,830,1200,1300,1800,2200,2600,3000,5000,6000,6100,28005,39,530.0,794.2121544049212,155.36609000082535,6146.283989999574,4508.712372790573
1776013254,203,,Aggregated,465.300000,0.000000,520,820,1200,1300,1800,2200,2600,3000,5000,6000,6100,28385,39,520.0,786.8671114035512,155.36609000082535,6146.283989999574,4508.796547472257
1776013261,191,,Aggregated,293.400000,0.000000,510,810,1100,1300,1800,2200,2600,3000,5000,6000,6100,28742,39,510.0,780.1257836799742,155.36609000082535,6146.283989999574,4508.873599610326
1776013256,179,,Aggregated,456.600000,0.000000,500,810,1100,1300,1800,2200,2600,3000,5000,6000,6100,29068,39,500.0,774.1601446972545,155.36609000082535,6146.283989999574,4508.942307692308
1776013257,168,,Aggregated,455.900000,0.000000,500,800,1100,1300,1800,2200,2600,3000,5000,6000,6100,29371,39,500.0,768.8129125382104,155.36609000082535,6146.283989999574,4509.004800653706
1776013258,157,,Aggregated,446.700000,0.000000,490,790,1100,1300,1700,2200,2600,3000,5000,6000,6100,29658,39,490.0,763.818135209718,155.36609000082535,6146.283989999574,4509.062816103581
1776013259,146,,Aggregated,433.500000,0.000000,480,790,1100,1300,1700,2200,2600,3000,5000,6000,6100,29932,39,480.0,758.9883952866438,155.36609000082535,6146.283989999574,4509.117165575304
1776013260,136,,Aggregated,417.200000,0.000000,470,780,1100,1300,1700,2200,2600,3000,4900,5900,6100,30180,39,470.0,754.701008823056,155.36609000082535,6146.283989999574,4509.16550695825
1776013260,126,,Aggregated,417.200000,0.000000,460,780,1100,1300,1700,2200,2600,3000,4900,5900,6100,30417,39,460.0,750.6590713462801,155.36609000082535,6146.283989999574,4509.21096755104
1776013261,117,,Aggregated,399.600000,0.000000,460,770,1100,1300,1700,2200,2600,3000,4900,5900,6100,30636,39,460.0,746.9984912051125,155.36609000082535,6146.283989999574,4509.2523501762635
1776013262,108,,Aggregated,379.500000,0.000000,450,770,1100,1300,1700,2200,2600,3000,4900,5900,6100,30834,39,450.0,743.7605432269512,155.36609000082535,6146.283989999574,4509.2892586106245
1776013263,100,,Aggregated,356.900000,0.000000,450,770,1100,1300,1700,2200,2600,3000,4900,5900,6100,31012,39,450.0,741.0405659799379,155.36609000082535,6146.283989999574,4509.3220366309815
1776013264,92,,Aggregated,337.600000,0.000000,440,760,1000,1300,1700,2200,2600,3000,4900,5900,6100,31185,39,440.0,738.2766152169252,155.36609000082535,6146.283989999574,4509.353535353535
1776013271,85,,Aggregated,153.900000,0.000000,440,760,1000,1300,1700,2100,2600,3000,4900,5900,6100,31341,39,440.0,735.7719910580331,155.36609000082535,6146.283989999574,4509.381640662391
1776013266,79,,Aggregated,297.400000,0.000000,440,750,1000,1200,1700,2100,2600,3000,4900,5900,6100,31489,39,440.0,733.4232783492598,155.36609000082535,6146.283989999574,4509.408047254597
1776013267,73,,Aggregated,277.200000,0.000000,430,750,1000,1200,1700,2100,2600,3000,4900,5900,6100,31623,39,430.0,731.3069114966901,155.36609000082535,6146.283989999574,4509.431742718907
1776013268,68,,Aggregated,254.000000,0.000000,430,750,1000,1200,1700,2100,2600,3000,4900,5900,6100,31751,39,430.0,729.2949243163946,155.36609000082535,6146.283989999574,4509.454190419199
1776013269,63,,Aggregated,234.800000,0.000000,430,750,1000,1200,1700,2100,2600,3000,4900,5900,6100,31873,39,430.0,727.3800127979738,155.36609000082535,6146.283989999574,4509.475418065447
1776013270,59,,Aggregated,216.400000,0.000000,420,740,1000,1200,1700,2100,2600,3000,4900,5900,6100,31979,39,420.0,725.7412430570008,155.36609000082535,6146.283989999574,4509.493730260483
1776013270,56,,Aggregated,216.400000,0.000000,420,740,1000,1200,1700,2100,2600,2900,4900,5900,6100,32088,39,420.0,724.1081007887631,155.36609000082535,6146.283989999574,4509.512434554974
1776013271,53,,Aggregated,200.100000,0.000000,420,740,1000,1200,1700,2100,2600,2900,4900,5900,6100,32186,39,420.0,722.6305865686891,155.36609000082535,6146.283989999574,4509.5291431056985
1776013272,51,,Aggregated,187.000000,0.000000,420,740,990,1200,1700,2100,2600,2900,4900,5900,6100,32281,39,420.0,721.1902527771697,155.36609000082535,6146.283989999574,4509.545243331991
1776013273,50,,Aggregated,171.200000,0.000000,420,730,990,1200,1700,2100,2600,2900,4900,5900,6100,32377,39,420.0,719.7329164184403,155.36609000082535,6146.283989999574,4509.561417055317
1776013274,50,,Aggregated,159.000000,0.000000,410,730,990,1200,1700,2100,2600,2900,4900,5900,6100,32466,39,410.0,718.3981655334759,155.36609000082535,6146.283989999574,4509.576326002587
1776013282,50,,Aggregated,63.800000,0.000000,410,730,980,1200,1700,2100,2600,2900,4900,5900,6100,32564,39,410.0,716.9214939138259,155.36609000082535,6146.283989999574,4509.592648323302
1776013276,51,,Aggregated,137.200000,0.000000,410,730,980,1200,1700,2100,2600,2900,4900,5900,6100,32659,39,410.0,715.5175572515947,155.36609000082535,6146.283989999574,4509.6083774763465
1776013277,52,,Aggregated,130.500000,0.000000,410,730,970,1200,1700,2100,2600,2900,4900,5900,6100,32759,39,410.0,714.0522218440677,155.36609000082535,6146.283989999574,4509.624835922952
1776013278,54,,Aggregated,123.600000,0.000000,400,720,970,1200,1700,2100,2500,2900,4900,5900,6100,32859,39,400.0,712.5886810450656,155.36609000082535,6146.283989999574,4509.641194193372
1776013279,57,,Aggregated,117.100000,0.000000,400,720,970,1200,1700,2100,2500,2900,4900,5900,6100,32962,39,400.0,711.1020270951343,155.36609000082535,6146.283989999574,4509.657939445422
1776013280,61,,Aggregated,111.900000,0.000000,400,720,960,1200,1700,2100,2500,2900,4800,5900,6100,33080,39,400.0,709.4030236707927,155.36609000082535,6146.283989999574,4509.6769951632405
1776013280,65,,Aggregated,111.900000,0.000000,400,720,960,1200,1700,2100,2500,2900,4800,5900,6100,33202,39,400.0,707.6611738780748,155.36609000082535,6146.283989999574,4509.696554424432
1776013281,70,,Aggregated,110.600000,0.000000,390,710,960,1200,1700,2100,2500,2900,4800,5900,6100,33337,39,390.0,705.764434293124,155.36609000082535,6146.283989999574,4509.718031016589
1776013282,75,,Aggregated,110.700000,0.000000,390,710,950,1200,1700,2100,2500,2900,4800,5900,6100,33469,39,390.0,703.9147688783618,155.36609000082535,6146.283989999574,4509.738862828289
1776013283,81,,Aggregated,112.300000,0.000000,380,710,950,1200,1700,2100,2500,2900,4800,5900,6100,33626,39,380.0,701.732535085644,155.36609000082535,6146.283989999574,4509.763427109974
1776013284,88,,Aggregated,115.600000,0.000000,380,700,940,1200,1700,2100,2500,2900,4800,5900,6100,33796,39,380.0,699.3955172159385,155.36609000082535,6146.283989999574,4509.789768019884
1776013292,95,,Aggregated,91.900000,1.000000,380,700,940,1200,1700,2100,2500,2900,4800,5900,6100,33966,49,380.0,697.0920578855289,22.625349999543687,6146.283989999574,4508.486574810104
1776013286,103,,Aggregated,125.400000,0.000000,370,690,930,1200,1700,2100,2500,2900,4800,5900,6100,34156,49,370.0,694.6272872543587,22.625349999543687,6146.283989999574,4508.522807120272
1776013287,112,,Aggregated,132.700000,0.000000,370,690,920,1200,1700,2100,2500,2900,4800,5900,6100,34365,49,370.0,691.8574820983522,22.625349999543687,6146.283989999574,4508.5621999127015
1776013288,121,,Aggregated,142.800000,1.000000,360,680,910,1200,1700,2100,2500,2900,4800,5900,6100,34588,49,360.0,688.9299115751088,22.625349999543687,6146.283989999574,4508.603706487799
1776013289,130,,Aggregated,153.700000,1.000000,360,680,910,1200,1700,2100,2500,2900,4800,5900,6100,34833,49,360.0,685.7599274854259,22.625349999543687,6146.283989999574,4508.6486952028245
1776013290,140,,Aggregated,166.600000,1.000000,350,670,900,1200,1700,2100,2500,2900,4700,5900,6100,35095,49,350.0,682.3985792061501,22.625349999543687,6146.283989999574,4508.696110557059
1776013290,150,,Aggregated,166.600000,1.000000,340,660,890,1200,1700,2000,2500,2900,4700,5900,6100,35373,49,340.0,678.9087472888885,22.625349999543687,6146.283989999574,4508.745653464507
1776013291,161,,Aggregated,179.500000,1.000000,330,660,890,1200,1700,2000,2500,2900,4700,5900,6100,35669,49,330.0,675.2593448975261,22.625349999543687,6146.283989999574,4508.797555300121
1776013292,172,,Aggregated,193.300000,1.000000,330,650,880,1100,1600,2000,2500,2900,4700,5900,6100,35999,49,330.0,671.211520228058,22.625349999543687,6146.283989999574,4508.854412622572
1776013293,184,,Aggregated,210.100000,1.000000,320,640,870,1100,1600,2000,2500,2900,4700,5900,6100,36344,49,320.0,667.1293839921269,22.625349999543687,6146.283989999574,4508.912750385208
1776013294,196,,Aggregated,227.700000,1.000000,320,630,860,1100,1600,2000,2500,2900,4700,5900,6100,36719,49,320.0,662.7813755864775,22.625349999543687,6146.283989999574,4508.974917617582
1776013302,208,,Aggregated,208.700000,0.000000,310,620,850,1100,1600,2000,2500,2900,4700,5900,6100,37111,49,310.0,658.3035674204374,22.625349999543687,6146.283989999574,4509.038559995689
1776013296,220,,Aggregated,268.100000,1.000000,300,610,840,1100,1600,2000,2500,2900,4700,5900,6100,37512,49,300.0,653.9771510361988,22.625349999543687,6146.283989999574,4509.102287268074
1776013297,233,,Aggregated,288.900000,1.000000,300,600,840,1100,1600,2000,2500,2900,4700,5900,6100,37946,49,300.0,649.2323464752521,22.625349999543687,6146.283989999574,4509.169741211195
1776013298,245,,Aggregated,315.500000,0.000000,290,590,830,1100,1600,2000,2500,2900,4700,5900,6100,38407,49,290.0,644.2704299986959,22.625349999543687,6146.283989999574,4509.239721925691
1776013299,258,,Aggregated,336.900000,0.000000,290,580,820,1000,1600,2000,2500,2900,4700,5900,6100,38895,49,290.0,639.1395701887105,22.625349999543687,6146.283989999574,4509.311993829541
1776013300,271,,Aggregated,365.000000,0.000000,280,570,810,1000,1600,2000,2500,2900,4700,5900,6100,39385,49,280.0,634.2204517308592,22.625349999543687,6146.283989999574,4509.382759933985
1776013300,284,,Aggregated,365.000000,0.000000,280,560,800,1000,1600,2000,2500,2900,4700,5900,6100,39871,49,280.0,629.6240606493411,22.625349999543687,6146.283989999574,4509.451230217452
1776013301,298,,Aggregated,389.300000,0.000000,280,550,800,990,1600,2000,2500,2900,4700,5900,6100,40308,49,280.0,626.6023518065863,22.625349999543687,6146.283989999574,4509.511387317654
1776013302,311,,Aggregated,413.300000,0.000000,280,540,790,980,1600,1900,2500,2900,4700,5900,6100,40826,49,280.0,622.9707032386193,22.625349999543687,6146.283989999574,4509.581026796649
1776013303,324,,Aggregated,439.700000,0.000000,280,540,780,970,1500,1900,2500,2900,4600,5900,6100,41229,49,280.0,620.3495596386008,22.625349999543687,6146.283989999574,4509.6339954886125
1776013304,337,,Aggregated,449.400000,0.000000,280,540,780,960,1500,1900,2500,2800,4600,5900,6100,41638,49,280.0,619.6555333438179,22.625349999543687,6146.283989999574,4509.686704452663
1776013312,350,,Aggregated,289.100000,0.200000,290,540,780,950,1500,1900,2500,2800,4600,5900,6100,42084,51,290.0,618.4959694361252,22.625349999543687,6146.283989999574,4509.5284431137725
1776013306,363,,Aggregated,481.400000,0.000000,290,540,770,940,1500,1900,2500,2800,4600,5900,6100,42557,63,290.0,616.674665674975,22.625349999543687,6146.283989999574,4508.316140705407
1776013307,376,,Aggregated,483.600000,0.000000,290,540,770,930,1500,1900,2500,2800,4600,5900,6100,43075,83,290.0,614.6474172338928,22.625349999543687,6146.283989999574,4506.3001741149155
1776013308,388,,Aggregated,490.500000,0.900000,290,540,760,920,1500,1900,2500,2800,4600,5900,6100,43654,108,290.0,611.418845159205,22.625349999543687,6146.283989999574,4503.829889586292
1776013309,401,,Aggregated,497.500000,2.800000,290,530,750,900,1500,1900,2500,2800,4600,5900,6100,44243,129,290.0,608.6499515803614,22.625349999543687,6146.283989999574,4501.835544605927
1776013310,413,,Aggregated,515.400000,5.000000,290,530,750,900,1500,1900,2400,2800,4600,5900,6100,44800,154,290.0,606.1362931962032,22.625349999543687,6146.283989999574,4499.4796875
1776013311,424,,Aggregated,521.400000,7.100000,290,530,740,890,1500,1900,2400,2800,4600,5900,6100,45361,174,290.0,604.1647754271266,22.625349999543687,6146.283989999574,4497.680937369106
1776013312,435,,Aggregated,530.500000,9.300000,300,530,740,870,1500,1900,2400,2800,4600,5900,6100,45938,188,300.0,602.4606474498205,22.625349999543687,6146.283989999574,4496.522486830076
1776013313,446,,Aggregated,537.100000,11.800000,300,530,730,870,1500,1900,2400,2800,4500,5900,6100,46484,202,300.0,600.8401005808423,22.625349999543687,6146.283989999574,4495.379700542122
1776013314,457,,Aggregated,553.700000,13.200000,300,530,730,860,1500,1900,2400,2800,4400,5900,6100,47038,211,300.0,599.8256344442766,22.625349999543687,6146.283989999574,4494.74690675624
1776013315,467,,Aggregated,555.900000,14.400000,310,530,730,860,1500,1900,2400,2800,4400,5900,6100,47575,226,310.0,599.492602346819,22.625349999543687,6146.283989999574,4493.55197057278
1776013322,476,,Aggregated,355.700000,9.100000,310,540,730,860,1400,1900,2400,2700,4400,5900,6100,48148,238,310.0,599.015832269874,22.625349999543687,6146.283989999574,4492.68193902135
1776013316,485,,Aggregated,572.100000,15.400000,310,540,730,850,1400,1900,2400,2700,4400,5900,6100,48791,245,310.0,597.6678461300211,22.625349999543687,6146.283989999574,4492.328298251727
1776013317,494,,Aggregated,586.400000,17.000000,320,530,720,840,1400,1800,2400,2700,4400,5900,6100,49519,246,320.0,594.7086008295779,22.625349999543687,6146.283989999574,4492.570427512672
1776013318,502,,Aggregated,598.400000,17.400000,320,530,710,830,1400,1800,2400,2700,4300,5900,6100,50236,246,320.0,592.1444260392918,22.625349999543687,6146.283989999574,4492.890556572976
1776013319,510,,Aggregated,619.000000,15.700000,330,530,700,820,1400,1800,2400,2700,4300,5900,6100,50974,246,330.0,590.038057572289,22.625349999543687,6146.283989999574,4493.210656413074
1776013320,517,,Aggregated,634.600000,14.200000,330,520,700,820,1400,1800,2400,2700,4100,5900,6100,51707,246,330.0,586.9985081818684,22.625349999543687,6146.283989999574,4493.519542808517
1776013321,524,,Aggregated,646.700000,12.100000,330,520,690,810,1400,1800,2400,2700,4100,5900,6100,52445,246,330.0,584.9327111898151,22.625349999543687,6146.283989999574,4493.821813328249
1776013322,529,,Aggregated,661.300000,9.900000,330,520,680,800,1400,1800,2400,2700,4000,5900,6100,53105,246,330.0,583.194978679783,22.625349999543687,6146.283989999574,4494.085020242915
1776013323,534,,Aggregated,674.200000,7.400000,340,520,690,800,1400,1800,2400,2700,4000,5900,6100,53637,246,340.0,583.6509442090322,22.625349999543687,6146.283989999574,4494.2924660215895
1776013324,538,,Aggregated,689.800000,6.000000,340,530,690,810,1400,1800,2400,2700,4000,5900,6100,54262,246,340.0,584.0956681078814,22.625349999543687,6146.283989999574,4494.530979322546
1776013325,542,,Aggregated,696.100000,5.300000,350,530,690,800,1400,1800,2400,2700,4000,5900,6100,54889,246,350.0,583.789499503541,22.625349999543687,6146.283989999574,4494.764798046967
1776013325,545,,Aggregated,696.100000,5.300000,350,530,690,800,1400,1800,2400,2700,3900,5900,6100,55586,246,350.0,583.0574988241627,22.625349999543687,6146.283989999574,4495.0185298456445
1776013326,547,,Aggregated,702.200000,4.300000,350,530,690,800,1300,1800,2400,2600,3900,5900,6100,56286,246,350.0,581.8607473933107,22.625349999543687,6146.283989999574,4495.267029101376
1776013327,548,,Aggregated,712.600000,2.700000,360,530,680,790,1300,1800,2400,2600,3800,5900,6100,57039,246,360.0,580.1414380669347,22.625349999543687,6146.283989999574,4495.527533792668
1776013328,549,,Aggregated,726.200000,1.400000,360,530,680,780,1300,1800,2300,2600,3800,5900,6100,57789,246,360.0,578.0278249791473,22.625349999543687,6146.283989999574,4495.78025229715
1776013329,549,,Aggregated,727.600000,1.200000,360,530,680,780,1300,1800,2300,2600,3700,5900,6100,58511,246,360.0,576.6386710387777,22.625349999543687,6146.283989999574,4496.017415528704
1776013337,549,,Aggregated,471.800000,0.000000,360,530,680,780,1300,1800,2300,2600,3700,5900,6100,59259,246,360.0,575.119202686511,22.625349999543687,6146.283989999574,4496.257024249481
1776013331,548,,Aggregated,747.800000,0.500000,360,530,670,780,1300,1700,2300,2600,3700,5900,6100,59957,246,360.0,573.5235353591729,22.625349999543687,6146.283989999574,4496.475223910469
1776013332,546,,Aggregated,745.700000,0.500000,360,530,670,770,1300,1700,2300,2600,3700,5800,6100,60758,246,360.0,571.9154021299236,22.625349999543687,6146.283989999574,4496.719444353007
1776013333,543,,Aggregated,755.100000,0.500000,360,520,670,770,1300,1700,2300,2600,3700,5800,6100,61538,246,360.0,569.7451742092687,22.625349999543687,6146.283989999574,4496.951152133641
1776013334,540,,Aggregated,754.900000,0.500000,360,520,660,760,1300,1700,2300,2600,3700,5800,6100,62308,246,360.0,567.7850255063547,22.625349999543687,6146.283989999574,4497.174199139758
1776013335,536,,Aggregated,780.600000,0.000000,360,520,660,760,1300,1700,2300,2600,3600,5800,6100,63096,246,360.0,565.2961905038344,22.625349999543687,6146.283989999574,4497.3968238874095
1776013335,531,,Aggregated,780.600000,0.000000,360,520,650,750,1200,1700,2300,2600,3600,5800,6100,63820,246,360.0,563.7841374503281,22.625349999543687,6146.283989999574,4497.596521466625
1776013336,526,,Aggregated,793.600000,0.000000,360,510,650,740,1200,1700,2300,2600,3500,5800,6100,64598,246,360.0,561.6119927121576,22.625349999543687,6146.283989999574,4497.806124028608
1776013337,520,,Aggregated,810.400000,0.000000,360,510,640,740,1200,1700,2300,2600,3500,5800,6100,65384,246,360.0,559.3885210901734,22.625349999543687,6146.283989999574,4498.012816591215
1776013338,513,,Aggregated,822.900000,0.000000,360,510,640,730,1200,1700,2300,2500,3500,5800,6100,66176,246,360.0,557.084146176862,22.625349999543687,6146.283989999574,4498.216120647969
1776013339,506,,Aggregated,828.400000,0.000000,360,500,630,730,1200,1700,2300,2500,3500,5800,6100,66941,246,360.0,554.8028298857221,22.625349999543687,6146.283989999574,4498.407926382934
1776013347,498,,Aggregated,496.200000,0.000000,360,500,630,720,1200,1700,2200,2500,3400,5800,6100,67683,246,360.0,552.6488410661475,22.625349999543687,6146.283989999574,4498.589823146137
1776013341,490,,Aggregated,829.100000,0.000000,360,500,620,720,1200,1700,2200,2500,3400,5800,6100,68469,246,360.0,550.4149639588724,22.625349999543687,6146.283989999574,4498.778206195505
1776013342,481,,Aggregated,835.100000,0.000000,360,500,620,710,1200,1700,2200,2500,3400,5800,6100,69235,246,360.0,548.0302345916099,22.625349999543687,6146.283989999574,4498.9576803639775
1776013343,472,,Aggregated,836.400000,0.000000,360,490,610,710,1200,1700,2200,2500,3400,5800,6100,69985,246,360.0,545.6189721983294,22.625349999543687,6146.283989999574,4499.129599199829
1776013344,462,,Aggregated,837.200000,0.000000,360,490,610,700,1200,1700,2200,2500,3400,5800,6100,70698,246,360.0,543.5236567883115,22.625349999543687,6146.283989999574,4499.289654587117
1776013345,452,,Aggregated,832.100000,0.000000,360,490,600,700,1200,1700,2200,2500,3400,5800,6100,71438,246,360.0,541.2763947228369,22.625349999543687,6146.283989999574,4499.452392284218
1776013346,441,,Aggregated,831.400000,0.000000,360,480,600,700,1200,1600,2200,2500,3400,5800,6100,72151,246,360.0,539.0795234260086,22.625349999543687,6146.283989999574,4499.6060345663955
1776013347,430,,Aggregated,822.800000,0.000000,350,480,590,690,1100,1600,2200,2500,3400,5800,6100,72887,246,350.0,536.6354483276845,22.625349999543687,6146.283989999574,4499.7614800993315
1776013348,419,,Aggregated,815.700000,0.000000,350,480,590,690,1100,1600,2200,2500,3400,5800,6100,73566,246,350.0,534.4860861256548,22.625349999543687,6146.283989999574,4499.902128700758
1776013349,407,,Aggregated,810.000000,0.000000,350,470,590,680,1100,1600,2200,2500,3400,5800,6100,74257,246,350.0,532.2580592675412,22.625349999543687,6146.283989999574,4500.0426222443675
1776013350,395,,Aggregated,805.200000,0.000000,350,470,580,680,1100,1600,2200,2500,3400,5800,6100,74951,246,350.0,529.9308751911229,22.625349999543687,6146.283989999574,4500.181118330643
1776013357,383,,Aggregated,462.600000,0.000000,340,470,580,680,1100,1600,2200,2500,3400,5800,6100,75597,246,340.0,527.7718591123962,22.625349999543687,6146.283989999574,4500.307750307552
1776013351,370,,Aggregated,797.200000,0.000000,340,460,570,670,1100,1600,2200,2500,3400,5800,6100,76256,246,340.0,525.5327776921147,22.625349999543687,6146.283989999574,4500.434719890894
1776013352,358,,Aggregated,789.100000,0.000000,340,460,570,670,1100,1600,2200,2500,3400,5800,6100,76906,246,340.0,523.2838079850718,22.625349999543687,6146.283989999574,4500.557823836892
1776013353,345,,Aggregated,780.400000,0.000000,340,460,570,670,1100,1600,2200,2500,3400,5800,6100,77515,246,340.0,521.1832470668888,22.625349999543687,6146.283989999574,4500.671289427853
1776013354,332,,Aggregated,771.400000,0.000000,330,460,560,660,1100,1600,2200,2500,3400,5800,6100,78126,246,330.0,519.1099339413246,22.625349999543687,6146.283989999574,4500.7833499731205
1776013355,319,,Aggregated,761.100000,0.000000,330,450,560,660,1100,1600,2100,2500,3400,5800,6100,78708,246,330.0,517.1298654188902,22.625349999543687,6146.283989999574,4500.888473852721
1776013356,306,,Aggregated,749.200000,0.000000,330,450,560,650,1100,1600,2100,2500,3400,5800,6100,79280,246,330.0,515.1404111378667,22.625349999543687,6146.283989999574,4500.990287588294
1776013357,292,,Aggregated,735.900000,0.000000,330,450,560,650,1100,1600,2100,2500,3400,5800,6100,79812,246,330.0,513.3416300446052,22.625349999543687,6146.283989999574,4501.083671628327
1776013358,279,,Aggregated,717.700000,0.000000,330,450,550,650,1000,1600,2100,2500,3400,5600,6100,80312,246,330.0,511.64458333735973,22.625349999543687,6146.283989999574,4501.1703107879275
1776013359,266,,Aggregated,700.100000,0.000000,320,450,550,650,1000,1600,2100,2500,3400,5600,6100,80822,246,320.0,509.9060681372654,22.625349999543687,6146.283989999574,4501.257578382124
1776013360,253,,Aggregated,678.300000,0.000000,320,440,550,640,1000,1600,2100,2500,3400,5600,6100,81299,246,320.0,508.29379428406247,22.625349999543687,6146.283989999574,4501.338208342046
1776013367,240,,Aggregated,344.600000,0.000000,320,440,550,640,1000,1600,2100,2500,3400,5600,6100,81746,246,320.0,506.7963295709876,22.625349999543687,6146.283989999574,4501.412913170064
1776013361,228,,Aggregated,660.400000,0.000000,320,440,550,640,1000,1600,2100,2500,3400,5600,6100,82174,246,320.0,505.37552601759586,22.625349999543687,6146.283989999574,4501.48368096965
1776013362,215,,Aggregated,637.400000,0.000000,320,440,540,640,1000,1600,2100,2500,3400,5600,6100,82574,246,320.0,504.05154997795813,22.625349999543687,6146.283989999574,4501.5491559086395
1776013363,202,,Aggregated,614.000000,0.000000,320,440,540,640,1000,1500,2100,2500,3400,5600,6100,82976,246,320.0,502.8081388277319,22.625349999543687,6146.283989999574,4501.6143222136525
1776013364,190,,Aggregated,589.600000,0.000000,310,440,540,630,1000,1500,2100,2500,3400,5600,6100,83336,246,310.0,501.65075545010427,22.625349999543687,6146.283989999574,4501.672146491313
1776013365,178,,Aggregated,562.900000,0.000000,310,440,540,630,1000,1500,2100,2500,3400,5600,6100,83675,246,310.0,500.56432778045877,22.625349999543687,6146.283989999574,4501.726142814461
1776013366,167,,Aggregated,537.000000,0.000000,310,430,540,630,1000,1500,2100,2500,3400,5600,6100,83984,246,310.0,499.6014261534333,22.625349999543687,6146.283989999574,4501.774980948752
1776013367,156,,Aggregated,512.600000,0.000000,310,430,540,630,1000,1500,2100,2500,3400,5600,6100,84282,246,310.0,498.64931374836783,22.625349999543687,6146.283989999574,4501.821741297074
1776013368,146,,Aggregated,483.800000,0.000000,310,430,540,630,1000,1500,2100,2500,3400,5600,6100,84556,246,310.0,497.7830956912567,22.625349999543687,6146.283989999574,4501.864444864942
1776013369,135,,Aggregated,459.500000,0.000000,310,430,540,630,990,1500,2100,2500,3400,5600,6100,84809,246,310.0,496.99155520109684,22.625349999543687,6146.283989999574,4501.903630510913
1776013370,126,,Aggregated,429.700000,0.000000,310,430,530,620,990,1500,2100,2500,3400,5600,6100,85054,246,310.0,496.23051681578534,22.625349999543687,6146.283989999574,4501.941354903944
1776013370,116,,Aggregated,429.700000,0.000000,310,430,530,620,990,1500,2100,2500,3400,5600,6100,85275,246,310.0,495.54629130436626,22.625349999543687,6146.283989999574,4501.975197889182
1776013371,108,,Aggregated,404.500000,0.000000,310,430,530,620,990,1500,2100,2500,3400,5600,6100,85477,246,310.0,494.9158580160723,22.625349999543687,6146.283989999574,4502.005978216363
1776013372,99,,Aggregated,381.600000,0.000000,310,430,530,620,980,1500,2100,2500,3400,5600,6100,85674,246,310.0,494.3038816051522,22.625349999543687,6146.283989999574,4502.035856852721
1776013373,92,,Aggregated,352.900000,0.000000,310,430,530,620,980,1500,2100,2500,3400,5600,6100,85843,246,310.0,493.77933103665805,22.625349999543687,6146.283989999574,4502.061379495125
1776013374,85,,Aggregated,332.600000,0.000000,310,430,530,620,980,1500,2100,2500,3400,5600,6100,85997,246,310.0,493.31017101166105,22.625349999543687,6146.283989999574,4502.084549461028
1776013375,78,,Aggregated,304.700000,0.000000,310,430,530,620,980,1500,2100,2500,3400,5600,6100,86150,246,310.0,492.8399287397537,22.625349999543687,6146.283989999574,4502.1074869413815
1776013376,73,,Aggregated,284.900000,0.000000,300,430,530,620,980,1500,2100,2500,3400,5600,6100,86282,248,300.0,492.4298262921559,22.625349999543687,6146.283989999574,4502.0225539509975
1776013377,67,,Aggregated,265.800000,0.000000,300,430,530,620,980,1500,2100,2500,3400,5600,6100,86408,248,300.0,492.05346134964077,22.625349999543687,6146.283989999574,4502.041477640959
1776013378,63,,Aggregated,244.500000,0.000000,300,430,530,620,980,1500,2100,2500,3400,5600,6100,86529,248,300.0,491.69137132510207,22.625349999543687,6146.283989999574,4502.059598516104
1776013379,59,,Aggregated,227.400000,0.200000,300,430,530,620,970,1500,2100,2500,3400,5600,6100,86645,248,300.0,491.34235133971737,22.625349999543687,6146.283989999574,4502.076923076923
1776013380,56,,Aggregated,205.900000,0.200000,300,420,530,610,970,1500,2100,2500,3400,5600,6100,86754,248,300.0,491.0149959491182,22.625349999543687,6146.283989999574,4502.09315996957
1776013380,53,,Aggregated,205.900000,0.200000,300,420,530,610,970,1500,2100,2500,3400,5600,6100,86849,248,300.0,490.72907160922756,22.625349999543687,6146.283989999574,4502.107278149432
1776013381,51,,Aggregated,191.300000,0.200000,300,420,530,610,970,1500,2100,2500,3400,5600,6100,86951,248,300.0,490.42354467228427,22.625349999543687,6146.283989999574,4502.122402272545
1776013382,50,,Aggregated,178.800000,0.200000,300,420,530,610,970,1500,2100,2500,3400,5600,6100,87044,248,300.0,490.15195710491037,22.625349999543687,6146.283989999574,4502.136161022012
1776013383,50,,Aggregated,164.800000,0.200000,300,420,530,610,970,1500,2100,2500,3400,5600,6100,87135,248,300.0,489.8847225793288,22.625349999543687,6146.283989999574,4502.149595455328
1776013384,50,,Aggregated,153.500000,0.200000,300,420,530,610,970,1500,2100,2500,3400,5600,6100,87229,248,300.0,489.6044683085876,22.625349999543687,6146.283989999574,4502.163443350262
1776013385,51,,Aggregated,137.900000,0.200000,300,420,520,610,970,1500,2100,2500,3400,5600,6100,87322,248,300.0,489.32993590973393,22.625349999543687,6146.283989999574,4502.177114587389
1776013386,52,,Aggregated,130.300000,0.200000,300,420,520,610,970,1500,2100,2500,3400,5600,6100,87420,248,300.0,489.04130866963817,22.625349999543687,6146.283989999574,4502.191489361702
1776013387,54,,Aggregated,124.100000,0.200000,300,420,520,610,970,1500,2100,2500,3400,5600,6100,87521,248,300.0,488.74372717827424,22.625349999543687,6146.283989999574,4502.206270495081
1776013388,57,,Aggregated,118.700000,0.200000,300,420,520,610,970,1500,2100,2500,3400,5600,6100,87627,248,300.0,488.4364571937843,22.625349999543687,6146.283989999574,4502.221746721901
1776013389,61,,Aggregated,116.300000,0.000000,300,420,520,610,960,1500,2100,2500,3400,5600,6100,87734,248,300.0,488.13301640139207,22.625349999543687,6146.283989999574,4502.237331023321
1776013390,65,,Aggregated,110.600000,0.000000,300,420,520,610,960,1500,2100,2500,3400,5600,6100,87854,248,300.0,487.79388251348576,22.625349999543687,6146.283989999574,4502.254763585039
1776013390,70,,Aggregated,110.600000,0.000000,300,420,520,610,960,1500,2100,2500,3400,5600,6100,87981,248,300.0,487.42741524385684,22.625349999543687,6146.283989999574,4502.273161250725
1776013391,76,,Aggregated,109.100000,0.000000,300,420,520,610,960,1500,2100,2500,3400,5600,6100,88112,261,300.0,487.0393223665306,22.625349999543687,6146.283989999574,4501.625941982931
1776013392,82,,Aggregated,110.100000,0.000000,300,420,520,610,960,1500,2100,2500,3400,5600,6100,88270,261,300.0,486.65193872980353,22.625349999543687,6146.283989999574,4501.649881046788
1776013393,89,,Aggregated,112.900000,0.000000,300,420,520,610,960,1500,2100,2500,3400,5600,6100,88430,261,300.0,486.20603583297253,22.625349999543687,6146.283989999574,4501.6740359606465
1776013394,96,,Aggregated,116.900000,1.300000,300,420,520,610,960,1500,2000,2500,3400,5600,6100,88605,261,300.0,485.71148179391423,22.625349999543687,6146.283989999574,4501.700355510411
1776013395,104,,Aggregated,122.100000,1.300000,300,420,520,600,950,1500,2000,2500,3400,5600,6100,88790,261,300.0,485.19118673431467,22.625349999543687,6146.283989999574,4501.7280662236735
1776013396,113,,Aggregated,129.800000,1.300000,300,420,520,600,950,1500,2000,2500,3400,5600,6100,89014,261,300.0,484.5599488422016,22.625349999543687,6146.283989999574,4501.761464488732
1776013397,122,,Aggregated,137.700000,1.300000,300,420,520,600,950,1500,2000,2500,3400,5600,6100,89235,261,300.0,483.94257709205766,22.625349999543687,6146.283989999574,4501.794251134645
1776013398,131,,Aggregated,149.200000,1.300000,300,420,520,600,950,1500,2000,2500,3400,5600,6100,89485,261,300.0,483.25874859249876,22.625349999543687,6146.283989999574,4501.831144884618
1776013399,141,,Aggregated,161.600000,1.300000,290,420,520,600,950,1500,2000,2400,3400,5600,6100,89749,261,290.0,482.527419865177,22.625349999543687,6146.283989999574,4501.8698815585685
1776013400,151,,Aggregated,174.600000,1.300000,290,420,510,600,940,1500,2000,2400,3400,5600,6100,90033,261,290.0,481.7542160153473,22.625349999543687,6146.283989999574,4501.911299190297
1776013400,162,,Aggregated,174.600000,1.300000,290,420,510,600,940,1500,2000,2400,3400,5600,6100,90338,261,290.0,480.9257599912528,22.625349999543687,6146.283989999574,4501.955489384312
1776013401,173,,Aggregated,190.700000,1.300000,290,410,510,600,940,1500,2000,2400,3400,5600,6100,90659,261,290.0,480.0731219489492,22.625349999543687,6146.283989999574,4502.001676612361
1776013402,185,,Aggregated,206.600000,1.300000,290,410,510,590,930,1500,2000,2400,3400,5600,6100,91001,261,290.0,479.15832788903117,22.625349999543687,6146.283989999574,4502.050526917286
1776013403,197,,Aggregated,224.700000,1.300000,290,410,510,590,930,1500,2000,2400,3400,5600,6100,91359,261,290.0,478.2191615596692,22.625349999543687,6146.283989999574,4502.101270810757
1776013404,209,,Aggregated,243.800000,0.000000,290,410,510,590,930,1500,2000,2400,3400,5600,6100,91755,261,290.0,477.1725019298112,22.625349999543687,6146.283989999574,4502.156939676312
1776013412,221,,Aggregated,230.900000,0.000000,290,410,510,590,920,1500,2000,2400,3400,5600,6100,92170,261,290.0,476.10409738385385,22.625349999543687,6146.283989999574,4502.214766192905
1776013406,234,,Aggregated,286.100000,0.000000,290,410,500,590,920,1500,2000,2400,3400,5600,6100,92602,261,290.0,475.0331848158766,22.625349999543687,6146.283989999574,4502.27441091985
1776013407,247,,Aggregated,307.500000,0.000000,290,410,500,580,920,1500,2000,2400,3400,5600,6100,93003,261,290.0,474.17496454995836,22.625349999543687,6146.283989999574,4502.329279700655
1776013408,259,,Aggregated,336.100000,0.000000,290,410,500,580,910,1500,2000,2400,3400,5600,6100,93370,261,290.0,473.87215634614677,22.625349999543687,6146.283989999574,4502.379083217307
1776013409,272,,Aggregated,357.400000,0.000000,290,410,500,580,910,1500,2000,2400,3400,5600,6100,93759,261,290.0,473.3751802834894,22.625349999543687,6146.283989999574,4502.4314465811285
1776013410,286,,Aggregated,377.300000,0.000000,290,410,500,580,910,1500,2000,2400,3400,5600,6100,94105,261,290.0,473.3841036084124,22.625349999543687,6146.283989999574,4502.477657935285
1776013410,299,,Aggregated,377.300000,0.000000,290,410,500,590,910,1500,2000,2400,3400,5600,6100,94448,274,290.0,473.6307217602243,22.625349999543687,6146.283989999574,4501.901681348467
1776013411,312,,Aggregated,392.700000,0.000000,290,410,510,590,910,1500,2000,2400,3400,5600,6100,94790,288,290.0,474.09239446607955,22.625349999543687,6146.283989999574,4501.2820972676445
1776013412,325,,Aggregated,397.600000,0.000000,290,410,510,590,910,1500,2000,2400,3400,5600,6100,95269,310,290.0,474.2185879738386,22.625349999543687,6146.283989999574,4500.308442410438
1776013413,338,,Aggregated,406.000000,1.200000,290,410,510,590,910,1400,2000,2400,3400,5600,6100,95742,326,290.0,473.6724932147815,22.625349999543687,6146.283989999574,4499.626496208561
1776013414,351,,Aggregated,407.900000,2.600000,290,410,510,590,910,1400,2000,2400,3400,5600,6100,96238,337,290.0,473.46910976412215,22.625349999543687,6146.283989999574,4499.189665205013
1776013422,364,,Aggregated,291.400000,9.300000,290,410,510,590,900,1400,2000,2400,3400,5600,6100,96773,354,290.0,473.03508488152346,22.625349999543687,6146.283989999574,4498.4839263017575
1776013416,376,,Aggregated,437.100000,6.400000,290,410,510,590,900,1400,2000,2400,3400,5600,6100,97324,372,290.0,472.5242408800461,22.625349999543687,6146.283989999574,4497.742386256216
1776013417,389,,Aggregated,447.600000,7.500000,290,410,510,580,900,1400,2000,2400,3400,5600,6100,97863,393,290.0,472.06823808783236,22.625349999543687,6146.283989999574,4496.868581588547
1776013418,401,,Aggregated,462.300000,10.200000,290,410,510,580,890,1400,2000,2400,3300,5600,6100,98409,412,290.0,471.87706196241686,22.625349999543687,6146.283989999574,4496.097460598116
1776013419,413,,Aggregated,473.000000,12.100000,290,410,510,580,890,1400,2000,2400,3300,5600,6100,98988,421,290.0,471.55244562441317,22.625349999543687,6146.283989999574,4495.797520911626
1776013420,424,,Aggregated,489.500000,14.300000,290,420,510,580,890,1400,2000,2400,3300,5600,6100,99528,422,290.0,471.35122172744695,22.625349999543687,6146.283989999574,4495.856341933928
1776013421,436,,Aggregated,502.900000,15.600000,290,420,510,590,880,1400,2000,2400,3300,5600,6100,100101,429,290.0,471.4216707191676,22.625349999543687,6146.283989999574,4495.650193304762
1776013422,446,,Aggregated,526.800000,16.000000,290,420,510,590,880,1400,2000,2400,3300,5600,6100,100629,431,290.0,471.4073274790507,22.625349999543687,6146.283989999574,4495.661986107384
1776013423,457,,Aggregated,551.500000,15.400000,290,420,510,590,890,1400,2000,2400,3300,5600,6100,101086,431,290.0,471.91148087647514,22.625349999543687,6146.283989999574,4495.749411392279
1776013424,467,,Aggregated,571.200000,14.200000,290,420,510,590,900,1400,2000,2400,3300,5600,6100,101675,431,290.0,472.85092246510317,22.625349999543687,6146.283989999574,4495.860929432014
1776013425,476,,Aggregated,573.200000,12.100000,290,420,520,600,890,1400,1900,2400,3300,5600,6100,102274,431,290.0,472.8166467601672,22.625349999543687,6146.283989999574,4495.97302344682
1776013432,485,,Aggregated,374.800000,1.100000,290,420,520,600,890,1400,1900,2400,3300,5600,6100,102901,432,290.0,472.98856101339476,22.625349999543687,6146.283989999574,4496.045082166354
1776013426,494,,Aggregated,584.400000,10.500000,290,420,520,600,890,1400,1900,2400,3300,5600,6100,103595,435,290.0,472.76565756406546,22.625349999543687,6146.283989999574,4496.041314735267
1776013427,502,,Aggregated,594.500000,9.400000,290,420,520,600,880,1400,1900,2400,3300,5600,6100,104281,437,290.0,472.39684771856236,22.625349999543687,6146.283989999574,4496.079439207526
1776013428,509,,Aggregated,605.800000,7.000000,300,420,520,600,880,1400,1900,2400,3300,5600,6100,105024,438,300.0,472.0059024769522,22.625349999543687,6146.283989999574,4496.17030393053
1776013429,516,,Aggregated,619.900000,5.400000,300,420,520,590,880,1400,1900,2400,3300,5600,6100,105759,438,300.0,471.6002287413771,22.625349999543687,6146.283989999574,4496.3011658582245
1776013430,523,,Aggregated,642.200000,3.400000,300,420,520,590,870,1400,1900,2400,3300,5600,6100,106496,438,300.0,471.05110642089255,22.625349999543687,6146.283989999574,4496.43057016226
1776013431,528,,Aggregated,661.400000,2.100000,300,420,520,590,870,1400,1900,2400,3300,5600,6100,107295,441,300.0,470.32596613019683,22.625349999543687,6146.283989999574,4496.442611491681
1776013432,533,,Aggregated,677.400000,1.700000,300,420,520,590,870,1400,1900,2400,3300,5600,6100,108002,442,300.0,470.1712693185263,22.625349999543687,6146.283989999574,4496.522286624322
1776013433,538,,Aggregated,706.200000,1.400000,300,430,520,590,860,1400,1900,2400,3300,5600,6100,108699,442,300.0,469.9818083259231,22.625349999543687,6146.283989999574,4496.6407694643
1776013434,541,,Aggregated,717.200000,1.300000,300,430,520,590,860,1400,1900,2400,3300,5600,6100,109384,443,300.0,469.96263859110667,22.625349999543687,6146.283989999574,4496.7144646383385
1776013435,544,,Aggregated,748.000000,1.200000,300,430,520,590,860,1400,1900,2400,3300,5500,6100,110190,443,300.0,469.6319090107056,22.625349999543687,6146.283989999574,4496.84821671658
1776013442,547,,Aggregated,503.100000,0.500000,300,430,520,590,850,1400,1900,2400,3300,5500,6100,111042,443,300.0,468.70925601853077,22.625349999543687,6146.283989999574,4496.987491219538
1776013436,548,,Aggregated,758.200000,1.300000,300,430,520,590,850,1400,1900,2400,3300,5500,6100,111822,443,300.0,468.19142618804557,22.625349999543687,6146.283989999574,4497.1131351612385
1776013437,549,,Aggregated,777.100000,1.300000,300,430,520,590,840,1400,1900,2400,3300,5500,6100,112629,443,300.0,467.5621135560084,22.625349999543687,6146.283989999574,4497.241296646512
1776013438,549,,Aggregated,796.000000,1.000000,300,430,520,590,840,1300,1900,2400,3300,5500,6100,113405,443,300.0,467.19509015951417,22.625349999543687,6146.283989999574,4497.36281469071
1776013439,549,,Aggregated,804.700000,0.700000,300,430,520,580,840,1300,1900,2400,3300,5500,6100,114179,443,300.0,466.64180684030833,22.625349999543687,6146.283989999574,4497.482374166878
1776013440,548,,Aggregated,821.700000,0.500000,310,430,520,580,840,1300,1900,2300,3300,5500,6100,114962,443,310.0,466.1952001510022,22.625349999543687,6146.283989999574,4497.60168577443
1776013441,546,,Aggregated,826.300000,0.500000,310,430,520,580,830,1300,1900,2300,3300,5500,6100,115752,443,310.0,465.70619765532797,22.625349999543687,6146.283989999574,4497.720428156749
1776013442,544,,Aggregated,830.600000,0.500000,310,430,520,580,830,1300,1900,2300,3300,5500,6100,116387,443,310.0,465.77049363940523,22.625349999543687,6146.283989999574,4497.814704391384
1776013443,540,,Aggregated,829.100000,0.200000,310,430,520,590,830,1300,1900,2300,3300,5500,6100,117059,443,310.0,466.33369838918355,22.625349999543687,6146.283989999574,4497.913359929608
1776013444,536,,Aggregated,833.800000,0.100000,310,430,520,590,830,1300,1900,2300,3300,5500,6100,117767,443,310.0,466.49242267307056,22.625349999543687,6146.283989999574,4498.016082603785
1776013445,532,,Aggregated,829.100000,0.100000,310,430,520,590,830,1300,1900,2300,3300,5500,6100,118535,443,310.0,465.9840750806047,22.625349999543687,6146.283989999574,4498.126123086008
1776013452,527,,Aggregated,491.300000,0.000000,310,430,520,590,820,1300,1900,2300,3300,5500,6100,119282,443,310.0,465.57078999395964,22.625349999543687,6146.283989999574,4498.231795241529
1776013446,521,,Aggregated,827.700000,0.000000,310,430,520,580,820,1300,1900,2300,3300,5500,6100,120049,443,310.0,465.1788395113623,22.625349999543687,6146.283989999574,4498.338928270956
1776013447,514,,Aggregated,828.800000,0.000000,310,430,520,580,820,1300,1900,2300,3300,5500,6100,120829,443,310.0,464.6397023393347,22.625349999543687,6146.283989999574,4498.446482218673
1776013448,507,,Aggregated,823.100000,0.000000,310,430,520,580,820,1300,1900,2300,3300,5500,6100,121601,443,310.0,464.00517526409715,22.625349999543687,6146.283989999574,4498.5515744113945
1776013449,500,,Aggregated,820.600000,0.000000,310,430,520,580,810,1300,1900,2300,3300,5500,6100,122389,443,310.0,463.15945639623993,22.625349999543687,6146.283989999574,4498.657477387674
1776013450,492,,Aggregated,815.500000,0.000000,310,430,510,580,810,1300,1900,2300,3300,5500,6100,123224,443,310.0,462.1654274042352,22.625349999543687,6146.283989999574,4498.76821885347
1776013451,483,,Aggregated,817.700000,0.000000,310,430,510,570,810,1300,1800,2300,3300,5500,6100,123989,443,310.0,461.31995130607925,22.625349999543687,6146.283989999574,4498.868367355169
1776013452,474,,Aggregated,820.200000,0.000000,310,430,510,570,810,1300,1800,2300,3300,5500,6100,124731,443,310.0,460.53055539568714,22.625349999543687,6146.283989999574,4498.964331240831
1776013453,464,,Aggregated,824.400000,0.000000,310,430,510,570,800,1300,1800,2300,3300,5500,6100,125502,443,310.0,459.6857498307563,22.625349999543687,6146.283989999574,4499.062843620022
1776013454,454,,Aggregated,828.600000,0.000000,310,430,510,570,800,1300,1800,2300,3300,5500,6100,126229,443,310.0,458.93236519769323,22.625349999543687,6146.283989999574,4499.154631661504
1776013455,443,,Aggregated,839.500000,0.000000,310,430,510,570,800,1300,1800,2300,3300,5500,6100,126992,443,310.0,457.89549104880285,22.625349999543687,6146.283989999574,4499.249834635252
1776013455,432,,Aggregated,839.500000,0.000000,310,420,500,570,800,1300,1800,2300,3300,5500,6100,127701,443,310.0,457.0923376296158,22.625349999543687,6146.283989999574,4499.337280052623
1776013456,421,,Aggregated,843.500000,0.000000,310,420,500,560,800,1300,1800,2300,3300,5500,6100,128374,443,310.0,456.31602357673387,22.625349999543687,6146.283989999574,4499.419391777151
1776013457,409,,Aggregated,840.700000,0.000000,310,420,500,560,790,1300,1800,2300,3300,5500,6100,129066,443,310.0,455.4467816501607,22.625349999543687,6146.283989999574,4499.502928734136
1776013458,397,,Aggregated,834.200000,0.000000,310,420,500,560,790,1300,1800,2300,3300,5500,6100,129733,443,310.0,454.6881449165563,22.625349999543687,6146.283989999574,4499.582604271851
1776013459,385,,Aggregated,829.600000,0.000000,310,420,500,560,790,1200,1800,2300,3300,5500,6100,130399,443,310.0,453.7992287213827,22.625349999543687,6146.283989999574,4499.66134709622
1776013460,372,,Aggregated,818.600000,0.000000,310,420,500,560,790,1200,1800,2300,3300,5500,6100,131077,443,310.0,452.82297578590857,22.625349999543687,6146.283989999574,4499.740686771897
1776013461,360,,Aggregated,805.300000,0.000000,310,420,500,560,790,1200,1800,2300,3300,5500,6100,131732,443,310.0,451.7981005609837,22.625349999543687,6146.283989999574,4499.816559378131
1776013462,347,,Aggregated,792.400000,0.000000,310,420,500,560,790,1200,1800,2300,3300,5500,6100,132347,443,310.0,450.90762121672157,22.625349999543687,6146.283989999574,4499.887114932715
1776013463,334,,Aggregated,774.600000,0.000000,310,420,490,550,780,1200,1800,2300,3300,5500,6100,132974,443,310.0,449.9174417195796,22.625349999543687,6146.283989999574,4499.958375321491
1776013464,321,,Aggregated,764.100000,0.000000,300,420,490,550,780,1200,1800,2300,3300,5500,6100,133544,443,300.0,449.0812349244397,22.625349999543687,6146.283989999574,4500.022576828611
1776013465,307,,Aggregated,749.000000,0.000000,300,410,490,550,780,1200,1800,2300,3300,5500,6100,134123,443,300.0,448.27451942015483,22.625349999543687,6146.283989999574,4500.087233360423
1776013465,294,,Aggregated,749.000000,0.000000,300,410,490,550,780,1200,1800,2200,3300,5500,6100,134681,443,300.0,447.398426625503,22.625349999543687,6146.283989999574,4500.149018792555
1776013466,281,,Aggregated,736.900000,0.000000,300,410,490,550,780,1200,1800,2200,3300,5500,6100,135219,443,300.0,446.5552808776086,22.625349999543687,6146.283989999574,4500.20810684889
1776013467,268,,Aggregated,715.400000,0.000000,300,410,490,550,780,1200,1800,2200,3300,5500,6100,135709,443,300.0,445.81340017411765,22.625349999543687,6146.283989999574,4500.2615154484965
1776013468,255,,Aggregated,692.600000,0.000000,300,410,490,550,780,1200,1800,2200,3300,5500,6100,136159,443,300.0,445.1807765455042,22.625349999543687,6146.283989999574,4500.310225545135
1776013469,242,,Aggregated,675.300000,0.000000,300,410,490,550,770,1200,1800,2200,3300,5500,6100,136608,443,300.0,444.48551407632993,22.625349999543687,6146.283989999574,4500.358507554462
1776013470,229,,Aggregated,657.500000,0.000000,300,410,490,550,770,1200,1800,2200,3300,5500,6100,137048,443,300.0,443.808740583439,22.625349999543687,6146.283989999574,4500.405514856109
1776013471,217,,Aggregated,634.100000,0.000000,300,410,490,540,770,1200,1800,2200,3300,5500,6100,137452,443,300.0,443.18978907356137,22.625349999543687,6146.283989999574,4500.448411081687
1776013472,204,,Aggregated,612.600000,0.000000,300,410,480,540,770,1200,1800,2200,3300,5500,6100,137839,443,300.0,442.60096599735306,22.625349999543687,6146.283989999574,4500.489266463048
1776013473,192,,Aggregated,583.300000,0.000000,300,410,480,540,770,1200,1800,2200,3200,5500,6100,138190,443,300.0,442.0632617939735,22.625349999543687,6146.283989999574,4500.526123453216
1776013474,181,,Aggregated,560.400000,0.000000,300,410,480,540,770,1200,1800,2200,3200,5500,6100,138536,443,300.0,441.55839664801357,22.625349999543687,6146.283989999574,4500.562272622279
1776013475,169,,Aggregated,535.500000,0.000000,300,410,480,540,770,1200,1800,2200,3200,5500,6100,138862,443,300.0,441.0627629411878,22.625349999543687,6146.283989999574,4500.596167418013
1776013475,158,,Aggregated,535.500000,0.000000,290,410,480,540,770,1200,1800,2200,3200,5500,6100,139163,443,290.0,440.60774333737567,22.625349999543687,6146.283989999574,4500.627321917464
1776013476,148,,Aggregated,508.900000,0.000000,290,410,480,540,770,1200,1800,2200,3200,5500,6100,139442,443,290.0,440.18334708760074,22.625349999543687,6146.283989999574,4500.656079230074
1776013477,137,,Aggregated,487.000000,0.000000,290,400,480,540,770,1200,1800,2200,3200,5500,6100,139707,443,290.0,439.7844834564429,22.625349999543687,6146.283989999574,4500.683287165281
1776013478,128,,Aggregated,462.100000,0.000000,290,400,480,540,760,1200,1800,2200,3200,5500,6100,139956,443,290.0,439.4056422602766,22.625349999543687,6146.283989999574,4500.708758466947
1776013480,118,,Aggregated,437.700000,0.000000,290,400,480,540,760,1200,1800,2200,3200,5500,6100,140179,443,290.0,439.06677955970065,22.625349999543687,6146.283989999574,4500.731493304988
1776013481,109,,Aggregated,408.600000,0.000000,290,400,480,540,760,1200,1800,2200,3200,5500,6100,140386,443,290.0,438.7514758775041,22.625349999543687,6146.283989999574,4500.752532303791
1776013481,101,,Aggregated,389.300000,0.000000,290,400,480,540,760,1200,1800,2200,3200,5500,6100,140584,443,290.0,438.4539196636119,22.625349999543687,6146.283989999574,4500.772598588744
1776013482,93,,Aggregated,366.800000,0.000000,290,400,480,540,760,1200,1800,2200,3200,5500,6100,140758,443,290.0,438.1930181699027,22.625349999543687,6146.283989999574,4500.790185992981
1776013483,86,,Aggregated,340.300000,0.000000,290,400,480,540,760,1200,1800,2200,3200,5500,6100,140924,443,290.0,437.94870164428454,22.625349999543687,6146.283989999574,4500.806924299623
1776013484,80,,Aggregated,318.700000,0.000000,290,400,480,540,760,1200,1800,2200,3200,5500,6100,141072,443,290.0,437.72748311833084,22.625349999543687,6146.283989999574,4500.821814392651
1776013485,74,,Aggregated,286.600000,0.000000,290,400,480,540,760,1200,1800,2200,3200,5500,6100,141214,443,290.0,437.51569258649386,22.625349999543687,6146.283989999574,4500.836071494327
1776013486,68,,Aggregated,269.500000,0.000000,290,400,480,540,760,1200,1800,2200,3200,5500,6100,141339,443,290.0,437.3303511837436,22.625349999543687,6146.283989999574,4500.848598051493
1776013487,64,,Aggregated,251.000000,0.000000,290,400,480,540,760,1200,1800,2200,3200,5500,6100,141469,443,290.0,437.1383580787959,22.625349999543687,6146.283989999574,4500.861602188465
1776013488,60,,Aggregated,228.200000,0.000000,290,400,480,540,760,1200,1800,2200,3200,5500,6100,141575,443,290.0,436.9798843978042,22.625349999543687,6146.283989999574,4500.87218788628
1776013489,56,,Aggregated,212.600000,0.000000,290,400,480,540,760,1200,1800,2200,3200,5500,6100,141680,443,290.0,436.82652492468316,22.625349999543687,6146.283989999574,4500.882658102767
1776013490,54,,Aggregated,190.100000,0.000000,290,400,480,540,760,1200,1800,2200,3200,5500,6100,141787,443,290.0,436.66922334183766,22.625349999543687,6146.283989999574,4500.8933117986835
1776013497,52,,Aggregated,79.100000,0.000000,290,400,480,540,760,1200,1800,2200,3200,5500,6100,141881,443,290.0,436.5326649020598,22.625349999543687,6146.283989999574,4500.902657861166
1776013491,50,,Aggregated,175.600000,0.000000,290,400,480,540,760,1200,1800,2200,3200,5500,6100,141974,443,290.0,436.395831430608,22.625349999543687,6146.283989999574,4500.911892318311
1776013492,50,,Aggregated,164.400000,0.000000,290,400,480,540,760,1200,1800,2200,3200,5500,6100,142075,443,290.0,436.2484894660505,22.625349999543687,6146.283989999574,4500.921907443252
1776013493,50,,Aggregated,150.500000,0.000000,290,400,480,540,760,1200,1800,2200,3200,5500,6100,142174,443,290.0,436.1024562009871,22.625349999543687,6146.283989999574,4500.931710439321
1776013494,50,,Aggregated,141.000000,0.000000,290,400,480,530,760,1200,1800,2200,3200,5500,6100,142268,443,290.0,435.9638660493517,22.625349999543687,6146.283989999574,4500.941005707537
1776013495,52,,Aggregated,130.200000,0.000000,290,400,480,530,760,1200,1800,2200,3200,5500,6100,142358,443,290.0,435.8339022133577,22.625349999543687,6146.283989999574,4500.949893929389
1776013496,54,,Aggregated,124.200000,0.000000,290,400,480,530,760,1200,1800,2200,3200,5500,6100,142461,443,290.0,435.68665609990944,22.625349999543687,6146.283989999574,4500.960052224819
1776013497,57,,Aggregated,118.300000,0.000000,290,400,480,530,760,1200,1800,2200,3200,5500,6100,142568,443,290.0,435.53321475933734,22.625349999543687,6146.283989999574,4500.970589473093
1776013498,60,,Aggregated,114.900000,0.000000,290,400,480,530,760,1200,1800,2200,3200,5500,6100,142684,443,290.0,435.36577394647765,22.625349999543687,6146.283989999574,4500.981995178156
1776013499,64,,Aggregated,113.500000,0.000000,290,400,480,530,760,1200,1800,2200,3200,5500,6100,142802,473,290.0,435.23315190956185,17.035480000231473,6146.283989999574,4500.045062394084
1776013500,69,,Aggregated,111.100000,0.000000,290,400,470,530,760,1200,1800,2200,3200,5500,6100,142931,473,290.0,435.0579972257191,17.035480000231473,6146.283989999574,4500.058559724623
1776013507,74,,Aggregated,78.600000,3.000000,290,400,470,530,760,1200,1800,2200,3200,5500,6100,143070,473,290.0,434.8646342384795,17.035480000231473,6146.283989999574,4500.073076116586
1776013501,81,,Aggregated,112.700000,3.000000,290,400,470,530,760,1200,1800,2200,3200,5500,6100,143221,473,290.0,434.6599952123589,17.035480000231473,6146.283989999574,4500.088813791273
1776013502,87,,Aggregated,113.800000,3.000000,290,400,470,530,760,1200,1800,2200,3200,5500,6100,143377,473,290.0,434.4664922977133,17.035480000231473,6146.283989999574,4500.105037767564
1776013503,94,,Aggregated,119.700000,3.000000,290,400,470,530,760,1200,1800,2200,3200,5500,6100,143535,473,290.0,434.29176810860906,17.035480000231473,6146.283989999574,4500.121433796635
1776013504,102,,Aggregated,126.100000,3.000000,290,400,470,530,750,1200,1800,2200,3200,5500,6100,143727,473,290.0,434.05446235828487,17.035480000231473,6146.283989999574,4500.141309566052
1776013505,111,,Aggregated,131.100000,3.000000,290,400,470,530,750,1200,1800,2200,3200,5500,6100,143915,473,290.0,433.842241353085,17.035480000231473,6146.283989999574,4500.160719869367
1776013506,119,,Aggregated,138.200000,3.000000,290,400,470,530,750,1200,1800,2200,3200,5500,6100,144136,473,290.0,433.57168514818835,17.035480000231473,6146.283989999574,4500.183472553699
1776013507,129,,Aggregated,147.300000,3.000000,290,400,470,530,750,1200,1800,2200,3200,5500,6100,144373,473,290.0,433.2711833850461,17.035480000231473,6146.283989999574,4500.207795086339
1776013508,139,,Aggregated,160.400000,3.000000,290,400,470,530,750,1200,1800,2200,3200,5500,6100,144628,473,290.0,432.95316564419915,17.035480000231473,6146.283989999574,4500.233875874657
1776013509,149,,Aggregated,173.800000,3.000000,290,400,470,530,750,1200,1800,2200,3200,5500,6100,144917,473,290.0,432.58687109172297,17.035480000231473,6146.283989999574,4500.263323143593
1776013510,160,,Aggregated,190.300000,3.000000,290,390,470,530,750,1200,1800,2200,3200,5500,6100,145205,473,290.0,432.2085422031557,17.035480000231473,6146.283989999574,4500.29255190937
1776013517,171,,Aggregated,175.300000,0.000000,280,390,470,530,750,1200,1800,2200,3200,5500,6100,145537,473,280.0,431.76284023725356,17.035480000231473,6146.283989999574,4500.326102640565
1776013511,182,,Aggregated,204.000000,0.000000,280,390,470,530,750,1200,1800,2200,3200,5500,6100,145867,473,280.0,431.3354697082902,17.035480000231473,6146.283989999574,4500.359299910192
1776013512,194,,Aggregated,221.700000,0.000000,280,390,470,530,750,1200,1800,2200,3200,5500,6100,146237,473,280.0,430.8414974314242,17.035480000231473,6146.283989999574,4500.39634292279
1776013513,206,,Aggregated,241.700000,0.000000,280,390,470,530,750,1200,1800,2200,3200,5500,6100,146628,473,280.0,430.32110716813435,17.035480000231473,6146.283989999574,4500.435285211556
1776013514,218,,Aggregated,262.000000,0.000000,280,390,470,530,750,1200,1800,2200,3200,5500,6100,147020,473,280.0,429.86792640313706,17.035480000231473,6146.283989999574,4500.47411916746
1776013515,231,,Aggregated,286.200000,0.000000,280,390,470,530,740,1200,1800,2200,3200,5500,6100,147421,473,280.0,429.4056512346895,17.035480000231473,6146.283989999574,4500.5136310295
1776013516,244,,Aggregated,308.500000,0.000000,280,390,470,520,740,1200,1800,2200,3200,5500,6100,147861,473,280.0,428.9035247819858,17.035480000231473,6146.283989999574,4500.556739099559
1776013517,256,,Aggregated,328.900000,0.000000,280,390,470,520,740,1200,1800,2200,3200,5500,6100,148321,475,280.0,428.3427212653579,17.035480000231473,6146.283989999574,4500.540651694635
1776013518,269,,Aggregated,354.300000,0.000000,280,390,470,520,740,1200,1800,2200,3200,5500,6100,148818,479,280.0,427.7235068094527,17.035480000231473,6146.283989999574,4500.467584566383
1776013519,283,,Aggregated,379.900000,0.200000,280,390,460,520,740,1200,1800,2200,3200,5500,6100,149342,495,280.0,427.09442002336397,17.035480000231473,6146.283989999574,4500.034852888002
1776013520,296,,Aggregated,406.800000,0.600000,280,390,460,520,740,1100,1800,2200,3200,5500,6100,149879,507,280.0,426.44817937282266,17.035480000231473,6146.283989999574,4499.726979763676
1776013527,309,,Aggregated,334.100000,4.300000,280,390,460,520,740,1100,1700,2200,3200,5500,6100,150411,516,280.0,425.84065576719365,17.035480000231473,6146.283989999574,4499.510840297585
1776013521,322,,Aggregated,432.400000,2.000000,280,390,460,520,740,1100,1700,2200,3200,5500,6100,150983,527,280.0,425.3350239305707,17.035480000231473,6146.283989999574,4499.240576753674
1776013522,335,,Aggregated,457.200000,3.300000,280,380,460,520,740,1100,1700,2200,3200,5500,6100,151580,544,280.0,424.64156427503184,17.035480000231473,6146.283989999574,4498.796279192506
1776013523,348,,Aggregated,484.400000,5.000000,280,380,460,520,730,1100,1700,2200,3200,5500,6100,152167,553,280.0,424.1139459623262,17.035480000231473,6146.283989999574,4498.591744596398
1776013524,361,,Aggregated,511.100000,6.400000,280,380,460,520,730,1100,1700,2200,3200,5500,6100,152754,560,280.0,423.6699242041407,17.035480000231473,6146.283989999574,4498.447896618092
1776013525,373,,Aggregated,535.700000,7.800000,280,380,460,520,730,1100,1700,2200,3200,5500,6100,153376,560,280.0,423.20620023719067,17.035480000231473,6146.283989999574,4498.515021906947
1776013526,386,,Aggregated,557.900000,8.600000,280,380,460,510,730,1100,1700,2200,3200,5500,6100,153994,560,280.0,422.7011971356629,17.035480000231473,6146.283989999574,4498.581178487473
1776013527,398,,Aggregated,577.400000,8.700000,280,380,460,510,730,1100,1700,2200,3200,5500,6100,154647,560,280.0,422.2618593615089,17.035480000231473,6146.283989999574,4498.650507284331
1776013528,410,,Aggregated,592.200000,8.700000,280,380,460,510,730,1100,1700,2200,3200,5500,6100,155314,560,280.0,421.89076522772757,17.035480000231473,6146.283989999574,4498.720720604711
1776013529,422,,Aggregated,611.600000,8.500000,280,380,460,510,720,1100,1700,2200,3200,5500,6100,155939,560,280.0,421.4635673138167,17.035480000231473,6146.283989999574,4498.785967589891
1776013530,433,,Aggregated,629.500000,8.100000,280,380,460,510,730,1100,1700,2200,3200,5500,6100,156468,560,280.0,421.7691056858864,17.035480000231473,6146.283989999574,4498.840785336299
1776013537,444,,Aggregated,410.600000,0.000000,280,380,460,510,730,1100,1700,2100,3200,5500,6100,157002,560,280.0,421.9536214551995,17.035480000231473,6146.283989999574,4498.895746550999
1776013531,455,,Aggregated,646.300000,6.700000,280,380,460,520,730,1100,1700,2100,3200,5500,6100,157572,560,280.0,422.5109010733458,17.035480000231473,6146.283989999574,4498.954001980047
1776013532,465,,Aggregated,640.500000,5.400000,280,380,460,520,730,1100,1700,2100,3200,5500,6100,158185,560,280.0,422.71180560431907,17.035480000231473,6146.283989999574,4499.016183582514
1776013533,475,,Aggregated,636.300000,3.700000,280,380,460,520,730,1100,1700,2100,3200,5500,6100,158796,561,280.0,422.8432305610925,17.035480000231473,6146.283989999574,4499.049251870324
1776013534,484,,Aggregated,640.300000,2.300000,280,380,460,520,730,1100,1700,2100,3200,5500,6100,159411,561,280.0,423.0747894586282,17.035480000231473,6146.283989999574,4499.110789092346
1776013535,492,,Aggregated,656.500000,0.900000,280,390,460,520,730,1100,1700,2100,3200,5400,6100,160028,563,280.0,423.3407581248245,17.035480000231473,6146.283989999574,4499.115623515885
1776013536,500,,Aggregated,656.600000,0.200000,280,390,460,520,730,1100,1700,2100,3200,5400,6100,160619,565,280.0,423.60421804020353,17.035480000231473,6146.283989999574,4499.1178503165875
1776013537,508,,Aggregated,658.800000,0.100000,280,390,470,520,740,1100,1700,2100,3200,5400,6100,161256,566,280.0,424.0227766187275,17.035480000231473,6146.283989999574,4499.152589671082
1776013538,515,,Aggregated,657.400000,0.300000,280,390,470,530,740,1100,1700,2100,3200,5400,6100,161875,566,280.0,424.30422022362563,17.035480000231473,6146.283989999574,4499.2131891891895
1776013539,521,,Aggregated,655.500000,0.600000,280,390,470,530,740,1100,1700,2100,3200,5400,6100,162531,566,280.0,424.7311545178424,17.035480000231473,6146.283989999574,4499.276907174632
1776013540,527,,Aggregated,660.700000,0.600000,280,390,470,530,740,1100,1700,2100,3200,5400,6100,163190,567,280.0,425.0847282257461,17.035480000231473,6146.283989999574,4499.312733623384
1776013547,532,,Aggregated,423.900000,0.700000,280,390,470,530,740,1100,1700,2100,3200,5400,6100,163731,568,280.0,425.40944445639235,17.035480000231473,6146.283989999574,4499.3369917730915
1776013541,537,,Aggregated,654.700000,0.600000,280,390,470,530,750,1100,1700,2100,3200,5400,6100,164290,570,280.0,426.2285224614989,17.035480000231473,6146.283989999574,4499.33532168726
1776013542,541,,Aggregated,669.200000,0.700000,280,390,470,530,750,1100,1700,2100,3200,5400,6100,164925,571,280.0,427.0417918173683,17.035480000231473,6146.283989999574,4499.368258299227
1776013543,544,,Aggregated,675.900000,0.800000,280,390,470,540,750,1100,1700,2100,3200,5400,6100,165641,571,280.0,427.4717819170344,17.035480000231473,6146.283989999574,4499.4358280860415
1776013544,546,,Aggregated,673.900000,1.000000,280,390,470,540,750,1100,1700,2100,3200,5400,6100,166439,571,280.0,427.4235630378055,17.035480000231473,6146.283989999574,4499.510451276444
1776013545,548,,Aggregated,670.500000,1.100000,280,390,470,540,750,1100,1700,2100,3200,5400,6100,167262,571,280.0,427.166060470395,17.035480000231473,6146.283989999574,4499.586666427521
1776013546,549,,Aggregated,682.600000,1.000000,280,390,470,540,750,1100,1700,2100,3200,5400,6100,168076,571,280.0,426.96765223392475,17.035480000231473,6146.283989999574,4499.661313929413
1776013547,549,,Aggregated,699.700000,1.000000,280,390,470,530,750,1100,1700,2100,3200,5400,6100,168911,571,280.0,426.68143286244873,17.035480000231473,6146.283989999574,4499.737139677108
1776013548,549,,Aggregated,726.300000,0.800000,280,390,470,530,740,1100,1700,2100,3200,5400,6100,169705,571,280.0,426.39231338168446,17.035480000231473,6146.283989999574,4499.80855013111
1776013549,548,,Aggregated,746.900000,0.500000,290,390,470,530,740,1100,1700,2100,3200,5400,6100,170509,571,290.0,426.17181542897293,17.035480000231473,6146.283989999574,4499.880182277769
1776013550,546,,Aggregated,761.200000,0.500000,290,390,470,530,740,1100,1700,2100,3200,5400,6100,171383,571,290.0,425.6872025802374,17.035480000231473,6146.283989999574,4499.957288645898
1776013551,544,,Aggregated,778.600000,0.500000,290,390,470,530,740,1100,1700,2100,3200,5400,6100,172153,571,290.0,425.4264577496692,17.035480000231473,6146.283989999574,4500.0245711663465
1776013552,541,,Aggregated,799.700000,0.400000,290,390,470,530,740,1100,1700,2100,3200,5400,6100,172998,571,290.0,425.17445498484886,17.035480000231473,6146.283989999574,4500.097717892692
1776013553,537,,Aggregated,815.700000,0.300000,290,390,470,530,740,1100,1700,2100,3200,5400,6100,173813,571,290.0,424.9648965581354,17.035480000231473,6146.283989999574,4500.167593908396
1776013554,533,,Aggregated,849.300000,0.100000,290,390,470,530,730,1100,1700,2100,3200,5400,6100,174652,571,290.0,424.6332363558926,17.035480000231473,6146.283989999574,4500.238846391681
1776013555,528,,Aggregated,871.900000,0.000000,290,390,470,530,730,1000,1700,2100,3200,5400,6100,175386,571,290.0,424.53364652811274,17.035480000231473,6146.283989999574,4500.300622626663
1776013556,522,,Aggregated,880.800000,0.000000,290,390,470,530,730,1000,1700,2100,3200,5400,6100,176207,571,290.0,424.2065373145201,17.035480000231473,6146.283989999574,4500.369111329289
1776013556,516,,Aggregated,880.800000,0.000000,290,390,470,530,730,1000,1700,2100,3200,5400,6100,176931,571,290.0,424.00644806545773,17.035480000231473,6146.283989999574,4500.428980789121
1776013557,509,,Aggregated,878.400000,0.000000,290,400,470,530,730,1000,1700,2100,3200,5400,6100,177689,571,290.0,423.8880725415729,17.035480000231473,6146.283989999574,4500.491139012544
1776013558,501,,Aggregated,873.800000,0.000000,290,400,470,530,730,1000,1700,2000,3200,5400,6100,178408,571,290.0,423.7995092920703,17.035480000231473,6146.283989999574,4500.549611003991
1776013559,493,,Aggregated,868.300000,0.000000,290,400,470,530,730,1000,1700,2000,3200,5400,6100,179144,571,290.0,423.5916439667497,17.035480000231473,6146.283989999574,4500.608979368552
1776013560,485,,Aggregated,863.100000,0.000000,290,400,470,530,720,1000,1700,2000,3200,5400,6100,179908,571,290.0,423.2230841261053,17.035480000231473,6146.283989999574,4500.670092491718
1776013561,475,,Aggregated,858.400000,0.000000,290,400,470,530,720,1000,1700,2000,3200,5400,6100,180599,571,290.0,422.97949240155964,17.035480000231473,6146.283989999574,4500.72492095748
1776013562,466,,Aggregated,847.800000,0.000000,290,400,470,530,720,1000,1700,2000,3200,5400,6100,181320,571,290.0,422.7555521294371,17.035480000231473,6146.283989999574,4500.781684315023
1776013563,456,,Aggregated,842.900000,0.000000,290,400,470,530,720,1000,1700,2000,3200,5400,6100,181942,571,290.0,422.7136287065637,17.035480000231473,6146.283989999574,4500.830292071099
1776013564,445,,Aggregated,829.000000,0.000000,290,400,470,530,720,1000,1700,2000,3200,5400,6100,182568,571,290.0,422.7515942746794,17.035480000231473,6146.283989999574,4500.878878007099
1776013565,434,,Aggregated,810.200000,0.000000,290,400,470,530,720,1000,1600,2000,3200,5400,6100,183136,571,290.0,422.7711642775296,17.035480000231473,6146.283989999574,4500.9226749519485
1776013566,423,,Aggregated,792.300000,0.000000,290,400,470,530,720,1000,1600,2000,3200,5400,6100,183785,571,290.0,422.65961235356303,17.035480000231473,6146.283989999574,4500.97238621215
1776013566,412,,Aggregated,792.300000,0.000000,290,400,470,530,720,1000,1600,2000,3200,5400,6100,184387,571,290.0,422.4283176290605,17.035480000231473,6146.283989999574,4501.018184579173
1776013567,400,,Aggregated,773.900000,0.000000,290,400,470,530,720,1000,1600,2000,3200,5400,6100,185028,571,290.0,422.23545287994085,17.035480000231473,6146.283989999574,4501.06662234905
1776013568,388,,Aggregated,751.800000,0.000000,290,400,470,530,720,1000,1600,2000,3200,5400,6100,185658,571,290.0,421.87686328060016,17.035480000231473,6146.283989999574,4501.113902982904
1776013569,375,,Aggregated,739.900000,0.000000,290,400,470,530,710,1000,1600,2000,3200,5400,6100,186319,571,290.0,421.3752714262072,17.035480000231473,6146.283989999574,4501.163166397415
1776013570,362,,Aggregated,729.200000,0.000000,290,400,470,530,710,1000,1600,2000,3200,5400,6100,186943,571,290.0,420.94001878780887,17.035480000231473,6146.283989999574,4501.209352583408
1776013571,350,,Aggregated,721.600000,0.000000,290,400,470,530,710,1000,1600,2000,3200,5400,6100,187576,571,290.0,420.4403111977504,17.035480000231473,6146.283989999574,4501.2558909455365
1776013572,337,,Aggregated,708.900000,0.000000,290,390,470,520,710,1000,1600,2000,3200,5400,6100,188178,571,290.0,419.90553614247796,17.035480000231473,6146.283989999574,4501.299859707298
1776013573,324,,Aggregated,697.200000,0.000000,290,390,470,520,710,1000,1600,2000,3200,5400,6100,188771,571,290.0,419.36969309130814,17.035480000231473,6146.283989999574,4501.342896949213
1776013574,311,,Aggregated,685.300000,0.000000,290,390,470,520,710,990,1600,2000,3200,5400,6100,189319,571,290.0,418.88143018766937,17.035480000231473,6146.283989999574,4501.382428599348
1776013575,301,,Aggregated,681.400000,0.000000,290,390,470,520,710,990,1600,2000,3200,5400,6100,189851,571,290.0,418.48242718268295,17.035480000231473,6146.283989999574,4501.420587724057
1776013576,291,,Aggregated,672.600000,0.000000,290,390,470,520,710,990,1600,2000,3200,5400,6100,190368,571,290.0,418.0531494572063,17.035480000231473,6146.283989999574,4501.457466591024
1776013576,281,,Aggregated,672.600000,0.000000,290,390,470,520,710,990,1600,2000,3200,5400,6100,190878,571,290.0,417.6217021711746,17.035480000231473,6146.283989999574,4501.493650394493
1776013577,271,,Aggregated,668.700000,0.000000,290,390,470,520,710,990,1600,2000,3200,5400,6100,191382,571,290.0,417.18849743888865,17.035480000231473,6146.283989999574,4501.5292190488135
1776013578,261,,Aggregated,658.700000,0.000000,290,390,470,520,710,980,1600,2000,3200,5400,6100,191863,571,290.0,416.75293944381934,17.035480000231473,6146.283989999574,4501.562990258674
1776013579,251,,Aggregated,647.000000,0.000000,290,390,460,520,700,980,1600,2000,3200,5400,6100,192332,571,290.0,416.3125818367173,17.035480000231473,6146.283989999574,4501.595756296404
1776013580,241,,Aggregated,634.700000,0.000000,290,390,460,520,700,980,1600,2000,3200,5400,6100,192783,571,290.0,415.89330448571457,17.035480000231473,6146.283989999574,4501.62711442399
1776013581,231,,Aggregated,615.500000,0.000000,290,390,460,520,700,980,1600,2000,3200,5400,6100,193223,571,290.0,415.50470935819965,17.035480000231473,6146.283989999574,4501.657566645793
1776013582,221,,Aggregated,601.500000,0.000000,280,390,460,520,700,980,1600,2000,3200,5400,6100,193618,571,280.0,415.14780149056145,17.035480000231473,6146.283989999574,4501.684786538442
1776013583,211,,Aggregated,579.700000,0.000000,280,390,460,520,700,980,1600,2000,3200,5400,6100,194019,571,280.0,414.7736472255777,17.035480000231473,6146.283989999574,4501.712306526681
1776013584,201,,Aggregated,556.900000,0.000000,280,390,460,520,700,980,1600,2000,3200,5400,6100,194402,571,280.0,414.4146847638878,17.035480000231473,6146.283989999574,4501.73848520077
1776013585,191,,Aggregated,530.100000,0.000000,280,390,460,520,700,970,1600,2000,3200,5400,6100,194755,571,280.0,414.07941569443364,17.035480000231473,6146.283989999574,4501.762522143205
1776013592,181,,Aggregated,274.500000,0.000000,280,380,460,520,700,970,1600,2000,3200,5400,6100,195090,571,280.0,413.76605874534545,17.035480000231473,6146.283989999574,4501.785252960172
1776013586,171,,Aggregated,511.700000,0.000000,280,380,460,520,700,970,1600,2000,3200,5400,6100,195423,571,280.0,413.45427521315037,17.035480000231473,6146.283989999574,4501.807770835572
1776013587,161,,Aggregated,495.700000,0.000000,280,380,460,520,700,970,1600,2000,3200,5400,6100,195728,571,280.0,413.1661993588532,17.035480000231473,6146.283989999574,4501.828328087959
1776013588,151,,Aggregated,477.400000,0.000000,280,380,460,520,700,970,1600,2000,3200,5400,6100,196006,571,280.0,412.9048762164404,17.035480000231473,6146.283989999574,4501.847009785415
1776013589,141,,Aggregated,456.500000,0.000000,280,380,460,510,700,970,1600,2000,3200,5400,6100,196269,571,280.0,412.6638504966633,17.035480000231473,6146.283989999574,4501.864634761475
1776013590,131,,Aggregated,431.400000,0.000000,280,380,460,510,700,970,1600,2000,3200,5400,6100,196520,571,280.0,412.4304566387119,17.035480000231473,6146.283989999574,4501.881411561164
1776013591,121,,Aggregated,410.700000,0.000000,280,380,460,510,700,970,1600,2000,3200,5400,6100,196749,571,280.0,412.2205042908462,17.035480000231473,6146.283989999574,4501.896680542213
1776013592,111,,Aggregated,390.100000,0.000000,280,380,460,510,700,970,1600,2000,3200,5400,6100,196956,571,280.0,412.02657828083284,17.035480000231473,6146.283989999574,4501.910452080668
1776013593,101,,Aggregated,370.300000,0.000000,280,380,460,510,700,970,1600,2000,3200,5400,6100,197150,571,280.0,411.8448230539167,17.035480000231473,6146.283989999574,4501.923332487953
1776013594,91,,Aggregated,347.300000,0.000000,280,380,460,510,700,970,1600,2000,3200,5400,6100,197322,571,280.0,411.68655200018054,17.035480000231473,6146.283989999574,4501.934731048743
1776013595,81,,Aggregated,322.000000,0.000000,280,380,460,510,700,970,1600,2000,3200,5400,6100,197475,571,280.0,411.5440153861989,17.035480000231473,6146.283989999574,4501.944853778959
1776013602,71,,Aggregated,136.700000,0.000000,280,380,460,510,700,970,1600,2000,3200,5400,6100,197615,571,280.0,411.4147492618959,17.035480000231473,6146.283989999574,4501.954102674392
1776013596,61,,Aggregated,302.000000,0.000000,280,380,460,510,700,970,1600,2000,3200,5400,6100,197727,571,280.0,411.31276117560856,17.035480000231473,6146.283989999574,4501.961492360679
1776013597,51,,Aggregated,282.100000,0.000000,280,380,460,510,700,970,1600,2000,3200,5400,6100,197826,571,280.0,411.2205337594629,17.035480000231473,6146.283989999574,4501.968017348579
1776013598,41,,Aggregated,261.900000,0.000000,280,380,460,510,700,970,1600,2000,3200,5400,6100,197904,571,280.0,411.14806491854375,17.035480000231473,6146.283989999574,4501.973153650255
1776013599,31,,Aggregated,237.000000,0.000000,280,380,460,510,700,970,1600,2000,3200,5400,6100,197968,571,280.0,411.0885489528079,17.035480000231473,6146.283989999574,4501.977365028692
1776013600,21,,Aggregated,210.300000,0.000000,280,380,460,510,700,970,1600,2000,3200,5400,6100,198009,571,280.0,411.05093719148863,17.035480000231473,6146.283989999574,4501.980061512356
1776013601,11,,Aggregated,190.500000,0.000000,280,380,460,510,700,970,1600,2000,3200,5400,6100,198030,571,280.0,411.03121433161374,17.035480000231473,6146.283989999574,4501.981442205726
1776013602,10,,Aggregated,169.200000,0.000000,280,380,460,510,700,970,1600,2000,3200,5400,6100,198048,571,280.0,411.0142373637675,17.035480000231473,6146.283989999574,4501.98262542414
1776013603,10,,Aggregated,149.200000,0.000000,280,380,460,510,700,970,1600,2000,3200,5400,6100,198068,571,280.0,410.99557991174464,17.035480000231473,6146.283989999574,4501.983939859038
1776013604,10,,Aggregated,125.300000,0.000000,280,380,460,510,700,970,1600,2000,3200,5400,6100,198088,571,280.0,410.97668434084557,17.035480000231473,6146.283989999574,4501.985254028513
1776013605,10,,Aggregated,101.600000,0.000000,280,380,460,510,700,970,1600,2000,3200,5400,6100,198107,571,280.0,410.9606922497913,17.035480000231473,6146.283989999574,4501.986502243737
1776013612,10,,Aggregated,18.700000,0.000000,280,380,460,510,700,970,1600,2000,3200,5400,6100,198124,571,280.0,410.9456035692769,17.035480000231473,6146.283989999574,4501.987618864953
1776013606,10,,Aggregated,86.400000,0.000000,280,380,460,510,700,970,1600,2000,3200,5400,6100,198143,571,280.0,410.9276275284486,17.035480000231473,6146.283989999574,4501.988866626628
1776013607,10,,Aggregated,71.500000,0.000000,280,380,460,510,700,970,1600,2000,3200,5400,6100,198160,571,280.0,410.9127946107659,17.035480000231473,6146.283989999574,4501.989982842148
1776013608,10,,Aggregated,59.000000,0.000000,280,380,460,510,700,970,1600,2000,3200,5400,6100,198179,571,280.0,410.8949724125632,17.035480000231473,6146.283989999574,4501.99123015052
1776013609,10,,Aggregated,47.900000,0.000000,280,380,460,510,700,970,1600,2000,3200,5400,6100,198197,571,280.0,410.87798081827356,17.035480000231473,6146.283989999574,4501.992411590489
1776013610,10,,Aggregated,35.200000,0.000000,280,380,460,510,700,970,1600,2000,3200,5400,6100,198218,571,280.0,410.8582632370894,17.035480000231473,6146.283989999574,4501.993789665923
1776013611,10,,Aggregated,29.400000,0.000000,280,380,460,510,700,970,1600,2000,3200,5400,6100,198236,571,280.0,410.841367510893,17.035480000231473,6146.283989999574,4501.994970641054
1776013612,10,,Aggregated,26.000000,0.000000,280,380,460,510,700,970,1600,2000,3200,5400,6100,198257,571,280.0,410.8217072500813,17.035480000231473,6146.283989999574,4501.99634817434
1776013613,10,,Aggregated,23.900000,0.000000,280,380,460,510,700,970,1600,2000,3200,5400,6100,198279,571,280.0,410.8010621134831,17.035480000231473,6146.283989999574,4501.997790991481
1776013614,10,,Aggregated,23.200000,0.000000,280,380,460,510,700,970,1600,2000,3200,5400,6100,198297,571,280.0,410.7841290614045,17.035480000231473,6146.283989999574,4501.998971240109
1776013615,10,,Aggregated,20.700000,0.000000,280,380,460,510,700,970,1600,2000,3200,5400,6100,198316,571,280.0,410.7665900661033,17.035480000231473,6146.283989999574,4502.000216825672
1776013622,10,,Aggregated,13.800000,0.000000,280,380,460,510,700,970,1600,2000,3200,5400,6100,198337,571,280.0,410.74724256799954,17.035480000231473,6146.283989999574,4502.001593247856
1776013616,10,,Aggregated,20.500000,0.000000,280,380,460,510,700,960,1600,2000,3200,5400,6100,198355,571,280.0,410.7303980722409,17.035480000231473,6146.283989999574,4502.002772806332
1776013617,10,,Aggregated,20.500000,0.000000,280,380,460,510,700,960,1600,2000,3200,5400,6100,198375,571,280.0,410.7117521147794,17.035480000231473,6146.283989999574,4502.004083175803
1776013618,10,,Aggregated,20.600000,0.000000,280,380,460,510,700,960,1600,2000,3200,5400,6100,198394,571,280.0,410.6939398018054,17.035480000231473,6146.283989999574,4502.00532778209
1776013619,10,,Aggregated,20.800000,0.000000,280,380,460,510,690,960,1600,2000,3200,5400,6100,198414,571,280.0,410.67514919823896,17.035480000231473,6146.283989999574,4502.0066376364575
1776013620,10,,Aggregated,21.200000,0.000000,280,380,460,510,690,960,1600,2000,3200,5400,6100,198432,573,280.0,410.66315396573833,17.035480000231473,6146.283989999574,4501.962309506531
1776013621,10,,Aggregated,21.500000,0.000000,280,380,460,510,690,960,1600,2000,3200,5400,6100,198451,573,280.0,410.6466940075354,17.035480000231473,6146.283989999574,4501.963557754811
1776013622,10,,Aggregated,21.500000,0.000000,280,380,460,510,690,960,1600,2000,3200,5400,6100,198470,573,280.0,410.6290791015237,17.035480000231473,6146.283989999574,4501.964805764095
1776013623,10,,Aggregated,21.300000,0.200000,280,380,460,510,690,960,1600,2000,3200,5400,6100,198488,573,280.0,410.613060990334,17.035480000231473,6146.283989999574,4501.965987868284
1776013624,10,,Aggregated,21.900000,0.200000,280,380,460,510,690,960,1600,2000,3200,5400,6100,198509,573,280.0,410.5941135546471,17.035480000231473,6146.283989999574,4501.967366718889
1776013625,10,,Aggregated,21.100000,0.200000,280,380,460,510,690,960,1600,2000,3200,5400,6100,198527,573,280.0,410.57826934436855,17.035480000231473,6146.283989999574,4501.968548358662
1776013632,10,,Aggregated,13.400000,0.200000,280,380,460,510,690,960,1600,2000,3200,5400,6100,198546,573,280.0,410.56066649350515,17.035480000231473,6146.283989999574,4501.96979541265
1776013626,10,,Aggregated,21.500000,0.200000,280,380,460,510,690,960,1600,2000,3200,5400,6100,198565,573,280.0,410.5428680291565,17.035480000231473,6146.283989999574,4501.971042227986
1776013627,10,,Aggregated,21.400000,0.200000,280,380,460,510,690,960,1600,2000,3200,5400,6100,198584,573,280.0,410.5250935438377,17.035480000231473,6146.283989999574,4501.972288804737
1776013628,10,,Aggregated,21.300000,0.200000,280,380,460,510,690,960,1600,2000,3200,5400,6100,198603,573,280.0,410.5074980901068,17.035480000231473,6146.283989999574,4501.973535142974
1776013630,10,,Aggregated,21.300000,0.200000,280,380,460,510,690,960,1600,2000,3200,5400,6100,198603,573,280.0,410.5074980901068,17.035480000231473,6146.283989999574,4501.973535142974
1776013631,0,,Aggregated,20.900000,0.200000,280,380,460,510,690,960,1600,2000,3200,5400,6100,198607,573,280.0,410.5375361075364,17.035480000231473,6146.283989999574,4501.973797499584
1776013632,0,,Aggregated,20.900000,0.200000,280,380,460,510,690,960,1600,2000,3200,5400,6100,198607,573,280.0,410.5375361075364,17.035480000231473,6146.283989999574,4501.973797499584
1776013633,0,,Aggregated,20.900000,0.200000,280,380,460,510,690,960,1600,2000,3200,5400,6100,198607,573,280.0,410.5375361075364,17.035480000231473,6146.283989999574,4501.973797499584
1776013634,0,,Aggregated,20.900000,0.200000,280,380,460,510,690,960,1600,2000,3200,5400,6100,198607,573,280.0,410.5375361075364,17.035480000231473,6146.283989999574,4501.973797499584
1776013635,0,,Aggregated,20.900000,0.200000,280,380,460,510,690,960,1600,2000,3200,5400,6100,198607,573,280.0,410.5375361075364,17.035480000231473,6146.283989999574,4501.973797499584
1776013636,0,,Aggregated,20.900000,0.200000,280,380,460,510,690,960,1600,2000,3200,5400,6100,198607,573,280.0,410.5375361075364,17.035480000231473,6146.283989999574,4501.973797499584
1776013636,0,,Aggregated,20.900000,0.200000,280,380,460,510,690,960,1600,2000,3200,5400,6100,198607,573,280.0,410.5375361075364,17.035480000231473,6146.283989999574,4501.973797499584
1776013637,0,,Aggregated,20.900000,0.200000,280,380,460,510,690,960,1600,2000,3200,5400,6100,198607,573,280.0,410.5375361075364,17.035480000231473,6146.283989999574,4501.973797499584
1776013638,0,,Aggregated,20.900000,0.200000,280,380,460,510,690,960,1600,2000,3200,5400,6100,198607,573,280.0,410.5375361075364,17.035480000231473,6146.283989999574,4501.973797499584
1776013639,0,,Aggregated,20.900000,0.200000,280,380,460,510,690,960,1600,2000,3200,5400,6100,198607,573,280.0,410.5375361075364,17.035480000231473,6146.283989999574,4501.973797499584
1776013640,0,,Aggregated,20.900000,0.200000,280,380,460,510,690,960,1600,2000,3200,5400,6100,198607,573,280.0,410.5375361075364,17.035480000231473,6146.283989999574,4501.973797499584
1776013641,0,,Aggregated,20.900000,0.200000,280,380,460,510,690,960,1600,2000,3200,5400,6100,198607,573,280.0,410.5375361075364,17.035480000231473,6146.283989999574,4501.973797499584
1776013642,0,,Aggregated,20.900000,0.200000,280,380,460,510,690,960,1600,2000,3200,5400,6100,198607,573,280.0,410.5375361075364,17.035480000231473,6146.283989999574,4501.973797499584
1776013643,0,,Aggregated,20.900000,0.200000,280,380,460,510,690,960,1600,2000,3200,5400,6100,198607,573,280.0,410.5375361075364,17.035480000231473,6146.283989999574,4501.973797499584
1776013644,0,,Aggregated,20.900000,0.200000,280,380,460,510,690,960,1600,2000,3200,5400,6100,198607,573,280.0,410.5375361075364,17.035480000231473,6146.283989999574,4501.973797499584
1776013645,0,,Aggregated,20.900000,0.200000,280,380,460,510,690,960,1600,2000,3200,5400,6100,198607,573,280.0,410.5375361075364,17.035480000231473,6146.283989999574,4501.973797499584
1776013652,0,,Aggregated,20.900000,0.200000,280,380,460,510,690,960,1600,2000,3200,5400,6100,198607,573,280.0,410.5375361075364,17.035480000231473,6146.283989999574,4501.973797499584
1776013646,0,,Aggregated,20.900000,0.200000,280,380,460,510,690,960,1600,2000,3200,5400,6100,198607,573,280.0,410.5375361075364,17.035480000231473,6146.283989999574,4501.973797499584
1776013647,0,,Aggregated,20.900000,0.200000,280,380,460,510,690,960,1600,2000,3200,5400,6100,198607,573,280.0,410.5375361075364,17.035480000231473,6146.283989999574,4501.973797499584
1776013648,0,,Aggregated,20.900000,0.200000,280,380,460,510,690,960,1600,2000,3200,5400,6100,198607,573,280.0,410.5375361075364,17.035480000231473,6146.283989999574,4501.973797499584
1776013649,0,,Aggregated,20.900000,0.200000,280,380,460,510,690,960,1600,2000,3200,5400,6100,198607,573,280.0,410.5375361075364,17.035480000231473,6146.283989999574,4501.973797499584
1776013650,0,,Aggregated,20.900000,0.200000,280,380,460,510,690,960,1600,2000,3200,5400,6100,198607,573,280.0,410.5375361075364,17.035480000231473,6146.283989999574,4501.973797499584
1776013651,0,,Aggregated,20.900000,0.200000,280,380,460,510,690,960,1600,2000,3200,5400,6100,198607,573,280.0,410.5375361075364,17.035480000231473,6146.283989999574,4501.973797499584
1776013652,0,,Aggregated,20.900000,0.200000,280,380,460,510,690,960,1600,2000,3200,5400,6100,198607,573,280.0,410.5375361075364,17.035480000231473,6146.283989999574,4501.973797499584
1776013653,0,,Aggregated,20.900000,0.200000,280,380,460,510,690,960,1600,2000,3200,5400,6100,198607,573,280.0,410.5375361075364,17.035480000231473,6146.283989999574,4501.973797499584
1776013654,0,,Aggregated,20.900000,0.200000,280,380,460,510,690,960,1600,2000,3200,5400,6100,198607,573,280.0,410.5375361075364,17.035480000231473,6146.283989999574,4501.973797499584
1776013655,0,,Aggregated,20.900000,0.200000,280,380,460,510,690,960,1600,2000,3200,5400,6100,198607,573,280.0,410.5375361075364,17.035480000231473,6146.283989999574,4501.973797499584
1776013662,0,,Aggregated,20.900000,0.200000,280,380,460,510,690,960,1600,2000,3200,5400,6100,198607,573,280.0,410.5375361075364,17.035480000231473,6146.283989999574,4501.973797499584
1776013656,0,,Aggregated,20.900000,0.200000,280,380,460,510,690,960,1600,2000,3200,5400,6100,198607,573,280.0,410.5375361075364,17.035480000231473,6146.283989999574,4501.973797499584
1776013657,0,,Aggregated,20.900000,0.200000,280,380,460,510,690,960,1600,2000,3200,5400,6100,198607,573,280.0,410.5375361075364,17.035480000231473,6146.283989999574,4501.973797499584
1776013658,0,,Aggregated,20.900000,0.200000,280,380,460,510,690,960,1600,2000,3200,5400,6100,198607,573,280.0,410.5375361075364,17.035480000231473,6146.283989999574,4501.973797499584
1776013659,0,,Aggregated,20.900000,0.200000,280,380,460,510,690,960,1600,2000,3200,5400,6100,198607,573,280.0,410.5375361075364,17.035480000231473,6146.283989999574,4501.973797499584
1776013660,0,,Aggregated,20.900000,0.200000,280,380,460,510,690,960,1600,2000,3200,5400,6100,198607,573,280.0,410.5375361075364,17.035480000231473,6146.283989999574,4501.973797499584
1776013661,0,,Aggregated,20.900000,0.200000,280,380,460,510,690,960,1600,2000,3200,5400,6100,198607,573,280.0,410.5375361075364,17.035480000231473,6146.283989999574,4501.973797499584
1776013662,0,,Aggregated,20.900000,0.200000,280,380,460,510,690,960,1600,2000,3200,5400,6100,198607,573,280.0,410.5375361075364,17.035480000231473,6146.283989999574,4501.973797499584
1776013663,0,,Aggregated,20.900000,0.200000,280,380,460,510,690,960,1600,2000,3200,5400,6100,198607,573,280.0,410.5375361075364,17.035480000231473,6146.283989999574,4501.973797499584
1776013664,0,,Aggregated,20.900000,0.200000,280,380,460,510,690,960,1600,2000,3200,5400,6100,198607,573,280.0,410.5375361075364,17.035480000231473,6146.283989999574,4501.973797499584
1776013665,0,,Aggregated,20.900000,0.200000,280,380,460,510,690,960,1600,2000,3200,5400,6100,198607,573,280.0,410.5375361075364,17.035480000231473,6146.283989999574,4501.973797499584
1776013672,0,,Aggregated,20.900000,0.200000,280,380,460,510,690,960,1600,2000,3200,5400,6100,198607,573,280.0,410.5375361075364,17.035480000231473,6146.283989999574,4501.973797499584
1776013666,0,,Aggregated,20.900000,0.200000,280,380,460,510,690,960,1600,2000,3200,5400,6100,198607,573,280.0,410.5375361075364,17.035480000231473,6146.283989999574,4501.973797499584
1776013667,0,,Aggregated,20.900000,0.200000,280,380,460,510,690,960,1600,2000,3200,5400,6100,198607,573,280.0,410.5375361075364,17.035480000231473,6146.283989999574,4501.973797499584
1776013669,0,,Aggregated,20.900000,0.200000,280,380,460,510,690,960,1600,2000,3200,5400,6100,198607,573,280.0,410.5375361075364,17.035480000231473,6146.283989999574,4501.973797499584
1776013670,0,,Aggregated,20.900000,0.200000,280,380,460,510,690,960,1600,2000,3200,5400,6100,198607,573,280.0,410.5375361075364,17.035480000231473,6146.283989999574,4501.973797499584
1776013671,0,,Aggregated,20.900000,0.200000,280,380,460,510,690,960,1600,2000,3200,5400,6100,198607,573,280.0,410.5375361075364,17.035480000231473,6146.283989999574,4501.973797499584
1776013671,0,,Aggregated,20.900000,0.200000,280,380,460,510,690,960,1600,2000,3200,5400,6100,198607,573,280.0,410.5375361075364,17.035480000231473,6146.283989999574,4501.973797499584
1776013672,0,,Aggregated,20.900000,0.200000,280,380,460,510,690,960,1600,2000,3200,5400,6100,198607,573,280.0,410.5375361075364,17.035480000231473,6146.283989999574,4501.973797499584
1776013673,0,,Aggregated,20.900000,0.200000,280,380,460,510,690,960,1600,2000,3200,5400,6100,198607,573,280.0,410.5375361075364,17.035480000231473,6146.283989999574,4501.973797499584
1776013674,0,,Aggregated,20.900000,0.200000,280,380,460,510,690,960,1600,2000,3200,5400,6100,198607,573,280.0,410.5375361075364,17.035480000231473,6146.283989999574,4501.973797499584
1776013675,0,,Aggregated,20.900000,0.200000,280,380,460,510,690,960,1600,2000,3200,5400,6100,198607,573,280.0,410.5375361075364,17.035480000231473,6146.283989999574,4501.973797499584
1776013682,0,,Aggregated,20.900000,0.200000,280,380,460,510,690,960,1600,2000,3200,5400,6100,198607,573,280.0,410.5375361075364,17.035480000231473,6146.283989999574,4501.973797499584
1776013677,0,,Aggregated,20.900000,0.200000,280,380,460,510,690,960,1600,2000,3200,5400,6100,198607,573,280.0,410.5375361075364,17.035480000231473,6146.283989999574,4501.973797499584
1776013678,0,,Aggregated,20.900000,0.200000,280,380,460,510,690,960,1600,2000,3200,5400,6100,198607,573,280.0,410.5375361075364,17.035480000231473,6146.283989999574,4501.973797499584
1776013679,0,,Aggregated,20.900000,0.200000,280,380,460,510,690,960,1600,2000,3200,5400,6100,198607,573,280.0,410.5375361075364,17.035480000231473,6146.283989999574,4501.973797499584
1776013680,0,,Aggregated,20.900000,0.200000,280,380,460,510,690,960,1600,2000,3200,5400,6100,198607,573,280.0,410.5375361075364,17.035480000231473,6146.283989999574,4501.973797499584
1776013681,0,,Aggregated,20.900000,0.200000,280,380,460,510,690,960,1600,2000,3200,5400,6100,198607,573,280.0,410.5375361075364,17.035480000231473,6146.283989999574,4501.973797499584
1776013681,0,,Aggregated,20.900000,0.200000,280,380,460,510,690,960,1600,2000,3200,5400,6100,198607,573,280.0,410.5375361075364,17.035480000231473,6146.283989999574,4501.973797499584
1776013682,0,,Aggregated,20.900000,0.200000,280,380,460,510,690,960,1600,2000,3200,5400,6100,198607,573,280.0,410.5375361075364,17.035480000231473,6146.283989999574,4501.973797499584
1776013683,0,,Aggregated,20.900000,0.200000,280,380,460,510,690,960,1600,2000,3200,5400,6100,198607,573,280.0,410.5375361075364,17.035480000231473,6146.283989999574,4501.973797499584
1776013684,0,,Aggregated,20.900000,0.200000,280,380,460,510,690,960,1600,2000,3200,5400,6100,198607,573,280.0,410.5375361075364,17.035480000231473,6146.283989999574,4501.973797499584
1776013685,0,,Aggregated,20.900000,0.200000,280,380,460,510,690,960,1600,2000,3200,5400,6100,198607,573,280.0,410.5375361075364,17.035480000231473,6146.283989999574,4501.973797499584
1776013686,0,,Aggregated,20.900000,0.200000,280,380,460,510,690,960,1600,2000,3200,5400,6100,198607,573,280.0,410.5375361075364,17.035480000231473,6146.283989999574,4501.973797499584
1776013687,0,,Aggregated,20.900000,0.200000,280,380,460,510,690,960,1600,2000,3200,5400,6100,198607,573,280.0,410.5375361075364,17.035480000231473,6146.283989999574,4501.973797499584
1776013688,0,,Aggregated,20.900000,0.200000,280,380,460,510,690,960,1600,2000,3200,5400,6100,198607,573,280.0,410.5375361075364,17.035480000231473,6146.283989999574,4501.973797499584
1776013689,0,,Aggregated,20.900000,0.200000,280,380,460,510,690,960,1600,2000,3200,5400,6100,198607,573,280.0,410.5375361075364,17.035480000231473,6146.283989999574,4501.973797499584
1776013690,0,,Aggregated,20.900000,0.200000,280,380,460,510,690,960,1600,2000,3200,5400,6100,198607,573,280.0,410.5375361075364,17.035480000231473,6146.283989999574,4501.973797499584
1776013691,0,,Aggregated,20.900000,0.200000,280,380,460,510,690,960,1600,2000,3200,5400,6100,198607,573,280.0,410.5375361075364,17.035480000231473,6146.283989999574,4501.973797499584
1776013691,0,,Aggregated,20.900000,0.200000,280,380,460,510,690,960,1600,2000,3200,5400,6100,198607,573,280.0,410.5375361075364,17.035480000231473,6146.283989999574,4501.973797499584
1776013692,0,,Aggregated,20.900000,0.200000,280,380,460,510,690,960,1600,2000,3200,5400,6100,198607,573,280.0,410.5375361075364,17.035480000231473,6146.283989999574,4501.973797499584
1776013693,0,,Aggregated,20.900000,0.200000,280,380,460,510,690,960,1600,2000,3200,5400,6100,198607,573,280.0,410.5375361075364,17.035480000231473,6146.283989999574,4501.973797499584
1776013694,0,,Aggregated,20.900000,0.200000,280,380,460,510,690,960,1600,2000,3200,5400,6100,198607,573,280.0,410.5375361075364,17.035480000231473,6146.283989999574,4501.973797499584
1776013695,0,,Aggregated,20.900000,0.200000,280,380,460,510,690,960,1600,2000,3200,5400,6100,198607,573,280.0,410.5375361075364,17.035480000231473,6146.283989999574,4501.973797499584
1776013696,0,,Aggregated,20.900000,0.200000,280,380,460,510,690,960,1600,2000,3200,5400,6100,198607,573,280.0,410.5375361075364,17.035480000231473,6146.283989999574,4501.973797499584
1776013697,0,,Aggregated,20.900000,0.200000,280,380,460,510,690,960,1600,2000,3200,5400,6100,198607,573,280.0,410.5375361075364,17.035480000231473,6146.283989999574,4501.973797499584
1776013698,0,,Aggregated,20.900000,0.200000,280,380,460,510,690,960,1600,2000,3200,5400,6100,198607,573,280.0,410.5375361075364,17.035480000231473,6146.283989999574,4501.973797499584
1776013699,0,,Aggregated,20.900000,0.200000,280,380,460,510,690,960,1600,2000,3200,5400,6100,198607,573,280.0,410.5375361075364,17.035480000231473,6146.283989999574,4501.973797499584
1776013700,0,,Aggregated,20.900000,0.200000,280,380,460,510,690,960,1600,2000,3200,5400,6100,198607,573,280.0,410.5375361075364,17.035480000231473,6146.283989999574,4501.973797499584
1776013701,0,,Aggregated,20.900000,0.200000,280,380,460,510,690,960,1600,2000,3200,5400,6100,198607,573,280.0,410.5375361075364,17.035480000231473,6146.283989999574,4501.973797499584
1776013701,0,,Aggregated,20.900000,0.200000,280,380,460,510,690,960,1600,2000,3200,5400,6100,198607,573,280.0,410.5375361075364,17.035480000231473,6146.283989999574,4501.973797499584
1776013702,0,,Aggregated,20.900000,0.200000,280,380,460,510,690,960,1600,2000,3200,5400,6100,198607,573,280.0,410.5375361075364,17.035480000231473,6146.283989999574,4501.973797499584
1776013703,0,,Aggregated,20.900000,0.200000,280,380,460,510,690,960,1600,2000,3200,5400,6100,198607,573,280.0,410.5375361075364,17.035480000231473,6146.283989999574,4501.973797499584
1776013704,0,,Aggregated,20.900000,0.200000,280,380,460,510,690,960,1600,2000,3200,5400,6100,198607,573,280.0,410.5375361075364,17.035480000231473,6146.283989999574,4501.973797499584
1776013705,0,,Aggregated,20.900000,0.200000,280,380,460,510,690,960,1600,2000,3200,5400,6100,198607,573,280.0,410.5375361075364,17.035480000231473,6146.283989999574,4501.973797499584
1776013706,0,,Aggregated,20.900000,0.200000,280,380,460,510,690,960,1600,2000,3200,5400,6100,198607,573,280.0,410.5375361075364,17.035480000231473,6146.283989999574,4501.973797499584
1776013707,0,,Aggregated,20.900000,0.200000,280,380,460,510,690,960,1600,2000,3200,5400,6100,198607,573,280.0,410.5375361075364,17.035480000231473,6146.283989999574,4501.973797499584
1776013708,0,,Aggregated,20.900000,0.200000,280,380,460,510,690,960,1600,2000,3200,5400,6100,198607,573,280.0,410.5375361075364,17.035480000231473,6146.283989999574,4501.973797499584
1776013709,0,,Aggregated,20.900000,0.200000,280,380,460,510,690,960,1600,2000,3200,5400,6100,198607,573,280.0,410.5375361075364,17.035480000231473,6146.283989999574,4501.973797499584
1776013710,0,,Aggregated,20.900000,0.200000,280,380,460,510,690,960,1600,2000,3200,5400,6100,198607,573,280.0,410.5375361075364,17.035480000231473,6146.283989999574,4501.973797499584
1776013711,0,,Aggregated,20.900000,0.200000,280,380,460,510,690,960,1600,2000,3200,5400,6100,198607,573,280.0,410.5375361075364,17.035480000231473,6146.283989999574,4501.973797499584
1776013711,0,,Aggregated,20.900000,0.200000,280,380,460,510,690,960,1600,2000,3200,5400,6100,198607,573,280.0,410.5375361075364,17.035480000231473,6146.283989999574,4501.973797499584
1776013712,0,,Aggregated,20.900000,0.200000,280,380,460,510,690,960,1600,2000,3200,5400,6100,198607,573,280.0,410.5375361075364,17.035480000231473,6146.283989999574,4501.973797499584
1776013713,0,,Aggregated,20.900000,0.200000,280,380,460,510,690,960,1600,2000,3200,5400,6100,198607,573,280.0,410.5375361075364,17.035480000231473,6146.283989999574,4501.973797499584
1776013714,0,,Aggregated,20.900000,0.200000,280,380,460,510,690,960,1600,2000,3200,5400,6100,198607,573,280.0,410.5375361075364,17.035480000231473,6146.283989999574,4501.973797499584
1776013715,0,,Aggregated,20.900000,0.200000,280,380,460,510,690,960,1600,2000,3200,5400,6100,198607,573,280.0,410.5375361075364,17.035480000231473,6146.283989999574,4501.973797499584
1776013716,0,,Aggregated,20.900000,0.200000,280,380,460,510,690,960,1600,2000,3200,5400,6100,198607,573,280.0,410.5375361075364,17.035480000231473,6146.283989999574,4501.973797499584
1776013717,0,,Aggregated,20.900000,0.200000,280,380,460,510,690,960,1600,2000,3200,5400,6100,198607,573,280.0,410.5375361075364,17.035480000231473,6146.283989999574,4501.973797499584
1776013718,0,,Aggregated,20.900000,0.200000,280,380,460,510,690,960,1600,2000,3200,5400,6100,198607,573,280.0,410.5375361075364,17.035480000231473,6146.283989999574,4501.973797499584
1776013719,0,,Aggregated,20.900000,0.200000,280,380,460,510,690,960,1600,2000,3200,5400,6100,198607,573,280.0,410.5375361075364,17.035480000231473,6146.283989999574,4501.973797499584
1776013720,0,,Aggregated,20.900000,0.200000,280,380,460,510,690,960,1600,2000,3200,5400,6100,198607,573,280.0,410.5375361075364,17.035480000231473,6146.283989999574,4501.973797499584
1776013727,0,,Aggregated,20.900000,0.200000,280,380,460,510,690,960,1600,2000,3200,5400,6100,198607,573,280.0,410.5375361075364,17.035480000231473,6146.283989999574,4501.973797499584
