Timestamp,User Count,Type,Name,Requests/s,Failures/s,50%,66%,75%,80%,90%,95%,98%,99%,99.9%,99.99%,100%,Total Request Count,Total Failure Count,Total Median Response Time,Total Average Response Time,Total Min Response Time,Total Max Response Time,Total Average Content Size
1776358601,0,,Aggregated,0.000000,0.000000,N/A,N/A,N/A,N/A,N/A,N/A,N/A,N/A,N/A,N/A,N/A,0,0,0,0.0,0,0,0
1776358602,40,,Aggregated,0.000000,0.000000,510,550,580,600,630,630,640,640,640,640,640,54,0,510.0,458.0301866111498,200.48660799875506,642.1299169996928,4515.0
1776358603,80,,Aggregated,0.000000,0.000000,430,520,600,620,720,740,740,760,760,760,760,165,0,430.0,438.00320678783464,200.48660799875506,764.5903290012939,4515.0
1776358604,120,,Aggregated,40.000000,0.000000,410,500,570,600,700,730,740,760,810,810,810,316,0,410.0,421.0872331740103,200.48660799875506,812.6834770009737,4515.0
1776358605,160,,Aggregated,55.000000,0.000000,420,500,540,600,730,810,900,970,990,990,990,491,0,420.0,449.91524687981394,200.48660799875506,988.1499530001747,4515.0
1776358606,200,,Aggregated,86.666667,0.000000,500,560,610,630,720,810,940,1000,1100,1100,1100,678,0,500.0,492.8978937979136,200.48660799875506,1087.2487440010445,4515.0
1776358607,240,,Aggregated,108.250000,0.000000,540,620,710,730,810,1000,1400,1500,1600,1600,1600,862,0,540.0,567.8096480185287,200.48660799875506,1584.358312000404,4515.0
1776358608,280,,Aggregated,124.400000,0.000000,600,730,790,820,900,1200,1500,1800,1900,1900,1900,1033,0,600.0,633.2081954907786,200.48660799875506,1930.149325999082,4515.0
1776358606,308,,Aggregated,86.666667,0.000000,650,800,870,960,1100,1300,1900,2100,2200,2200,2200,1191,0,650.0,713.9249889227206,200.48660799875506,2219.885926000643,4515.0
1776358607,308,,Aggregated,108.250000,0.000000,730,880,1100,1100,1300,1900,2700,2800,2900,2900,2900,1363,0,730.0,818.1264711283651,200.48660799875506,2938.022553000337,4515.0
1776358608,308,,Aggregated,127.200000,0.000000,790,1100,1100,1200,1500,1900,2700,2800,2900,2900,2900,1545,0,790.0,891.3500005430284,200.48660799875506,2938.022553000337,4515.0
1776358609,308,,Aggregated,163.000000,0.000000,830,1100,1200,1300,1600,2000,2800,3000,3200,3200,3200,1683,0,830.0,952.8531766244638,200.48660799875506,3211.4916800001083,4515.0
1776358610,308,,Aggregated,187.571429,0.000000,880,1200,1300,1400,1800,2000,2800,3000,3200,3200,3200,1791,0,880.0,1002.8538007866983,200.48660799875506,3211.4916800001083,4515.0
1776358611,308,,Aggregated,195.500000,0.000000,960,1200,1400,1600,2000,2200,2800,2900,3200,3200,3200,1903,0,960.0,1071.663382720426,200.48660799875506,3211.4916800001083,4515.0
1776358612,308,,Aggregated,189.222222,0.000000,1100,1300,1600,1900,2200,2400,2700,2900,3200,3200,3200,2073,0,1100.0,1172.2681432773593,200.48660799875506,3211.4916800001083,4515.0
1776358613,308,,Aggregated,181.100000,0.000000,1100,1400,1800,1900,2200,2400,2700,2900,3200,3200,3200,2234,0,1100.0,1214.2693250308637,200.48660799875506,3211.4916800001083,4515.0
1776358614,308,,Aggregated,188.100000,0.000000,1200,1500,1700,1900,2200,2400,2700,2900,3200,3200,3200,2407,0,1200.0,1233.5776985579294,200.48660799875506,3211.4916800001083,4515.0
1776358615,308,,Aggregated,197.600000,0.000000,1200,1500,1700,1900,2200,2400,2700,2900,3200,3200,3200,2573,0,1200.0,1254.5774096548507,200.48660799875506,3211.4916800001083,4515.0
1776358616,308,,Aggregated,200.200000,0.000000,1300,1500,1700,1900,2200,2300,2700,2800,3200,3200,3200,2731,0,1300.0,1275.037492709232,200.48660799875506,3211.4916800001083,4515.0
1776358617,308,,Aggregated,198.900000,0.000000,1300,1500,1700,1800,2200,2300,2600,2800,3200,3200,3200,2910,0,1300.0,1291.4760423817559,200.48660799875506,3211.4916800001083,4515.0
1776358618,308,,Aggregated,194.700000,0.000000,1300,1600,1700,1800,2200,2300,2600,2800,3200,3200,3200,3102,0,1300.0,1300.1834521424566,200.48660799875506,3211.4916800001083,4515.0
1776358619,308,,Aggregated,177.800000,0.000000,1300,1500,1700,1800,2100,2300,2600,2800,3200,3200,3200,3326,0,1300.0,1297.4327002624482,200.48660799875506,3211.4916800001083,4515.0
1776358620,308,,Aggregated,162.000000,0.000000,1300,1500,1700,1800,2100,2300,2500,2800,3200,3200,3200,3519,0,1300.0,1290.8466328556137,200.48660799875506,3211.4916800001083,4515.0
1776358621,308,,Aggregated,155.900000,0.000000,1300,1500,1600,1800,2100,2300,2500,2800,3200,3200,3200,3671,0,1300.0,1293.3533334527156,200.48660799875506,3211.4916800001083,4515.0
1776358622,308,,Aggregated,164.800000,0.000000,1300,1500,1600,1800,2000,2200,2500,2800,3200,3200,3200,3828,0,1300.0,1306.1231674072394,200.48660799875506,3211.4916800001083,4515.0
1776358623,308,,Aggregated,172.400000,0.000000,1300,1500,1700,1800,2100,2200,2500,2700,3200,3200,3200,3925,0,1300.0,1323.0034325082568,200.48660799875506,3211.4916800001083,4515.0
1776358624,307,,Aggregated,177.200000,0.000000,1400,1600,1700,1800,2200,2300,2500,2700,3100,3200,3200,4070,0,1400.0,1350.8468197822856,200.48660799875506,3211.4916800001083,4515.0
1776358625,307,,Aggregated,174.800000,0.000000,1400,1600,1800,1900,2200,2300,2500,2700,3100,3200,3200,4217,0,1400.0,1372.811381345482,200.48660799875506,3211.4916800001083,4515.0
1776358626,307,,Aggregated,167.200000,0.000000,1400,1600,1800,1900,2200,2300,2500,2700,3100,3200,3200,4369,0,1400.0,1386.1907585085587,200.48660799875506,3211.4916800001083,4515.0
1776358627,307,,Aggregated,166.500000,0.000000,1400,1600,1800,1900,2200,2300,2500,2700,3100,3200,3200,4539,0,1400.0,1396.3316230632083,200.48660799875506,3211.4916800001083,4515.0
1776358628,307,,Aggregated,164.200000,0.000000,1400,1600,1800,1900,2100,2300,2500,2700,3100,3200,3200,4692,0,1400.0,1403.683200066477,200.48660799875506,3211.4916800001083,4515.0
1776358629,307,,Aggregated,162.300000,0.000000,1500,1700,1800,1900,2100,2200,2400,2700,3100,3200,3200,4869,0,1500.0,1411.628818302923,200.48660799875506,3211.4916800001083,4515.0
1776358630,307,,Aggregated,162.300000,0.000000,1500,1600,1800,1900,2100,2200,2400,2700,3100,3200,3200,5067,0,1500.0,1414.0626445482392,200.48660799875506,3211.4916800001083,4515.0
1776358631,307,,Aggregated,158.800000,0.000000,1500,1600,1800,1800,2100,2200,2400,2700,3100,3200,3200,5232,0,1500.0,1412.0066141454377,200.48660799875506,3211.4916800001083,4515.0
1776358632,307,,Aggregated,152.700000,0.000000,1400,1600,1800,1800,2100,2200,2400,2700,3100,3200,3200,5396,0,1400.0,1412.7802054043584,200.48660799875506,3211.4916800001083,4515.0
1776358633,307,,Aggregated,153.700000,0.000000,1400,1600,1800,1800,2000,2200,2400,2600,3100,3200,3200,5549,0,1400.0,1418.045260738859,200.48660799875506,3211.4916800001083,4515.0
1776358634,307,,Aggregated,154.000000,0.000000,1500,1600,1800,1800,2000,2200,2400,2600,3100,3200,3200,5717,0,1500.0,1424.3648533050402,200.48660799875506,3211.4916800001083,4515.0
1776358635,307,,Aggregated,157.000000,0.000000,1500,1600,1800,1800,2000,2200,2400,2600,3100,3200,3200,5883,0,1500.0,1430.0098814427868,200.48660799875506,3211.4916800001083,4515.0
1776358636,307,,Aggregated,162.400000,0.000000,1500,1600,1800,1800,2000,2200,2400,2600,3100,3200,3200,6053,0,1500.0,1431.1237674762806,200.48660799875506,3211.4916800001083,4515.0
1776358637,307,,Aggregated,163.800000,0.000000,1500,1600,1800,1800,2000,2200,2400,2600,3100,3200,3200,6256,0,1500.0,1429.1446452263303,200.48660799875506,3211.4916800001083,4515.0
1776358636,307,,Aggregated,162.400000,0.000000,1500,1600,1700,1800,2000,2200,2400,2600,3100,3200,3200,6433,0,1500.0,1427.021686217618,200.48660799875506,3211.4916800001083,4515.0
1776358637,307,,Aggregated,163.800000,0.000000,1500,1600,1700,1800,2000,2200,2400,2600,3100,3200,3200,6594,0,1500.0,1427.9598491279867,200.48660799875506,3211.4916800001083,4515.0
1776358638,307,,Aggregated,171.300000,0.000000,1500,1600,1700,1800,2000,2200,2400,2600,3100,3200,3200,6759,0,1500.0,1432.128643809575,200.48660799875506,3211.4916800001083,4515.0
1776358639,307,,Aggregated,187.900000,0.000000,1500,1600,1700,1800,2000,2200,2400,2600,3100,3200,3200,6947,0,1500.0,1434.7088788453864,200.48660799875506,3211.4916800001083,4515.0
1776358640,307,,Aggregated,204.300000,0.000000,1500,1600,1700,1800,2000,2200,2400,2500,3100,3200,3200,7134,0,1500.0,1433.0054308244905,200.48660799875506,3211.4916800001083,4515.0
1776358641,307,,Aggregated,209.200000,0.000000,1500,1600,1700,1800,2000,2200,2400,2500,3100,3200,3200,7307,0,1500.0,1430.7309740585624,200.48660799875506,3211.4916800001083,4515.0
1776358642,307,,Aggregated,210.900000,0.000000,1500,1600,1700,1800,1900,2200,2300,2500,3100,3200,3200,7481,0,1500.0,1430.782103381219,200.48660799875506,3211.4916800001083,4515.0
1776358643,307,,Aggregated,211.600000,0.000000,1500,1600,1700,1800,1900,2200,2300,2500,3100,3200,3200,7656,0,1500.0,1432.4095840315968,200.48660799875506,3211.4916800001083,4515.0
1776358644,307,,Aggregated,215.800000,0.000000,1500,1600,1700,1800,1900,2200,2300,2500,3100,3200,3200,7868,0,1500.0,1430.4774052764278,200.48660799875506,3211.4916800001083,4515.0
1776358645,307,,Aggregated,216.400000,0.000000,1400,1600,1700,1800,1900,2200,2300,2500,3100,3200,3200,8056,0,1400.0,1426.0774799447531,200.48660799875506,3211.4916800001083,4515.0
1776358646,307,,Aggregated,220.500000,0.000000,1400,1600,1700,1800,1900,2200,2300,2500,3100,3200,3200,8231,0,1400.0,1424.0006447205599,200.48660799875506,3211.4916800001083,4515.0
1776358647,283,,Aggregated,224.600000,0.000000,1400,1600,1700,1800,1900,2200,2300,2500,3100,3200,3200,8412,0,1400.0,1424.2884574640912,200.48660799875506,3211.4916800001083,4515.0
1776358648,283,,Aggregated,220.100000,0.000000,1400,1600,1700,1700,1900,2200,2300,2500,3100,3200,3200,8616,0,1400.0,1419.3633450842526,200.48660799875506,3211.4916800001083,4515.0
1776358649,283,,Aggregated,205.700000,0.000000,1400,1600,1700,1700,1900,2200,2300,2500,3100,3200,3200,8827,0,1400.0,1411.2409703944609,200.48660799875506,3211.4916800001083,4515.0
1776358650,283,,Aggregated,191.100000,0.000000,1400,1500,1700,1700,1900,2200,2300,2500,3100,3200,3200,9022,0,1400.0,1404.6538727395164,200.48660799875506,3211.4916800001083,4515.0
1776358651,283,,Aggregated,192.700000,0.000000,1400,1500,1600,1700,1900,2100,2300,2500,3100,3200,3200,9231,0,1400.0,1398.5548620527518,200.48660799875506,3211.4916800001083,4515.0
1776358652,283,,Aggregated,193.600000,0.000000,1400,1500,1600,1700,1900,2100,2300,2400,3100,3200,3200,9447,0,1400.0,1390.4896898511643,200.48660799875506,3211.4916800001083,4515.0
1776358653,283,,Aggregated,192.700000,0.000000,1400,1500,1600,1700,1900,2100,2300,2400,3100,3200,3200,9649,0,1400.0,1382.5025637493975,200.48660799875506,3211.4916800001083,4515.0
1776358654,283,,Aggregated,193.900000,0.000000,1400,1500,1600,1700,1900,2100,2300,2400,3100,3200,3200,9870,0,1400.0,1374.6662056560203,200.48660799875506,3211.4916800001083,4515.0
1776358655,283,,Aggregated,199.000000,0.000000,1400,1500,1600,1700,1900,2100,2300,2400,3100,3200,3200,10090,0,1400.0,1366.615306546869,200.48660799875506,3211.4916800001083,4515.0
1776358656,283,,Aggregated,200.000000,0.000000,1300,1500,1600,1700,1900,2100,2300,2400,3100,3200,3200,10300,0,1300.0,1359.5993743486317,200.48660799875506,3211.4916800001083,4515.0
1776358657,283,,Aggregated,199.600000,0.000000,1300,1500,1600,1700,1900,2100,2300,2400,3100,3200,3200,10480,0,1300.0,1354.4619076448375,200.48660799875506,3211.4916800001083,4515.0
1776358658,283,,Aggregated,204.000000,0.000000,1300,1500,1600,1700,1900,2100,2300,2400,3100,3200,3200,10684,0,1300.0,1350.8478254707902,200.48660799875506,3211.4916800001083,4515.0
1776358659,283,,Aggregated,208.200000,0.000000,1300,1500,1600,1700,1900,2100,2300,2400,3100,3200,3200,10891,0,1300.0,1346.8336408876976,200.48660799875506,3211.4916800001083,4515.0
1776358660,283,,Aggregated,207.100000,0.000000,1300,1500,1600,1700,1900,2000,2300,2400,3100,3200,3200,11086,0,1300.0,1342.8972557110678,200.48660799875506,3211.4916800001083,4515.0
1776358661,283,,Aggregated,204.700000,0.000000,1300,1500,1600,1700,1900,2000,2300,2400,3100,3200,3200,11289,0,1300.0,1338.4081344738156,200.48660799875506,3211.4916800001083,4515.0
1776358662,283,,Aggregated,204.900000,0.000000,1300,1500,1600,1600,1900,2000,2300,2400,3100,3200,3200,11467,0,1300.0,1336.207120371143,200.48660799875506,3211.4916800001083,4515.0
1776358663,283,,Aggregated,207.200000,0.000000,1300,1500,1600,1600,1900,2000,2300,2400,3100,3200,3200,11652,0,1300.0,1334.0516464868617,200.48660799875506,3211.4916800001083,4515.0
1776358664,283,,Aggregated,203.400000,0.000000,1300,1500,1600,1600,1800,2000,2300,2400,3100,3200,3200,11827,0,1300.0,1333.1789044690875,200.48660799875506,3211.4916800001083,4515.0
1776358665,283,,Aggregated,199.200000,0.000000,1300,1500,1600,1600,1800,2000,2300,2400,3100,3200,3200,11999,0,1300.0,1332.8922154147767,200.48660799875506,3211.4916800001083,4515.0
1776358666,283,,Aggregated,197.900000,0.000000,1300,1500,1500,1600,1800,2000,2200,2400,3100,3200,3200,12213,0,1300.0,1330.894218788251,200.48660799875506,3211.4916800001083,4515.0
1776358667,283,,Aggregated,193.500000,0.000000,1300,1500,1500,1600,1800,2000,2200,2400,3100,3200,3200,12420,0,1300.0,1326.8829485948386,200.48660799875506,3211.4916800001083,4515.0
1776358671,283,,Aggregated,178.900000,0.000000,1300,1500,1500,1600,1800,2000,2200,2400,3100,3200,3200,12610,0,1300.0,1322.7548309665247,200.48660799875506,3211.4916800001083,4515.0
1776358667,283,,Aggregated,193.500000,0.000000,1300,1400,1500,1600,1800,2000,2200,2400,3100,3200,3200,12828,0,1300.0,1319.3841244669356,200.48660799875506,3211.4916800001083,4515.0
1776358668,283,,Aggregated,191.400000,0.000000,1300,1400,1500,1600,1800,2000,2200,2400,3100,3200,3200,13036,0,1300.0,1314.799244193684,200.48660799875506,3211.4916800001083,4515.0
1776358669,283,,Aggregated,208.700000,0.000000,1300,1400,1500,1600,1800,2000,2200,2400,3100,3200,3200,13269,0,1300.0,1309.4739338134664,200.48660799875506,3211.4916800001083,4515.0
1776358670,243,,Aggregated,232.700000,0.000000,1300,1400,1500,1600,1800,2000,2200,2400,3100,3200,3200,13434,0,1300.0,1305.6538847230088,200.48660799875506,3211.4916800001083,4515.0
1776358671,222,,Aggregated,240.500000,0.000000,1300,1400,1500,1600,1800,2000,2200,2400,3100,3200,3200,13643,0,1300.0,1300.4618761709974,200.48660799875506,3211.4916800001083,4515.0
1776358672,222,,Aggregated,238.400000,0.000000,1300,1400,1500,1600,1800,2000,2200,2400,3100,3200,3200,13872,0,1300.0,1291.0041486890777,200.48660799875506,3211.4916800001083,4515.0
1776358673,222,,Aggregated,237.300000,0.000000,1300,1400,1500,1600,1800,2000,2200,2400,3000,3200,3200,14112,0,1300.0,1280.019879647881,200.48660799875506,3211.4916800001083,4515.0
1776358674,222,,Aggregated,248.800000,0.000000,1200,1400,1500,1600,1800,2000,2200,2400,3000,3200,3200,14355,0,1200.0,1268.5529814806584,200.48660799875506,3211.4916800001083,4515.0
1776358675,222,,Aggregated,254.000000,0.000000,1200,1400,1500,1600,1800,2000,2200,2400,3000,3200,3200,14583,0,1200.0,1258.8904828466584,200.48660799875506,3211.4916800001083,4515.0
1776358676,222,,Aggregated,259.100000,0.000000,1200,1400,1500,1600,1800,2000,2200,2300,3000,3200,3200,14762,0,1200.0,1253.622189835446,200.48660799875506,3211.4916800001083,4515.0
1776358677,222,,Aggregated,266.600000,0.000000,1200,1400,1500,1600,1800,1900,2200,2300,3000,3200,3200,14951,0,1200.0,1249.0651593267232,200.48660799875506,3211.4916800001083,4515.0
1776358678,222,,Aggregated,264.700000,0.000000,1200,1400,1500,1600,1800,1900,2200,2300,3000,3200,3200,15138,0,1200.0,1244.2602895647283,200.48660799875506,3211.4916800001083,4515.0
1776358679,222,,Aggregated,245.100000,0.000000,1200,1400,1500,1500,1800,1900,2200,2300,3000,3200,3200,15346,0,1200.0,1238.5158495514693,200.48660799875506,3211.4916800001083,4515.0
1776358680,222,,Aggregated,221.700000,0.000000,1200,1400,1500,1500,1800,1900,2200,2300,3000,3200,3200,15550,0,1200.0,1233.3218839570961,200.48660799875506,3211.4916800001083,4515.0
1776358681,222,,Aggregated,214.600000,0.000000,1200,1400,1500,1500,1800,1900,2200,2300,3000,3200,3200,15726,0,1200.0,1228.7951160262523,200.48660799875506,3211.4916800001083,4515.0
1776358682,222,,Aggregated,217.000000,0.000000,1200,1400,1500,1500,1800,1900,2200,2300,3000,3200,3200,15905,0,1200.0,1225.4341487283757,200.48660799875506,3211.4916800001083,4515.0
1776358683,222,,Aggregated,214.800000,0.000000,1200,1400,1500,1500,1800,1900,2200,2300,3000,3200,3200,16107,0,1200.0,1221.1547364119835,200.48660799875506,3211.4916800001083,4515.0
1776358684,222,,Aggregated,203.300000,0.000000,1200,1400,1500,1500,1800,1900,2200,2300,3000,3200,3200,16247,0,1200.0,1219.0780370799393,200.48660799875506,3211.4916800001083,4515.0
1776358685,222,,Aggregated,199.100000,0.000000,1200,1400,1500,1500,1800,1900,2200,2300,3000,3200,3200,16432,0,1200.0,1217.854598916976,200.48660799875506,3211.4916800001083,4515.0
1776358686,222,,Aggregated,189.100000,0.000000,1200,1300,1500,1500,1800,1900,2200,2300,3000,3200,3200,16631,0,1200.0,1213.361197777208,200.48660799875506,3211.4916800001083,4515.0
1776358687,222,,Aggregated,183.300000,0.000000,1200,1300,1500,1500,1800,1900,2200,2300,3000,3200,3200,16851,0,1200.0,1207.267680354326,200.48660799875506,3211.4916800001083,4515.0
1776358688,222,,Aggregated,186.200000,0.000000,1200,1300,1500,1500,1800,1900,2200,2300,3000,3200,3200,17043,0,1200.0,1202.8058996001726,200.48660799875506,3211.4916800001083,4515.0
1776358689,222,,Aggregated,188.500000,0.000000,1200,1300,1500,1500,1700,1900,2200,2300,3000,3200,3200,17251,0,1200.0,1198.035088121022,200.48660799875506,3211.4916800001083,4515.0
1776358690,222,,Aggregated,188.700000,0.000000,1200,1300,1400,1500,1700,1900,2200,2300,3000,3200,3200,17476,0,1200.0,1191.9355811758264,200.48660799875506,3211.4916800001083,4515.0
1776358691,222,,Aggregated,189.600000,0.000000,1200,1300,1400,1500,1700,1900,2200,2300,3000,3200,3200,17712,0,1200.0,1185.1086702683363,200.48660799875506,3211.4916800001083,4515.0
1776358692,222,,Aggregated,191.700000,0.000000,1100,1300,1400,1500,1700,1900,2200,2300,3000,3200,3200,17919,0,1100.0,1179.6419054804835,200.48660799875506,3211.4916800001083,4515.0
1776358693,222,,Aggregated,197.800000,0.000000,1100,1300,1400,1500,1700,1900,2200,2300,2900,3200,3200,18126,0,1100.0,1174.8607103094891,200.48660799875506,3211.4916800001083,4515.0
1776358694,222,,Aggregated,200.500000,0.000000,1100,1300,1400,1500,1700,1900,2200,2300,2900,3200,3200,18329,0,1100.0,1170.4788939293378,200.48660799875506,3211.4916800001083,4515.0
1776358695,182,,Aggregated,202.200000,0.000000,1100,1300,1400,1500,1700,1900,2200,2300,2900,3200,3200,18511,0,1100.0,1166.653873409423,200.48660799875506,3211.4916800001083,4515.0
1776358696,142,,Aggregated,207.700000,0.000000,1100,1300,1400,1500,1700,1900,2200,2300,2900,3200,3200,18666,0,1100.0,1162.7576956203704,200.48660799875506,3211.4916800001083,4515.0
1776358697,126,,Aggregated,207.600000,0.000000,1100,1300,1400,1500,1700,1900,2200,2300,2900,3200,3200,18832,0,1100.0,1156.7343434543773,200.48660799875506,3211.4916800001083,4515.0
1776358698,126,,Aggregated,203.400000,0.000000,1100,1300,1400,1500,1700,1900,2200,2300,2900,3200,3200,19012,0,1100.0,1149.5973440602165,200.48660799875506,3211.4916800001083,4515.0
1776358696,126,,Aggregated,207.700000,0.000000,1100,1300,1400,1500,1700,1900,2200,2300,2900,3200,3200,19181,0,1100.0,1143.4955912378828,200.48660799875506,3211.4916800001083,4515.0
1776358697,126,,Aggregated,207.600000,0.000000,1100,1300,1400,1500,1700,1900,2200,2300,2900,3200,3200,19341,0,1100.0,1137.9694934080892,200.48660799875506,3211.4916800001083,4515.0
1776358698,126,,Aggregated,204.800000,0.000000,1100,1300,1400,1500,1700,1900,2200,2300,2900,3200,3200,19526,0,1100.0,1131.2805385197587,200.48660799875506,3211.4916800001083,4515.0
1776358699,126,,Aggregated,216.800000,0.000000,1100,1300,1400,1500,1700,1900,2200,2300,2900,3200,3200,19695,0,1100.0,1125.0679912944815,200.48660799875506,3211.4916800001083,4515.0
1776358700,126,,Aggregated,231.200000,0.000000,1100,1300,1400,1500,1700,1900,2200,2300,2900,3200,3200,19880,0,1100.0,1118.497954414126,200.48660799875506,3211.4916800001083,4515.0
1776358701,126,,Aggregated,235.000000,0.000000,1100,1300,1400,1500,1700,1900,2200,2300,2900,3200,3200,20069,0,1100.0,1111.3374103070796,200.48660799875506,3211.4916800001083,4515.0
1776358702,126,,Aggregated,230.300000,0.000000,1100,1300,1400,1500,1700,1900,2200,2300,2900,3200,3200,20250,0,1100.0,1104.6766129108526,200.48660799875506,3211.4916800001083,4515.0
1776358703,126,,Aggregated,226.200000,0.000000,1100,1300,1400,1500,1700,1900,2200,2300,2900,3200,3200,20442,0,1100.0,1098.176468138673,200.48660799875506,3211.4916800001083,4515.0
1776358704,126,,Aggregated,224.200000,0.000000,1100,1300,1400,1500,1700,1900,2200,2300,2900,3200,3200,20636,0,1100.0,1091.078774708264,200.48660799875506,3211.4916800001083,4515.0
1776358705,126,,Aggregated,220.300000,0.000000,1100,1300,1400,1500,1700,1900,2200,2300,2900,3200,3200,20820,0,1100.0,1084.5639565743395,200.48660799875506,3211.4916800001083,4515.0
1776358706,126,,Aggregated,219.400000,0.000000,1000,1200,1400,1500,1700,1900,2200,2300,2900,3200,3200,20998,0,1000.0,1078.8639416455246,200.48660799875506,3211.4916800001083,4515.0
1776358707,126,,Aggregated,222.100000,0.000000,1000,1200,1400,1500,1700,1900,2200,2300,2900,3200,3200,21174,0,1000.0,1073.5503543196721,200.48660799875506,3211.4916800001083,4515.0
1776358708,126,,Aggregated,222.000000,0.000000,1000,1200,1400,1500,1700,1900,2200,2300,2900,3200,3200,21367,0,1000.0,1067.227416515174,200.48660799875506,3211.4916800001083,4515.0
1776358709,126,,Aggregated,205.900000,0.000000,1000,1200,1400,1500,1700,1900,2200,2300,2900,3200,3200,21564,0,1000.0,1060.6522533534933,200.48660799875506,3211.4916800001083,4515.0
1776358710,126,,Aggregated,189.600000,0.000000,1000,1200,1400,1400,1700,1900,2200,2300,2900,3200,3200,21732,0,1000.0,1055.4509446690463,200.48660799875506,3211.4916800001083,4515.0
1776358711,126,,Aggregated,184.500000,0.000000,1000,1200,1400,1400,1700,1900,2200,2300,2900,3200,3200,21908,0,1000.0,1050.4776507939437,200.48660799875506,3211.4916800001083,4515.0
1776358712,126,,Aggregated,187.200000,0.000000,1000,1200,1400,1400,1700,1900,2200,2300,2900,3200,3200,22077,0,1000.0,1046.0151404440253,200.48660799875506,3211.4916800001083,4515.0
1776358713,126,,Aggregated,183.800000,0.000000,1000,1200,1400,1400,1700,1900,2200,2300,2900,3200,3200,22252,0,1000.0,1041.0756611768718,200.48660799875506,3211.4916800001083,4515.0
1776358714,126,,Aggregated,181.700000,0.000000,1000,1200,1400,1400,1700,1900,2200,2300,2900,3200,3200,22440,0,1000.0,1035.3898798218247,200.48660799875506,3211.4916800001083,4515.0
1776358715,126,,Aggregated,182.000000,0.000000,990,1200,1300,1400,1700,1900,2200,2300,2900,3200,3200,22626,0,990.0,1030.1252217190292,200.48660799875506,3211.4916800001083,4515.0
1776358716,126,,Aggregated,181.000000,0.000000,990,1200,1300,1400,1600,1900,2200,2300,2900,3200,3200,22806,0,990.0,1025.289526908831,200.48660799875506,3211.4916800001083,4515.0
1776358717,86,,Aggregated,179.100000,0.000000,980,1200,1300,1400,1600,1900,2200,2300,2900,3200,3200,22940,0,980.0,1021.5885109994238,200.48660799875506,3211.4916800001083,4515.0
1776358718,46,,Aggregated,180.000000,0.000000,980,1200,1300,1400,1600,1900,2100,2300,2900,3200,3200,23027,0,980.0,1018.725174847822,200.48660799875506,3211.4916800001083,4515.0
1776358719,31,,Aggregated,178.900000,0.000000,980,1200,1300,1400,1600,1900,2100,2300,2900,3200,3200,23086,0,980.0,1016.7139761067224,200.48660799875506,3211.4916800001083,4515.0
1776358720,31,,Aggregated,174.300000,0.000000,980,1200,1300,1400,1600,1900,2100,2300,2900,3200,3200,23147,0,980.0,1014.6729118930224,200.48660799875506,3211.4916800001083,4515.0
1776358721,31,,Aggregated,162.100000,0.000000,980,1200,1300,1400,1600,1900,2100,2300,2900,3200,3200,23203,0,980.0,1012.7731031297157,200.48660799875506,3211.4916800001083,4515.0
1776358722,31,,Aggregated,148.300000,0.000000,970,1200,1300,1400,1600,1900,2100,2300,2900,3200,3200,23269,0,970.0,1010.5418865744034,200.48660799875506,3211.4916800001083,4515.0
1776358723,31,,Aggregated,137.700000,0.000000,970,1200,1300,1400,1600,1900,2100,2300,2900,3200,3200,23331,0,970.0,1008.4490264802962,200.48660799875506,3211.4916800001083,4515.0
1776358724,31,,Aggregated,127.100000,0.000000,970,1200,1300,1400,1600,1900,2100,2300,2900,3200,3200,23390,0,970.0,1006.4681206640777,200.48660799875506,3211.4916800001083,4515.0
1776358725,31,,Aggregated,115.500000,0.000000,970,1200,1300,1400,1600,1900,2100,2300,2900,3200,3200,23450,0,970.0,1004.4691860349157,200.48660799875506,3211.4916800001083,4515.0
1776358726,31,,Aggregated,104.000000,0.000000,970,1200,1300,1400,1600,1900,2100,2300,2900,3200,3200,23512,0,970.0,1002.4146223773712,200.48660799875506,3211.4916800001083,4515.0
1776358727,31,,Aggregated,91.400000,0.000000,960,1200,1300,1400,1600,1800,2100,2300,2900,3200,3200,23569,0,960.0,1000.5427041905798,200.48660799875506,3211.4916800001083,4515.0
1776358726,31,,Aggregated,104.000000,0.000000,960,1200,1300,1400,1600,1800,2100,2300,2900,3200,3200,23627,0,960.0,998.6364550341458,200.48660799875506,3211.4916800001083,4515.0
1776358727,31,,Aggregated,91.400000,0.000000,960,1200,1300,1400,1600,1800,2100,2300,2900,3200,3200,23684,0,960.0,996.7817497890464,200.48660799875506,3211.4916800001083,4515.0
1776358728,31,,Aggregated,80.300000,0.000000,960,1200,1300,1400,1600,1800,2100,2300,2900,3200,3200,23741,0,960.0,994.9323998066963,200.48660799875506,3211.4916800001083,4515.0
1776358729,31,,Aggregated,75.300000,0.000000,960,1200,1300,1400,1600,1800,2100,2300,2900,3200,3200,23799,0,960.0,993.050495884272,200.48660799875506,3211.4916800001083,4515.0
1776358730,31,,Aggregated,73.900000,0.000000,960,1200,1300,1400,1600,1800,2100,2300,2900,3200,3200,23855,0,960.0,991.252890356227,200.48660799875506,3211.4916800001083,4515.0
1776358731,31,,Aggregated,73.200000,0.000000,960,1200,1300,1400,1600,1800,2100,2300,2900,3200,3200,23919,0,960.0,989.2044996743508,200.48660799875506,3211.4916800001083,4515.0
1776358732,31,,Aggregated,72.700000,0.000000,950,1200,1300,1400,1600,1800,2100,2300,2900,3200,3200,23979,0,950.0,987.289559320689,200.48660799875506,3211.4916800001083,4515.0
1776358733,31,,Aggregated,72.100000,0.000000,950,1200,1300,1400,1600,1800,2100,2300,2900,3200,3200,24039,0,950.0,985.3857875596235,200.48660799875506,3211.4916800001083,4515.0
1776358734,31,,Aggregated,74.400000,0.000000,950,1200,1300,1400,1600,1800,2100,2200,2900,3200,3200,24101,0,950.0,983.4254644696812,200.48660799875506,3211.4916800001083,4515.0
1776358735,31,,Aggregated,74.400000,0.000000,950,1200,1300,1400,1600,1800,2100,2200,2900,3200,3200,24163,0,950.0,981.4768471009306,200.48660799875506,3211.4916800001083,4515.0
1776358736,31,,Aggregated,74.000000,0.000000,950,1200,1300,1400,1600,1800,2100,2200,2900,3200,3200,24223,0,950.0,979.6017392291125,200.48660799875506,3211.4916800001083,4515.0
1776358737,31,,Aggregated,74.000000,0.000000,950,1200,1300,1400,1600,1800,2100,2200,2900,3200,3200,24280,0,950.0,977.8260115135834,200.48660799875506,3211.4916800001083,4515.0
1776358738,31,,Aggregated,73.200000,0.000000,940,1200,1300,1400,1600,1800,2100,2200,2900,3200,3200,24340,0,940.0,975.9655260070177,200.48660799875506,3211.4916800001083,4515.0
1776358739,31,,Aggregated,67.400000,0.000000,940,1200,1300,1400,1600,1800,2100,2200,2900,3200,3200,24397,0,940.0,974.2158139259258,200.48660799875506,3211.4916800001083,4515.0
1776358740,20,,Aggregated,62.100000,0.000000,940,1200,1300,1400,1600,1800,2100,2200,2900,3200,3200,24434,0,940.0,973.0789314954906,200.48660799875506,3211.4916800001083,4515.0
1776358741,20,,Aggregated,60.700000,0.000000,940,1200,1300,1400,1600,1800,2100,2200,2900,3200,3200,24474,0,940.0,971.8554613497922,200.48660799875506,3211.4916800001083,4515.0
1776358742,20,,Aggregated,59.400000,0.000000,940,1200,1300,1400,1600,1800,2100,2200,2900,3200,3200,24509,0,940.0,970.7933900736392,200.48660799875506,3211.4916800001083,4515.0
1776358743,20,,Aggregated,57.800000,0.000000,940,1200,1300,1400,1600,1800,2100,2200,2900,3200,3200,24545,0,940.0,969.7113374189374,200.48660799875506,3211.4916800001083,4515.0
1776358744,20,,Aggregated,53.300000,0.000000,940,1200,1300,1400,1600,1800,2100,2200,2900,3200,3200,24583,0,940.0,968.5679254488399,200.48660799875506,3211.4916800001083,4515.0
1776358745,20,,Aggregated,50.900000,0.000000,940,1200,1300,1400,1600,1800,2100,2200,2900,3200,3200,24621,0,940.0,967.4197353587924,200.48660799875506,3211.4916800001083,4515.0
1776358746,20,,Aggregated,48.400000,0.000000,940,1200,1300,1400,1600,1800,2100,2200,2900,3200,3200,24659,0,940.0,966.2815224516335,200.48660799875506,3211.4916800001083,4515.0
1776358747,20,,Aggregated,46.400000,0.000000,930,1200,1300,1400,1600,1800,2100,2200,2900,3200,3200,24696,0,930.0,965.1678457196238,200.48660799875506,3211.4916800001083,4515.0
1776358748,20,,Aggregated,43.800000,0.000000,930,1200,1300,1400,1600,1800,2100,2200,2900,3200,3200,24735,0,930.0,963.9975694833969,200.48660799875506,3211.4916800001083,4515.0
1776358749,20,,Aggregated,41.800000,0.000000,930,1200,1300,1400,1600,1800,2100,2200,2900,3200,3200,24771,0,930.0,962.9226777561594,200.48660799875506,3211.4916800001083,4515.0
1776358750,20,,Aggregated,39.500000,0.000000,930,1200,1300,1400,1600,1800,2100,2200,2900,3200,3200,24813,0,930.0,961.6727266332492,200.48660799875506,3211.4916800001083,4515.0
1776358751,20,,Aggregated,37.600000,0.000000,930,1200,1300,1400,1600,1800,2100,2200,2900,3200,3200,24850,0,930.0,960.5797911416423,200.48660799875506,3211.4916800001083,4515.0
1776358752,20,,Aggregated,37.800000,0.000000,930,1200,1300,1400,1600,1800,2100,2200,2900,3200,3200,24893,0,930.0,959.3085206360747,200.48660799875506,3211.4916800001083,4515.0
1776358753,20,,Aggregated,37.500000,0.000000,930,1200,1300,1400,1600,1800,2100,2200,2900,3200,3200,24931,0,930.0,958.1865171357668,200.48660799875506,3211.4916800001083,4515.0
1776358754,20,,Aggregated,38.000000,0.000000,930,1200,1300,1400,1600,1800,2100,2200,2900,3200,3200,24965,0,930.0,957.1850379858522,200.48660799875506,3211.4916800001083,4515.0
1776358755,20,,Aggregated,38.300000,0.000000,930,1200,1300,1400,1600,1800,2100,2200,2900,3200,3200,25005,0,930.0,956.0110980222672,200.48660799875506,3211.4916800001083,4515.0
1776358756,20,,Aggregated,38.500000,0.000000,930,1200,1300,1400,1600,1800,2100,2200,2900,3200,3200,25043,0,930.0,954.8991533803776,200.48660799875506,3211.4916800001083,4515.0
1776358757,20,,Aggregated,38.300000,0.000000,920,1200,1300,1400,1600,1800,2100,2200,2900,3200,3200,25080,0,920.0,953.8259131796572,200.48660799875506,3211.4916800001083,4515.0
1776358755,20,,Aggregated,38.300000,0.000000,920,1200,1300,1400,1600,1800,2100,2200,2900,3200,3200,25121,0,920.0,952.6337960592255,200.48660799875506,3211.4916800001083,4515.0
1776358756,20,,Aggregated,38.500000,0.000000,920,1200,1300,1400,1600,1800,2100,2200,2900,3200,3200,25161,0,920.0,951.4758914649178,200.48660799875506,3211.4916800001083,4515.0
1776358757,20,,Aggregated,38.300000,0.000000,920,1200,1300,1400,1600,1800,2100,2200,2900,3200,3200,25200,0,920.0,950.3603013406672,200.48660799875506,3211.4916800001083,4515.0
1776358758,20,,Aggregated,38.700000,0.000000,920,1200,1300,1400,1600,1800,2100,2200,2900,3200,3200,25237,0,920.0,949.2980563755129,200.48660799875506,3211.4916800001083,4515.0
1776358759,20,,Aggregated,42.000000,0.000000,920,1200,1300,1400,1600,1800,2100,2200,2900,3200,3200,25274,0,920.0,948.2425316458746,200.48660799875506,3211.4916800001083,4515.0
1776358760,20,,Aggregated,45.900000,0.000000,920,1200,1300,1400,1600,1800,2100,2200,2900,3200,3200,25312,0,920.0,947.1551775227498,200.48660799875506,3211.4916800001083,4515.0
1776358761,20,,Aggregated,47.300000,0.000000,920,1200,1300,1400,1600,1800,2100,2200,2900,3200,3200,25349,0,920.0,946.1072973064358,200.48660799875506,3211.4916800001083,4515.0
1776358762,32,,Aggregated,46.700000,0.000000,920,1200,1300,1400,1600,1800,2100,2200,2900,3200,3200,25405,1,920.0,944.616795043371,200.48660799875506,3211.4916800001083,4514.822279078921
1776358763,32,,Aggregated,46.700000,0.000000,920,1200,1300,1400,1600,1800,2100,2200,2900,3200,3200,25464,1,920.0,942.9659373698488,200.48660799875506,3211.4916800001083,4514.822690857682
1776358764,32,,Aggregated,47.500000,0.000000,920,1200,1300,1400,1600,1800,2100,2200,2900,3200,3200,25526,1,920.0,941.2269421943835,200.48660799875506,3211.4916800001083,4514.823121523153
1776358765,32,,Aggregated,49.100000,0.100000,910,1200,1300,1400,1600,1800,2100,2200,2900,3200,3200,25586,1,910.0,939.5545262534911,200.48660799875506,3211.4916800001083,4514.823536308919
1776358766,32,,Aggregated,51.600000,0.100000,910,1200,1300,1400,1600,1800,2100,2200,2900,3200,3200,25645,1,910.0,937.9122364185935,200.48660799875506,3211.4916800001083,4514.823942288946
1776358767,32,,Aggregated,54.200000,0.100000,910,1200,1300,1400,1600,1800,2100,2200,2900,3200,3200,25707,1,910.0,936.2046007515779,200.48660799875506,3211.4916800001083,4514.824366903956
1776358768,32,,Aggregated,56.400000,0.100000,910,1200,1300,1400,1600,1800,2100,2200,2900,3200,3200,25770,1,910.0,934.4682767104314,200.48660799875506,3211.4916800001083,4514.824796274738
1776358769,32,,Aggregated,54.700000,0.100000,910,1200,1300,1400,1600,1800,2100,2200,2900,3200,3200,25830,1,910.0,932.8218796245385,200.48660799875506,3211.4916800001083,4514.825203252032
1776358770,32,,Aggregated,53.300000,0.100000,910,1200,1300,1400,1600,1800,2100,2200,2900,3200,3200,25894,1,910.0,931.0806586970269,200.48660799875506,3211.4916800001083,4514.825635282305
1776358771,32,,Aggregated,54.800000,0.100000,910,1200,1300,1400,1600,1800,2100,2200,2900,3200,3200,25956,1,910.0,929.4133747450616,200.48660799875506,3211.4916800001083,4514.826051779935
1776358772,32,,Aggregated,56.600000,0.100000,910,1200,1300,1400,1600,1800,2100,2200,2800,3200,3200,26016,1,910.0,927.8027170533446,200.48660799875506,3211.4916800001083,4514.826452952029
1776358773,32,,Aggregated,59.400000,0.100000,900,1100,1300,1400,1600,1800,2100,2200,2800,3200,3200,26075,1,900.0,926.2160863463398,200.48660799875506,3211.4916800001083,4514.826845637584
1776358774,32,,Aggregated,60.800000,0.100000,900,1100,1300,1400,1600,1800,2100,2200,2800,3200,3200,26140,1,900.0,924.4769973967796,200.48660799875506,3211.4916800001083,4514.82727620505
1776358775,32,,Aggregated,60.900000,0.000000,900,1100,1300,1400,1600,1800,2100,2200,2800,3200,3200,26195,1,900.0,923.0148685475785,200.48660799875506,3211.4916800001083,4514.827638862378
1776358776,32,,Aggregated,60.700000,0.000000,900,1100,1300,1400,1600,1800,2100,2200,2800,3200,3200,26255,1,900.0,921.4343225548212,200.48660799875506,3211.4916800001083,4514.828032755666
1776358777,32,,Aggregated,60.900000,0.000000,900,1100,1300,1400,1600,1800,2100,2200,2800,3200,3200,26317,1,900.0,919.7930146322465,200.48660799875506,3211.4916800001083,4514.828437891857
1776358778,32,,Aggregated,60.500000,0.000000,900,1100,1300,1400,1600,1800,2100,2200,2800,3200,3200,26381,1,900.0,918.1139821262208,200.48660799875506,3211.4916800001083,4514.828854099542
1776358779,32,,Aggregated,61.000000,0.000000,900,1100,1300,1400,1600,1800,2100,2200,2800,3200,3200,26442,1,900.0,916.5303767698289,200.48660799875506,3211.4916800001083,4514.829248922169
1776358780,32,,Aggregated,60.900000,0.000000,890,1100,1300,1400,1600,1800,2100,2200,2800,3200,3200,26507,1,890.0,914.8325258601815,200.48660799875506,3211.4916800001083,4514.829667634965
1776358781,32,,Aggregated,60.600000,0.000000,890,1100,1300,1400,1600,1800,2100,2200,2800,3200,3200,26567,1,890.0,913.2800528490166,200.48660799875506,3211.4916800001083,4514.830052320548
1776358783,32,,Aggregated,60.900000,0.000000,890,1100,1300,1400,1600,1800,2100,2200,2800,3200,3200,26622,1,890.0,911.8634781996786,200.48660799875506,3211.4916800001083,4514.830403425738
1776358784,32,,Aggregated,60.900000,0.000000,890,1100,1300,1400,1600,1800,2100,2200,2800,3200,3200,26687,1,890.0,910.19742766099,200.48660799875506,3211.4916800001083,4514.830816502417
1776358785,32,,Aggregated,60.700000,0.000000,890,1100,1300,1400,1600,1800,2100,2200,2800,3200,3200,26747,1,890.0,908.6582329251818,200.48660799875506,3211.4916800001083,4514.8311960219835
1776358786,32,,Aggregated,60.500000,0.000000,890,1100,1300,1400,1600,1800,2100,2200,2800,3200,3200,26805,1,890.0,907.1868653701489,200.48660799875506,3211.4916800001083,4514.8315612758815
1776358787,32,,Aggregated,60.600000,0.000000,890,1100,1300,1400,1600,1800,2100,2200,2800,3200,3200,26867,1,890.0,905.6120593101512,200.48660799875506,3211.4916800001083,4514.831949975806
1776358788,68,,Aggregated,60.600000,0.000000,880,1100,1300,1400,1600,1800,2100,2200,2800,3200,3200,26981,1,880.0,903.1089238065248,200.48660799875506,3211.4916800001083,4514.832660020014
1776358786,68,,Aggregated,61.000000,0.000000,880,1100,1300,1400,1600,1800,2100,2200,2800,3200,3200,27113,1,880.0,899.7997993313857,200.48660799875506,3211.4916800001083,4514.833474716926
1776358787,68,,Aggregated,60.600000,0.000000,880,1100,1300,1400,1600,1800,2100,2200,2800,3200,3200,27241,1,880.0,896.6311898831862,200.48660799875506,3211.4916800001083,4514.834257185859
1776358788,68,,Aggregated,61.200000,0.000000,870,1100,1300,1400,1600,1800,2100,2200,2800,3200,3200,27368,1,870.0,893.5160911919359,200.48660799875506,3211.4916800001083,4514.835026308097
1776358789,68,,Aggregated,72.700000,0.000000,870,1100,1300,1400,1600,1800,2100,2200,2800,3200,3200,27496,1,870.0,890.4042261946795,200.48660799875506,3211.4916800001083,4514.835794297353
1776358790,68,,Aggregated,90.300000,0.000000,870,1100,1300,1400,1600,1800,2000,2200,2800,3200,3200,27629,1,870.0,887.2068648635089,200.48660799875506,3211.4916800001083,4514.83658474791
1776358791,68,,Aggregated,101.900000,0.000000,860,1100,1300,1400,1600,1800,2000,2200,2800,3200,3200,27758,1,860.0,884.1370848574435,200.48660799875506,3211.4916800001083,4514.837344189063
1776358792,68,,Aggregated,108.500000,0.000000,860,1100,1300,1400,1600,1800,2000,2200,2800,3200,3200,27886,1,860.0,881.1462655984336,200.48660799875506,3211.4916800001083,4514.83809079825
1776358793,68,,Aggregated,115.500000,0.000000,860,1100,1300,1400,1600,1800,2000,2200,2800,3200,3200,28020,1,860.0,878.0383781544934,200.48660799875506,3211.4916800001083,4514.83886509636
1776358794,68,,Aggregated,124.900000,0.000000,850,1100,1300,1400,1600,1800,2000,2200,2800,3200,3200,28145,1,850.0,875.1374579178508,200.48660799875506,3211.4916800001083,4514.839580742583
1776358795,68,,Aggregated,132.400000,0.000000,850,1100,1300,1300,1600,1800,2000,2200,2800,3200,3200,28274,1,850.0,872.1692882619691,200.48660799875506,3211.4916800001083,4514.8403126547355
1776358796,68,,Aggregated,138.500000,0.000000,850,1100,1300,1300,1600,1800,2000,2200,2800,3200,3200,28399,1,850.0,869.3198525515305,200.48660799875506,3211.4916800001083,4514.841015528716
1776358797,68,,Aggregated,145.100000,0.000000,840,1100,1200,1300,1600,1800,2000,2200,2800,3200,3200,28530,1,840.0,866.3831115334706,200.48660799875506,3211.4916800001083,4514.84174553102
1776358798,68,,Aggregated,152.200000,0.000000,840,1100,1200,1300,1600,1800,2000,2200,2800,3200,3200,28662,1,840.0,863.43408529066,200.48660799875506,3211.4916800001083,4514.842474356291
1776358799,68,,Aggregated,146.900000,0.000000,840,1100,1200,1300,1600,1800,2000,2200,2800,3200,3200,28782,1,840.0,860.788073039744,200.48660799875506,3211.4916800001083,4514.843131123619
1776358800,68,,Aggregated,136.400000,0.000000,830,1100,1200,1300,1600,1800,2000,2200,2800,3200,3200,28915,1,830.0,857.8898743916291,200.48660799875506,3211.4916800001083,4514.843852671624
1776358801,68,,Aggregated,131.300000,0.000000,830,1100,1200,1300,1600,1800,2000,2200,2800,3200,3200,29041,1,830.0,855.1530606505278,200.48660799875506,3211.4916800001083,4514.844530147034
1776358802,68,,Aggregated,131.500000,0.000000,820,1100,1200,1300,1600,1800,2000,2200,2800,3200,3200,29179,1,820.0,852.1805385258572,200.48660799875506,3211.4916800001083,4514.8452654306175
1776358803,68,,Aggregated,130.400000,0.000000,820,1100,1200,1300,1600,1800,2000,2200,2800,3200,3200,29293,1,820.0,849.8686345562079,200.48660799875506,3211.4916800001083,4514.845867613423
1776358804,68,,Aggregated,128.000000,0.000000,820,1100,1200,1300,1600,1800,2000,2200,2800,3200,3200,29394,1,820.0,848.0960997833566,200.48660799875506,3211.4916800001083,4514.846397223923
1776358805,68,,Aggregated,128.200000,0.000000,820,1100,1200,1300,1600,1800,2000,2200,2800,3200,3200,29513,1,820.0,845.8729248183844,200.48660799875506,3211.4916800001083,4514.84701656897
1776358806,68,,Aggregated,126.200000,0.000000,810,1100,1200,1300,1600,1800,2000,2200,2800,3200,3200,29621,1,810.0,843.9148216552777,200.48660799875506,3211.4916800001083,4514.847574356031
1776358807,68,,Aggregated,124.300000,0.000000,810,1100,1200,1300,1600,1800,2000,2200,2800,3200,3200,29738,1,810.0,841.9401499856406,200.48660799875506,3211.4916800001083,4514.8481740534
1776358808,68,,Aggregated,122.700000,0.000000,810,1100,1200,1300,1600,1800,2000,2200,2800,3200,3200,29849,1,810.0,839.7461332289188,200.48660799875506,3211.4916800001083,4514.8487386512115
1776358809,68,,Aggregated,121.100000,0.000000,800,1100,1200,1300,1600,1800,2000,2200,2800,3200,3200,29979,1,800.0,837.2514520507023,200.48660799875506,3211.4916800001083,4514.849394576203
1776358810,90,,Aggregated,119.800000,0.000000,800,1100,1200,1300,1600,1800,2000,2200,2800,3200,3200,30115,1,800.0,835.0523448612656,200.48660799875506,3211.4916800001083,4514.850074713598
1776358811,90,,Aggregated,119.000000,0.000000,790,1100,1200,1300,1600,1800,2000,2200,2800,3200,3200,30277,1,790.0,831.9205818456263,200.48660799875506,3211.4916800001083,4514.85087690326
1776358812,90,,Aggregated,116.900000,0.000000,790,1100,1200,1300,1500,1800,2000,2200,2800,3200,3200,30438,1,790.0,828.8731348334986,200.48660799875506,3211.4916800001083,4514.851665681056
1776358813,90,,Aggregated,121.100000,0.000000,790,1100,1200,1300,1500,1800,2000,2200,2800,3200,3200,30594,1,790.0,825.9867083693207,200.48660799875506,3211.4916800001083,4514.852422043538
1776358814,90,,Aggregated,124.700000,0.000000,780,1100,1200,1300,1500,1800,2000,2200,2800,3200,3200,30765,1,780.0,822.8045414881838,200.48660799875506,3211.4916800001083,4514.853242320819
1776358815,90,,Aggregated,126.200000,0.000000,780,1000,1200,1300,1500,1800,2000,2200,2800,3200,3200,30922,1,780.0,819.8188898620713,200.48660799875506,3211.4916800001083,4514.853987452299
1776358816,90,,Aggregated,132.700000,0.000000,770,1000,1200,1300,1500,1800,2000,2200,2800,3200,3200,31098,1,770.0,816.5246841203283,200.48660799875506,3211.4916800001083,4514.854813814393
1776358817,90,,Aggregated,138.000000,0.000000,770,1000,1200,1300,1500,1800,2000,2200,2800,3200,3200,31267,1,770.0,813.3873265752376,200.48660799875506,3211.4916800001083,4514.855598554386
1776358821,90,,Aggregated,150.100000,0.000000,760,1000,1200,1300,1500,1800,2000,2200,2800,3200,3200,31432,1,760.0,810.4021799073544,200.48660799875506,3211.4916800001083,4514.856356579282
1776358817,90,,Aggregated,138.000000,0.000000,760,1000,1200,1300,1500,1800,2000,2200,2800,3200,3200,31604,1,760.0,807.3013097190858,200.48660799875506,3211.4916800001083,4514.857138336919
1776358818,90,,Aggregated,145.300000,0.000000,750,1000,1200,1300,1500,1800,2000,2200,2800,3200,3200,31776,1,750.0,804.2004555154836,200.48660799875506,3211.4916800001083,4514.85791163142
1776358819,90,,Aggregated,164.500000,0.000000,750,1000,1200,1300,1500,1800,2000,2200,2800,3200,3200,31940,1,750.0,801.2995898778966,200.48660799875506,3211.4916800001083,4514.858641202254
1776358820,90,,Aggregated,186.800000,0.000000,740,1000,1200,1300,1500,1800,2000,2200,2800,3200,3200,32110,1,740.0,798.3551723602927,200.48660799875506,3211.4916800001083,4514.859389598256
1776358821,90,,Aggregated,198.400000,0.000000,730,1000,1200,1300,1500,1800,2000,2200,2800,3200,3200,32269,1,730.0,795.6569728871673,200.48660799875506,3211.4916800001083,4514.860082432056
1776358822,90,,Aggregated,203.500000,0.000000,730,1000,1200,1300,1500,1800,2000,2200,2800,3200,3200,32431,1,730.0,792.996387011285,200.48660799875506,3211.4916800001083,4514.860781351176
1776358823,90,,Aggregated,203.100000,0.000000,720,1000,1200,1300,1500,1800,2000,2200,2800,3200,3200,32595,1,720.0,790.2628142588118,200.48660799875506,3211.4916800001083,4514.861481822365
1776358824,90,,Aggregated,206.600000,0.000000,720,1000,1200,1300,1500,1800,2000,2200,2800,3200,3200,32767,1,720.0,787.3637772719798,200.48660799875506,3211.4916800001083,4514.862208929716
1776358825,90,,Aggregated,207.500000,0.000000,710,1000,1200,1300,1500,1800,2000,2200,2800,3200,3200,32938,1,710.0,784.509548056043,200.48660799875506,3211.4916800001083,4514.862924281984
1776358826,90,,Aggregated,208.400000,0.000000,700,1000,1200,1300,1500,1800,2000,2200,2800,3200,3200,33100,1,700.0,781.8529904003306,200.48660799875506,3211.4916800001083,4514.863595166164
1776358827,90,,Aggregated,208.800000,0.000000,700,990,1200,1300,1500,1800,2000,2200,2800,3200,3200,33274,1,700.0,778.992938213859,200.48660799875506,3211.4916800001083,4514.864308469075
1776358828,90,,Aggregated,206.200000,0.000000,690,990,1200,1300,1500,1800,2000,2200,2800,3200,3200,33436,1,690.0,776.3472166771128,200.48660799875506,3211.4916800001083,4514.8649659050125
1776358829,90,,Aggregated,192.700000,0.000000,680,990,1200,1300,1500,1800,2000,2200,2800,3200,3200,33601,1,680.0,773.7773366841149,200.48660799875506,3211.4916800001083,4514.865628999137
1776358830,90,,Aggregated,175.300000,0.000000,680,980,1200,1300,1500,1800,2000,2200,2800,3200,3200,33772,1,680.0,771.026355278305,200.48660799875506,3211.4916800001083,4514.866309368708
1776358831,90,,Aggregated,168.800000,0.000000,670,980,1200,1300,1500,1800,2000,2200,2800,3200,3200,33937,1,670.0,768.4568022585937,200.48660799875506,3211.4916800001083,4514.866959365884
1776358832,90,,Aggregated,169.700000,0.000000,660,980,1200,1300,1500,1800,2000,2200,2800,3200,3200,34105,1,660.0,765.9157150329544,200.48660799875506,3211.4916800001083,4514.867614719249
1776358833,125,,Aggregated,169.600000,0.000000,650,970,1200,1300,1500,1700,2000,2200,2800,3200,3200,34303,29,650.0,763.0608104633387,199.80593499894894,3211.4916800001083,4511.182986910766
1776358834,125,,Aggregated,166.300000,0.000000,640,970,1200,1300,1500,1700,2000,2200,2800,3200,3200,34543,31,640.0,759.6570208874998,199.80593499894894,3211.4916800001083,4510.94809368034
1776358835,125,,Aggregated,170.800000,2.400000,630,960,1200,1300,1500,1700,2000,2200,2800,3200,3200,34764,31,630.0,756.435632073952,199.80593499894894,3211.4916800001083,4510.97385226096
1776358836,125,,Aggregated,174.700000,3.000000,620,960,1200,1300,1500,1700,2000,2200,2800,3200,3200,34999,31,620.0,752.9949600592832,199.80593499894894,3211.4916800001083,4511.000885739592
1776358837,125,,Aggregated,180.600000,3.000000,610,950,1200,1300,1500,1700,2000,2200,2800,3200,3200,35228,31,610.0,749.7715900588126,199.80593499894894,3211.4916800001083,4511.0268820256615
1776358838,125,,Aggregated,187.200000,3.000000,600,950,1100,1300,1500,1700,2000,2200,2800,3200,3200,35446,31,600.0,746.700199080936,199.80593499894894,3211.4916800001083,4511.051317497037
1776358839,125,,Aggregated,193.300000,3.000000,580,950,1100,1200,1500,1700,2000,2200,2800,3200,3200,35669,31,580.0,743.6943207923371,199.80593499894894,3211.4916800001083,4511.076004373545
1776358840,125,,Aggregated,199.000000,3.000000,560,940,1100,1200,1500,1700,2000,2200,2800,3200,3200,35899,31,560.0,740.4475418432789,199.80593499894894,3211.4916800001083,4511.101144878688
1776358841,125,,Aggregated,204.500000,3.000000,550,940,1100,1200,1500,1700,2000,2200,2800,3200,3200,36129,31,550.0,737.3493560503988,199.80593499894894,3211.4916800001083,4511.12596529104
1776358842,125,,Aggregated,210.100000,3.000000,540,930,1100,1200,1500,1700,2000,2200,2800,3200,3200,36349,31,540.0,734.5334166702473,199.80593499894894,3211.4916800001083,4511.149412638587
1776358843,125,,Aggregated,217.300000,3.000000,530,930,1100,1200,1500,1700,2000,2200,2800,3200,3200,36579,31,530.0,731.5971568004813,199.80593499894894,3211.4916800001083,4511.173624210613
1776358844,125,,Aggregated,222.700000,3.000000,520,930,1100,1200,1500,1700,2000,2200,2800,3200,3200,36809,31,520.0,728.48772813037,199.80593499894894,3211.4916800001083,4511.197533211986
1776358845,125,,Aggregated,224.300000,0.600000,520,920,1100,1200,1500,1700,1900,2200,2800,3200,3200,37043,31,520.0,725.3863496364704,199.80593499894894,3211.4916800001083,4511.221553329914
1776358846,125,,Aggregated,226.200000,0.000000,510,920,1100,1200,1500,1700,1900,2200,2800,3200,3200,37268,31,510.0,722.4653654040934,199.80593499894894,3211.4916800001083,4511.244365138993
1776358847,125,,Aggregated,226.500000,0.000000,500,920,1100,1200,1500,1700,1900,2200,2800,3200,3200,37488,31,500.0,719.7578996498817,199.80593499894894,3211.4916800001083,4511.26640524968
1776358848,125,,Aggregated,226.700000,0.000000,500,910,1100,1200,1500,1700,1900,2200,2800,3200,3200,37712,31,500.0,717.0593602236365,199.80593499894894,3211.4916800001083,4511.28858188375
1776358846,125,,Aggregated,226.200000,0.000000,490,910,1100,1200,1500,1700,1900,2200,2800,3200,3200,37930,31,490.0,714.4122831492685,199.80593499894894,3211.4916800001083,4511.309912997627
1776358847,125,,Aggregated,226.500000,0.000000,490,910,1100,1200,1500,1700,1900,2200,2800,3200,3200,38161,31,490.0,711.5905152420464,199.80593499894894,3211.4916800001083,4511.332250203087
1776358848,125,,Aggregated,226.700000,0.000000,480,900,1100,1200,1500,1700,1900,2200,2800,3200,3200,38384,31,480.0,708.8985049113365,199.80593499894894,3211.4916800001083,4511.353558774489
1776358849,125,,Aggregated,246.200000,0.000000,480,900,1100,1200,1500,1700,1900,2200,2800,3200,3200,38607,31,480.0,706.3850067460753,199.80593499894894,3211.4916800001083,4511.374621182687
1776358850,125,,Aggregated,267.500000,0.000000,470,900,1100,1200,1500,1700,1900,2200,2800,3200,3200,38836,31,470.0,703.6902851422842,199.80593499894894,3211.4916800001083,4511.395998558039
1776358851,125,,Aggregated,281.700000,0.000000,470,890,1100,1200,1500,1700,1900,2200,2700,3200,3200,39058,31,470.0,701.1008898302969,199.80593499894894,3211.4916800001083,4511.416483178862
1776358852,125,,Aggregated,281.700000,0.000000,460,890,1100,1200,1500,1700,1900,2200,2700,3200,3200,39287,31,460.0,698.4413151147636,199.80593499894894,3211.4916800001083,4511.437371140581
1776358853,125,,Aggregated,280.200000,0.000000,460,890,1100,1200,1500,1700,1900,2200,2700,3200,3200,39518,31,460.0,695.7792711749256,199.80593499894894,3211.4916800001083,4511.458196264994
1776358854,165,,Aggregated,281.300000,0.000000,450,880,1100,1200,1500,1700,1900,2200,2700,3200,3200,39808,31,450.0,692.771083443823,199.80593499894894,3211.4916800001083,4511.483998191318
1776358855,167,,Aggregated,282.300000,0.000000,440,880,1100,1200,1500,1700,1900,2200,2700,3100,3200,40100,31,440.0,689.6995692509404,199.80593499894894,3211.4916800001083,4511.509600997506
1776358856,167,,Aggregated,280.800000,0.000000,440,870,1100,1200,1500,1700,1900,2200,2700,3100,3200,40401,31,440.0,686.4588388654423,199.80593499894894,3211.4916800001083,4511.535605554318
1776358857,167,,Aggregated,288.500000,0.000000,430,870,1100,1200,1500,1700,1900,2200,2700,3100,3200,40703,31,430.0,683.2092149728701,199.80593499894894,3211.4916800001083,4511.561309977152
1776358858,167,,Aggregated,294.200000,0.000000,430,860,1100,1200,1500,1700,1900,2200,2700,3100,3200,40993,31,430.0,680.3095497147493,199.80593499894894,3211.4916800001083,4511.585636572097
1776358859,167,,Aggregated,282.700000,0.000000,420,850,1100,1200,1500,1700,1900,2200,2700,3100,3200,41295,31,420.0,677.4032252431462,199.80593499894894,3211.4916800001083,4511.61060661097
1776358860,167,,Aggregated,268.700000,0.000000,420,850,1100,1200,1500,1700,1900,2200,2700,3100,3200,41580,31,420.0,674.6118382002338,199.80593499894894,3211.4916800001083,4511.633838383838
1776358861,167,,Aggregated,261.100000,0.000000,420,840,1100,1200,1500,1700,1900,2200,2700,3100,3200,41866,31,420.0,671.9500546063333,199.80593499894894,3211.4916800001083,4511.656833707543
1776358862,167,,Aggregated,269.200000,0.000000,410,840,1000,1200,1500,1700,1900,2200,2700,3100,3200,42120,31,410.0,669.6049464981903,199.80593499894894,3211.4916800001083,4511.6769943019945
1776358863,167,,Aggregated,276.400000,0.000000,410,830,1000,1200,1500,1700,1900,2200,2700,3100,3200,42379,31,410.0,667.840172113943,199.80593499894894,3211.4916800001083,4511.69730290946
1776358864,167,,Aggregated,280.900000,0.000000,410,830,1000,1200,1500,1700,1900,2200,2700,3100,3200,42643,31,410.0,665.8708462716463,199.80593499894894,3211.4916800001083,4511.717749689281
1776358865,167,,Aggregated,282.900000,0.000000,410,820,1000,1200,1500,1700,1900,2200,2700,3100,3200,42930,31,410.0,663.4502529368227,199.80593499894894,3211.4916800001083,4511.739692522711
1776358866,167,,Aggregated,286.300000,0.000000,400,820,1000,1200,1400,1700,1900,2200,2700,3100,3200,43221,31,400.0,660.6959604816136,199.80593499894894,3211.4916800001083,4511.76164364545
1776358867,167,,Aggregated,282.300000,0.000000,400,810,1000,1200,1400,1700,1900,2200,2700,3100,3200,43530,31,400.0,657.8813173509725,199.80593499894894,3211.4916800001083,4511.784631288766
1776358868,167,,Aggregated,282.500000,0.000000,400,810,1000,1200,1400,1700,1900,2200,2700,3100,3200,43836,31,400.0,655.0716004159782,199.80593499894894,3211.4916800001083,4511.807076375581
1776358869,167,,Aggregated,283.200000,0.000000,390,800,1000,1200,1400,1700,1900,2200,2700,3100,3200,44125,31,390.0,652.5704847158036,199.80593499894894,3211.4916800001083,4511.827988668555
1776358870,167,,Aggregated,282.600000,0.000000,390,800,1000,1100,1400,1700,1900,2200,2700,3100,3200,44431,31,390.0,649.8221556926884,199.80593499894894,3211.4916800001083,4511.849834574959
1776358871,167,,Aggregated,282.700000,0.000000,380,790,1000,1100,1400,1700,1900,2200,2700,3100,3200,44715,31,380.0,647.5409295376461,199.80593499894894,3211.4916800001083,4511.869842334787
1776358872,167,,Aggregated,281.700000,0.000000,380,790,1000,1100,1400,1700,1900,2200,2700,3100,3200,45016,31,380.0,644.854475801956,199.80593499894894,3211.4916800001083,4511.890772169895
1776358873,167,,Aggregated,282.600000,0.000000,370,780,990,1100,1400,1700,1900,2200,2700,3100,3200,45323,31,370.0,642.0867857098131,199.80593499894894,3211.4916800001083,4511.911832844251
1776358874,167,,Aggregated,283.900000,0.000000,370,770,990,1100,1400,1600,1900,2200,2700,3100,3200,45629,31,370.0,639.4393311861064,199.80593499894894,3211.4916800001083,4511.932542900348
1776358875,167,,Aggregated,289.300000,0.000000,370,770,980,1100,1400,1600,1900,2100,2700,3100,3200,45948,31,370.0,636.7216553824733,199.80593499894894,3211.4916800001083,4511.953839122486
1776358876,167,,Aggregated,294.000000,0.000000,360,760,980,1100,1400,1600,1900,2100,2700,3100,3200,46253,31,360.0,634.2231051630354,199.80593499894894,3211.4916800001083,4511.97392601561
1776358877,167,,Aggregated,299.300000,0.000000,360,750,970,1100,1400,1600,1900,2100,2700,3100,3200,46559,31,360.0,631.6274873925528,199.80593499894894,3211.4916800001083,4511.993814300135
1776358876,167,,Aggregated,294.000000,0.000000,350,750,970,1100,1400,1600,1900,2100,2700,3100,3200,46861,31,350.0,629.0881848439186,199.80593499894894,3211.4916800001083,4512.013187938797
1776358877,207,,Aggregated,299.300000,0.000000,340,740,960,1100,1400,1600,1900,2100,2700,3100,3200,47235,31,340.0,626.2269426817161,199.23923099850072,3211.4916800001083,4512.03683709114
1776358878,247,,Aggregated,305.300000,0.000000,340,730,960,1100,1400,1600,1900,2100,2700,3100,3200,47666,31,340.0,622.9179527630574,199.23923099850072,3211.4916800001083,4512.0636302605635
1776358879,287,,Aggregated,331.700000,0.000000,340,720,950,1100,1400,1600,1900,2100,2700,3100,3200,48140,31,340.0,619.7182924419171,199.23923099850072,3211.4916800001083,4512.09254258413
1776358880,287,,Aggregated,375.200000,0.000000,330,700,950,1100,1400,1600,1900,2100,2700,3100,3200,48658,31,330.0,615.9847178384824,199.23923099850072,3211.4916800001083,4512.123494594928
1776358881,287,,Aggregated,402.700000,0.000000,330,690,940,1100,1400,1600,1900,2100,2700,3100,3200,49184,31,330.0,612.1341775787828,199.23923099850072,3211.4916800001083,4512.154257482108
1776358882,287,,Aggregated,423.400000,0.000000,320,680,930,1100,1400,1600,1900,2100,2700,3100,3200,49696,31,320.0,608.4889116266078,199.23923099850072,3211.4916800001083,4512.183576142949
1776358883,287,,Aggregated,445.600000,0.000000,320,660,920,1100,1400,1600,1900,2100,2700,3100,3200,50201,31,320.0,604.9911544344122,199.23923099850072,3211.4916800001083,4512.21190812932
1776358884,287,,Aggregated,473.400000,0.000000,310,650,920,1100,1400,1600,1900,2100,2700,3100,3200,50688,31,310.0,601.9715006123326,199.23923099850072,3211.4916800001083,4512.238695549242
1776358885,287,,Aggregated,495.200000,0.000000,310,630,910,1100,1400,1600,1900,2100,2700,3100,3200,51199,31,310.0,598.8056639817559,199.23923099850072,3211.4916800001083,4512.266255200297
1776358886,287,,Aggregated,514.300000,0.000000,300,620,910,1100,1400,1600,1900,2100,2700,3100,3200,51699,31,300.0,595.5010063363878,199.23923099850072,3211.4916800001083,4512.292694249405
1776358887,287,,Aggregated,530.400000,0.000000,300,600,900,1100,1400,1600,1900,2100,2700,3100,3200,52225,31,300.0,592.0138759150774,199.23923099850072,3211.4916800001083,4512.319961704165
1776358888,287,,Aggregated,545.100000,0.000000,300,590,900,1000,1400,1600,1900,2100,2700,3100,3200,52747,31,300.0,588.5726905357641,199.23923099850072,3211.4916800001083,4512.346484160236
1776358889,287,,Aggregated,538.800000,0.000000,290,570,890,1000,1400,1600,1900,2100,2700,3100,3200,53268,31,290.0,585.295609506475,199.23923099850072,3211.4916800001083,4512.37243748592
1776358890,287,,Aggregated,519.300000,0.000000,290,550,890,1000,1400,1600,1900,2100,2700,3100,3200,53776,31,290.0,582.1535196937847,199.23923099850072,3211.4916800001083,4512.397259000298
1776358891,287,,Aggregated,514.900000,0.000000,290,540,880,1000,1400,1600,1900,2100,2700,3100,3200,54281,31,290.0,579.1198568865163,199.23923099850072,3211.4916800001083,4512.421473443746
1776358892,287,,Aggregated,515.900000,0.000000,280,530,870,1000,1400,1600,1900,2100,2700,3100,3200,54809,31,280.0,576.0190329829032,199.23923099850072,3211.4916800001083,4512.446313561642
1776358893,287,,Aggregated,514.200000,0.000000,280,520,870,1000,1400,1600,1900,2000,2600,3100,3200,55316,31,280.0,573.1711744914668,199.23923099850072,3211.4916800001083,4512.4697194301825
1776358894,287,,Aggregated,508.500000,0.000000,280,510,860,1000,1400,1600,1900,2000,2600,3100,3200,55808,31,280.0,570.5761734249021,199.23923099850072,3211.4916800001083,4512.492026232798
1776358895,287,,Aggregated,508.200000,0.000000,280,500,850,1000,1400,1600,1900,2000,2600,3100,3200,56314,31,280.0,567.970455139307,199.23923099850072,3211.4916800001083,4512.514561210356
1776358896,287,,Aggregated,508.400000,0.000000,280,500,850,990,1300,1600,1900,2000,2600,3100,3200,56815,31,280.0,565.3953090767739,199.23923099850072,3211.4916800001083,4512.536478042771
1776358897,287,,Aggregated,508.600000,0.000000,280,490,840,980,1300,1600,1900,2000,2600,3100,3200,57321,31,280.0,562.8090431929294,199.23923099850072,3211.4916800001083,4512.558224734391
1776358898,287,,Aggregated,508.400000,0.000000,270,490,830,980,1300,1600,1900,2000,2600,3100,3200,57845,31,270.0,559.9944577983911,199.23923099850072,3211.4916800001083,4512.580344022819
1776358899,287,,Aggregated,507.300000,0.000000,270,480,830,970,1300,1600,1900,2000,2600,3100,3200,58340,31,270.0,557.4465200159733,199.23923099850072,3211.4916800001083,4512.600874185808
1776358900,287,,Aggregated,505.600000,0.000000,270,470,820,970,1300,1600,1900,2000,2600,3100,3200,58854,31,270.0,554.8227522383002,199.23923099850072,3211.4916800001083,4512.621826893669
1776358901,287,,Aggregated,504.200000,0.000000,270,470,810,960,1300,1600,1800,2000,2600,3100,3200,59376,31,270.0,552.2727327212325,199.23923099850072,3211.4916800001083,4512.642734438157
1776358902,327,,Aggregated,504.000000,0.000000,270,470,800,950,1300,1600,1800,2000,2600,3100,3200,59909,37,270.0,549.9057098002783,199.23923099850072,3211.4916800001083,4512.211520806557
1776358903,367,,Aggregated,504.300000,0.000000,270,460,790,950,1300,1600,1800,2000,2600,3100,3200,60567,39,270.0,547.0077154060446,199.23923099850072,3211.4916800001083,4512.092723760464
1776358904,407,,Aggregated,505.300000,0.600000,270,450,790,940,1300,1500,1800,2000,2600,3100,3200,61245,46,270.0,544.0802986789615,199.23923099850072,3211.4916800001083,4511.60886602988
1776358905,432,,Aggregated,511.400000,0.800000,270,450,780,930,1300,1500,1800,2000,2600,3100,3200,61981,47,270.0,541.0019584935387,199.23923099850072,3211.4916800001083,4511.576289508075
1776358906,432,,Aggregated,529.300000,1.400000,270,440,760,920,1300,1500,1800,2000,2600,3100,3200,62752,47,270.0,537.7455677612963,199.23923099850072,3211.4916800001083,4511.6183547934725
1776358907,432,,Aggregated,552.700000,1.600000,270,430,750,920,1300,1500,1800,2000,2600,3100,3200,63517,47,270.0,534.4606682731851,199.23923099850072,3211.4916800001083,4511.659083394997
1776358908,432,,Aggregated,577.900000,1.600000,270,430,740,910,1300,1500,1800,2000,2600,3100,3200,64245,47,270.0,531.5596818933434,199.23923099850072,3211.4916800001083,4511.696941396218
1776358909,432,,Aggregated,604.700000,1.600000,270,420,730,910,1300,1500,1800,2000,2600,3100,3200,64985,47,270.0,528.9350318155082,199.23923099850072,3211.4916800001083,4511.7345541278755
1776358910,432,,Aggregated,627.200000,1.600000,270,420,710,900,1300,1500,1800,2000,2600,3100,3200,65709,47,270.0,526.1375483779526,199.23923099850072,3211.4916800001083,4511.770533716843
1776358911,432,,Aggregated,645.500000,1.600000,260,420,700,890,1300,1500,1800,2000,2600,3100,3200,66485,47,260.0,523.2401314223797,199.23923099850072,3211.4916800001083,4511.808227419719
1776358912,432,,Aggregated,670.900000,1.600000,260,410,680,890,1300,1500,1800,2000,2600,3100,3200,67225,47,260.0,520.5628148278593,199.23923099850072,3211.4916800001083,4511.8433618445515
1776358913,432,,Aggregated,693.900000,1.600000,260,410,670,880,1300,1500,1800,2000,2600,3100,3200,67992,47,260.0,517.8907175544749,199.23923099850072,3211.4916800001083,4511.878971055418
1776358914,432,,Aggregated,716.100000,1.000000,260,410,650,870,1300,1500,1800,2000,2600,3100,3200,68761,47,260.0,515.1205300684541,199.23923099850072,3211.4916800001083,4511.913875598086
1776358915,432,,Aggregated,731.900000,0.800000,260,400,640,860,1300,1500,1800,2000,2600,3100,3200,69513,47,260.0,512.5005338773472,199.23923099850072,3211.4916800001083,4511.947261663286
1776358916,432,,Aggregated,741.300000,0.200000,260,400,620,850,1300,1500,1800,2000,2600,3100,3200,70259,47,260.0,509.9406330053078,199.23923099850072,3211.4916800001083,4511.979675201754
1776358917,432,,Aggregated,745.800000,0.000000,260,390,610,850,1300,1500,1800,2000,2600,3100,3200,70998,47,260.0,507.47309633044523,199.23923099850072,3211.4916800001083,4512.011112989098
1776358918,432,,Aggregated,746.200000,0.000000,260,390,590,840,1200,1500,1800,2000,2500,3100,3200,71736,47,260.0,505.1144078927863,199.23923099850072,3211.4916800001083,4512.041861826698
1776358919,432,,Aggregated,741.800000,0.000000,260,390,580,830,1200,1500,1800,2000,2500,3100,3200,72493,47,260.0,502.75930263200394,199.23923099850072,3211.4916800001083,4512.072751851903
1776358920,432,,Aggregated,741.800000,0.000000,260,380,560,820,1200,1500,1800,2000,2500,3100,3200,73241,47,260.0,500.4390239573599,199.23923099850072,3211.4916800001083,4512.102647424257
1776358921,432,,Aggregated,747.500000,0.000000,260,380,550,810,1200,1500,1800,1900,2500,3100,3200,74014,47,260.0,497.9575935363719,199.23923099850072,3211.4916800001083,4512.132907287811
1776358922,432,,Aggregated,744.800000,0.000000,260,380,540,810,1200,1500,1800,1900,2500,3100,3200,74770,47,260.0,495.58965045155696,199.23923099850072,3211.4916800001083,4512.161896482547
1776358923,432,,Aggregated,747.800000,0.000000,260,370,530,800,1200,1500,1800,1900,2500,3100,3200,75519,47,260.0,493.4955121453113,199.23923099850072,3211.4916800001083,4512.190044889366
1776358924,432,,Aggregated,750.800000,0.000000,260,370,520,790,1200,1500,1800,1900,2500,3100,3200,76233,47,260.0,491.6255745215681,199.23923099850072,3211.4916800001083,4512.216362992405
1776358925,432,,Aggregated,753.100000,0.000000,260,370,520,780,1200,1500,1800,1900,2500,3100,3200,76934,47,260.0,489.8890955346101,199.23923099850072,3211.4916800001083,4512.2417266748125
1776358926,432,,Aggregated,746.800000,0.000000,260,370,520,770,1200,1500,1800,1900,2500,3100,3200,77538,47,260.0,488.85624627618336,199.23923099850072,3211.4916800001083,4512.263212876267
1776358927,472,,Aggregated,741.700000,0.000000,260,370,510,770,1200,1500,1800,1900,2500,3100,3200,78217,47,260.0,488.2013423540254,199.23923099850072,3211.4916800001083,4512.2869708631115
1776358928,486,,Aggregated,733.600000,0.000000,260,370,510,760,1200,1500,1800,1900,2500,3100,3200,78977,47,260.0,486.93042580206617,199.23923099850072,3211.4916800001083,4512.313078491206
1776358929,486,,Aggregated,720.500000,0.000000,260,370,510,750,1200,1500,1800,1900,2500,3100,3200,79783,47,260.0,485.12271315839087,199.23923099850072,3211.4916800001083,4512.340222854493
1776358930,486,,Aggregated,718.000000,0.000000,260,360,500,740,1200,1500,1800,1900,2500,3100,3200,80630,47,260.0,483.0519191819778,199.23923099850072,3211.4916800001083,4512.3681632146845
1776358931,486,,Aggregated,722.100000,0.000000,260,360,500,730,1200,1500,1800,1900,2500,3100,3200,81466,47,260.0,481.0056960258249,199.23923099850072,3211.4916800001083,4512.395170991579
1776358932,486,,Aggregated,729.300000,0.000000,260,360,490,720,1200,1500,1800,1900,2500,3100,3200,82260,47,260.0,479.4434073408552,199.23923099850072,3211.4916800001083,4512.420313639679
1776358933,486,,Aggregated,735.200000,0.000000,260,360,490,710,1200,1500,1800,1900,2500,3100,3200,83072,47,260.0,477.59359905244554,199.23923099850072,3211.4916800001083,4512.445529179507
1776358934,486,,Aggregated,742.000000,0.000000,260,360,490,700,1200,1500,1800,1900,2500,3100,3200,83897,47,260.0,475.68360880385194,199.23923099850072,3211.4916800001083,4512.470648533321
1776358935,486,,Aggregated,741.700000,0.000000,260,350,480,690,1200,1500,1800,1900,2500,3100,3200,84691,47,260.0,474.1587159201316,199.23923099850072,3211.4916800001083,4512.494361856632
1776358936,486,,Aggregated,753.800000,0.000000,260,350,480,680,1200,1500,1700,1900,2500,3100,3200,85519,47,260.0,472.46781837048906,199.23923099850072,3211.4916800001083,4512.5186215928625
1776358937,486,,Aggregated,765.700000,0.000000,260,350,470,660,1200,1500,1700,1900,2500,3100,3200,86320,47,260.0,470.87455465288366,199.23923099850072,3211.4916800001083,4512.541647358666
1776358938,486,,Aggregated,779.100000,0.000000,260,350,470,660,1200,1400,1700,1900,2500,3100,3200,87053,47,260.0,470.0537776815942,199.23923099850072,3211.4916800001083,4512.562347075919
1776358939,486,,Aggregated,798.700000,0.000000,260,350,470,650,1200,1400,1700,1900,2500,3100,3200,87832,47,260.0,468.75928163525595,199.23923099850072,3211.4916800001083,4512.583967119045
1776358940,486,,Aggregated,800.900000,0.000000,260,350,470,640,1200,1400,1700,1900,2500,3100,3200,88636,47,260.0,467.2300666113861,199.23923099850072,3211.4916800001083,4512.605882485672
1776358941,486,,Aggregated,793.900000,0.000000,260,350,460,630,1100,1400,1700,1900,2500,3100,3200,89436,47,260.0,465.82720773051,199.23923099850072,3211.4916800001083,4512.627297732457
1776358942,486,,Aggregated,793.500000,0.000000,260,340,460,620,1100,1400,1700,1900,2500,3100,3200,90277,47,260.0,464.1726808618352,199.23923099850072,3211.4916800001083,4512.64940128715
1776358943,486,,Aggregated,791.800000,0.000000,260,340,450,610,1100,1400,1700,1900,2500,3100,3200,91120,47,260.0,462.47200899784895,199.23923099850072,3211.4916800001083,4512.671147936787
1776358939,486,,Aggregated,798.700000,0.000000,260,340,450,600,1100,1400,1700,1900,2500,3100,3200,91960,47,260.0,460.68639666359195,198.15982500040263,3211.4916800001083,4512.69242061766
1776358940,486,,Aggregated,800.900000,0.000000,260,340,450,590,1100,1400,1700,1900,2500,3100,3200,92788,47,260.0,459.0144429804057,195.20627299971238,3211.4916800001083,4512.713012458507
1776358941,486,,Aggregated,800.100000,0.000000,260,340,450,580,1100,1400,1700,1900,2500,3100,3200,93458,47,260.0,458.63027904188857,195.20627299971238,3211.4916800001083,4512.729407862355
1776358942,486,,Aggregated,885.600000,0.000000,260,340,450,580,1100,1400,1700,1900,2400,3100,3200,94272,47,260.0,457.2493782260987,195.20627299971238,3211.4916800001083,4512.749013492872
1776358943,486,,Aggregated,953.100000,0.000000,260,340,440,570,1100,1400,1700,1900,2400,3100,3200,95105,47,260.0,455.73854502646185,195.20627299971238,3211.4916800001083,4512.768729299196
1776358944,486,,Aggregated,999.100000,0.000000,260,340,440,560,1100,1400,1700,1900,2400,3100,3200,95881,47,260.0,454.4241309870007,195.20627299971238,3211.4916800001083,4512.78678778903
1776358945,486,,Aggregated,1089.400000,0.000000,260,340,440,560,1100,1400,1700,1900,2400,3100,3200,96726,47,260.0,453.04021666570105,195.20627299971238,3211.4916800001083,4512.806122448979
1776358946,486,,Aggregated,1170.900000,0.000000,260,340,440,550,1100,1400,1700,1900,2400,3100,3200,97567,47,260.0,451.4485177369259,195.20627299971238,3211.4916800001083,4512.825033054209
1776358947,480,,Aggregated,1174.400000,0.000000,260,330,430,540,1100,1400,1700,1900,2400,3100,3200,98443,47,260.0,449.73726580247194,195.20627299971238,3211.4916800001083,4512.84438710726
1776358948,480,,Aggregated,1177.600000,0.000000,260,330,430,540,1100,1400,1700,1900,2400,3100,3200,99304,47,260.0,448.0350943061889,195.20627299971238,3211.4916800001083,4512.863077016032
1776358949,480,,Aggregated,1189.100000,0.000000,260,330,430,530,1100,1400,1700,1900,2400,3100,3200,100078,47,260.0,446.95995941556475,195.20627299971238,3211.4916800001083,4512.879603908951
1776358950,480,,Aggregated,1202.900000,0.000000,260,330,430,530,1100,1400,1700,1900,2400,3100,3200,100846,47,260.0,446.02685751091633,195.20627299971238,3211.4916800001083,4512.8957519385995
1776358951,480,,Aggregated,1210.100000,0.000000,260,330,430,520,1100,1400,1700,1900,2400,3100,3200,101727,47,260.0,444.2854256610805,195.20627299971238,3211.4916800001083,4512.913975640686
1776358952,480,,Aggregated,1109.100000,0.000000,260,330,420,520,1100,1400,1700,1900,2400,3100,3200,102493,47,260.0,443.04797043516845,195.20627299971238,3211.4916800001083,4512.929565921575
1776358953,480,,Aggregated,1045.200000,0.000000,260,330,420,510,1100,1400,1700,1900,2400,3100,3200,103395,47,260.0,441.51417743336526,195.20627299971238,3211.4916800001083,4512.947628028434
1776358954,480,,Aggregated,1000.300000,0.000000,260,330,420,510,1100,1400,1700,1900,2400,3100,3200,104280,47,260.0,439.8637933159824,195.20627299971238,3211.4916800001083,4512.965046029919
1776358955,480,,Aggregated,910.400000,0.000000,260,330,420,510,1100,1400,1700,1900,2400,3100,3200,105149,47,260.0,438.237933620658,195.20627299971238,3211.4916800001083,4512.981863831325
1776358956,480,,Aggregated,835.900000,0.000000,260,320,410,500,1000,1400,1700,1900,2400,3100,3200,106024,47,260.0,436.66132789234115,195.20627299971238,3211.4916800001083,4512.998519203199
1776358957,480,,Aggregated,832.800000,0.000000,260,320,410,500,1000,1400,1700,1900,2400,3100,3200,106833,47,260.0,435.33525245239383,195.20627299971238,3211.4916800001083,4513.01367554969
1776358958,480,,Aggregated,840.100000,0.000000,260,320,410,500,1000,1400,1700,1900,2400,3100,3200,107744,47,260.0,433.76460373883975,195.20627299971238,3211.4916800001083,4513.03047037422
1776358959,480,,Aggregated,836.600000,0.000000,260,320,410,490,1000,1400,1700,1900,2400,3100,3200,108590,47,260.0,432.34789751334756,195.20627299971238,3211.4916800001083,4513.045814531725
1776358960,480,,Aggregated,836.100000,0.000000,260,320,410,490,1000,1400,1700,1900,2400,3100,3200,109458,47,260.0,431.0755588608364,195.20627299971238,3211.4916800001083,4513.061311187853
1776358961,480,,Aggregated,837.800000,0.000000,260,320,400,490,1000,1400,1700,1900,2400,3100,3200,110288,47,260.0,429.7925128205288,195.20627299971238,3211.4916800001083,4513.0759012766575
1776358962,480,,Aggregated,858.300000,0.000000,260,320,400,480,1000,1400,1700,1900,2400,3100,3200,111153,47,260.0,428.41125821387277,195.20627299971238,3211.4916800001083,4513.090874740223
1776358963,480,,Aggregated,853.500000,0.000000,260,320,400,480,1000,1400,1700,1900,2400,3100,3200,112010,47,260.0,427.25559534043896,195.20627299971238,3211.4916800001083,4513.105481653424
1776358964,480,,Aggregated,854.400000,0.000000,260,320,400,480,1000,1300,1700,1900,2400,3100,3200,112878,47,260.0,425.90162604205057,195.20627299971238,3211.4916800001083,4513.12004996545
1776358965,480,,Aggregated,866.400000,0.000000,260,320,400,470,990,1300,1600,1900,2400,3100,3200,113771,47,260.0,424.5071374765139,195.20627299971238,3211.4916800001083,4513.134805881991
1776358966,480,,Aggregated,860.000000,0.000000,260,310,390,470,990,1300,1600,1900,2400,3100,3200,114635,47,260.0,423.20231417359827,195.20627299971238,3211.4916800001083,4513.148863785057
1776358967,480,,Aggregated,865.800000,0.000000,260,310,390,470,980,1300,1600,1900,2400,3100,3200,115513,47,260.0,421.922441890344,195.20627299971238,3211.4916800001083,4513.162934042056
1776358968,480,,Aggregated,860.600000,0.000000,260,310,390,470,980,1300,1600,1900,2400,3100,3200,116380,47,260.0,420.69824552410466,195.20627299971238,3211.4916800001083,4513.176619694105
1776358969,480,,Aggregated,859.500000,0.000000,260,310,390,460,970,1300,1600,1900,2400,3100,3200,117229,47,260.0,419.54334255158136,194.0535940011614,3211.4916800001083,4513.189825043291
1776358970,480,,Aggregated,858.200000,0.000000,250,310,390,460,970,1300,1600,1800,2400,3100,3200,118088,47,250.0,418.3762797873643,194.0535940011614,3211.4916800001083,4513.202992683423
1776358971,480,,Aggregated,856.900000,0.000000,250,310,390,460,960,1300,1600,1800,2400,3100,3200,118858,47,250.0,417.5223476557428,194.0535940011614,3211.4916800001083,4513.214634269464
1776358972,520,,Aggregated,857.200000,0.000000,250,310,390,460,960,1300,1600,1800,2400,3100,3200,119760,47,250.0,416.62344127838355,192.85939399924246,3211.4916800001083,4513.228081162325
1776358973,555,,Aggregated,859.600000,0.000000,250,310,390,460,950,1300,1600,1800,2400,3100,3200,120684,47,250.0,415.67954997564044,191.681394000625,3211.4916800001083,4513.241647608631
1776358974,555,,Aggregated,854.800000,0.000000,250,310,390,450,950,1300,1600,1800,2400,3100,3200,121676,47,250.0,414.61925123618613,191.681394000625,3211.4916800001083,4513.2559831026665
1776358975,555,,Aggregated,854.200000,0.000000,250,310,390,450,940,1300,1600,1800,2400,3100,3200,122635,47,250.0,413.59588765021505,191.681394000625,3211.4916800001083,4513.269621233742
1776358976,555,,Aggregated,864.700000,0.000000,250,310,380,450,940,1300,1600,1800,2400,3100,3200,123560,47,250.0,412.743623283256,191.681394000625,3211.4916800001083,4513.282575267077
1776358977,555,,Aggregated,871.400000,0.000000,250,310,380,450,930,1300,1600,1800,2400,3100,3200,124501,47,250.0,411.79660467035075,191.681394000625,3211.4916800001083,4513.295555858989
1776358978,555,,Aggregated,881.000000,0.000000,250,310,380,450,930,1300,1600,1800,2400,3100,3200,125472,47,250.0,410.75837445488554,191.681394000625,3211.4916800001083,4513.308746174445
1776358979,555,,Aggregated,890.400000,0.000000,250,310,380,450,920,1300,1600,1800,2400,3100,3200,126405,47,250.0,409.87444736618295,191.681394000625,3211.4916800001083,4513.321229381749
1776358980,555,,Aggregated,897.800000,0.000000,250,310,380,450,920,1300,1600,1800,2400,3100,3200,127331,47,250.0,409.1363423304879,191.681394000625,3211.4916800001083,4513.333438047294
1776358981,555,,Aggregated,904.700000,0.000000,250,310,380,450,920,1300,1600,1800,2400,3100,3200,128197,47,250.0,408.53878073788235,191.681394000625,3211.4916800001083,4513.344696053729
1776358982,555,,Aggregated,917.500000,0.000000,250,310,380,450,910,1300,1600,1800,2400,3100,3200,128943,47,250.0,408.32585508517155,191.681394000625,3211.4916800001083,4513.354272818222
1776358983,555,,Aggregated,923.800000,0.000000,250,310,380,450,910,1300,1600,1800,2400,3100,3200,129693,47,250.0,408.64475400769726,191.681394000625,3211.4916800001083,4513.363789873008
1776358984,555,,Aggregated,922.200000,0.000000,260,310,380,450,910,1300,1600,1800,2400,3100,3200,130569,47,260.0,408.44266968956936,191.681394000625,3211.4916800001083,4513.374767364382
1776358985,555,,Aggregated,909.300000,0.000000,260,310,380,450,910,1300,1600,1800,2400,3100,3200,131495,47,260.0,407.7864792269166,191.681394000625,3211.4916800001083,4513.386212403513
1776358986,555,,Aggregated,891.900000,0.000000,250,310,380,450,900,1300,1600,1800,2400,3100,3200,132406,47,250.0,407.06803080659085,191.681394000625,3211.4916800001083,4513.3973158316085
1776358987,555,,Aggregated,883.500000,0.000000,250,310,380,450,900,1300,1600,1800,2400,3100,3200,133357,47,250.0,406.31311468451935,191.681394000625,3211.4916800001083,4513.408744947772
1776358988,555,,Aggregated,881.800000,0.000000,250,310,380,440,890,1300,1600,1800,2400,3100,3200,134354,47,250.0,405.1886040312793,191.681394000625,3211.4916800001083,4513.420553165518
1776358989,555,,Aggregated,876.800000,0.000000,250,310,380,440,890,1300,1600,1800,2400,3100,3200,135308,47,250.0,404.29867017010406,191.681394000625,3211.4916800001083,4513.431689183197
1776358990,555,,Aggregated,878.700000,0.000000,250,310,380,440,890,1300,1600,1800,2400,3100,3200,136267,47,250.0,403.40097007004914,191.681394000625,3211.4916800001083,4513.442726412118
1776358991,555,,Aggregated,885.600000,0.000000,250,310,380,440,880,1300,1600,1800,2400,3100,3200,137210,47,250.0,402.5909192421506,191.681394000625,3211.4916800001083,4513.453429050361
1776358992,555,,Aggregated,881.800000,0.000000,250,310,380,440,880,1300,1600,1800,2400,3100,3200,138158,47,250.0,401.83432343344174,191.681394000625,3211.4916800001083,4513.464041170254
1776358993,555,,Aggregated,886.200000,0.000000,250,310,380,440,870,1300,1600,1800,2400,3100,3200,139103,47,250.0,401.07793775322983,191.681394000625,3211.4916800001083,4513.474475748187
1776358994,555,,Aggregated,898.600000,0.000000,250,310,380,440,870,1300,1600,1800,2400,3000,3200,140017,47,250.0,400.277018221548,191.681394000625,3211.4916800001083,4513.48443403301
1776358996,555,,Aggregated,919.300000,0.000000,250,310,380,440,860,1300,1600,1800,2400,3000,3200,140983,47,250.0,399.4594030556908,191.681394000625,3211.4916800001083,4513.494818524219
1776358997,555,,Aggregated,941.300000,0.000000,250,310,380,430,860,1300,1600,1800,2400,3000,3200,141940,47,250.0,398.6705788109305,191.681394000625,3211.4916800001083,4513.504966887417
1776358998,579,,Aggregated,944.000000,0.000000,250,310,380,430,850,1300,1600,1800,2400,3000,3200,142854,47,250.0,398.1471774115421,191.681394000625,3211.4916800001083,4513.514532319711
1776358999,579,,Aggregated,949.200000,0.000000,250,310,380,430,850,1200,1600,1800,2400,3000,3200,143746,47,250.0,397.73589830115253,191.681394000625,3211.4916800001083,4513.523750226093
1776359000,579,,Aggregated,945.500000,0.000000,250,310,370,430,840,1200,1600,1800,2400,3000,3200,144662,47,250.0,397.213379999595,191.681394000625,3211.4916800001083,4513.533097841866
1776359001,579,,Aggregated,934.900000,0.000000,250,310,370,430,840,1200,1600,1800,2400,3000,3200,145642,47,250.0,396.4886593113353,191.681394000625,3211.4916800001083,4513.542968374507
1776359002,579,,Aggregated,930.800000,0.000000,260,310,370,430,830,1200,1600,1800,2400,3000,3200,146587,47,260.0,395.98537573517706,191.681394000625,3211.4916800001083,4513.552361396304
1776359003,579,,Aggregated,932.500000,0.000000,250,310,370,430,830,1200,1600,1800,2300,3000,3200,147606,47,250.0,395.14438404025213,191.681394000625,3211.4916800001083,4513.562355188814
1776359004,579,,Aggregated,936.100000,0.000000,250,310,370,430,820,1200,1600,1800,2300,3000,3200,148631,47,250.0,394.35740358957815,191.681394000625,3211.4916800001083,4513.572269580371
1776359005,579,,Aggregated,943.700000,0.000000,260,310,370,430,820,1200,1600,1800,2300,3000,3200,149506,47,260.0,393.87063731574324,191.681394000625,3211.4916800001083,4513.580625526734
1776359006,579,,Aggregated,949.000000,0.000000,260,310,370,430,820,1200,1600,1800,2300,3000,3200,150456,47,260.0,393.41979294421293,191.681394000625,3211.4916800001083,4513.589587653533
1776359006,579,,Aggregated,949.000000,0.000000,260,310,370,430,810,1200,1600,1800,2300,3000,3200,151379,47,260.0,392.9968039126393,191.681394000625,3211.4916800001083,4513.598187331136
1776359007,579,,Aggregated,947.300000,0.000000,260,310,370,420,810,1200,1500,1800,2300,3000,3200,152325,47,260.0,392.4933952425897,191.681394000625,3211.4916800001083,4513.60689315608
1776359008,579,,Aggregated,944.400000,0.000000,260,310,370,420,800,1200,1500,1800,2300,3000,3200,153204,47,260.0,392.2695235361574,191.681394000625,3211.4916800001083,4513.614886034307
1776359010,579,,Aggregated,956.200000,0.000000,260,310,370,420,800,1200,1500,1800,2300,3000,3200,154043,47,260.0,392.3058888591917,191.681394000625,3211.4916800001083,4513.622430100686
1776359011,579,,Aggregated,950.500000,0.000000,260,310,370,420,790,1200,1500,1800,2300,3000,3200,154883,47,260.0,392.0904559265994,191.681394000625,3211.4916800001083,4513.629901280321
1776359012,579,,Aggregated,939.800000,0.000000,260,310,370,420,790,1200,1500,1800,2300,3000,3200,155881,47,260.0,391.5850408110452,191.681394000625,3211.4916800001083,4513.6386730903705
1776359013,579,,Aggregated,928.100000,0.000000,260,310,370,430,790,1200,1500,1800,2300,3000,3200,156563,47,260.0,391.9016350184183,191.681394000625,3211.4916800001083,4513.644603131008
1776359014,579,,Aggregated,942.000000,0.000000,260,310,380,430,780,1200,1500,1800,2300,3000,3200,157352,47,260.0,392.5553992305508,191.681394000625,3211.4916800001083,4513.65139941024
1776359015,579,,Aggregated,904.700000,0.000000,260,310,380,430,780,1200,1500,1800,2300,3000,3200,158076,47,260.0,392.5369699756486,191.681394000625,3211.4916800001083,4513.657576102634
1776359016,579,,Aggregated,867.800000,0.000000,260,310,380,430,780,1200,1500,1800,2300,3000,3200,158892,47,260.0,392.8975530592645,191.681394000625,3211.4916800001083,4513.664470206178
1776359017,579,,Aggregated,862.400000,0.000000,260,310,380,430,770,1200,1500,1800,2300,3000,3200,159795,47,260.0,392.6734429330684,191.681394000625,3211.4916800001083,4513.67201727213
1776359018,579,,Aggregated,836.800000,0.000000,260,320,380,440,770,1200,1500,1800,2300,3000,3200,160679,47,260.0,392.8175214787163,191.681394000625,3211.4916800001083,4513.6793233714425
1776359019,579,,Aggregated,817.000000,0.000000,260,310,380,430,770,1200,1500,1800,2300,3000,3200,161670,47,260.0,392.2920535790357,191.681394000625,3211.4916800001083,4513.687418816107
1776359020,579,,Aggregated,795.900000,0.000000,260,320,380,430,760,1200,1500,1800,2300,3000,3200,162540,47,260.0,391.978833620842,191.681394000625,3211.4916800001083,4513.694444444444
1776359021,579,,Aggregated,809.900000,0.000000,260,320,380,430,760,1200,1500,1800,2300,3000,3200,163490,47,260.0,391.49711835319386,191.681394000625,3211.4916800001083,4513.702030705242
1776359022,600,,Aggregated,818.800000,0.000000,260,320,380,440,750,1200,1500,1800,2300,3000,3200,164209,47,260.0,391.5983118411949,191.681394000625,3211.4916800001083,4513.707713949905
1776359023,600,,Aggregated,829.900000,0.000000,260,320,380,430,750,1200,1500,1800,2300,3000,3200,165295,47,260.0,391.23002626689765,191.681394000625,3211.4916800001083,4513.716204361898
1776359024,600,,Aggregated,803.400000,0.000000,260,320,380,440,750,1200,1500,1800,2300,3000,3200,165840,47,260.0,391.92422777205053,191.681394000625,3211.4916800001083,4513.7204232995655
1776359025,600,,Aggregated,829.300000,0.000000,260,320,390,440,750,1200,1500,1800,2300,3000,3200,166626,47,260.0,392.33792189642594,191.681394000625,3211.4916800001083,4513.726459256059
1776359026,600,,Aggregated,837.900000,0.000000,260,320,390,440,740,1200,1500,1800,2300,3000,3200,167537,47,260.0,392.28257560453443,191.681394000625,3211.4916800001083,4513.733384267356
1776359027,600,,Aggregated,819.700000,0.000000,260,320,390,440,740,1200,1500,1800,2300,3000,3200,168348,47,260.0,392.2581890128422,191.681394000625,3211.4916800001083,4513.739486064581
1776359028,600,,Aggregated,825.900000,0.000000,260,320,390,440,730,1200,1500,1800,2300,3000,3200,169291,47,260.0,392.1428445947446,191.681394000625,3211.4916800001083,4513.746507493015
1776359029,600,,Aggregated,834.100000,0.000000,260,320,390,440,730,1200,1500,1800,2300,3000,3200,170247,47,260.0,391.6889579277743,191.681394000625,3211.4916800001083,4513.753546317997
1776359030,600,,Aggregated,839.700000,0.000000,260,320,390,440,720,1200,1500,1700,2300,3000,3200,171262,47,260.0,391.1328283111838,191.681394000625,3211.4916800001083,4513.760933540423
1776359031,600,,Aggregated,837.400000,0.000000,260,320,390,440,720,1200,1500,1700,2300,3000,3200,172259,47,260.0,390.6231794767765,191.681394000625,3211.4916800001083,4513.768105004673
1776359032,600,,Aggregated,844.700000,0.000000,260,320,390,440,710,1200,1500,1700,2300,3000,3200,173262,47,260.0,390.08142892807916,191.681394000625,3211.4916800001083,4513.775236347266
1776359033,600,,Aggregated,843.100000,0.000000,260,320,390,440,710,1200,1500,1700,2300,3000,3200,174275,47,260.0,389.6241805303444,191.681394000625,3211.4916800001083,4513.782355472673
1776359034,600,,Aggregated,861.000000,0.000000,270,320,390,440,710,1200,1500,1700,2300,3000,3200,175207,47,270.0,389.2633702361837,191.681394000625,3211.4916800001083,4513.788832637965
1776359035,600,,Aggregated,871.400000,0.000000,270,320,390,440,710,1200,1500,1700,2300,3000,3200,176134,47,270.0,389.1614880149774,191.681394000625,3211.4916800001083,4513.795207058262
1776359036,600,,Aggregated,894.900000,0.000000,270,320,390,440,700,1200,1500,1700,2300,3000,3200,177122,47,270.0,388.75828338344706,191.681394000625,3211.4916800001083,4513.80192748501
1776359037,600,,Aggregated,922.700000,0.000000,270,320,390,440,700,1200,1500,1700,2300,3000,3200,178093,47,270.0,388.34853348558335,191.681394000625,3211.4916800001083,4513.808459625027
1776359036,600,,Aggregated,894.900000,0.000000,270,320,390,430,690,1100,1500,1700,2300,3000,3200,179076,47,270.0,387.8765576654221,191.681394000625,3211.4916800001083,4513.815000335053
1776359037,600,,Aggregated,922.700000,0.000000,270,320,390,430,690,1100,1500,1700,2300,2900,3200,180042,47,270.0,387.4052640526493,191.681394000625,3211.4916800001083,4513.821358349718
1776359038,600,,Aggregated,939.400000,0.000000,270,320,380,430,690,1100,1500,1700,2300,2900,3200,181042,47,270.0,387.0860028384854,191.681394000625,3211.4916800001083,4513.827868671358
1776359039,600,,Aggregated,1015.900000,0.000000,270,320,380,430,680,1100,1500,1700,2300,2900,3200,182005,47,270.0,386.58184775100057,191.681394000625,3211.4916800001083,4513.834070492569
1776359040,600,,Aggregated,1115.300000,0.000000,270,320,380,430,680,1100,1500,1700,2300,2900,3200,183000,47,270.0,386.1594002213544,191.681394000625,3211.4916800001083,4513.840409836065
1776359041,600,,Aggregated,1206.700000,0.000000,270,320,380,430,680,1100,1500,1700,2300,2900,3200,183923,47,270.0,385.8373444459625,191.681394000625,3211.4916800001083,4513.846229128494
1776359042,600,,Aggregated,1203.100000,0.000000,270,320,380,430,670,1100,1500,1700,2300,2900,3200,184871,47,270.0,385.5098712455199,191.681394000625,3211.4916800001083,4513.85214555014
1776359043,600,,Aggregated,1206.700000,0.000000,270,320,380,430,670,1100,1500,1700,2300,2900,3200,185729,47,270.0,385.50906073508486,191.681394000625,3211.4916800001083,4513.8574482175645
1776359044,587,,Aggregated,1199.500000,0.000000,270,320,380,430,670,1100,1500,1700,2300,2900,3200,186636,47,270.0,385.5967322235085,191.681394000625,3211.4916800001083,4513.863000707259
1776359045,587,,Aggregated,1182.000000,0.000000,270,320,380,430,670,1100,1500,1700,2300,2900,3200,187653,47,270.0,385.15776895251275,191.681394000625,3211.4916800001083,4513.869162763185
1776359046,587,,Aggregated,1168.100000,0.000000,270,320,380,430,670,1100,1500,1700,2300,2900,3200,188542,47,270.0,384.9411432636749,191.681394000625,3211.4916800001083,4513.874494807523
1776359047,587,,Aggregated,1174.400000,0.000000,270,320,380,430,660,1100,1500,1700,2300,2900,3200,189491,47,270.0,384.60870798994034,191.681394000625,3211.4916800001083,4513.880131510204
1776359048,587,,Aggregated,1177.100000,0.000000,270,320,380,430,660,1100,1500,1700,2300,2900,3200,190374,47,270.0,384.4536962049995,191.681394000625,3211.4916800001083,4513.885325727253
1776359049,587,,Aggregated,1100.200000,0.000000,270,320,380,430,660,1100,1500,1700,2300,2900,3200,191391,47,270.0,384.05307696413485,191.681394000625,3211.4916800001083,4513.891248804803
1776359050,587,,Aggregated,1014.000000,0.000000,270,320,380,430,650,1100,1500,1700,2300,2900,3200,192303,47,270.0,383.7435490682716,191.681394000625,3211.4916800001083,4513.896507074773
1776359051,587,,Aggregated,920.000000,0.000000,270,320,380,430,650,1100,1500,1700,2300,2900,3200,193229,47,270.0,383.5499098059603,191.681394000625,3211.4916800001083,4513.901795279176
1776359052,587,,Aggregated,920.800000,0.000000,270,320,380,430,650,1100,1500,1700,2300,2900,3200,194203,47,270.0,383.18246966029295,191.681394000625,3211.4916800001083,4513.907303182752
1776359053,587,,Aggregated,911.600000,0.000000,270,320,380,430,650,1100,1500,1700,2300,2900,3200,195102,47,270.0,383.0365307416824,191.681394000625,3211.4916800001083,4513.912338161577
1776359054,587,,Aggregated,915.500000,0.000000,270,320,380,430,650,1100,1500,1700,2300,2900,3200,196054,47,270.0,382.68110703825846,191.681394000625,3211.4916800001083,4513.9176196354065
1776359055,587,,Aggregated,922.600000,0.000000,270,320,380,430,640,1100,1500,1700,2300,2900,3200,197018,47,270.0,382.37870450646557,191.681394000625,3211.4916800001083,4513.92291567268
1776359056,587,,Aggregated,936.200000,0.000000,270,320,380,430,640,1100,1500,1700,2300,2900,3200,197975,47,270.0,382.01405303521534,191.681394000625,3211.4916800001083,4513.928122237657
1776359057,587,,Aggregated,930.900000,0.000000,270,320,380,430,640,1100,1500,1700,2300,2900,3200,198929,47,270.0,381.6633077791051,191.681394000625,3211.4916800001083,4513.933262621337
1776359058,587,,Aggregated,928.200000,0.000000,270,320,380,430,640,1100,1500,1700,2300,2900,3200,199887,47,270.0,381.3325636049191,191.681394000625,3211.4916800001083,4513.938375181978
1776359059,587,,Aggregated,933.900000,0.000000,270,320,380,430,640,1100,1500,1700,2300,2900,3200,200856,47,270.0,380.97500664413565,191.681394000625,3211.4916800001083,4513.943496833553
1776359060,587,,Aggregated,934.800000,0.000000,270,320,380,430,640,1100,1500,1700,2300,2900,3200,201825,47,270.0,380.746880454446,191.681394000625,3211.4916800001083,4513.948569305091
1776359061,587,,Aggregated,941.100000,0.000000,270,320,380,420,630,1100,1500,1700,2300,2900,3200,202829,47,270.0,380.3308237238039,191.681394000625,3211.4916800001083,4513.953773868629
1776359062,587,,Aggregated,937.600000,0.000000,270,320,380,420,630,1100,1500,1700,2300,2900,3200,203783,47,270.0,379.9946229944853,191.681394000625,3211.4916800001083,4513.958671724335
1776359063,587,,Aggregated,945.600000,0.000000,270,320,380,420,630,1100,1500,1700,2300,2900,3200,204751,47,270.0,379.62779415995954,191.681394000625,3211.4916800001083,4513.963594805397
1776359064,587,,Aggregated,944.500000,0.000000,270,320,380,420,630,1100,1500,1700,2300,2900,3200,205637,47,270.0,379.41993349136976,191.681394000625,3211.4916800001083,4513.968060222625
1776359065,587,,Aggregated,950.100000,0.000000,270,320,380,420,630,1100,1500,1700,2300,2900,3200,206584,47,270.0,379.18609649420046,191.681394000625,3211.4916800001083,4513.9727907291945
1776359066,587,,Aggregated,947.100000,0.000000,270,320,380,420,620,1100,1500,1700,2300,2900,3200,207563,47,270.0,378.8533151679252,191.681394000625,3211.4916800001083,4513.977635705785
1776359067,587,,Aggregated,946.600000,0.000000,270,320,380,420,620,1100,1500,1700,2300,2900,3200,208539,47,270.0,378.64790165124106,191.681394000625,3211.4916800001083,4513.982420554428
1776359071,587,,Aggregated,917.100000,0.000000,270,320,380,420,620,1100,1500,1700,2300,2900,3200,209507,47,270.0,378.25341697157205,191.681394000625,3211.4916800001083,4513.987122148664
1776359067,593,,Aggregated,946.600000,0.000000,270,320,380,420,620,1100,1500,1700,2300,2900,3200,210489,47,270.0,378.0276025168117,191.681394000625,3211.4916800001083,4513.991847554979
1776359068,593,,Aggregated,947.000000,0.000000,270,320,380,420,620,1100,1500,1700,2300,2900,3200,211372,47,270.0,377.83445480856176,191.681394000625,3211.4916800001083,4513.996059080673
1776359069,593,,Aggregated,1009.400000,0.000000,270,320,380,420,620,1100,1500,1700,2300,2900,3200,212326,47,270.0,377.48096881791815,191.681394000625,3211.4916800001083,4514.000569878394
1776359070,593,,Aggregated,1108.500000,0.000000,270,320,380,420,620,1000,1500,1700,2300,2900,3200,213342,47,270.0,377.1269844569673,191.681394000625,3211.4916800001083,4514.005329470991
1776359071,593,,Aggregated,1158.400000,0.000000,270,320,380,420,610,1000,1500,1700,2300,2900,3200,214329,47,270.0,376.79382724467496,191.681394000625,3211.4916800001083,4514.009909998181
1776359072,593,,Aggregated,1168.300000,0.000000,270,320,370,420,610,1000,1500,1700,2300,2900,3200,215353,47,270.0,376.37172228166264,191.681394000625,3211.4916800001083,4514.014617859979
1776359073,593,,Aggregated,1170.800000,0.000000,270,320,370,420,610,1000,1400,1700,2300,2900,3200,216358,47,270.0,375.93250120650845,191.681394000625,3211.4916800001083,4514.019195037854
1776359074,593,,Aggregated,1190.000000,0.000000,270,320,370,420,610,1000,1400,1700,2300,2900,3200,217326,47,270.0,375.670302861705,191.681394000625,3211.4916800001083,4514.023563678529
1776359075,593,,Aggregated,1195.000000,0.000000,270,320,370,420,610,1000,1400,1700,2300,2900,3200,218294,47,270.0,375.33534929665564,191.681394000625,3211.4916800001083,4514.02789357472
1776359076,593,,Aggregated,1196.200000,0.000000,270,320,370,420,610,1000,1400,1700,2300,2900,3200,219249,47,270.0,375.066308714513,191.681394000625,3211.4916800001083,4514.032127854631
1776359077,593,,Aggregated,1199.200000,0.000000,270,320,370,420,600,1000,1400,1700,2300,2900,3200,220196,47,270.0,374.75721197089035,191.681394000625,3211.4916800001083,4514.036290395829
1776359078,593,,Aggregated,1203.300000,0.000000,270,320,370,420,600,1000,1400,1700,2300,2900,3200,220918,47,270.0,374.90386497593704,191.681394000625,3211.4916800001083,4514.039439973203
1776359079,593,,Aggregated,1140.900000,0.000000,270,320,370,420,600,1000,1400,1700,2300,2900,3200,221933,47,270.0,374.7389626065661,191.681394000625,3211.4916800001083,4514.043833048713
1776359080,593,,Aggregated,1025.300000,0.000000,270,320,370,420,600,1000,1400,1700,2300,2900,3200,222885,47,270.0,374.41534730726676,191.681394000625,3211.4916800001083,4514.047917087287
1776359081,593,,Aggregated,967.900000,0.000000,270,320,370,420,600,1000,1400,1700,2300,2900,3200,223923,47,270.0,374.06137942121205,191.681394000625,3211.4916800001083,4514.052330488606
1776359082,593,,Aggregated,968.200000,0.000000,270,320,370,420,600,1000,1400,1700,2300,2900,3200,224845,47,270.0,373.73875623491404,191.681394000625,3211.4916800001083,4514.056216504703
1776359083,593,,Aggregated,965.100000,0.000000,270,320,370,420,600,1000,1400,1700,2300,2900,3200,225837,47,270.0,373.6438161465145,191.681394000625,3211.4916800001083,4514.060362119581
1776359084,593,,Aggregated,951.300000,0.000000,270,320,370,420,600,1000,1400,1700,2300,2900,3200,226802,47,270.0,373.3382247845061,191.681394000625,3211.4916800001083,4514.064360102645
1776359085,593,,Aggregated,937.300000,0.000000,270,320,370,420,600,1000,1400,1600,2300,2900,3200,227741,47,270.0,373.2729419032957,191.681394000625,3211.4916800001083,4514.068217843955
1776359086,593,,Aggregated,942.200000,0.000000,270,320,370,420,600,1000,1400,1600,2300,2900,3200,228639,47,270.0,373.19179051933156,191.681394000625,3211.4916800001083,4514.071877501214
1776359087,593,,Aggregated,938.200000,0.000000,270,320,370,420,590,1000,1400,1600,2300,2900,3200,229534,47,270.0,373.08970445691443,191.681394000625,3211.4916800001083,4514.075496440614
1776359088,593,,Aggregated,930.100000,0.000000,270,320,370,410,590,990,1400,1600,2300,2900,3200,230478,47,270.0,372.91890982725675,191.681394000625,3211.4916800001083,4514.0792830552155
1776359089,593,,Aggregated,921.500000,0.000000,270,320,370,410,590,990,1400,1600,2300,2900,3200,231409,47,270.0,372.71869691648385,191.681394000625,3211.4916800001083,4514.082987264972
1776359090,593,,Aggregated,937.100000,0.000000,270,320,370,410,590,990,1400,1600,2300,2900,3200,232385,47,270.0,372.4041557195165,191.681394000625,3211.4916800001083,4514.086838651376
1776359091,593,,Aggregated,936.700000,0.000000,270,320,370,410,590,990,1400,1600,2300,2900,3200,233309,47,270.0,372.20215265484313,191.681394000625,3211.4916800001083,4514.090455147465
1776359092,574,,Aggregated,932.400000,0.000000,270,320,370,410,590,980,1400,1600,2300,2900,3200,234269,47,270.0,371.93909223578345,191.681394000625,3211.4916800001083,4514.094182328861
1776359093,574,,Aggregated,930.100000,0.000000,270,320,370,410,590,980,1400,1600,2300,2900,3200,235193,47,270.0,371.7363017664761,191.681394000625,3211.4916800001083,4514.097741004197
1776359094,574,,Aggregated,919.500000,0.000000,270,320,370,410,580,980,1400,1600,2300,2900,3200,236147,47,270.0,371.4615565551997,191.681394000625,3211.4916800001083,4514.101386001093
1776359095,574,,Aggregated,927.900000,0.000000,270,320,370,410,580,980,1400,1600,2300,2900,3200,237010,47,270.0,371.323231204075,191.681394000625,3211.4916800001083,4514.104658031307
1776359096,574,,Aggregated,919.400000,0.000000,270,320,370,410,580,970,1400,1600,2300,2900,3200,238005,47,270.0,371.00533269339667,191.681394000625,3211.4916800001083,4514.10840108401
1776359097,574,,Aggregated,925.200000,0.000000,270,320,370,410,580,970,1400,1600,2300,2900,3200,238960,47,270.0,370.743295486951,191.681394000625,3211.4916800001083,4514.111964345497
1776359098,574,,Aggregated,926.100000,0.000000,270,320,370,410,580,970,1400,1600,2300,2900,3200,239913,47,270.0,370.46561384267216,191.681394000625,3211.4916800001083,4514.115491865801
1776359097,574,,Aggregated,925.200000,0.000000,270,320,370,410,580,960,1400,1600,2300,2900,3200,240781,47,270.0,370.3881074958647,191.681394000625,3211.4916800001083,4514.118680460668
1776359098,574,,Aggregated,926.100000,0.000000,270,320,370,410,580,960,1400,1600,2200,2900,3200,241732,47,270.0,370.12295570268145,191.681394000625,3211.4916800001083,4514.122147667665
1776359099,574,,Aggregated,993.200000,0.000000,270,320,370,410,580,960,1400,1600,2200,2900,3200,242722,47,270.0,369.75157918454664,191.681394000625,3211.4916800001083,4514.125728199339
1776359100,574,,Aggregated,1086.200000,0.000000,270,320,370,410,580,960,1400,1600,2200,2900,3200,243564,47,270.0,369.71141564512646,191.681394000625,3211.4916800001083,4514.128750554269
1776359101,574,,Aggregated,1168.100000,0.000000,270,320,370,410,580,960,1400,1600,2200,2900,3200,244427,47,270.0,369.61324856437113,191.681394000625,3211.4916800001083,4514.131826680358
1776359102,574,,Aggregated,1152.400000,0.000000,270,320,370,410,580,950,1400,1600,2200,2900,3200,245232,47,270.0,369.57108915578505,191.681394000625,3211.4916800001083,4514.134676551184
1776359103,574,,Aggregated,1149.900000,0.000000,270,320,370,410,580,950,1400,1600,2200,2900,3200,245891,47,270.0,369.8936587294993,191.681394000625,3211.4916800001083,4514.136995660679
1776359104,574,,Aggregated,1140.900000,0.000000,270,320,370,410,580,950,1400,1600,2200,2900,3200,246611,47,270.0,370.3777714361138,191.681394000625,3211.4916800001083,4514.1395152689865
1776359105,574,,Aggregated,1111.300000,0.000000,270,320,370,410,580,950,1400,1600,2200,2900,3200,247360,47,270.0,370.70932075750846,191.681394000625,3211.4916800001083,4514.142120795602
1776359106,574,,Aggregated,1089.300000,0.000000,270,320,370,410,580,950,1400,1600,2200,2900,3200,248169,47,270.0,370.9825726089126,191.681394000625,3211.4916800001083,4514.144917374853
1776359107,574,,Aggregated,1070.900000,0.000000,270,320,370,410,580,950,1400,1600,2200,2900,3200,248953,47,270.0,371.0368924593599,191.681394000625,3211.4916800001083,4514.147610191482
1776359108,574,,Aggregated,1059.000000,0.000000,270,320,370,420,590,950,1400,1600,2200,2900,3200,249779,47,270.0,371.23061051151257,191.681394000625,3211.4916800001083,4514.150428979217
1776359109,574,,Aggregated,981.000000,0.000000,270,320,370,420,590,950,1400,1600,2200,2900,3200,250638,47,270.0,371.27380712518504,191.681394000625,3211.4916800001083,4514.153340674598
1776359110,574,,Aggregated,877.200000,0.000000,270,320,370,420,590,950,1400,1600,2200,2900,3200,251541,47,270.0,371.1270479503938,191.681394000625,3211.4916800001083,4514.156380073228
1776359111,574,,Aggregated,789.100000,0.000000,270,320,370,420,590,950,1400,1600,2200,2900,3200,252503,47,270.0,370.99178210085864,191.681394000625,3211.4916800001083,4514.159594143436
1776359112,574,,Aggregated,797.500000,0.000000,270,320,370,410,590,940,1400,1600,2200,2900,3200,253464,47,270.0,370.69760767110614,191.681394000625,3211.4916800001083,4514.162780513209
1776359113,574,,Aggregated,798.500000,0.000000,270,320,370,410,590,940,1400,1600,2200,2900,3200,254393,47,270.0,370.50337626460976,191.681394000625,3211.4916800001083,4514.165837896483
1776359114,574,,Aggregated,813.000000,0.000000,270,320,370,410,580,940,1400,1600,2200,2900,3200,255319,47,270.0,370.32515924879385,191.681394000625,3211.4916800001083,4514.16886326517
1776359115,534,,Aggregated,838.700000,0.000000,270,320,370,410,580,940,1400,1600,2200,2900,3200,256142,47,270.0,370.2561967596442,191.681394000625,3211.4916800001083,4514.171533758618
1776359116,494,,Aggregated,862.100000,0.000000,270,320,370,410,580,940,1400,1600,2200,2900,3200,256993,47,270.0,370.0175646481889,191.681394000625,3211.4916800001083,4514.174277120388
1776359117,492,,Aggregated,867.200000,0.000000,270,320,370,410,580,930,1400,1600,2200,2900,3200,257826,47,270.0,369.7730424752467,191.681394000625,3211.4916800001083,4514.176944916339
1776359118,492,,Aggregated,875.900000,0.000000,270,320,370,410,580,930,1400,1600,2200,2900,3200,258609,47,270.0,369.5884370562929,191.681394000625,3211.4916800001083,4514.179436910548
1776359119,492,,Aggregated,878.900000,0.000000,270,320,370,410,580,930,1400,1600,2200,2900,3200,259457,47,270.0,369.3452064533155,191.681394000625,3211.4916800001083,4514.182118809668
1776359120,492,,Aggregated,879.300000,0.000000,270,320,370,410,580,930,1400,1600,2200,2800,3200,260274,47,270.0,369.11039314222273,191.681394000625,3211.4916800001083,4514.184686138454
1776359121,492,,Aggregated,878.500000,0.000000,270,320,370,410,580,930,1400,1600,2200,2800,3200,261162,47,270.0,368.7705045126587,191.681394000625,3211.4916800001083,4514.18745835918
1776359122,492,,Aggregated,872.500000,0.000000,270,320,370,410,580,920,1400,1600,2200,2800,3200,262002,47,270.0,368.5522927440057,191.681394000625,3211.4916800001083,4514.19006343463
1776359123,492,,Aggregated,863.600000,0.000000,270,320,370,410,580,920,1400,1600,2200,2800,3200,262839,47,270.0,368.2833177494434,191.681394000625,3211.4916800001083,4514.192642644356
1776359124,492,,Aggregated,848.100000,0.000000,270,320,370,410,580,920,1400,1600,2200,2800,3200,263647,47,270.0,368.01848705692817,191.681394000625,3211.4916800001083,4514.195116955626
1776359125,492,,Aggregated,840.500000,0.000000,270,320,370,410,580,920,1400,1600,2200,2800,3200,264445,47,270.0,367.81513862704156,191.681394000625,3211.4916800001083,4514.197545803475
1776359126,492,,Aggregated,832.900000,0.000000,270,320,370,410,580,920,1400,1600,2200,2800,3200,265314,47,270.0,367.56364656796785,191.681394000625,3211.4916800001083,4514.2001741332915
1776359127,492,,Aggregated,830.100000,0.000000,270,320,370,410,570,920,1400,1600,2200,2800,3200,266155,47,270.0,367.2873324013032,191.681394000625,3211.4916800001083,4514.202701433375
1776359128,492,,Aggregated,826.900000,0.000000,270,320,370,410,570,910,1400,1600,2200,2800,3200,266956,47,270.0,367.09063318797064,191.681394000625,3211.4916800001083,4514.20509372331
1776359126,492,,Aggregated,832.900000,0.000000,270,320,370,410,570,910,1400,1600,2200,2800,3200,267787,47,270.0,366.8778920581979,191.681394000625,3211.4916800001083,4514.207560486506
1776359127,492,,Aggregated,830.100000,0.000000,270,320,370,410,570,910,1400,1600,2200,2800,3200,268647,47,270.0,366.6002237176727,191.681394000625,3211.4916800001083,4514.210097265184
1776359128,492,,Aggregated,826.900000,0.000000,270,320,370,410,570,910,1400,1600,2200,2800,3200,269496,47,270.0,366.3646158441587,191.681394000625,3211.4916800001083,4514.212585715558
1776359129,492,,Aggregated,889.900000,0.000000,270,320,370,410,570,910,1400,1600,2200,2800,3200,270356,47,270.0,366.0473699202886,191.681394000625,3211.4916800001083,4514.215090473302
1776359130,492,,Aggregated,978.100000,0.000000,270,320,370,410,570,910,1400,1600,2200,2800,3200,271132,47,270.0,365.82639442400205,191.681394000625,3211.4916800001083,4514.217336942891
1776359131,492,,Aggregated,1022.600000,0.000000,270,320,370,410,570,910,1400,1600,2200,2800,3200,271954,47,270.0,365.7240410540737,191.681394000625,3211.4916800001083,4514.2197025967625
1776359132,492,,Aggregated,1025.900000,0.000000,270,320,370,410,570,910,1400,1600,2200,2800,3200,272800,47,270.0,365.46425544303395,191.681394000625,3211.4916800001083,4514.222122434017
1776359133,492,,Aggregated,1018.200000,0.000000,270,320,370,410,570,900,1400,1600,2200,2800,3200,273602,47,270.0,365.2137279257227,191.681394000625,3211.4916800001083,4514.224402599396
1776359134,492,,Aggregated,1037.200000,0.000000,270,320,370,410,570,900,1400,1600,2200,2800,3200,274251,47,270.0,365.25120123132314,191.681394000625,3211.4916800001083,4514.2262380082475
1776359135,492,,Aggregated,1037.300000,0.000000,270,320,370,410,570,900,1400,1600,2200,2800,3200,275022,47,270.0,365.2007511549205,191.681394000625,3211.4916800001083,4514.228407181971
1776359136,452,,Aggregated,1035.900000,0.000000,270,320,370,410,570,900,1400,1600,2200,2800,3200,275772,47,270.0,365.16365044985514,191.681394000625,3211.4916800001083,4514.23050563509
1776359137,450,,Aggregated,1016.300000,0.000000,270,320,370,410,570,900,1400,1600,2200,2800,3200,276530,47,270.0,364.9837066431625,191.681394000625,3211.4916800001083,4514.232614906158
1776359138,450,,Aggregated,1009.500000,0.000000,270,320,370,410,570,900,1400,1600,2200,2800,3200,277333,47,270.0,364.75286123805574,191.681394000625,3211.4916800001083,4514.234836820718
1776359139,450,,Aggregated,938.200000,0.000000,270,320,370,410,570,900,1400,1600,2200,2800,3200,278094,47,270.0,364.50583815167437,191.681394000625,3211.4916800001083,4514.236930678116
1776359140,450,,Aggregated,846.300000,0.000000,270,320,370,410,560,900,1400,1600,2200,2800,3200,278865,47,270.0,364.2730877395686,191.681394000625,3211.4916800001083,4514.239040395891
1776359141,450,,Aggregated,797.200000,0.000000,270,320,370,410,560,900,1400,1600,2200,2800,3200,279625,47,270.0,364.0956713938264,191.681394000625,3211.4916800001083,4514.241108627626
1776359142,450,,Aggregated,785.800000,0.000000,270,320,370,410,560,890,1400,1600,2200,2800,3200,280385,47,270.0,363.87546497419515,191.681394000625,3211.4916800001083,4514.243165647235
1776359143,450,,Aggregated,788.600000,0.000000,270,320,370,410,560,890,1400,1600,2200,2800,3200,281162,47,270.0,363.6481051034225,191.681394000625,3211.4916800001083,4514.245257182692
1776359144,450,,Aggregated,764.200000,0.000000,270,320,370,410,560,890,1400,1600,2200,2800,3200,281953,47,270.0,363.4198929255741,191.681394000625,3211.4916800001083,4514.2473745624275
1776359145,450,,Aggregated,754.200000,0.000000,270,320,370,410,560,890,1400,1600,2200,2800,3200,282755,47,270.0,363.148249021649,191.681394000625,3211.4916800001083,4514.249509292497
1776359146,450,,Aggregated,751.300000,0.000000,270,320,370,410,560,890,1400,1600,2200,2800,3200,283563,47,270.0,362.84462497853195,191.681394000625,3211.4916800001083,4514.2516477819745
1776359147,450,,Aggregated,765.300000,0.000000,270,320,360,410,560,890,1300,1600,2200,2800,3200,284386,47,270.0,362.54899526876625,191.681394000625,3211.4916800001083,4514.253813478863
1776359148,450,,Aggregated,770.900000,0.000000,270,320,360,400,560,890,1300,1600,2200,2800,3200,285159,47,270.0,362.30554368939227,191.681394000625,3211.4916800001083,4514.255836217689
1776359149,450,,Aggregated,775.000000,0.000000,270,320,360,400,560,880,1300,1600,2200,2800,3200,285893,47,270.0,362.1188400178119,191.681394000625,3211.4916800001083,4514.25774677939
1776359150,450,,Aggregated,781.400000,0.000000,270,320,360,400,560,880,1300,1600,2200,2800,3200,286685,47,270.0,361.9112412793596,191.681394000625,3211.4916800001083,4514.259797338543
1776359152,450,,Aggregated,779.400000,0.000000,270,320,360,400,560,880,1300,1600,2200,2800,3200,287452,47,270.0,361.7224065503746,191.681394000625,3211.4916800001083,4514.261772400261
1776359153,450,,Aggregated,779.700000,0.000000,270,320,360,400,560,880,1300,1600,2200,2800,3200,288198,47,270.0,361.5165983650383,191.681394000625,3211.4916800001083,4514.263683301064
1776359154,450,,Aggregated,777.500000,0.000000,270,320,360,400,550,880,1300,1600,2200,2800,3200,289012,47,270.0,361.2478330119698,191.681394000625,3211.4916800001083,4514.265757131192
1776359155,450,,Aggregated,776.900000,0.000000,270,320,360,400,550,880,1300,1600,2200,2800,3200,289840,47,270.0,360.93144992619824,191.681394000625,3211.4916800001083,4514.267854678444
1776359156,450,,Aggregated,778.900000,0.000000,270,320,360,400,550,880,1300,1600,2200,2800,3200,290625,47,270.0,360.6896272356995,191.681394000625,3211.4916800001083,4514.2698322580645
1776359157,450,,Aggregated,784.400000,0.000000,270,320,360,400,550,870,1300,1600,2200,2800,3200,291403,47,270.0,360.4526292078091,191.681394000625,3211.4916800001083,4514.271781690648
1776359158,450,,Aggregated,782.400000,0.000000,270,320,360,400,550,870,1300,1600,2200,2800,3200,292218,47,270.0,360.1584828380326,191.681394000625,3211.4916800001083,4514.273812701476
1776359156,450,,Aggregated,778.900000,0.000000,270,320,360,400,550,870,1300,1600,2200,2800,3200,292994,47,270.0,359.8932890891524,191.681394000625,3211.4916800001083,4514.275736021898
1776359157,450,,Aggregated,784.400000,0.000000,270,320,360,400,550,870,1300,1600,2200,2800,3200,293837,47,270.0,359.60068045054334,191.681394000625,3211.4916800001083,4514.277813890014
1776359158,450,,Aggregated,782.400000,0.000000,270,320,360,400,550,870,1300,1600,2200,2800,3200,294655,47,270.0,359.2872603778907,191.681394000625,3211.4916800001083,4514.279818771105
1776359160,450,,Aggregated,917.800000,0.000000,270,320,360,400,550,870,1300,1600,2200,2800,3200,294656,47,270.0,359.29303834389043,191.681394000625,3211.4916800001083,4514.2798212152475
1776359161,0,,Aggregated,917.800000,0.000000,270,320,360,400,550,880,1300,1600,2200,2800,3200,294860,47,270.0,360.461161546966,191.681394000625,3211.4916800001083,4514.280319473649
1776359162,0,,Aggregated,917.800000,0.000000,270,320,360,400,550,880,1300,1600,2200,2800,3200,294860,47,270.0,360.461161546966,191.681394000625,3211.4916800001083,4514.280319473649
1776359163,0,,Aggregated,917.800000,0.000000,270,320,360,400,550,880,1300,1600,2200,2800,3200,294860,47,270.0,360.461161546966,191.681394000625,3211.4916800001083,4514.280319473649
1776359164,0,,Aggregated,917.800000,0.000000,270,320,360,400,550,880,1300,1600,2200,2800,3200,294860,47,270.0,360.461161546966,191.681394000625,3211.4916800001083,4514.280319473649
1776359165,0,,Aggregated,917.800000,0.000000,270,320,360,400,550,880,1300,1600,2200,2800,3200,294860,47,270.0,360.461161546966,191.681394000625,3211.4916800001083,4514.280319473649
1776359166,0,,Aggregated,917.800000,0.000000,270,320,360,400,550,880,1300,1600,2200,2800,3200,294860,47,270.0,360.461161546966,191.681394000625,3211.4916800001083,4514.280319473649
1776359167,0,,Aggregated,917.800000,0.000000,270,320,360,400,550,880,1300,1600,2200,2800,3200,294860,47,270.0,360.461161546966,191.681394000625,3211.4916800001083,4514.280319473649
1776359168,0,,Aggregated,917.800000,0.000000,270,320,360,400,550,880,1300,1600,2200,2800,3200,294860,47,270.0,360.461161546966,191.681394000625,3211.4916800001083,4514.280319473649
1776359169,0,,Aggregated,917.800000,0.000000,270,320,360,400,550,880,1300,1600,2200,2800,3200,294860,47,270.0,360.461161546966,191.681394000625,3211.4916800001083,4514.280319473649
1776359170,0,,Aggregated,917.800000,0.000000,270,320,360,400,550,880,1300,1600,2200,2800,3200,294860,47,270.0,360.461161546966,191.681394000625,3211.4916800001083,4514.280319473649
1776359171,0,,Aggregated,917.800000,0.000000,270,320,360,400,550,880,1300,1600,2200,2800,3200,294860,47,270.0,360.461161546966,191.681394000625,3211.4916800001083,4514.280319473649
1776359172,0,,Aggregated,917.800000,0.000000,270,320,360,400,550,880,1300,1600,2200,2800,3200,294860,47,270.0,360.461161546966,191.681394000625,3211.4916800001083,4514.280319473649
1776359173,0,,Aggregated,917.800000,0.000000,270,320,360,400,550,880,1300,1600,2200,2800,3200,294860,47,270.0,360.461161546966,191.681394000625,3211.4916800001083,4514.280319473649
1776359174,0,,Aggregated,917.800000,0.000000,270,320,360,400,550,880,1300,1600,2200,2800,3200,294860,47,270.0,360.461161546966,191.681394000625,3211.4916800001083,4514.280319473649
1776359175,0,,Aggregated,917.800000,0.000000,270,320,360,400,550,880,1300,1600,2200,2800,3200,294860,47,270.0,360.461161546966,191.681394000625,3211.4916800001083,4514.280319473649
1776359176,0,,Aggregated,917.800000,0.000000,270,320,360,400,550,880,1300,1600,2200,2800,3200,294860,47,270.0,360.461161546966,191.681394000625,3211.4916800001083,4514.280319473649
1776359177,0,,Aggregated,917.800000,0.000000,270,320,360,400,550,880,1300,1600,2200,2800,3200,294860,47,270.0,360.461161546966,191.681394000625,3211.4916800001083,4514.280319473649
1776359178,0,,Aggregated,917.800000,0.000000,270,320,360,400,550,880,1300,1600,2200,2800,3200,294860,47,270.0,360.461161546966,191.681394000625,3211.4916800001083,4514.280319473649
1776359179,0,,Aggregated,917.800000,0.000000,270,320,360,400,550,880,1300,1600,2200,2800,3200,294860,47,270.0,360.461161546966,191.681394000625,3211.4916800001083,4514.280319473649
1776359180,0,,Aggregated,917.800000,0.000000,270,320,360,400,550,880,1300,1600,2200,2800,3200,294860,47,270.0,360.461161546966,191.681394000625,3211.4916800001083,4514.280319473649
1776359181,0,,Aggregated,917.800000,0.000000,270,320,360,400,550,880,1300,1600,2200,2800,3200,294860,47,270.0,360.461161546966,191.681394000625,3211.4916800001083,4514.280319473649
1776359182,0,,Aggregated,917.800000,0.000000,270,320,360,400,550,880,1300,1600,2200,2800,3200,294860,47,270.0,360.461161546966,191.681394000625,3211.4916800001083,4514.280319473649
1776359183,0,,Aggregated,917.800000,0.000000,270,320,360,400,550,880,1300,1600,2200,2800,3200,294860,47,270.0,360.461161546966,191.681394000625,3211.4916800001083,4514.280319473649
1776359184,0,,Aggregated,917.800000,0.000000,270,320,360,400,550,880,1300,1600,2200,2800,3200,294860,47,270.0,360.461161546966,191.681394000625,3211.4916800001083,4514.280319473649
1776359185,0,,Aggregated,917.800000,0.000000,270,320,360,400,550,880,1300,1600,2200,2800,3200,294860,47,270.0,360.461161546966,191.681394000625,3211.4916800001083,4514.280319473649
