Timestamp,User Count,Type,Name,Requests/s,Failures/s,50%,66%,75%,80%,90%,95%,98%,99%,99.9%,99.99%,100%,Total Request Count,Total Failure Count,Total Median Response Time,Total Average Response Time,Total Min Response Time,Total Max Response Time,Total Average Content Size
1776012562,0,,Aggregated,0.000000,0.000000,N/A,N/A,N/A,N/A,N/A,N/A,N/A,N/A,N/A,N/A,N/A,0,0,0,0.0,0,0,0
1776012563,10,,Aggregated,0.000000,0.000000,420,430,430,430,440,440,440,440,440,440,440,16,0,410.0,344.63869687488113,200.14499999979307,443.5397999995985,4515.0
1776012570,20,,Aggregated,7.666667,0.000000,230,410,420,430,440,450,500,500,500,500,500,49,0,230.0,305.8577073469288,200.14499999979307,501.70384000011836,4515.0
1776012565,30,,Aggregated,3.000000,0.000000,230,240,410,420,440,450,460,460,500,500,500,105,0,230.0,284.0568112380944,200.14499999979307,501.70384000011836,4515.0
1776012566,40,,Aggregated,11.500000,0.000000,230,230,260,410,440,450,460,550,550,550,550,180,0,230.0,272.3174385555568,200.14499999979307,551.0529199991652,4515.0
1776012567,50,,Aggregated,29.000000,0.000000,230,230,240,260,430,440,460,500,550,550,550,269,0,230.0,263.8621961709977,200.14499999979307,551.0529199991652,4515.0
1776012568,50,,Aggregated,40.250000,0.000000,230,230,230,240,420,440,450,460,550,550,550,366,0,220.0,253.56993795081297,200.14499999979307,551.0529199991652,4515.0
1776012569,50,,Aggregated,49.800000,0.000000,220,230,230,240,410,430,450,460,550,550,550,461,0,220.0,248.0370727331878,200.14499999979307,551.0529199991652,4515.0
1776012569,50,,Aggregated,49.800000,0.000000,220,230,230,230,270,430,450,460,550,550,550,556,0,220.0,244.26781737410334,200.14499999979307,551.0529199991652,4515.0
1776012570,50,,Aggregated,57.166667,0.000000,220,230,230,230,250,420,450,460,550,550,550,649,0,220.0,241.52899101694564,200.14499999979307,551.0529199991652,4515.0
1776012571,50,,Aggregated,62.571429,0.000000,230,230,230,230,240,420,440,450,550,550,550,744,0,230.0,239.92156803763467,200.14499999979307,551.0529199991652,4515.0
1776012572,50,,Aggregated,67.875000,0.000000,230,230,230,230,240,410,440,450,550,550,550,842,0,230.0,238.24078919240236,200.14499999979307,551.0529199991652,4515.0
1776012573,50,,Aggregated,72.111111,0.000000,230,230,230,230,240,410,440,450,550,550,550,932,0,230.0,237.02796187768703,200.14499999979307,551.0529199991652,4515.0
1776012580,50,,Aggregated,67.600000,0.000000,230,230,230,230,240,280,440,450,550,550,550,1034,0,230.0,236.05336510638924,200.14499999979307,551.0529199991652,4515.0
1776012575,50,,Aggregated,83.000000,0.000000,230,230,230,230,240,270,430,450,550,550,550,1133,0,230.0,235.16775893204465,200.14499999979307,551.0529199991652,4515.0
1776012576,50,,Aggregated,90.900000,0.000000,230,230,230,230,240,270,430,450,550,550,550,1223,0,230.0,234.66960053966204,200.14499999979307,551.0529199991652,4515.0
1776012577,50,,Aggregated,96.400000,0.000000,230,230,230,230,240,260,430,440,550,550,550,1316,0,230.0,234.02915208207503,200.14499999979307,551.0529199991652,4515.0
1776012578,50,,Aggregated,102.300000,0.000000,230,230,230,230,240,260,430,440,550,550,550,1407,0,230.0,233.51610520967236,200.14499999979307,551.0529199991652,4515.0
1776012579,50,,Aggregated,102.400000,0.000000,230,230,230,230,240,250,420,440,550,550,550,1502,0,230.0,232.99964415446584,200.14499999979307,551.0529199991652,4515.0
1776012579,50,,Aggregated,102.400000,0.000000,230,230,230,230,240,250,420,440,550,550,550,1597,0,230.0,232.6908233625625,200.14499999979307,551.0529199991652,4515.0
1776012580,50,,Aggregated,102.500000,0.000000,230,230,230,230,240,250,420,440,550,550,550,1691,0,230.0,232.5418191306984,200.14499999979307,551.0529199991652,4515.0
1776012581,50,,Aggregated,102.700000,0.000000,230,230,230,230,240,250,420,440,550,550,550,1783,0,230.0,232.21502255188693,200.14499999979307,551.0529199991652,4515.0
1776012582,50,,Aggregated,103.400000,0.000000,230,230,230,230,240,250,420,440,550,550,550,1880,0,230.0,231.90313592554114,200.14499999979307,551.0529199991652,4515.0
1776012583,50,,Aggregated,105.000000,0.000000,230,230,230,230,240,240,420,440,550,550,550,1973,0,230.0,231.6787218550507,200.14499999979307,551.0529199991652,4515.0
1776012590,50,,Aggregated,68.100000,0.000000,230,230,230,230,240,240,420,440,500,550,550,2066,0,230.0,231.40643077928925,200.14499999979307,551.0529199991652,4515.0
1776012585,50,,Aggregated,105.600000,0.000000,230,230,230,230,240,240,420,430,500,550,550,2164,0,230.0,231.12508413124598,200.14499999979307,551.0529199991652,4515.0
1776012586,50,,Aggregated,104.900000,0.000000,230,230,230,230,240,240,410,430,500,550,550,2259,0,230.0,230.88430478530967,200.14499999979307,551.0529199991652,4515.0
1776012587,50,,Aggregated,104.000000,0.000000,230,230,230,230,240,240,410,430,500,550,550,2353,0,230.0,230.71941089673402,200.14499999979307,551.0529199991652,4515.0
1776012588,50,,Aggregated,102.600000,0.000000,230,230,230,230,240,240,410,430,500,550,550,2449,0,230.0,230.62652790119108,200.14499999979307,551.0529199991652,4515.0
1776012589,50,,Aggregated,103.500000,0.000000,230,230,230,230,240,240,410,430,500,550,550,2539,0,230.0,230.47234156755195,200.14499999979307,551.0529199991652,4515.0
1776012589,50,,Aggregated,103.500000,0.000000,230,230,230,230,240,240,410,430,500,550,550,2636,0,230.0,230.27332735584923,200.14499999979307,551.0529199991652,4515.0
1776012590,50,,Aggregated,103.000000,0.000000,230,230,230,230,240,240,410,430,500,550,550,2724,0,230.0,230.20392018723055,200.14499999979307,551.0529199991652,4515.0
1776012591,50,,Aggregated,102.800000,0.000000,230,230,230,230,240,240,300,430,500,550,550,2824,0,230.0,230.11140106941167,200.14499999979307,551.0529199991652,4515.0
1776012592,50,,Aggregated,103.300000,0.000000,230,230,230,230,240,240,280,430,500,550,550,2918,0,230.0,230.02342425977434,200.14499999979307,551.0529199991652,4515.0
1776012593,50,,Aggregated,103.500000,0.000000,230,230,230,230,240,240,280,430,460,550,550,3011,0,230.0,229.87715605779522,200.14499999979307,551.0529199991652,4515.0
1776012600,50,,Aggregated,68.300000,0.000000,230,230,230,230,240,240,280,430,460,550,550,3102,0,230.0,229.82149702128268,200.14499999979307,551.0529199991652,4515.0
1776012595,50,,Aggregated,103.000000,0.000000,230,230,230,230,240,240,280,420,460,550,550,3202,0,230.0,229.73074545284757,200.14499999979307,551.0529199991652,4515.0
1776012596,50,,Aggregated,103.400000,0.000000,230,230,230,230,240,240,280,420,460,550,550,3299,0,230.0,229.67208420127847,200.14499999979307,551.0529199991652,4515.0
1776012597,50,,Aggregated,104.200000,0.000000,230,230,230,230,240,240,280,420,460,550,550,3401,0,230.0,229.56830462217266,200.14499999979307,551.0529199991652,4515.0
1776012598,50,,Aggregated,103.800000,0.000000,230,230,230,230,240,240,280,420,460,550,550,3494,0,230.0,229.47709184029947,200.14499999979307,551.0529199991652,4515.0
1776012599,50,,Aggregated,104.200000,0.000000,230,230,230,230,240,240,270,420,460,550,550,3588,0,230.0,229.3932672798238,200.14499999979307,551.0529199991652,4515.0
1776012599,50,,Aggregated,104.200000,0.000000,230,230,230,230,240,240,270,420,460,550,550,3680,0,230.0,229.39851544021838,200.14499999979307,551.0529199991652,4515.0
1776012600,50,,Aggregated,105.000000,0.000000,230,230,230,230,240,240,280,420,460,550,550,3775,0,230.0,229.56678185165802,200.14499999979307,551.0529199991652,4515.0
1776012601,50,,Aggregated,105.000000,0.000000,230,230,230,230,240,240,280,420,460,550,550,3875,0,230.0,229.79499666838953,200.14499999979307,551.0529199991652,4515.0
1776012602,50,,Aggregated,105.000000,0.000000,230,230,230,230,240,240,290,420,460,550,550,3962,0,230.0,229.96966664815935,200.14499999979307,551.0529199991652,4515.0
1776012603,50,,Aggregated,104.400000,0.000000,230,230,230,230,240,250,320,420,460,550,550,4053,0,230.0,230.68958151986317,200.14499999979307,551.0529199991652,4515.0
1776012610,50,,Aggregated,67.400000,0.000000,230,230,230,230,240,250,320,420,460,550,550,4147,0,230.0,230.93188530504077,200.14499999979307,551.0529199991652,4515.0
1776012605,50,,Aggregated,104.500000,0.000000,230,230,230,230,240,250,320,420,460,550,550,4239,0,230.0,231.21816350082597,200.14499999979307,551.0529199991652,4515.0
1776012606,50,,Aggregated,103.600000,0.000000,230,230,230,230,240,250,320,420,460,550,550,4326,0,230.0,231.42006401294586,200.14499999979307,551.0529199991652,4515.0
1776012607,50,,Aggregated,102.600000,0.000000,230,230,230,230,240,260,320,420,460,550,550,4418,0,230.0,231.56174228836704,200.14499999979307,551.0529199991652,4515.0
1776012608,50,,Aggregated,101.700000,0.000000,230,230,230,230,240,260,320,420,460,690,690,4519,0,230.0,231.92280879176923,200.14499999979307,686.2059599998247,4515.0
1776012609,50,,Aggregated,101.500000,0.000000,230,230,230,230,240,260,330,420,460,690,690,4607,0,230.0,232.38643574994714,200.14499999979307,686.2059599998247,4515.0
1776012609,50,,Aggregated,101.500000,0.000000,230,230,230,230,240,260,330,420,460,690,690,4699,0,230.0,232.5705140561829,200.14499999979307,686.2059599998247,4515.0
1776012610,50,,Aggregated,101.000000,0.000000,230,230,230,230,240,270,330,420,460,690,690,4794,0,230.0,232.95194729244886,200.14499999979307,686.2059599998247,4515.0
1776012611,50,,Aggregated,100.900000,0.000000,230,230,230,230,240,270,330,420,460,690,690,4883,0,230.0,232.89883579152095,200.14499999979307,686.2059599998247,4515.0
1776012612,50,,Aggregated,100.600000,0.000000,230,230,230,230,240,270,330,420,460,690,690,4983,0,230.0,232.82282459161362,200.14499999979307,686.2059599998247,4515.0
1776012613,50,,Aggregated,99.900000,0.000000,230,230,230,230,240,270,330,420,460,690,690,5073,0,230.0,232.83080771338632,200.14499999979307,686.2059599998247,4515.0
1776012621,50,,Aggregated,59.400000,0.000000,230,230,230,230,240,270,330,420,460,690,690,5174,0,230.0,232.75177912640424,200.14499999979307,686.2059599998247,4515.0
1776012615,50,,Aggregated,100.700000,0.000000,230,230,230,230,240,270,330,420,460,690,690,5270,0,230.0,232.69826720683324,200.14499999979307,686.2059599998247,4515.0
1776012616,50,,Aggregated,101.100000,0.000000,230,230,230,230,240,260,330,420,460,690,690,5367,0,230.0,232.6100604490419,200.14499999979307,686.2059599998247,4515.0
1776012617,50,,Aggregated,102.300000,0.000000,230,230,230,230,240,260,320,420,460,690,690,5460,0,230.0,232.53267063553264,200.14499999979307,686.2059599998247,4515.0
1776012618,80,,Aggregated,102.600000,0.000000,230,230,230,230,240,270,350,430,520,690,690,5599,0,230.0,233.63020917485403,200.14499999979307,686.2059599998247,4515.0
1776012619,110,,Aggregated,103.800000,0.000000,230,230,230,230,240,280,420,440,520,690,690,5797,0,230.0,234.60746434535383,200.14499999979307,686.2059599998247,4515.0
1776012619,140,,Aggregated,103.800000,0.000000,230,230,230,240,250,280,420,440,530,690,690,6051,0,230.0,235.77410585523438,200.14499999979307,686.2059599998247,4515.0
1776012620,170,,Aggregated,107.400000,0.000000,230,230,230,240,250,290,430,440,540,690,690,6344,0,230.0,236.52788531210928,199.62876999943546,686.2059599998247,4515.0
1776012621,230,,Aggregated,115.400000,0.000000,230,230,230,240,260,320,440,490,1400,1700,1700,6705,0,230.0,242.0925374959011,199.62876999943546,1700.3072899997278,4515.0
1776012622,260,,Aggregated,133.800000,0.000000,230,230,240,240,280,410,470,530,930,1700,1700,7108,11,230.0,246.98807536719622,199.62876999943546,1700.3072899997278,4508.012802476083
1776012623,290,,Aggregated,155.700000,0.000000,230,230,240,240,310,430,510,550,940,1700,1700,7562,19,230.0,252.94958833245704,199.62876999943546,1700.3072899997278,4503.655778894472
1776012631,320,,Aggregated,217.400000,2.600000,230,230,240,260,360,440,520,580,1100,1700,1700,8039,28,230.0,260.4042131882128,199.62876999943546,1700.3072899997278,4499.274163453166
1776012625,380,,Aggregated,214.500000,1.100000,230,240,250,280,400,460,540,690,1100,1700,1700,8555,49,230.0,267.4353260631256,199.62876999943546,1700.3072899997278,4489.139684395091
1776012626,410,,Aggregated,251.100000,1.900000,230,240,270,320,440,500,560,750,1200,1700,1700,9074,63,230.0,279.0275631419497,199.62876999943546,1700.3072899997278,4483.652744104033
1776012627,428,,Aggregated,297.000000,4.300000,230,250,310,370,450,520,670,810,1400,1700,1700,9610,65,230.0,291.15776832050466,199.62876999943546,1700.3072899997278,4484.4614984391255
1776012628,439,,Aggregated,340.700000,5.800000,230,270,340,400,480,540,720,850,1400,1700,1700,10156,69,230.0,301.64026121800117,199.62876999943546,1700.3072899997278,4484.325029539189
1776012629,450,,Aggregated,385.700000,6.300000,230,290,380,420,500,580,770,870,1500,1800,1800,10686,73,230.0,313.9815967172013,199.62876999943546,1829.9195199997484,4484.156372824256
1776012629,460,,Aggregated,385.700000,6.300000,240,310,400,430,510,620,800,880,1500,1800,2000,11282,73,240.0,321.87483603793856,199.62876999943546,1957.7416100000846,4485.785764935295
1776012630,470,,Aggregated,428.900000,6.600000,240,340,410,440,530,650,820,880,1600,1800,2000,11847,73,240.0,331.97617190343595,199.62876999943546,1957.7416100000846,4487.179032666498
1776012631,479,,Aggregated,462.800000,7.100000,240,360,430,460,550,670,810,880,1600,1800,2000,12390,73,240.0,340.4670913454381,199.62876999943546,1957.7416100000846,4488.3983050847455
1776012632,488,,Aggregated,499.500000,7.100000,250,390,450,480,590,710,820,880,1600,1800,2000,12954,73,250.0,352.1950472209335,199.62876999943546,1957.7416100000846,4489.556507642427
1776012633,497,,Aggregated,535.200000,7.300000,260,400,460,490,610,720,820,880,1600,1800,2000,13598,73,260.0,358.95370800926315,199.62876999943546,1957.7416100000846,4490.761509045448
1776012634,504,,Aggregated,555.400000,7.300000,270,410,470,500,620,730,820,880,1600,1800,2000,14226,73,270.0,364.7808608125926,199.62876999943546,1957.7416100000846,4491.8315056938
1776012635,512,,Aggregated,572.500000,6.200000,290,420,480,520,630,740,840,890,1600,1800,2000,14805,73,290.0,371.7197599223191,199.62876999943546,1957.7416100000846,4492.737588652482
1776012636,518,,Aggregated,592.200000,5.400000,300,430,490,530,650,760,870,960,1600,1800,2000,15276,73,300.0,381.60274073775525,199.62876999943546,1957.7416100000846,4493.423998428908
1776012637,524,,Aggregated,605.400000,3.000000,310,430,500,540,680,810,960,1000,1600,2000,2000,15840,73,310.0,391.61285648610743,199.62876999943546,2024.2032799997105,4494.192234848485
1776012638,530,,Aggregated,612.300000,1.500000,310,430,500,550,700,840,1000,1100,1600,2300,2300,16350,73,310.0,398.1199691535134,199.62876999943546,2341.919689999486,4494.841284403669
1776012639,535,,Aggregated,617.900000,1.000000,320,440,510,550,720,880,1100,1300,1800,2300,2300,16798,73,320.0,407.646393933798,199.62876999943546,2341.919689999486,4495.3789141564475
1776012639,539,,Aggregated,617.900000,1.000000,330,440,510,560,740,940,1300,1600,2000,2700,3400,17239,75,330.0,422.45018089099875,199.62876999943546,3368.288659999962,4495.357039271419
1776012640,542,,Aggregated,617.000000,0.700000,340,450,520,570,760,1000,1500,1600,2100,3200,3400,17708,75,340.0,433.8242420465283,199.62876999943546,3368.288659999962,4495.877287101875
1776012641,545,,Aggregated,611.500000,0.200000,350,460,530,580,780,1100,1600,1700,2300,3400,3400,18146,78,350.0,445.3017178347798,199.62876999943546,3368.288659999962,4495.592417061612
1776012642,547,,Aggregated,598.100000,0.300000,360,460,540,590,820,1100,1600,1800,2300,3400,3400,18620,79,360.0,457.41926535069365,199.62876999943546,3368.288659999962,4495.8439849624065
1776012643,549,,Aggregated,589.400000,0.100000,370,470,540,600,850,1200,1600,1800,2300,4400,4400,19105,83,370.0,467.9535348076386,199.62876999943546,4420.326899999964,4495.384977754515
1776012644,549,,Aggregated,583.100000,0.400000,370,480,550,620,900,1300,1700,1800,2300,4400,4400,19579,84,370.0,478.41474375810566,199.62876999943546,4420.326899999964,4495.629245620307
1776012645,549,,Aggregated,571.300000,0.500000,380,490,560,630,950,1300,1700,1900,2300,4000,4400,20066,84,380.0,487.27209968354356,199.62876999943546,4420.326899999964,4496.099372072162
1776012646,549,,Aggregated,554.900000,0.900000,390,490,570,640,990,1300,1700,1900,2300,4000,4400,20569,84,390.0,495.46484365695903,199.62876999943546,4420.326899999964,4496.561573241285
1776012647,548,,Aggregated,537.200000,1.000000,400,500,580,650,1000,1400,1700,1900,2300,4000,4400,21013,84,400.0,503.52321651644195,199.62876999943546,4420.326899999964,4496.951173083329
1776012648,546,,Aggregated,533.000000,1.100000,400,510,610,690,1000,1400,1700,1900,2300,4000,4400,21530,84,400.0,512.4389303669294,199.62876999943546,4420.326899999964,4497.384579656294
1776012649,543,,Aggregated,523.100000,1.100000,410,520,620,700,1000,1400,1700,1900,2300,4000,4400,22073,84,410.0,517.8039713269608,199.62876999943546,4420.326899999964,4497.81792234857
1776012649,539,,Aggregated,523.100000,1.100000,420,530,620,700,1000,1400,1700,1900,2300,4000,4400,22699,84,420.0,521.116216432883,199.62876999943546,4420.326899999964,4498.29177496806
1776012650,535,,Aggregated,513.500000,1.100000,420,530,630,700,1000,1400,1700,1800,2300,4000,4400,23324,84,420.0,521.5342863436811,199.62876999943546,4420.326899999964,4498.73949579832
1776012651,531,,Aggregated,519.100000,1.100000,420,540,630,700,1000,1300,1700,1800,2300,4000,4400,23940,84,420.0,523.0224404970774,199.62876999943546,4420.326899999964,4499.1578947368425
1776012652,525,,Aggregated,542.500000,1.000000,430,540,630,700,1000,1300,1600,1800,2300,4000,4400,24539,84,430.0,524.3180288573299,199.62876999943546,4420.326899999964,4499.544602469538
1776012653,519,,Aggregated,553.100000,1.000000,430,540,630,700,1000,1300,1600,1800,2300,4000,4400,25211,84,430.0,524.6435643278727,199.62876999943546,4420.326899999964,4499.956566578081
1776012654,513,,Aggregated,571.000000,0.700000,430,540,620,690,1000,1300,1600,1800,2300,4000,4400,25865,84,430.0,522.9917677053933,199.62876999943546,4420.326899999964,4500.336941813262
1776012655,506,,Aggregated,585.800000,0.600000,440,550,620,690,990,1300,1600,1800,2300,4000,4400,26459,84,440.0,522.8620223141459,199.62876999943546,4420.326899999964,4500.666124948033
1776012656,498,,Aggregated,603.800000,0.200000,440,550,630,690,980,1300,1600,1800,2300,4000,4400,27024,84,440.0,524.4414861278859,199.62876999943546,4420.326899999964,4500.965808170515
1776012657,490,,Aggregated,628.700000,0.100000,440,550,630,690,970,1300,1600,1800,2300,4000,4400,27640,84,440.0,524.4667039330673,199.62876999943546,4420.326899999964,4501.278581765557
1776012658,481,,Aggregated,632.500000,0.000000,440,550,630,690,960,1200,1600,1800,2300,4000,4400,28205,84,440.0,524.4835372653779,199.62876999943546,4420.326899999964,4501.553447970218
1776012659,472,,Aggregated,649.400000,0.000000,440,550,630,690,970,1200,1600,1800,2300,4000,4400,28799,84,440.0,524.5191909844082,199.62876999943546,4420.326899999964,4501.830792735859
1776012659,462,,Aggregated,649.400000,0.000000,440,550,630,690,960,1200,1600,1800,2200,4000,4400,29383,84,440.0,524.4159836538129,199.62876999943546,4420.326899999964,4502.092536500698
1776012660,452,,Aggregated,662.300000,0.000000,450,550,630,690,950,1200,1600,1800,2200,4000,4400,29856,84,450.0,525.270473702104,199.62876999943546,4420.326899999964,4502.297025723473
1776012661,441,,Aggregated,669.000000,0.000000,450,560,630,690,940,1200,1600,1800,2200,3800,4400,30362,84,450.0,526.1367729451297,199.62876999943546,4420.326899999964,4502.508728015282
1776012662,430,,Aggregated,661.900000,0.000000,460,560,640,700,940,1200,1600,1800,2200,3800,4400,30762,84,460.0,527.7790626649781,199.62876999943546,4420.326899999964,4502.671152720889
1776012663,419,,Aggregated,649.200000,0.000000,460,560,640,700,950,1200,1600,1800,2200,3800,4400,31197,84,460.0,530.7652723101596,199.62876999943546,4420.326899999964,4502.843061832868
1776012664,407,,Aggregated,638.400000,0.000000,460,560,640,710,960,1200,1600,1800,2200,3800,4400,31690,84,460.0,531.5202998879789,199.62876999943546,4420.326899999964,4503.032186809719
1776012665,395,,Aggregated,617.200000,0.000000,460,560,640,710,960,1200,1600,1800,2200,3800,4400,32148,84,460.0,531.7568214800316,199.62876999943546,4420.326899999964,4503.2026875699885
1776012666,383,,Aggregated,593.200000,0.000000,460,570,640,710,960,1200,1600,1800,2200,3800,4400,32670,84,460.0,531.5423198383847,199.62876999943546,4420.326899999964,4503.391184573003
1776012667,370,,Aggregated,571.200000,0.000000,460,560,640,710,950,1200,1600,1800,2200,3800,4400,33165,84,460.0,529.8752100829186,199.62876999943546,4420.326899999964,4503.564450474898
1776012668,358,,Aggregated,565.500000,0.000000,450,560,640,700,950,1200,1600,1800,2200,3800,4400,33682,84,450.0,528.1522025865439,199.62876999943546,4420.326899999964,4503.7399798111755
1776012669,345,,Aggregated,558.200000,0.000000,450,560,640,700,940,1200,1600,1800,2200,3800,4400,34212,84,450.0,525.7218555749448,199.62876999943546,4420.326899999964,4503.914415994388
1776012670,332,,Aggregated,551.000000,0.000000,450,560,630,700,940,1200,1600,1800,2200,3800,4400,34742,84,450.0,522.735023152958,199.62876999943546,4420.326899999964,4504.0835300213
1776012671,319,,Aggregated,544.700000,0.000000,440,550,630,690,930,1200,1500,1800,2200,3800,4400,35278,84,440.0,519.5077063974735,199.62876999943546,4420.326899999964,4504.24939055502
1776012672,306,,Aggregated,540.500000,0.000000,440,550,630,690,920,1200,1500,1800,2200,3800,4400,35757,84,440.0,516.9979429381676,199.62876999943546,4420.326899999964,4504.393405487038
1776012673,292,,Aggregated,542.900000,0.000000,440,550,620,680,920,1200,1500,1800,2200,3800,4400,36228,84,440.0,514.3838083079407,199.62876999943546,4420.326899999964,4504.531301755548
1776012674,279,,Aggregated,540.000000,0.000000,430,540,620,680,910,1200,1500,1800,2200,3800,4400,36683,84,430.0,512.2031731723156,199.62876999943546,4420.326899999964,4504.6611509418535
1776012674,266,,Aggregated,540.000000,0.000000,430,540,620,680,910,1100,1500,1700,2200,3800,4400,37143,84,430.0,509.2930647077535,199.62876999943546,4420.326899999964,4504.789193118488
1776012675,253,,Aggregated,547.300000,0.000000,430,540,620,670,900,1100,1500,1700,2200,3800,4400,37602,84,430.0,506.4986809512809,199.62876999943546,4420.326899999964,4504.913834370513
1776012676,240,,Aggregated,550.000000,0.000000,420,540,610,670,900,1100,1500,1700,2200,3800,4400,38008,84,420.0,503.9937310952974,199.62876999943546,4420.326899999964,4505.0215744053885
1776012677,228,,Aggregated,549.000000,0.000000,420,530,610,670,890,1100,1500,1700,2200,3800,4400,38425,84,420.0,501.42534049993736,199.62876999943546,4420.326899999964,4505.129863370202
1776012678,215,,Aggregated,543.900000,0.000000,420,530,610,660,890,1100,1500,1700,2200,3800,4400,38827,84,420.0,498.7979443889583,199.62876999943546,4420.326899999964,4505.232055013264
1776012679,203,,Aggregated,531.100000,0.000000,410,530,610,660,890,1100,1500,1700,2200,3800,4400,39204,84,410.0,496.318517418633,199.62876999943546,4420.326899999964,4505.325987144169
1776012680,191,,Aggregated,522.000000,0.000000,410,530,600,660,880,1100,1500,1700,2200,3800,4400,39562,84,410.0,493.95373919569596,199.62876999943546,4420.326899999964,4505.413528133057
1776012681,179,,Aggregated,508.100000,0.000000,410,520,600,650,880,1100,1500,1700,2200,3800,4400,39891,84,410.0,491.83028407886735,199.62876999943546,4420.326899999964,4505.492592314055
1776012682,168,,Aggregated,486.600000,0.000000,400,520,600,650,880,1100,1500,1700,2200,3400,4400,40204,84,400.0,489.86160770545456,199.62876999943546,4420.326899999964,4505.566610287534
1776012683,157,,Aggregated,464.500000,0.000000,400,520,600,650,880,1100,1500,1700,2200,3400,4400,40501,84,400.0,487.9841049840767,199.62876999943546,4420.326899999964,4505.635786770697
1776012684,146,,Aggregated,448.500000,0.000000,400,520,600,650,870,1100,1500,1700,2200,3400,4400,40781,84,400.0,486.20887895098457,199.62876999943546,4420.326899999964,4505.700080920036
1776012684,136,,Aggregated,448.500000,0.000000,400,520,600,650,870,1100,1500,1700,2200,3400,4400,41045,84,400.0,484.55022840979666,199.62876999943546,4420.326899999964,4505.759897673285
1776012685,127,,Aggregated,431.400000,0.000000,390,520,590,650,870,1100,1500,1700,2200,3400,4400,41277,84,390.0,483.1138329059799,199.62876999943546,4420.326899999964,4505.811832255251
1776012686,117,,Aggregated,413.900000,0.000000,390,510,590,650,870,1100,1500,1700,2200,3400,4400,41498,84,390.0,481.7597956070206,199.62876999943546,4420.326899999964,4505.860764374187
1776012687,109,,Aggregated,388.400000,0.000000,390,510,590,640,870,1100,1500,1700,2200,3400,4400,41709,84,390.0,480.46909473255533,199.62876999943546,4420.326899999964,4505.906998489535
1776012688,100,,Aggregated,364.500000,0.000000,390,510,590,640,870,1100,1500,1700,2200,3400,4400,41900,84,390.0,479.32382720573077,199.62876999943546,4420.326899999964,4505.948448687351
1776012689,93,,Aggregated,344.800000,0.000000,390,510,590,640,860,1100,1500,1700,2200,3400,4400,42079,84,390.0,478.24772063737515,199.62876999943546,4420.326899999964,4505.986953112004
1776012690,86,,Aggregated,322.100000,0.000000,380,510,590,640,860,1100,1500,1700,2200,3400,4400,42238,84,380.0,477.2965639982979,199.62876999943546,4420.326899999964,4506.0208816705335
1776012691,79,,Aggregated,302.500000,0.000000,380,510,590,640,860,1100,1500,1700,2200,3400,4400,42392,84,380.0,476.3867366399339,199.62876999943546,4420.326899999964,4506.053500660502
1776012692,73,,Aggregated,278.900000,0.000000,380,510,590,640,860,1100,1500,1700,2200,3400,4400,42526,84,380.0,475.60296177703214,199.62876999943546,4420.326899999964,4506.081691200678
1776012693,68,,Aggregated,258.500000,0.000000,380,510,580,640,860,1100,1500,1700,2200,3400,4400,42648,84,380.0,474.88814945062046,199.62876999943546,4420.326899999964,4506.107203151379
1776012694,63,,Aggregated,237.500000,0.000000,380,510,580,640,860,1100,1500,1700,2200,3400,4400,42766,84,380.0,474.2252982462718,199.62876999943546,4420.326899999964,4506.131740167422
1776012694,59,,Aggregated,237.500000,0.000000,380,510,580,640,860,1100,1500,1700,2200,3400,4400,42875,86,380.0,473.59038890589085,40.93133000060334,4420.326899999964,4505.943673469388
1776012695,56,,Aggregated,220.900000,0.000000,380,510,580,640,860,1100,1500,1700,2200,3400,4400,42979,86,380.0,473.0350064001038,40.93133000060334,4420.326899999964,4505.965587845227
1776012696,53,,Aggregated,204.500000,0.000000,380,500,580,640,860,1100,1500,1700,2200,3400,4400,43082,86,380.0,472.4540088312996,40.93133000060334,4420.326899999964,4505.987187224363
1776012697,51,,Aggregated,188.300000,0.200000,380,500,580,640,860,1100,1500,1700,2200,3400,4400,43176,86,380.0,471.919184083057,40.93133000060334,4420.326899999964,4506.006809338522
1776012698,50,,Aggregated,174.000000,0.200000,370,500,580,640,860,1100,1500,1700,2200,3400,4400,43267,86,370.0,471.41090716550895,40.93133000060334,4420.326899999964,4506.0257239928815
1776012705,50,,Aggregated,158.500000,0.200000,370,500,580,640,860,1100,1500,1700,2200,3400,4400,43362,86,370.0,470.8814415119247,40.93133000060334,4420.326899999964,4506.045385360454
1776012700,50,,Aggregated,148.400000,0.200000,370,500,580,640,850,1100,1500,1700,2200,3400,4400,43454,86,370.0,470.3594152614282,40.93133000060334,4420.326899999964,4506.064343903899
1776012701,50,,Aggregated,139.100000,0.200000,370,500,580,640,850,1100,1500,1700,2200,3400,4400,43551,86,370.0,469.822043735852,40.93133000060334,4420.326899999964,4506.084246056348
1776012702,52,,Aggregated,130.300000,0.200000,370,500,580,630,850,1100,1500,1700,2200,3400,4400,43653,86,370.0,469.2632352140769,40.93133000060334,4420.326899999964,4506.10507868875
1776012703,54,,Aggregated,122.700000,0.200000,370,500,580,630,850,1100,1500,1700,2200,3400,4400,43754,86,370.0,468.7135841310532,40.93133000060334,4420.326899999964,4506.125611372675
1776012704,57,,Aggregated,116.100000,0.200000,370,500,580,630,850,1100,1500,1700,2200,3400,4400,43861,86,370.0,468.15561919564317,40.93133000060334,4420.326899999964,4506.147260664372
1776012704,60,,Aggregated,116.100000,0.200000,370,500,580,630,850,1100,1500,1700,2200,3400,4400,43978,86,370.0,467.5240308554303,40.93133000060334,4420.326899999964,4506.170812679067
1776012705,65,,Aggregated,113.300000,0.200000,370,500,580,630,850,1100,1500,1700,2200,3400,4400,44100,86,370.0,466.8886434142887,40.93133000060334,4420.326899999964,4506.195238095238
1776012706,70,,Aggregated,111.800000,0.200000,370,500,570,630,850,1100,1500,1700,2200,3400,4400,44235,86,370.0,466.18401363852496,40.93133000060334,4420.326899999964,4506.222109189555
1776012707,75,,Aggregated,111.700000,0.000000,370,500,570,630,850,1100,1500,1700,2200,3400,4400,44362,86,370.0,465.51628688382306,40.93133000060334,4420.326899999964,4506.247238627654
1776012708,81,,Aggregated,113.000000,0.000000,360,500,570,630,850,1100,1500,1700,2200,3400,4400,44516,86,360.0,464.71356562831727,40.93133000060334,4420.326899999964,4506.277518195705
1776012715,88,,Aggregated,97.000000,0.000000,360,490,570,630,850,1100,1500,1700,2200,3400,4400,44687,86,360.0,463.83410394052333,40.93133000060334,4420.326899999964,4506.310895786247
1776012710,95,,Aggregated,119.100000,0.000000,360,490,570,630,850,1100,1500,1700,2200,3400,4400,44850,103,360.0,463.057936431665,1.6951000006883987,4420.326899999964,4504.631103678929
1776012711,103,,Aggregated,125.600000,0.000000,360,490,570,630,840,1100,1500,1700,2200,3400,4400,45039,103,360.0,462.1463094029656,1.6951000006883987,4420.326899999964,4504.674615333378
1776012712,111,,Aggregated,133.200000,0.400000,360,490,570,630,840,1100,1500,1700,2200,3400,4400,45250,103,360.0,461.0985466039819,1.6951000006883987,4420.326899999964,4504.722762430939
1776012713,120,,Aggregated,142.600000,0.400000,360,490,570,630,840,1100,1500,1700,2200,3400,4400,45485,103,360.0,459.9247389673556,1.6951000006883987,4420.326899999964,4504.775860173683
1776012714,130,,Aggregated,153.900000,0.400000,350,490,570,620,840,1100,1500,1700,2200,3400,4400,45725,103,350.0,458.7391651866635,1.6951000006883987,4420.326899999964,4504.8295243302355
1776012714,139,,Aggregated,153.900000,0.400000,350,490,560,620,840,1100,1500,1700,2200,3400,4400,45982,103,350.0,457.49273115393356,1.6951000006883987,4420.326899999964,4504.886368579009
1776012715,150,,Aggregated,165.500000,0.400000,350,480,560,620,840,1100,1500,1700,2200,3400,4400,46273,103,350.0,456.09930497806914,1.6951000006883987,4420.326899999964,4504.94997082532
1776012716,161,,Aggregated,179.400000,0.400000,350,480,560,620,840,1100,1500,1700,2200,3400,4400,46569,103,350.0,454.70615042840086,1.6951000006883987,4420.326899999964,4505.013850415512
1776012717,172,,Aggregated,195.700000,0.400000,340,480,560,620,830,1100,1500,1700,2200,3400,4400,46891,103,340.0,453.22716158303706,1.6951000006883987,4420.326899999964,4505.082425198865
1776012718,183,,Aggregated,212.300000,0.400000,340,480,560,620,830,1100,1500,1700,2200,3400,4400,47249,103,340.0,451.6086716518915,1.6951000006883987,4420.326899999964,4505.15756947237
1776012726,195,,Aggregated,196.100000,1.300000,340,480,560,610,830,1100,1500,1700,2200,3400,4400,47609,103,340.0,450.0337049457082,1.6951000006883987,4420.326899999964,4505.231993950723
1776012720,207,,Aggregated,251.200000,1.700000,340,470,550,610,830,1100,1500,1700,2200,3400,4400,47983,103,340.0,448.41406244962195,1.6951000006883987,4420.326899999964,4505.308129962695
1776012721,220,,Aggregated,269.800000,1.700000,330,470,550,610,820,1100,1500,1700,2200,3400,4400,48377,103,330.0,446.79183256692613,1.6951000006883987,4420.326899999964,4505.387064100709
1776012722,232,,Aggregated,296.600000,1.300000,330,470,550,610,820,1100,1500,1600,2200,3400,4400,48790,103,330.0,445.1106665072794,1.6951000006883987,4420.326899999964,4505.46843615495
1776012723,245,,Aggregated,318.000000,1.300000,330,470,550,610,820,1100,1500,1600,2200,3400,4400,49201,103,330.0,444.0849980386615,1.6951000006883987,4420.326899999964,4505.548057966302
1776012724,258,,Aggregated,342.700000,1.300000,330,460,550,600,810,1100,1500,1600,2200,3400,4400,49632,103,330.0,442.8393053789933,1.6951000006883987,4420.326899999964,4505.6301378143135
1776012724,271,,Aggregated,342.700000,1.300000,330,460,540,600,810,1000,1400,1600,2200,3400,4400,50062,103,330.0,441.814129459275,1.6951000006883987,4420.326899999964,4505.710618832648
1776012725,284,,Aggregated,359.800000,1.300000,330,460,540,600,810,1000,1400,1600,2200,3400,4400,50470,103,330.0,441.0422633364418,1.6951000006883987,4420.326899999964,4505.785714285715
1776012726,297,,Aggregated,379.300000,1.300000,330,460,540,600,810,1000,1400,1600,2200,3400,4400,50915,103,330.0,440.5663464364174,1.6951000006883987,4420.326899999964,4505.866247667682
1776012727,310,,Aggregated,402.200000,1.300000,330,460,540,600,800,1000,1400,1600,2200,3400,4400,51343,103,330.0,440.0700794439396,1.6951000006883987,4420.326899999964,4505.942387472489
1776012728,323,,Aggregated,413.900000,1.300000,330,460,540,600,800,1000,1400,1600,2200,3400,4400,51715,103,330.0,440.2535904882574,1.6951000006883987,4420.326899999964,4506.007541332302
1776012736,337,,Aggregated,268.100000,0.200000,330,460,540,600,810,1000,1400,1600,2200,3400,4400,52152,106,330.0,441.0273799202374,1.6951000006883987,4420.326899999964,4505.823170731707
1776012730,349,,Aggregated,440.500000,0.000000,330,460,550,600,810,1000,1400,1600,2200,3400,4400,52619,112,330.0,441.64669148121806,1.6951000006883987,4420.326899999964,4505.389783158174
1776012731,362,,Aggregated,445.000000,0.000000,330,460,550,600,810,1000,1400,1600,2200,3400,4400,53117,120,330.0,441.47900987593846,1.6951000006883987,4420.326899999964,4504.7998757459945
1776012732,375,,Aggregated,448.900000,0.700000,330,460,550,600,800,1000,1400,1600,2200,3400,4400,53647,134,330.0,441.19451639737963,1.6951000006883987,4420.326899999964,4503.722388949988
1776012733,387,,Aggregated,460.600000,1.400000,330,460,550,600,800,1000,1400,1600,2200,3400,4400,54162,154,330.0,441.1137544132455,1.6951000006883987,4420.326899999964,4502.162401683838
1776012734,400,,Aggregated,475.400000,2.400000,330,470,550,600,800,1000,1400,1600,2200,3400,4400,54672,170,330.0,441.0530494520085,1.6951000006883987,4420.326899999964,4500.960820895522
1776012734,411,,Aggregated,475.400000,2.400000,330,470,550,600,800,1000,1400,1600,2200,3400,4400,55191,193,330.0,441.5728336457068,1.6951000006883987,4420.326899999964,4499.211284448551
1776012735,423,,Aggregated,486.200000,4.500000,330,470,550,610,800,1000,1400,1600,2200,3400,4400,55724,218,330.0,442.0163151406965,1.6951000006883987,4420.326899999964,4497.336695140334
1776012736,434,,Aggregated,496.300000,6.200000,330,470,550,610,800,1000,1400,1600,2200,3400,4400,56247,245,330.0,442.54639944584,1.6951000006883987,4420.326899999964,4495.333617792949
1776012737,445,,Aggregated,504.400000,8.500000,330,470,550,610,800,1000,1400,1600,2200,3400,4400,56765,269,330.0,443.46197505135495,1.6951000006883987,4420.326899999964,4493.604157491412
1776012738,456,,Aggregated,516.900000,11.200000,330,480,560,610,800,1000,1400,1600,2200,3400,4400,57276,289,330.0,444.3482245079994,1.6951000006883987,4420.326899999964,4492.218468468468
1776012746,466,,Aggregated,335.800000,14.200000,330,480,560,620,810,1000,1400,1600,2200,3500,4400,57812,311,330.0,446.0805058453288,1.6951000006883987,4420.326899999964,4490.711530478102
1776012740,475,,Aggregated,538.100000,16.400000,330,480,560,620,810,1000,1400,1600,2200,3500,4400,58431,329,330.0,447.0076016368051,1.6951000006883987,4420.326899999964,4489.577963752118
1776012741,484,,Aggregated,550.000000,18.200000,340,480,560,620,810,1000,1400,1600,2200,3500,4400,59074,338,330.0,447.05771363104105,1.6951000006883987,4420.326899999964,4489.166807732674
1776012742,493,,Aggregated,569.100000,20.200000,340,480,560,620,810,1000,1400,1600,2200,3500,4400,59690,347,340.0,447.4360346364565,1.6951000006883987,4420.326899999964,4488.752638632936
1776012743,501,,Aggregated,579.300000,20.700000,340,480,560,620,800,1000,1400,1600,2200,3400,4400,60355,350,340.0,448.1241511569892,1.6951000006883987,4420.326899999964,4488.817413635987
1776012744,509,,Aggregated,596.000000,21.000000,340,480,560,620,800,1000,1400,1600,2200,3400,4400,61004,353,340.0,448.136907175924,1.6951000006883987,4420.326899999964,4488.873926299915
1776012744,515,,Aggregated,596.000000,21.000000,340,490,570,620,800,1000,1400,1600,2200,3400,4400,61708,355,340.0,448.1210610902974,1.6951000006883987,4420.326899999964,4489.025653075776
1776012745,522,,Aggregated,607.200000,19.500000,340,490,570,620,790,1000,1400,1600,2200,3400,4400,62399,356,340.0,448.1214816086812,1.6951000006883987,4420.326899999964,4489.240933348291
1776012746,528,,Aggregated,619.400000,18.100000,340,490,570,620,790,1000,1400,1600,2200,3400,4400,63112,356,340.0,448.2391274014463,1.6951000006883987,4420.326899999964,4489.531943212068
1776012747,533,,Aggregated,643.000000,16.100000,340,490,570,620,790,1000,1400,1600,2200,3400,4400,63849,356,340.0,447.9371766665106,1.6951000006883987,4420.326899999964,4489.825917398863
1776012748,537,,Aggregated,657.700000,13.500000,340,490,570,620,780,1000,1400,1600,2200,3400,4400,64585,356,340.0,447.69613565069443,1.6951000006883987,4420.326899999964,4490.1127970891075
1776012756,541,,Aggregated,460.100000,1.000000,340,490,570,620,780,1000,1400,1600,2200,3400,4400,65285,356,340.0,447.5847654743062,1.6951000006883987,4420.326899999964,4490.379643103316
1776012750,544,,Aggregated,704.200000,8.900000,350,490,570,620,780,1000,1400,1600,2200,3400,4400,65957,356,350.0,448.0470990369497,1.6951000006883987,4420.326899999964,4490.630486529102
1776012751,546,,Aggregated,727.200000,7.100000,350,490,570,620,780,1000,1400,1600,2200,3400,4400,66669,356,350.0,448.8398659426435,1.6951000006883987,4420.326899999964,4490.890743823966
1776012752,548,,Aggregated,742.000000,4.400000,350,490,570,620,780,1000,1400,1600,2200,3400,4400,67407,356,350.0,449.0170833052964,1.6951000006883987,4420.326899999964,4491.154702033913
1776012753,549,,Aggregated,745.800000,3.200000,350,500,570,620,780,1000,1400,1600,2200,3400,4400,68159,356,350.0,448.6967497690709,1.6951000006883987,4420.326899999964,4491.417787819657
1776012754,549,,Aggregated,758.000000,1.900000,350,500,570,620,780,990,1400,1600,2200,3400,4400,68832,356,350.0,448.74520073657726,1.6951000006883987,4420.326899999964,4491.648361227336
1776012754,549,,Aggregated,758.000000,1.900000,350,500,570,620,780,1000,1400,1600,2200,3400,4400,69474,356,350.0,449.66747751792167,1.6951000006883987,4420.326899999964,4491.864150617497
1776012755,548,,Aggregated,772.100000,1.300000,350,500,570,620,790,1000,1300,1600,2200,3400,4400,70167,356,350.0,450.4622165686174,1.6951000006883987,4420.326899999964,4492.09265039121
1776012756,546,,Aggregated,777.300000,1.000000,350,500,570,630,790,1000,1300,1600,2200,3400,4400,70879,356,350.0,450.7454324794387,1.6951000006883987,4420.326899999964,4492.3227613256395
1776012757,544,,Aggregated,770.400000,0.700000,350,500,570,630,790,1000,1300,1600,2200,3400,4400,71669,356,350.0,450.48397862534915,1.6951000006883987,4420.326899999964,4492.57273019018
1776012758,541,,Aggregated,769.500000,0.600000,360,500,570,620,780,990,1300,1600,2200,3400,4400,72438,356,360.0,449.8281420558283,1.6951000006883987,4420.326899999964,4492.8108175267125
1776012766,537,,Aggregated,474.900000,0.000000,360,500,570,620,780,990,1300,1600,2200,3400,4400,73250,356,360.0,449.09892988204905,1.6951000006883987,4420.326899999964,4493.056791808874
1776012760,533,,Aggregated,779.700000,0.000000,360,490,570,620,780,980,1300,1600,2200,3400,4400,74050,356,360.0,448.15101662403833,1.6951000006883987,4420.326899999964,4493.293855503039
1776012761,528,,Aggregated,783.200000,0.000000,360,490,570,620,770,980,1300,1600,2200,3400,4400,74797,356,360.0,447.5961177541886,1.6951000006883987,4420.326899999964,4493.510635453294
1776012762,522,,Aggregated,798.700000,0.000000,360,490,570,620,770,980,1300,1500,2200,3400,4400,75490,356,360.0,447.5748196692272,1.6951000006883987,4420.326899999964,4493.70790833223
1776012763,516,,Aggregated,806.500000,0.000000,360,490,570,620,770,970,1300,1500,2200,3400,4400,76260,356,360.0,446.97861227720875,1.6951000006883987,4420.326899999964,4493.922895357986
1776012764,509,,Aggregated,806.200000,0.000000,360,490,570,620,770,970,1300,1500,2200,3400,4400,77007,356,360.0,446.2570014045482,1.6951000006883987,4420.326899999964,4494.127352058904
1776012765,502,,Aggregated,804.900000,0.000000,360,490,560,620,770,970,1300,1500,2200,3400,4400,77753,356,360.0,445.77856326405544,1.6951000006883987,4420.326899999964,4494.327614368577
1776012766,494,,Aggregated,810.100000,0.000000,360,490,560,610,760,970,1300,1500,2200,3400,4400,78468,356,360.0,445.2284537515944,1.6951000006883987,4420.326899999964,4494.515981036856
1776012767,485,,Aggregated,820.600000,0.000000,360,490,560,610,760,960,1300,1500,2200,3400,4400,79250,356,360.0,444.40121239571135,1.6951000006883987,4420.326899999964,4494.71810725552
1776012768,476,,Aggregated,824.000000,0.000000,360,490,560,610,760,960,1300,1500,2200,3200,4400,80003,356,360.0,443.32420094871566,1.6951000006883987,4420.326899999964,4494.909003412372
1776012769,466,,Aggregated,830.700000,0.000000,350,480,560,610,760,950,1300,1500,2200,3200,4400,80771,356,350.0,442.1004297461979,1.6951000006883987,4420.326899999964,4495.100035903975
1776012776,456,,Aggregated,491.100000,0.000000,350,480,560,610,760,950,1300,1500,2200,3200,4400,81531,356,350.0,440.7483379115932,1.6951000006883987,4420.326899999964,4495.28553556316
1776012770,446,,Aggregated,825.600000,0.000000,350,480,550,600,750,950,1300,1500,2200,3200,4400,82264,356,350.0,439.574883917025,1.6951000006883987,4420.326899999964,4495.461198093942
1776012771,435,,Aggregated,826.400000,0.000000,350,480,550,600,750,950,1300,1500,2200,3200,4400,82992,356,350.0,438.27198810259034,1.6951000006883987,4420.326899999964,4495.632591093117
1776012772,424,,Aggregated,815.400000,0.000000,350,470,550,600,750,940,1300,1500,2100,3200,4400,83726,356,350.0,437.00886448916935,1.6951000006883987,4420.326899999964,4495.80237918926
1776012773,412,,Aggregated,814.500000,0.000000,340,470,550,600,750,940,1300,1500,2100,3200,4400,84449,356,340.0,435.5888374768217,1.6951000006883987,4420.326899999964,4495.966737320749
1776012774,400,,Aggregated,818.300000,0.000000,340,470,550,600,750,940,1300,1500,2100,3200,4400,85131,356,340.0,434.31999248464194,1.6951000006883987,4420.326899999964,4496.119216266695
1776012775,388,,Aggregated,815.800000,0.000000,340,470,540,600,740,940,1200,1500,2100,3200,4400,85822,356,340.0,433.0021660830556,1.6951000006883987,4420.326899999964,4496.2712358136605
1776012776,376,,Aggregated,808.500000,0.000000,340,460,540,590,740,930,1200,1500,2100,3200,4400,86470,356,340.0,431.8179630312253,1.6951000006883987,4420.326899999964,4496.411587833931
1776012777,363,,Aggregated,803.600000,0.000000,330,460,540,590,740,930,1200,1500,2100,3200,4400,87120,356,330.0,430.5880889419196,1.6951000006883987,4420.326899999964,4496.550275482094
1776012778,350,,Aggregated,796.100000,0.000000,330,460,540,590,740,930,1200,1500,2100,3200,4400,87741,356,330.0,429.4085769575236,1.6951000006883987,4420.326899999964,4496.680856156187
1776012779,337,,Aggregated,784.000000,0.000000,330,460,540,590,740,930,1200,1500,2100,3200,4400,88353,356,330.0,428.2201467275605,1.6951000006883987,4420.326899999964,4496.80774846355
1776012779,324,,Aggregated,425.600000,0.000000,330,460,540,590,740,920,1200,1500,2100,3200,4400,88955,356,330.0,427.0179391276496,1.6951000006883987,4420.326899999964,4496.93086391996
1776012780,311,,Aggregated,771.300000,0.000000,330,450,540,590,730,920,1200,1500,2100,3200,4400,89516,356,330.0,425.8634580228126,1.6951000006883987,4420.326899999964,4497.044103847357
1776012781,298,,Aggregated,753.900000,0.000000,320,450,530,580,730,920,1200,1500,2100,3200,4400,90067,356,320.0,424.76708348063187,1.6951000006883987,4420.326899999964,4497.153952057913
1776012782,285,,Aggregated,736.200000,0.000000,320,450,530,580,730,920,1200,1500,2100,3200,4400,90563,356,320.0,423.8452826005102,1.6951000006883987,4420.326899999964,4497.251692192176
1776012783,272,,Aggregated,716.100000,0.000000,320,450,530,580,730,920,1200,1500,2100,3200,4400,91046,356,320.0,423.04134238297127,1.6951000006883987,4420.326899999964,4497.345847154186
1776012784,259,,Aggregated,697.600000,0.000000,320,450,530,580,730,910,1200,1500,2100,3200,4400,91516,356,320.0,422.1805417316106,1.6951000006883987,4420.326899999964,4497.436513833646
1776012785,246,,Aggregated,674.700000,0.000000,320,450,530,580,730,910,1200,1500,2100,3200,4400,91976,356,320.0,421.32827925437164,1.6951000006883987,4420.326899999964,4497.524354179352
1776012786,233,,Aggregated,653.600000,0.000000,320,440,530,580,730,910,1200,1500,2100,3200,4400,92409,356,320.0,420.4886141489467,1.6951000006883987,4420.326899999964,4497.606239651982
1776012787,221,,Aggregated,622.900000,0.000000,320,440,530,580,730,910,1200,1500,2100,3200,4400,92820,356,320.0,419.69449954718726,1.6951000006883987,4420.326899999964,4497.683257918552
1776012788,208,,Aggregated,602.300000,0.000000,310,440,530,580,730,910,1200,1500,2100,3200,4400,93212,356,310.0,418.90764341940906,1.6951000006883987,4420.326899999964,4497.75608290778
1776012789,196,,Aggregated,573.600000,0.000000,310,440,520,580,720,910,1200,1500,2100,3200,4400,93589,356,310.0,418.14303784632756,1.6951000006883987,4420.326899999964,4497.825545737212
1776012789,184,,Aggregated,277.700000,0.000000,310,440,520,570,720,910,1200,1500,2100,3200,4400,93930,356,310.0,417.45451893420574,1.6951000006883987,4420.326899999964,4497.887895241137
1776012790,173,,Aggregated,551.700000,0.000000,310,440,520,570,720,910,1200,1500,2100,3200,4400,94260,356,310.0,416.7961408136001,1.6951000006883987,4420.326899999964,4497.947803946531
1776012791,162,,Aggregated,529.000000,0.000000,310,440,520,570,720,900,1200,1500,2100,3200,4400,94564,356,310.0,416.1955909164156,1.6951000006883987,4420.326899999964,4498.002622562497
1776012792,151,,Aggregated,500.400000,0.000000,310,440,520,570,720,900,1200,1500,2100,3200,4400,94853,356,310.0,415.6249562971115,1.6951000006883987,4420.326899999964,4498.054410508893
1776012793,140,,Aggregated,479.900000,0.000000,310,440,520,570,720,900,1200,1500,2100,3200,4400,95123,356,310.0,415.0896428215039,1.6951000006883987,4420.326899999964,4498.102509382589
1776012794,131,,Aggregated,448.200000,0.000000,310,440,520,570,720,900,1200,1500,2100,3200,4400,95370,356,310.0,414.6049118016138,1.6951000006883987,4420.326899999964,4498.146272412709
1776012795,121,,Aggregated,428.100000,0.000000,310,430,520,570,720,900,1200,1500,2100,3200,4400,95603,356,310.0,414.1456843556152,1.6951000006883987,4420.326899999964,4498.187347677374
1776012796,112,,Aggregated,405.600000,0.000000,300,430,520,570,720,900,1200,1500,2100,3200,4400,95816,356,300.0,413.7339638781609,1.6951000006883987,4420.326899999964,4498.224722384571
1776012797,104,,Aggregated,380.500000,0.000000,300,430,520,570,720,900,1200,1500,2100,3200,4400,96026,356,300.0,413.32619320663025,1.6951000006883987,4420.326899999964,4498.261408368567
1776012798,96,,Aggregated,358.700000,0.000000,300,430,520,570,720,900,1200,1500,2100,3200,4400,96202,356,300.0,412.982254043574,1.6951000006883987,4420.326899999964,4498.292031350699
1776012799,88,,Aggregated,330.300000,0.000000,300,430,520,570,720,900,1200,1500,2100,3200,4400,96369,356,300.0,412.6582498758929,1.6951000006883987,4420.326899999964,4498.320984964044
1776012806,82,,Aggregated,136.200000,0.000000,300,430,520,570,720,900,1200,1500,2100,3200,4400,96520,356,300.0,412.3733092413997,1.6951000006883987,4420.326899999964,4498.347078325735
1776012800,76,,Aggregated,308.700000,0.000000,300,430,520,570,720,900,1200,1500,2100,3200,4400,96662,356,300.0,412.101074293827,1.6951000006883987,4420.326899999964,4498.371542074445
1776012801,70,,Aggregated,287.900000,0.000000,300,430,520,570,720,900,1200,1500,2100,3200,4400,96798,356,300.0,411.84136688619486,1.6951000006883987,4420.326899999964,4498.394904853406
1776012802,65,,Aggregated,264.600000,0.000000,300,430,520,570,720,900,1200,1500,2100,3200,4400,96923,356,300.0,411.60358035584824,1.6951000006883987,4420.326899999964,4498.416320171683
1776012803,61,,Aggregated,245.100000,0.000000,300,430,520,570,720,900,1200,1500,2100,3200,4400,97041,356,300.0,411.38087866149283,1.6951000006883987,4420.326899999964,4498.436485609175
1776012804,57,,Aggregated,221.300000,0.000000,300,430,520,570,720,890,1200,1500,2100,3200,4400,97148,356,300.0,411.17628358905927,1.6951000006883987,4420.326899999964,4498.454728867296
1776012805,54,,Aggregated,205.200000,0.000000,300,430,520,570,720,890,1200,1500,2100,3200,4400,97249,356,300.0,410.98270676603283,1.6951000006883987,4420.326899999964,4498.471912307582
1776012806,52,,Aggregated,191.100000,0.000000,300,430,520,570,720,890,1200,1500,2100,3200,4400,97349,356,300.0,410.79287372166067,1.6951000006883987,4420.326899999964,4498.488890486805
1776012807,51,,Aggregated,177.300000,0.000000,300,430,520,570,720,890,1200,1500,2100,3200,4400,97444,356,300.0,410.61294989614504,1.6951000006883987,4420.326899999964,4498.504987479989
1776012808,50,,Aggregated,166.000000,0.000000,300,430,520,570,720,890,1200,1500,2100,3200,4400,97544,356,300.0,410.4233426986796,1.6951000006883987,4420.326899999964,4498.521897810219
1776012809,50,,Aggregated,149.800000,0.000000,300,430,520,570,720,890,1200,1500,2100,3200,4400,97637,356,300.0,410.2468498436043,1.6951000006883987,4420.326899999964,4498.537593330398
1776012809,50,,Aggregated,149.800000,0.000000,300,430,520,560,720,890,1200,1500,2100,3200,4400,97734,356,300.0,410.0660408014612,1.6951000006883987,4420.326899999964,4498.5539321014185
1776012810,51,,Aggregated,141.400000,0.000000,300,430,510,560,720,890,1200,1500,2100,3200,4400,97829,356,300.0,409.8918193077716,1.6951000006883987,4420.326899999964,4498.569902585123
1776012811,53,,Aggregated,133.800000,0.000000,300,430,510,560,720,890,1200,1500,2100,3200,4400,97930,356,300.0,409.7072793978353,1.6951000006883987,4420.326899999964,4498.586847748392
1776012812,56,,Aggregated,125.900000,0.000000,300,430,510,560,720,890,1200,1500,2100,3200,4400,98034,356,300.0,409.51746268060066,1.6951000006883987,4420.326899999964,4498.6042597466185
1776012813,59,,Aggregated,122.600000,0.000000,300,430,510,560,720,890,1200,1500,2100,3200,4400,98152,356,300.0,409.3133279258702,1.6951000006883987,4420.326899999964,4498.62397098378
1776012814,63,,Aggregated,114.000000,0.000000,300,430,510,560,710,890,1200,1500,2100,3200,4400,98261,356,300.0,409.12181106614094,1.6951000006883987,4420.326899999964,4498.642136758225
1776012815,67,,Aggregated,112.300000,0.000000,300,430,510,560,710,890,1200,1500,2100,3200,4400,98384,371,300.0,408.9329578756716,1.6951000006883987,4420.326899999964,4497.974213286713
1776012816,73,,Aggregated,112.400000,0.000000,300,430,510,560,710,890,1200,1500,2100,3200,4400,98526,371,300.0,408.6969243827015,1.6951000006883987,4420.326899999964,4497.998751598563
1776012817,78,,Aggregated,112.000000,0.400000,300,430,510,560,710,890,1200,1500,2100,3200,4400,98678,371,300.0,408.4260409096255,1.6951000006883987,4420.326899999964,4498.024939702872
1776012818,85,,Aggregated,115.500000,0.400000,300,430,510,560,710,890,1200,1500,2100,3200,4400,98838,371,300.0,408.142909228435,1.6951000006883987,4420.326899999964,4498.0524191100585
1776012819,92,,Aggregated,119.400000,0.400000,300,430,510,560,710,890,1200,1500,2100,3200,4400,99012,371,300.0,407.83769086393664,1.6951000006883987,4420.326899999964,4498.082202157314
1776012819,100,,Aggregated,119.400000,0.400000,290,420,510,560,710,890,1200,1500,2100,3200,4400,99196,371,290.0,407.5175939940126,1.6951000006883987,4420.326899999964,4498.113583209
1776012820,108,,Aggregated,125.300000,0.400000,290,420,510,560,710,890,1200,1500,2100,3200,4400,99409,371,290.0,407.1462408200469,1.6951000006883987,4420.326899999964,4498.149765111811
1776012821,116,,Aggregated,133.300000,0.400000,290,420,510,560,710,890,1200,1500,2100,3200,4400,99610,371,290.0,406.810345892481,1.6951000006883987,4420.326899999964,4498.183766690091
1776012822,126,,Aggregated,144.700000,0.400000,290,420,510,560,710,890,1200,1500,2100,3200,4400,99850,371,290.0,406.40092589003524,1.6951000006883987,4420.326899999964,4498.224186279419
1776012823,135,,Aggregated,154.700000,0.400000,290,420,510,560,710,890,1200,1500,2100,3100,4400,100104,371,290.0,405.9709120015191,1.6951000006883987,4420.326899999964,4498.2667525773195
1776012824,145,,Aggregated,168.100000,1.500000,290,420,510,560,710,890,1200,1500,2100,3100,4400,100372,371,290.0,405.5202538567537,1.6951000006883987,4420.326899999964,4498.311431474914
1776012825,156,,Aggregated,180.900000,1.500000,290,420,510,560,710,880,1200,1500,2100,3100,4400,100672,371,290.0,405.0200340155156,1.6951000006883987,4420.326899999964,4498.361162984743
1776012826,167,,Aggregated,195.800000,1.500000,290,420,510,560,710,880,1200,1500,2100,3100,4400,100976,371,290.0,404.51255785790636,1.6951000006883987,4420.326899999964,4498.4112561400725
1776012827,178,,Aggregated,215.900000,1.100000,290,420,510,560,710,880,1200,1500,2100,3100,4400,101303,371,290.0,403.971682790341,1.6951000006883987,4420.326899999964,4498.464803608975
1776012828,190,,Aggregated,233.300000,1.100000,290,420,500,560,710,880,1200,1500,2100,3100,4400,101672,371,290.0,403.36804859381067,1.6951000006883987,4420.326899999964,4498.524815091668
1776012829,202,,Aggregated,253.100000,1.100000,290,420,500,560,710,880,1200,1500,2100,3100,4400,102042,371,290.0,402.7938540299074,1.6951000006883987,4420.326899999964,4498.58455341918
1776012829,214,,Aggregated,253.100000,1.100000,290,420,500,550,710,880,1200,1500,2100,3100,4400,102429,371,290.0,402.16544889025386,1.6951000006883987,4420.326899999964,4498.646574700524
1776012830,227,,Aggregated,272.700000,1.100000,290,420,500,550,700,880,1200,1500,2100,3100,4400,102835,371,290.0,401.65439375902906,1.6951000006883987,4420.326899999964,4498.711139203579
1776012831,239,,Aggregated,292.300000,1.100000,290,420,500,550,700,880,1200,1500,2100,3100,4400,103234,371,290.0,401.1589176337226,1.6951000006883987,4420.326899999964,4498.77409574365
1776012832,252,,Aggregated,317.900000,1.100000,290,410,500,550,700,880,1200,1500,2100,3100,4400,103685,373,290.0,400.6909977651516,1.6951000006883987,4420.326899999964,4498.757583064088
1776012833,265,,Aggregated,337.900000,1.100000,290,410,500,550,700,880,1200,1500,2100,3100,4400,104134,376,290.0,400.1092862537675,1.6951000006883987,4420.326899999964,4498.697543549657
1776012834,278,,Aggregated,359.500000,0.000000,280,410,500,550,700,880,1200,1500,2100,3100,4400,104644,387,280.0,399.47759321929425,1.6951000006883987,4420.326899999964,4498.302387141164
1776012835,291,,Aggregated,381.400000,0.200000,280,410,500,550,700,870,1200,1500,2100,3100,4400,105166,399,280.0,398.77083570554953,1.6951000006883987,4420.326899999964,4497.8700815853035
1776012836,304,,Aggregated,399.600000,0.500000,280,410,490,550,700,870,1200,1500,2100,3100,4400,105709,415,280.0,398.08535835567204,1.6951000006883987,4420.326899999964,4497.274688058727
1776012837,318,,Aggregated,428.900000,1.800000,280,410,490,550,700,870,1200,1500,2100,3100,4400,106265,430,280.0,397.45672020646253,1.6951000006883987,4420.326899999964,4496.730108690538
1776012838,331,,Aggregated,449.200000,3.200000,280,410,490,550,700,870,1200,1500,2100,3100,4400,106824,448,280.0,396.8692812968033,1.6951000006883987,4420.326899999964,4496.0649292293865
1776012839,344,,Aggregated,477.400000,4.700000,280,410,490,540,690,870,1200,1500,2100,3100,4400,107405,466,280.0,396.35500481429926,1.6951000006883987,4420.326899999964,4495.410688515432
1776012839,356,,Aggregated,477.400000,4.700000,280,400,490,540,690,870,1200,1500,2100,3100,4400,107988,479,280.0,395.8353787955124,1.6951000006883987,4420.326899999964,4494.972913657073
1776012840,369,,Aggregated,497.800000,6.400000,280,400,490,540,690,870,1200,1500,2100,3100,4400,108548,484,280.0,395.6361078404922,1.6951000006883987,4420.326899999964,4494.8682610458045
1776012841,382,,Aggregated,516.900000,8.300000,280,400,490,540,690,860,1200,1500,2100,3100,4400,109114,485,280.0,395.354434167657,1.6951000006883987,4420.326899999964,4494.931310372638
1776012842,394,,Aggregated,542.100000,9.900000,280,400,490,540,690,860,1100,1400,2100,3100,4400,109570,485,280.0,395.665319974352,1.6951000006883987,4420.326899999964,4495.014830701834
1776012843,406,,Aggregated,556.600000,10.400000,280,410,490,540,690,860,1100,1400,2100,3100,4400,110066,485,280.0,396.2972577723347,1.6951000006883987,4420.326899999964,4495.104891610488
1776012844,418,,Aggregated,580.000000,11.200000,290,410,490,540,690,860,1100,1400,2100,3100,4400,110657,485,290.0,396.603600887516,1.6951000006883987,4420.326899999964,4495.21114796172
1776012845,429,,Aggregated,580.000000,11.000000,290,410,490,550,690,860,1100,1400,2100,3100,4400,111093,485,290.0,397.0070601541037,1.6951000006883987,4420.326899999964,4495.288812076368
1776012846,440,,Aggregated,586.800000,10.700000,290,410,490,550,700,870,1200,1400,2100,3100,4400,111568,485,290.0,398.26817774227345,1.6951000006883987,4420.326899999964,4495.372732324681
1776012847,451,,Aggregated,589.500000,9.400000,290,410,500,550,700,870,1200,1400,2100,3100,4400,112133,485,290.0,398.9189076815027,1.6951000006883987,4420.326899999964,4495.471627442412
1776012848,461,,Aggregated,578.700000,8.000000,290,410,500,550,700,870,1200,1400,2100,3100,4400,112649,485,290.0,399.356467019503,1.6951000006883987,4420.326899999964,4495.56107910412
1776012849,471,,Aggregated,586.600000,6.700000,290,410,500,550,700,880,1200,1400,2100,3100,4400,113200,487,290.0,400.14305506280857,1.6951000006883987,4420.326899999964,4495.5759275618375
1776012849,480,,Aggregated,586.600000,6.700000,290,410,500,550,710,880,1200,1400,2100,3100,4400,113826,488,290.0,400.9316642835554,1.6951000006883987,4420.326899999964,4495.64308681672
1776012850,489,,Aggregated,585.300000,5.000000,290,410,500,550,710,880,1200,1400,2100,3100,4400,114444,491,290.0,401.37701251249496,1.6951000006883987,4420.326899999964,4495.6292597252805
1776012851,497,,Aggregated,583.200000,3.300000,290,410,500,550,710,880,1100,1400,2100,3100,4400,115095,496,290.0,401.670435543507,1.6951000006883987,4420.326899999964,4495.542682132152
1776012852,505,,Aggregated,582.800000,1.800000,290,420,500,550,710,880,1100,1400,2100,3100,4400,115775,498,290.0,402.0333945719708,1.6951000006883987,4420.326899999964,4495.578967825523
1776012853,512,,Aggregated,591.100000,1.600000,290,420,500,550,710,890,1100,1400,2100,3100,4400,116376,499,290.0,402.3734161045225,1.6951000006883987,4420.326899999964,4495.64046710662
1776012861,519,,Aggregated,598.200000,1.300000,290,420,500,560,710,890,1100,1400,2100,3100,4400,117056,499,290.0,403.1236032091468,1.6951000006883987,4420.326899999964,4495.7529302214325
1776012855,525,,Aggregated,621.800000,1.500000,290,420,500,560,710,890,1100,1400,2100,3100,4400,117747,499,290.0,403.6126802825536,1.6951000006883987,4420.326899999964,4495.865881933298
1776012856,530,,Aggregated,630.000000,1.600000,290,420,500,560,710,890,1100,1400,2100,3100,4400,118398,499,290.0,404.0933970587327,1.6951000006883987,4420.326899999964,4495.971089038666
1776012857,535,,Aggregated,648.600000,1.600000,290,420,510,560,710,900,1100,1400,2100,3100,4400,119077,501,290.0,404.51523472383144,1.6951000006883987,4420.326899999964,4496.003762271472
1776012858,539,,Aggregated,675.300000,1.600000,290,420,510,560,720,900,1100,1400,2100,3100,4400,119783,501,290.0,405.0177578469368,1.6951000006883987,4420.326899999964,4496.115725937738
1776012859,543,,Aggregated,684.700000,1.600000,290,420,510,560,720,900,1100,1400,2100,3100,4400,120431,501,290.0,405.3293872078586,1.6951000006883987,4420.326899999964,4496.217336067956
1776012859,545,,Aggregated,684.700000,1.600000,290,420,510,560,720,900,1200,1400,2100,3100,4400,121011,502,290.0,405.89825394418375,1.6951000006883987,4420.326899999964,4496.270049830181
1776012860,547,,Aggregated,697.500000,1.600000,290,420,510,560,720,910,1200,1500,2100,3100,4400,121615,502,290.0,407.2306948464386,1.6951000006883987,4420.326899999964,4496.363071989475
1776012861,549,,Aggregated,714.900000,1.400000,290,420,510,560,730,920,1200,1500,2100,3100,4400,122270,502,290.0,408.35824959098386,1.6951000006883987,4420.326899999964,4496.462909953382
1776012862,549,,Aggregated,713.400000,1.400000,290,420,510,560,730,920,1200,1500,2100,3100,4400,123131,502,290.0,408.6334980435432,1.6951000006883987,4420.326899999964,4496.592531531458
1776012863,549,,Aggregated,710.400000,1.100000,290,420,510,560,720,920,1200,1500,2100,3100,4400,123930,502,290.0,408.203113827803,1.6951000006883987,4420.326899999964,4496.711207939966
1776012871,549,,Aggregated,472.300000,0.100000,290,420,510,560,720,910,1200,1500,2100,3100,4400,124748,502,290.0,408.2028579695034,1.6951000006883987,4420.326899999964,4496.831131561227
1776012865,547,,Aggregated,731.200000,0.400000,300,420,510,560,720,910,1200,1500,2100,3100,4400,125576,502,300.0,407.8767780448458,1.6951000006883987,4420.326899999964,4496.950930114034
1776012866,545,,Aggregated,750.600000,0.300000,290,420,510,560,720,910,1200,1500,2100,3100,4400,126443,502,290.0,407.3730128395363,1.6951000006883987,4420.326899999964,4497.074689781166
1776012867,543,,Aggregated,767.900000,0.300000,300,420,510,560,720,910,1200,1400,2100,3100,4400,127309,502,300.0,406.8521761514856,1.6951000006883987,4420.326899999964,4497.196623962171
1776012868,539,,Aggregated,785.300000,0.300000,300,420,510,560,720,910,1200,1400,2100,3100,4400,128119,502,300.0,406.5261112047346,1.6951000006883987,4420.326899999964,4497.309181308003
1776012869,535,,Aggregated,805.400000,0.100000,300,420,510,560,720,900,1200,1400,2100,3100,4400,128879,502,300.0,406.4966504785843,1.6951000006883987,4420.326899999964,4497.413504139542
1776012870,530,,Aggregated,820.600000,0.100000,300,420,510,560,710,900,1200,1400,2100,3100,4400,129688,502,300.0,406.1828482855736,1.6951000006883987,4420.326899999964,4497.523209549072
1776012871,525,,Aggregated,825.700000,0.100000,300,420,510,560,710,900,1200,1400,2100,3000,4400,130500,502,300.0,405.92186835401895,1.6951000006883987,4420.326899999964,4497.631954022989
1776012872,519,,Aggregated,845.100000,0.000000,300,420,500,560,710,900,1200,1400,2100,3000,4400,131297,502,300.0,405.6586452648533,1.6951000006883987,4420.326899999964,4497.7373816614245
1776012873,512,,Aggregated,864.100000,0.000000,300,420,500,560,710,900,1200,1400,2100,3000,4400,132086,502,300.0,405.3205146551442,1.6951000006883987,4420.326899999964,4497.840497857456
1776012874,505,,Aggregated,882.400000,0.000000,300,420,500,560,710,890,1200,1400,2100,3000,4400,132825,502,300.0,405.1247420993744,1.6951000006883987,4420.326899999964,4497.935968379446
1776012881,497,,Aggregated,530.100000,0.000000,300,420,500,550,710,890,1200,1400,2100,3000,4400,133633,502,300.0,404.73458352113227,1.6951000006883987,4420.326899999964,4498.039144522685
1776012875,489,,Aggregated,877.900000,0.000000,300,420,500,550,710,890,1200,1400,2100,3000,4400,134400,502,300.0,404.3289473380174,1.6951000006883987,4420.326899999964,4498.1359375
1776012876,480,,Aggregated,871.400000,0.000000,300,420,500,550,710,890,1100,1400,2100,3000,4400,135163,502,300.0,403.98853278086045,1.6951000006883987,4420.326899999964,4498.23113573981
1776012877,471,,Aggregated,863.400000,0.000000,300,420,500,550,700,890,1100,1400,2100,3000,4400,135937,502,300.0,403.46019493036846,1.6951000006883987,4420.326899999964,4498.326614534674
1776012878,461,,Aggregated,854.300000,0.000000,300,410,500,550,700,890,1100,1400,2000,3000,4400,136700,502,300.0,402.89536286927193,1.6951000006883987,4420.326899999964,4498.419678127286
1776012879,451,,Aggregated,856.600000,0.000000,300,410,500,550,700,880,1100,1400,2000,3000,4400,137434,502,300.0,402.40026713222005,1.6951000006883987,4420.326899999964,4498.50822940466
1776012880,440,,Aggregated,850.300000,0.000000,300,410,500,550,700,880,1100,1400,2000,3000,4400,138154,502,300.0,401.93165915449146,1.6951000006883987,4420.326899999964,4498.594177512052
1776012881,429,,Aggregated,849.500000,0.000000,300,410,490,550,700,880,1100,1400,2000,3000,4400,138884,502,300.0,401.40895904221964,1.6951000006883987,4420.326899999964,4498.680409550416
1776012882,417,,Aggregated,844.700000,0.000000,300,410,490,550,700,880,1100,1400,2000,3000,4400,139580,502,300.0,400.8913451676431,1.6951000006883987,4420.326899999964,4498.761785356068
1776012883,406,,Aggregated,837.600000,0.000000,300,410,490,540,700,880,1100,1400,2000,2900,4400,140266,502,300.0,400.39370703320606,1.6951000006883987,4420.326899999964,4498.841201716738
1776012884,394,,Aggregated,826.400000,0.000000,300,410,490,540,700,880,1100,1400,2000,2900,4400,140902,502,300.0,399.9691654828863,1.6951000006883987,4420.326899999964,4498.914138905055
1776012891,381,,Aggregated,472.700000,0.000000,300,410,490,540,690,880,1100,1400,2000,2900,4400,141561,502,300.0,399.432285877535,1.6951000006883987,4420.326899999964,4498.989022400237
1776012885,369,,Aggregated,820.500000,0.000000,300,410,490,540,690,880,1100,1400,2000,2900,4400,142212,502,300.0,398.82637982329,1.6951000006883987,4420.326899999964,4499.0623154164205
1776012886,356,,Aggregated,812.200000,0.000000,290,410,490,540,690,870,1100,1400,2000,2900,4400,142852,502,290.0,398.2226432518955,1.6951000006883987,4420.326899999964,4499.133718813878
1776012887,343,,Aggregated,799.000000,0.000000,290,400,490,540,690,870,1100,1400,2000,2900,4400,143463,502,290.0,397.62098592912304,1.6951000006883987,4420.326899999964,4499.201292319274
1776012888,330,,Aggregated,787.600000,0.000000,290,400,490,540,690,870,1100,1400,2000,2900,4400,144054,502,290.0,397.05060308328626,1.6951000006883987,4420.326899999964,4499.26610854263
1776012889,317,,Aggregated,766.200000,0.000000,290,400,480,540,690,870,1100,1400,2000,2900,4400,144602,502,290.0,396.58253650170644,1.6951000006883987,4420.326899999964,4499.325735467006
1776012890,304,,Aggregated,749.300000,0.000000,290,400,480,540,690,870,1100,1400,2000,2900,4400,145154,502,290.0,396.0588262538397,1.6951000006883987,4420.326899999964,4499.3853424638655
1776012891,291,,Aggregated,731.900000,0.000000,290,400,480,540,690,870,1100,1400,2000,2900,4400,145686,502,290.0,395.54750951985665,1.6951000006883987,4420.326899999964,4499.442362340925
1776012892,278,,Aggregated,713.000000,0.000000,290,400,480,540,690,870,1100,1400,2000,2900,4400,146198,502,290.0,395.0217760538437,1.6951000006883987,4420.326899999964,4499.4968467420895
1776012893,265,,Aggregated,694.100000,0.000000,290,400,480,540,690,870,1100,1400,2000,2900,4400,146685,502,290.0,394.52060102887066,1.6951000006883987,4420.326899999964,4499.548317823908
1776012894,252,,Aggregated,673.700000,0.000000,290,400,480,530,690,870,1100,1400,2000,2900,4400,147141,502,290.0,394.0773499141631,1.6951000006883987,4420.326899999964,4499.596203641405
1776012901,239,,Aggregated,345.900000,0.000000,290,400,480,530,690,870,1100,1400,2000,2900,4400,147585,502,290.0,393.59472887888296,1.6951000006883987,4420.326899999964,4499.642544974083
1776012895,226,,Aggregated,649.200000,0.000000,290,400,480,530,680,860,1100,1400,2000,2900,4400,148007,502,290.0,393.1514225412986,1.6951000006883987,4420.326899999964,4499.686332403197
1776012896,214,,Aggregated,631.500000,0.000000,290,390,480,530,680,860,1100,1400,2000,2900,4400,148425,502,290.0,392.711231243456,1.6951000006883987,4420.326899999964,4499.729459322891
1776012897,201,,Aggregated,603.800000,0.000000,290,390,480,530,680,860,1100,1400,2000,2900,4400,148814,502,290.0,392.294310808324,1.6951000006883987,4420.326899999964,4499.769376537154
1776012898,189,,Aggregated,582.000000,0.000000,290,390,480,530,680,860,1100,1400,2000,2900,4400,149180,502,290.0,391.90256868031867,1.6951000006883987,4420.326899999964,4499.806743531304
1776012899,178,,Aggregated,552.000000,0.000000,290,390,480,530,680,860,1100,1400,2000,2900,4400,149519,502,290.0,391.5390185922854,1.6951000006883987,4420.326899999964,4499.8411907516775
1776012900,166,,Aggregated,530.500000,0.000000,290,390,480,530,680,860,1100,1400,2000,2900,4400,149823,502,290.0,391.2147733297952,1.6951000006883987,4420.326899999964,4499.871948899701
1776012901,156,,Aggregated,508.600000,0.000000,290,390,470,530,680,860,1100,1400,2000,2700,4400,150130,502,290.0,390.8958318325449,1.6951000006883987,4420.326899999964,4499.902884167055
1776012902,145,,Aggregated,480.400000,0.000000,290,390,470,530,680,860,1100,1400,2000,2700,4400,150385,502,290.0,390.67448465957347,1.6951000006883987,4420.326899999964,4499.928483558866
1776012903,135,,Aggregated,458.100000,0.000000,290,390,470,530,680,860,1100,1400,2000,2700,4400,150623,502,290.0,390.5305477214627,1.6951000006883987,4420.326899999964,4499.952298121801
1776012904,125,,Aggregated,424.800000,0.000000,290,390,470,530,680,860,1100,1400,2000,2700,4400,150842,502,290.0,390.3462720866859,1.6951000006883987,4420.326899999964,4499.974145131992
1776012911,116,,Aggregated,185.800000,0.000000,290,390,470,530,680,860,1100,1400,2000,2700,4400,151045,502,290.0,390.15130903479053,1.6951000006883987,4420.326899999964,4499.994339435268
1776012905,107,,Aggregated,400.900000,0.000000,280,390,470,530,680,860,1100,1400,2000,2700,4400,151243,502,280.0,389.9589750153722,1.6951000006883987,4420.326899999964,4500.013984118274
1776012906,99,,Aggregated,377.400000,0.000000,280,390,470,530,680,860,1100,1400,2000,2700,4400,151421,502,280.0,389.77883574226763,1.6951000006883987,4420.326899999964,4500.031600636636
1776012907,92,,Aggregated,350.100000,0.000000,280,390,470,530,680,860,1100,1400,2000,2700,4400,151597,502,280.0,389.60485435536253,1.6951000006883987,4420.326899999964,4500.048978541792
1776012908,85,,Aggregated,326.100000,0.000000,280,390,470,530,680,860,1100,1400,2000,2700,4400,151754,502,280.0,389.45472029205143,1.6951000006883987,4420.326899999964,4500.0644464066845
1776012909,78,,Aggregated,300.000000,0.000000,280,390,470,530,680,860,1100,1400,2000,2700,4400,151907,502,280.0,389.294290160756,1.6951000006883987,4420.326899999964,4500.079489424451
1776012910,72,,Aggregated,279.000000,0.000000,280,390,470,530,680,860,1100,1400,2000,2700,4400,152034,502,280.0,389.16449235144756,1.6951000006883987,4420.326899999964,4500.091953115751
1776012911,67,,Aggregated,258.400000,0.000000,280,390,470,530,680,860,1100,1400,2000,2700,4400,152163,502,280.0,389.03208108436337,1.6951000006883987,4420.326899999964,4500.104591786439
1776012912,63,,Aggregated,236.000000,0.000000,280,390,470,530,680,860,1100,1400,2000,2700,4400,152282,502,280.0,388.9102085413903,1.6951000006883987,4420.326899999964,4500.116231727979
1776012913,59,,Aggregated,218.200000,0.000000,280,390,470,530,680,860,1100,1400,2000,2700,4400,152396,502,280.0,388.7884214252998,1.6951000006883987,4420.326899999964,4500.1273655476525
1776012914,56,,Aggregated,197.800000,0.000000,280,390,470,530,680,860,1100,1400,2000,2700,4400,152501,502,280.0,388.6770070246754,1.6951000006883987,4420.326899999964,4500.137605655045
1776012921,53,,Aggregated,83.900000,0.000000,280,390,470,530,680,860,1100,1400,2000,2700,4400,152601,502,280.0,388.570491363818,1.6951000006883987,4420.326899999964,4500.147345037058
1776012915,51,,Aggregated,185.000000,0.000000,280,390,470,530,680,860,1100,1400,2000,2700,4400,152698,502,280.0,388.4675420129929,1.6951000006883987,4420.326899999964,4500.1567800495095
1776012916,50,,Aggregated,172.800000,0.000000,280,390,470,530,680,860,1100,1400,2000,2700,4400,152788,502,280.0,388.37237286023765,1.6951000006883987,4420.326899999964,4500.165523470429
1776012917,50,,Aggregated,159.200000,0.000000,280,390,470,530,680,860,1100,1400,2000,2700,4400,152885,502,280.0,388.27010274467733,1.6951000006883987,4420.326899999964,4500.174935408968
1776012918,50,,Aggregated,151.000000,0.000000,280,390,470,530,680,860,1100,1400,2000,2700,4400,152980,502,280.0,388.170859302523,1.6951000006883987,4420.326899999964,4500.184141717871
1776012919,51,,Aggregated,137.000000,0.000000,280,390,470,530,680,860,1100,1400,2000,2700,4400,153075,502,280.0,388.0750517268001,1.6951000006883987,4420.326899999964,4500.193336599706
1776012920,52,,Aggregated,129.900000,0.000000,280,390,470,530,680,860,1100,1400,2000,2700,4400,153169,512,280.0,387.9730369469666,1.6951000006883987,4420.326899999964,4499.907651025991
1776012921,55,,Aggregated,123.400000,0.000000,280,390,470,530,680,850,1100,1400,2000,2700,4400,153268,512,280.0,387.90816181570796,1.6951000006883987,4420.326899999964,4499.917399587651
1776012922,57,,Aggregated,118.900000,0.700000,280,390,470,530,680,850,1100,1400,2000,2700,4400,153382,512,280.0,387.7912753165946,1.6951000006883987,4420.326899999964,4499.928609615209
1776012923,61,,Aggregated,115.600000,0.800000,280,390,470,530,680,850,1100,1400,2000,2700,4400,153500,512,280.0,387.67483075687244,1.6951000006883987,4420.326899999964,4499.940195439739
1776012924,65,,Aggregated,110.600000,0.800000,280,390,470,520,680,850,1100,1400,2000,2700,4400,153624,512,280.0,387.5506774738317,1.6951000006883987,4420.326899999964,4499.952351195126
1776012931,70,,Aggregated,74.600000,1.000000,280,390,470,520,680,850,1100,1400,2000,2700,4400,153752,512,280.0,387.42339643529783,1.6951000006883987,4420.326899999964,4499.964878505645
1776012925,76,,Aggregated,110.900000,0.800000,280,390,470,520,680,850,1100,1400,2000,2700,4400,153888,512,280.0,387.28959120080793,1.6951000006883987,4420.326899999964,4499.978165938865
1776012926,82,,Aggregated,112.000000,0.800000,280,380,470,520,680,850,1100,1400,2000,2700,4400,154039,512,280.0,387.1372134197826,1.6951000006883987,4420.326899999964,4499.992891410617
1776012927,89,,Aggregated,115.100000,0.800000,280,380,470,520,680,850,1100,1400,2000,2700,4400,154210,512,280.0,386.9750387246603,1.6951000006883987,4420.326899999964,4500.009532455742
1776012928,96,,Aggregated,119.700000,0.800000,280,380,470,520,680,850,1100,1400,2000,2700,4400,154386,512,280.0,386.79978803725646,1.6951000006883987,4420.326899999964,4500.026621584859
1776012929,104,,Aggregated,124.300000,1.000000,280,380,470,520,680,850,1100,1400,2000,2700,4400,154581,512,280.0,386.61833467463595,1.6951000006883987,4420.326899999964,4500.045510120907
1776012930,113,,Aggregated,131.500000,1.000000,280,380,470,520,670,850,1100,1400,2000,2700,4400,154792,512,280.0,386.4121491500842,1.6951000006883987,4420.326899999964,4500.065894878288
1776012931,122,,Aggregated,140.400000,1.000000,280,380,470,520,670,850,1100,1400,2000,2700,4400,155025,512,280.0,386.18797862654355,1.6951000006883987,4420.326899999964,4500.088340590228
1776012932,131,,Aggregated,151.700000,0.300000,280,380,470,520,670,850,1100,1400,2000,2700,4400,155265,512,280.0,385.9541225717315,1.6951000006883987,4420.326899999964,4500.111390203845
1776012933,141,,Aggregated,165.900000,0.200000,280,380,470,520,670,850,1100,1400,2000,2700,4400,155529,512,280.0,385.6979725899988,1.6951000006883987,4420.326899999964,4500.136662615975
1776012934,151,,Aggregated,180.900000,0.200000,280,380,460,520,670,850,1100,1400,2000,2700,4400,155815,512,280.0,385.42771198023263,1.6951000006883987,4420.326899999964,4500.163944421269
1776012941,162,,Aggregated,165.500000,0.000000,280,380,460,520,670,850,1100,1400,2000,2700,4400,156121,512,280.0,385.130116079579,1.6951000006883987,4420.326899999964,4500.193023360086
1776012935,173,,Aggregated,195.100000,0.200000,280,380,460,520,670,850,1100,1400,2000,2700,4400,156445,512,280.0,384.8187793294768,1.6951000006883987,4420.326899999964,4500.223688836332
1776012936,185,,Aggregated,210.900000,0.200000,280,380,460,520,670,850,1100,1400,2000,2700,4400,156795,512,280.0,384.4842907887364,1.6951000006883987,4420.326899999964,4500.2566727255335
1776012937,197,,Aggregated,229.600000,0.200000,280,380,460,520,670,850,1100,1400,2000,2700,4400,157177,518,280.0,384.11310723750887,1.6951000006883987,4420.326899999964,4500.120151167155
1776012938,209,,Aggregated,249.100000,0.200000,280,380,460,520,670,850,1100,1400,2000,2700,4400,157560,521,280.0,383.75305300368035,1.6951000006883987,4420.326899999964,4500.0703541508
1776012939,221,,Aggregated,270.500000,0.000000,280,380,460,520,670,850,1100,1400,2000,2700,4400,157980,522,280.0,383.35976804873906,1.6951000006883987,4420.326899999964,4500.081466008355
1776012940,234,,Aggregated,291.600000,0.600000,280,380,460,520,670,850,1100,1400,2000,2700,4400,158417,525,280.0,382.9608677740375,1.6951000006883987,4420.326899999964,4500.03711722858
1776012941,247,,Aggregated,312.200000,0.900000,280,380,460,520,670,840,1100,1400,2000,2700,4400,158870,527,280.0,382.55777310448605,1.6951000006883987,4420.326899999964,4500.022943286965
1776012942,260,,Aggregated,336.600000,1.000000,270,380,460,520,670,840,1100,1400,2000,2700,4400,159348,530,270.0,382.1226919768661,1.6951000006883987,4420.326899999964,4499.98286768582
1776012943,273,,Aggregated,361.500000,1.200000,270,370,460,520,670,840,1100,1400,2000,2700,4400,159837,532,270.0,381.7330701875643,1.6951000006883987,4420.326899999964,4499.972315546463
1776012944,286,,Aggregated,390.100000,1.500000,270,370,460,520,670,840,1100,1400,2000,2700,4400,160359,536,270.0,381.28711017734986,1.6951000006883987,4420.326899999964,4499.908611303388
1776012944,299,,Aggregated,390.100000,1.500000,270,370,460,510,670,840,1100,1400,2000,2700,4400,160907,537,270.0,380.85736844114683,1.6951000006883987,4420.326899999964,4499.931948268254
1776012945,312,,Aggregated,413.100000,1.700000,270,370,460,510,670,840,1100,1400,2000,2700,4400,161451,537,270.0,380.4839388133838,1.6951000006883987,4420.326899999964,4499.982719215118
1776012946,325,,Aggregated,437.100000,2.000000,270,370,450,510,670,840,1100,1400,2000,2700,4400,162029,537,270.0,380.07903371075366,1.6951000006883987,4420.326899999964,4500.036289799974
1776012947,338,,Aggregated,463.500000,2.200000,270,370,450,510,660,840,1100,1300,2000,2700,4400,162622,537,270.0,379.6465226522216,1.6951000006883987,4420.326899999964,4500.090854865885
1776012948,351,,Aggregated,487.400000,2.200000,270,370,450,510,660,840,1100,1300,2000,2700,4400,163264,537,270.0,379.1559603673777,1.6951000006883987,4420.326899999964,4500.149481820855
1776012949,364,,Aggregated,519.400000,2.500000,270,370,450,510,660,840,1100,1300,2000,2700,4400,163902,537,270.0,378.7323411177382,1.6951000006883987,4420.326899999964,4500.207288501666
1776012950,376,,Aggregated,541.300000,1.900000,270,370,450,510,660,830,1100,1300,2000,2700,4400,164519,537,270.0,378.38499378393755,1.6951000006883987,4420.326899999964,4500.262766002711
1776012951,389,,Aggregated,565.800000,1.600000,270,370,450,510,660,830,1100,1300,2000,2700,4400,164981,537,270.0,378.3838135161,1.6951000006883987,4420.326899999964,4500.304035010092
1776012952,401,,Aggregated,588.800000,1.500000,270,370,450,510,660,830,1100,1300,2000,2700,4400,165558,537,270.0,378.7258303396977,1.6951000006883987,4420.326899999964,4500.355253143914
1776012953,413,,Aggregated,600.000000,1.300000,270,370,450,510,660,830,1100,1300,2000,2700,4400,166038,537,270.0,378.9774132119728,1.6951000006883987,4420.326899999964,4500.39758970838
1776012954,424,,Aggregated,609.800000,1.000000,270,370,450,510,660,830,1100,1300,2000,2700,4400,166561,537,270.0,379.40296554805445,1.6951000006883987,4420.326899999964,4500.443441141684
1776012954,436,,Aggregated,609.800000,1.000000,270,370,450,510,660,840,1100,1300,2000,2700,4400,167167,537,270.0,379.80369946897065,1.6951000006883987,4420.326899999964,4500.49621037645
1776012955,446,,Aggregated,613.400000,0.800000,270,370,450,510,660,840,1100,1300,2000,2700,4400,167788,540,270.0,379.8955059473225,1.6951000006883987,4420.326899999964,4500.469163468186
1776012956,457,,Aggregated,610.600000,0.500000,270,370,450,510,670,840,1100,1300,2000,2700,4400,168379,544,270.0,380.20445933079185,1.6951000006883987,4420.326899999964,4500.412907785412
1776012957,467,,Aggregated,610.800000,0.300000,270,370,460,510,670,840,1100,1300,2000,2700,4400,168996,553,270.0,380.5018244766701,1.6951000006883987,4420.326899999964,4500.225715401548
1776012958,476,,Aggregated,619.800000,0.600000,270,370,460,520,670,840,1100,1300,2000,2700,4400,169601,555,270.0,380.8161999660342,1.6951000006883987,4420.326899999964,4500.225175559106
1776012959,485,,Aggregated,625.900000,0.700000,270,370,460,520,670,840,1100,1300,2000,2700,4400,170208,557,270.0,381.24742992914236,1.6951000006883987,4420.326899999964,4500.224813169769
1776012960,494,,Aggregated,626.300000,1.600000,270,380,460,520,670,840,1100,1300,2000,2700,4400,170753,561,270.0,381.7238254660797,1.6951000006883987,4420.326899999964,4500.16620498615
1776012961,502,,Aggregated,623.500000,1.800000,280,380,460,520,670,840,1100,1300,2000,2700,4400,171265,564,280.0,382.5354031001048,1.6951000006883987,4420.326899999964,4500.131462937553
1776012962,509,,Aggregated,619.400000,2.000000,280,380,460,520,670,850,1100,1300,2000,2700,4400,171763,571,280.0,383.5281284333618,1.6951000006883987,4420.326899999964,4499.99056839948
1776012963,516,,Aggregated,615.700000,2.300000,280,380,460,520,680,850,1100,1300,2000,2700,4400,172276,576,280.0,384.48001710783564,1.6951000006883987,4420.326899999964,4499.904223455385
1776012964,523,,Aggregated,620.500000,2.900000,280,380,470,520,680,860,1100,1300,2000,2700,4400,172715,588,280.0,385.39949942726156,1.6951000006883987,4420.326899999964,4499.628897316388
1776012964,528,,Aggregated,620.500000,2.900000,280,380,470,530,680,860,1100,1400,2000,2700,4400,173236,599,280.0,386.57294238645284,1.6951000006883987,4420.326899999964,4499.388435429126
1776012966,533,,Aggregated,615.500000,4.400000,280,380,470,530,690,870,1100,1400,2000,2700,4400,173796,608,280.0,387.6726740766738,1.6951000006883987,4420.326899999964,4499.204929917834
1776012967,537,,Aggregated,609.900000,5.600000,280,380,470,530,690,870,1100,1400,2000,2700,4400,174451,610,280.0,388.44173724506913,1.6951000006883987,4420.326899999964,4499.21247227015
1776012968,541,,Aggregated,603.800000,6.200000,280,390,470,530,690,870,1100,1400,2000,2700,4400,175068,611,280.0,389.101917826271,1.6951000006883987,4420.326899999964,4499.242322983069
1776012969,544,,Aggregated,609.300000,6.300000,280,390,470,530,690,870,1100,1300,2000,2700,4400,175734,611,280.0,389.64040061461907,1.6951000006883987,4420.326899999964,4499.302041722148
1776012970,547,,Aggregated,611.300000,5.500000,280,390,480,530,690,870,1100,1300,2000,2700,4400,176449,611,280.0,389.98820254509565,1.6951000006883987,4420.326899999964,4499.3656523981435
1776012970,548,,Aggregated,611.300000,5.500000,280,390,480,530,690,870,1100,1300,2000,2700,4400,177082,611,280.0,390.4105260806277,1.6951000006883987,4420.326899999964,4499.421539173942
1776012971,549,,Aggregated,617.300000,5.300000,280,390,480,540,690,870,1100,1300,2000,2700,4400,177781,611,280.0,391.0554450114455,1.6951000006883987,4420.326899999964,4499.48279062442
1776012972,549,,Aggregated,627.000000,5.100000,280,390,480,540,690,870,1100,1300,2000,2700,4400,178433,611,280.0,391.42598396087,1.6951000006883987,4420.326899999964,4499.539491013434
1776012973,549,,Aggregated,641.900000,4.800000,280,390,480,540,690,870,1100,1300,2000,2700,4400,179126,611,280.0,391.921152240769,1.6951000006883987,4420.326899999964,4499.599304400254
1776012974,548,,Aggregated,657.800000,4.500000,280,400,480,540,690,860,1100,1300,2000,2700,4400,179796,611,280.0,392.3237324837034,1.6951000006883987,4420.326899999964,4499.656694253487
1776012975,546,,Aggregated,673.600000,4.000000,280,400,480,540,690,860,1100,1300,2000,2700,4400,180490,611,280.0,392.7600187528946,1.6951000006883987,4420.326899999964,4499.715690619979
1776012976,544,,Aggregated,696.400000,3.000000,280,400,480,540,690,860,1100,1300,2000,2700,4400,181210,611,280.0,393.08444791120746,1.6951000006883987,4420.326899999964,4499.776419623641
1776012977,541,,Aggregated,713.000000,1.800000,280,400,490,540,690,860,1100,1300,2000,2700,4400,181917,611,280.0,393.4015646897205,1.6951000006883987,4420.326899999964,4499.8355843599
1776012978,537,,Aggregated,732.100000,0.900000,290,400,490,540,690,860,1100,1300,2000,2700,4400,182612,611,290.0,393.71985392301696,1.6951000006883987,4420.326899999964,4499.893298359363
1776012979,532,,Aggregated,737.700000,0.400000,290,400,490,540,700,860,1100,1300,2000,2700,4400,183281,611,290.0,394.0539781970305,1.6951000006883987,4420.326899999964,4499.948439827369
1776012980,527,,Aggregated,744.400000,0.300000,290,400,490,540,700,860,1100,1300,2000,2700,4400,184011,611,290.0,394.28993671155473,1.6951000006883987,4420.326899999964,4500.008151686584
1776012980,521,,Aggregated,744.400000,0.300000,290,400,490,540,690,860,1100,1300,2000,2700,4400,184766,611,290.0,394.3397787510142,1.6951000006883987,4420.326899999964,4500.069412121277
1776012981,515,,Aggregated,744.200000,0.300000,290,400,490,540,690,860,1100,1300,2000,2700,4400,185504,611,290.0,394.39016758183027,1.6951000006883987,4420.326899999964,4500.128811238572
1776012982,508,,Aggregated,746.200000,0.300000,290,400,490,540,690,860,1100,1300,2000,2700,4400,186273,611,290.0,394.2800317242966,1.6951000006883987,4420.326899999964,4500.190204699554
1776012983,501,,Aggregated,755.900000,0.300000,290,400,490,540,690,860,1100,1300,2000,2700,4400,187008,611,290.0,394.1812412113909,1.6951000006883987,4420.326899999964,4500.248411832649
1776012984,492,,Aggregated,767.700000,0.000000,290,400,490,540,690,860,1100,1300,2000,2700,4400,187747,611,290.0,394.06267749764163,1.6951000006883987,4420.326899999964,4500.306476268595
1776012985,484,,Aggregated,776.500000,0.000000,290,400,490,540,690,850,1100,1300,2000,2700,4400,188492,611,290.0,393.9253465908345,1.6951000006883987,4420.326899999964,4500.364551280691
1776012986,475,,Aggregated,784.500000,0.000000,290,400,490,540,690,850,1100,1300,2000,2700,4400,189216,611,290.0,393.78845323111995,1.6951000006883987,4420.326899999964,4500.4205511161845
1776012987,465,,Aggregated,789.000000,0.000000,290,400,490,540,690,850,1100,1300,2000,2700,4400,189944,611,290.0,393.5890831406602,1.6951000006883987,4420.326899999964,4500.476429895127
1776012988,455,,Aggregated,791.500000,0.000000,290,400,490,540,690,850,1100,1300,2000,2700,4400,190661,611,290.0,393.3359302638706,1.6951000006883987,4420.326899999964,4500.531047251405
1776012989,444,,Aggregated,798.000000,0.000000,290,400,480,540,690,850,1100,1300,2000,2700,4400,191401,611,290.0,393.0673797340119,1.6951000006883987,4420.326899999964,4500.586987528801
1776012996,433,,Aggregated,496.300000,0.000000,290,400,480,540,690,850,1100,1300,2000,2700,4400,192068,611,290.0,392.96570263698146,1.6951000006883987,4420.326899999964,4500.637040006664
1776012990,422,,Aggregated,801.700000,0.000000,290,400,480,540,690,850,1100,1300,2000,2700,4400,192787,611,290.0,392.71467340214735,1.6951000006883987,4420.326899999964,4500.690606731781
1776012991,410,,Aggregated,806.600000,0.000000,290,400,480,540,690,850,1100,1300,2000,2700,4400,193444,611,290.0,392.49174245507584,1.6951000006883987,4420.326899999964,4500.739206178532
1776012992,398,,Aggregated,802.900000,0.000000,290,400,480,540,680,850,1100,1300,2000,2700,4400,194133,611,290.0,392.0904066187594,1.6951000006883987,4420.326899999964,4500.789819350652
1776012993,386,,Aggregated,793.700000,0.000000,290,400,480,530,680,850,1100,1300,2000,2700,4400,194754,611,290.0,391.78854390456485,1.6951000006883987,4420.326899999964,4500.835130472288
1776012994,373,,Aggregated,787.800000,0.000000,290,400,480,530,680,850,1100,1300,2000,2700,4400,195411,611,290.0,391.44585204425255,1.6951000006883987,4420.326899999964,4500.882754809095
1776012995,361,,Aggregated,780.000000,0.000000,290,400,480,530,680,840,1100,1300,2000,2700,4400,196033,611,290.0,391.07109178469665,1.6951000006883987,4420.326899999964,4500.927547912851
1776012996,348,,Aggregated,767.600000,0.000000,290,400,480,530,680,840,1100,1300,2000,2700,4400,196656,611,290.0,390.6879777311615,1.6951000006883987,4420.326899999964,4500.9721289968265
1776012997,335,,Aggregated,759.400000,0.000000,290,400,480,530,680,840,1100,1300,1900,2700,4400,197250,611,290.0,390.30126210549633,1.6951000006883987,4420.326899999964,4501.014372623574
1776012998,322,,Aggregated,747.400000,0.000000,290,400,480,530,680,840,1100,1300,1900,2700,4400,197822,611,290.0,389.9188757112416,1.6951000006883987,4420.326899999964,4501.054811901608
1776012999,309,,Aggregated,729.300000,0.000000,290,400,480,530,680,840,1100,1300,1900,2700,4400,198409,611,290.0,389.4948112186921,1.6951000006883987,4420.326899999964,4501.096069230731
1776013006,299,,Aggregated,413.500000,0.000000,290,390,480,530,680,840,1100,1300,1900,2700,4400,198956,611,290.0,389.1022299845174,1.6951000006883987,4420.326899999964,4501.134296025251
1776013000,289,,Aggregated,714.400000,0.000000,290,390,480,530,680,840,1100,1300,1900,2700,4400,199479,611,290.0,388.73710390076013,1.6951000006883987,4420.326899999964,4501.170649542057
1776013001,279,,Aggregated,701.800000,0.000000,290,390,470,530,680,840,1100,1300,1900,2700,4400,199996,611,290.0,388.3578404889085,1.6951000006883987,4420.326899999964,4501.206399127983
1776013002,269,,Aggregated,684.100000,0.000000,280,390,470,530,680,840,1100,1300,1900,2600,4400,200497,611,280.0,387.97665397980813,1.6951000006883987,4420.326899999964,4501.240866446879
1776013003,259,,Aggregated,672.600000,0.000000,280,390,470,530,680,840,1100,1300,1900,2600,4400,200976,611,280.0,387.609302986524,1.6951000006883987,4420.326899999964,4501.273659541438
1776013004,249,,Aggregated,649.900000,0.000000,280,390,470,530,680,840,1100,1300,1900,2600,4400,201438,611,280.0,387.2711662042403,1.6951000006883987,4420.326899999964,4501.305141035951
1776013005,239,,Aggregated,631.800000,0.000000,280,390,470,530,680,840,1100,1300,1900,2600,4400,201885,611,280.0,386.93812144032296,1.6951000006883987,4420.326899999964,4501.335463258786
1776013006,229,,Aggregated,616.000000,0.000000,280,390,470,530,680,840,1100,1300,1900,2600,4400,202304,611,280.0,386.6283001260465,1.6951000006883987,4420.326899999964,4501.363764433723
1776013007,219,,Aggregated,594.100000,0.000000,280,390,470,530,680,840,1100,1300,1900,2600,4400,202731,611,280.0,386.30134718045,1.6951000006883987,4420.326899999964,4501.392485609009
1776013008,209,,Aggregated,573.100000,0.000000,280,390,470,530,670,830,1100,1300,1900,2600,4400,203135,611,280.0,385.99539579959077,1.6951000006883987,4420.326899999964,4501.41954857607
1776013009,199,,Aggregated,551.900000,0.000000,280,390,470,520,670,830,1100,1300,1900,2600,4400,203503,611,280.0,385.72167305135486,1.6951000006883987,4420.326899999964,4501.444106475089
1776013016,189,,Aggregated,288.900000,0.000000,280,390,470,520,670,830,1100,1300,1900,2600,4400,203868,611,280.0,385.4397380714966,1.6951000006883987,4420.326899999964,4501.468376596621
1776013010,179,,Aggregated,535.200000,0.000000,280,390,470,520,670,830,1100,1300,1900,2600,4400,204197,611,280.0,385.18893987257326,1.6951000006883987,4420.326899999964,4501.490178602036
1776013011,169,,Aggregated,515.500000,0.000000,280,390,470,520,670,830,1100,1300,1900,2600,4400,204520,611,280.0,384.94079830388216,1.6951000006883987,4420.326899999964,4501.511514766282
1776013012,159,,Aggregated,495.500000,0.000000,280,390,470,520,670,830,1100,1300,1900,2600,4400,204815,611,280.0,384.71958113248525,1.6951000006883987,4420.326899999964,4501.530942557918
1776013013,149,,Aggregated,475.400000,0.000000,280,390,470,520,670,830,1100,1300,1900,2600,4400,205095,611,280.0,384.5084778037005,1.6951000006883987,4420.326899999964,4501.549330797923
1776013014,139,,Aggregated,450.300000,0.000000,280,390,470,520,670,830,1100,1300,1900,2600,4400,205364,611,280.0,384.3066532223272,1.6951000006883987,4420.326899999964,4501.566949416646
1776013015,129,,Aggregated,432.500000,0.000000,280,390,470,520,670,830,1100,1300,1900,2600,4400,205610,611,280.0,384.120492138855,1.6951000006883987,4420.326899999964,4501.58302125383
1776013016,119,,Aggregated,412.100000,0.000000,280,380,470,520,670,830,1100,1300,1900,2600,4400,205835,611,280.0,383.9487860156433,1.6951000006883987,4420.326899999964,4501.597687468117
1776013017,109,,Aggregated,394.200000,0.000000,280,380,470,520,670,830,1100,1300,1900,2600,4400,206052,611,280.0,383.7828641308984,1.6951000006883987,4420.326899999964,4501.611801875255
1776013018,99,,Aggregated,371.700000,0.000000,280,380,470,520,670,830,1100,1300,1900,2600,4400,206224,611,280.0,383.65072953948084,1.6951000006883987,4420.326899999964,4501.622968228722
1776013019,89,,Aggregated,346.500000,0.000000,280,380,470,520,670,830,1100,1300,1900,2600,4400,206402,611,280.0,383.5160281452211,1.6951000006883987,4420.326899999964,4501.634504510615
1776013026,79,,Aggregated,147.500000,0.000000,280,380,470,520,670,830,1100,1300,1900,2600,4400,206552,611,280.0,383.4017517567491,1.6951000006883987,4420.326899999964,4501.644210658817
1776013020,69,,Aggregated,325.500000,0.000000,280,380,470,520,670,830,1100,1300,1900,2600,4400,206681,611,280.0,383.3033517010755,1.6951000006883987,4420.326899999964,4501.652546678214
1776013021,59,,Aggregated,304.800000,0.000000,280,380,470,520,670,830,1100,1300,1900,2600,4400,206797,611,280.0,383.2150646111409,1.6951000006883987,4420.326899999964,4501.660033752907
1776013022,49,,Aggregated,283.400000,0.000000,280,380,470,520,670,830,1100,1300,1900,2600,4400,206887,611,280.0,383.147684515509,1.6951000006883987,4420.326899999964,4501.665836906137
1776013023,39,,Aggregated,258.400000,0.000000,280,380,470,520,670,830,1100,1300,1900,2600,4400,206960,611,280.0,383.09439485282223,1.6951000006883987,4420.326899999964,4501.670540201005
1776013024,29,,Aggregated,230.100000,0.000000,280,380,470,520,670,830,1100,1300,1900,2600,4400,207017,611,280.0,383.0522348842367,1.6951000006883987,4420.326899999964,4501.674210330552
1776013025,19,,Aggregated,207.500000,0.000000,280,380,470,520,670,830,1100,1300,1900,2600,4400,207055,611,280.0,383.0233622089302,1.6951000006883987,4420.326899999964,4501.676655960977
1776013026,10,,Aggregated,186.800000,0.000000,280,380,470,520,670,830,1100,1300,1900,2600,4400,207075,611,280.0,383.0091354571051,1.6951000006883987,4420.326899999964,4501.677942774357
1776013027,10,,Aggregated,165.300000,0.000000,280,380,470,520,670,830,1100,1300,1900,2600,4400,207092,611,280.0,382.99631798775437,1.6951000006883987,4420.326899999964,4501.6790363703085
1776013028,10,,Aggregated,141.400000,0.000000,280,380,470,520,670,830,1100,1300,1900,2600,4400,207110,611,280.0,382.9826282220561,1.6951000006883987,4420.326899999964,4501.680194099754
1776013029,10,,Aggregated,116.300000,0.000000,280,380,470,520,670,830,1100,1300,1900,2600,4400,207126,611,280.0,382.97054676245403,1.6951000006883987,4420.326899999964,4501.6812230236665
1776013036,10,,Aggregated,22.000000,0.000000,280,380,470,520,670,830,1100,1300,1900,2600,4400,207146,611,280.0,382.9554920175145,1.6951000006883987,4420.326899999964,4501.682508955037
1776013030,10,,Aggregated,98.000000,0.000000,280,380,460,520,670,830,1100,1300,1900,2600,4400,207164,611,280.0,382.9418308886681,1.6951000006883987,4420.326899999964,4501.6836660809795
1776013031,10,,Aggregated,81.600000,0.000000,280,380,460,520,670,830,1100,1300,1900,2600,4400,207184,611,280.0,382.9266911376363,1.6951000006883987,4420.326899999964,4501.684951540659
1776013032,10,,Aggregated,68.900000,0.000000,280,380,460,520,670,830,1100,1300,1900,2600,4400,207203,611,280.0,382.91229719622805,1.6951000006883987,4420.326899999964,4501.686172497502
1776013033,10,,Aggregated,55.900000,0.000000,280,380,460,520,670,830,1100,1300,1900,2600,4400,207226,611,280.0,382.89502065739833,1.6951000006883987,4420.326899999964,4501.687650198334
1776013034,10,,Aggregated,41.800000,0.000000,280,380,460,520,670,830,1100,1300,1900,2600,4400,207244,611,280.0,382.88139755631056,1.6951000006883987,4420.326899999964,4501.688806431067
1776013035,10,,Aggregated,34.200000,0.000000,280,380,460,520,670,830,1100,1300,1900,2600,4400,207263,611,280.0,382.86705458996533,1.6951000006883987,4420.326899999964,4501.690026681077
1776013036,10,,Aggregated,29.900000,0.000000,280,380,460,520,670,830,1100,1300,1900,2600,4400,207283,611,280.0,382.85293435588045,1.6951000006883987,4420.326899999964,4501.691310913099
1776013037,10,,Aggregated,26.500000,0.000000,280,380,460,520,670,830,1100,1300,1900,2600,4400,207301,611,280.0,382.83931690922844,1.6951000006883987,4420.326899999964,4501.6924665100505
1776013038,10,,Aggregated,25.100000,0.000000,280,380,460,520,670,830,1100,1300,1900,2600,4400,207320,611,280.0,382.824859202537,1.6951000006883987,4420.326899999964,4501.693686089137
1776013039,10,,Aggregated,21.500000,0.000000,280,380,460,520,670,830,1100,1300,1900,2600,4400,207338,611,280.0,382.81127157752076,1.6951000006883987,4420.326899999964,4501.694841273669
1776013046,10,,Aggregated,13.100000,0.000000,280,380,460,520,670,830,1100,1300,1900,2600,4400,207359,611,280.0,382.79535944280195,1.6951000006883987,4420.326899999964,4501.696188735478
1776013040,10,,Aggregated,21.400000,0.000000,280,380,460,520,670,830,1100,1300,1900,2600,4400,207376,611,280.0,382.7835331486283,1.6951000006883987,4420.326899999964,4501.697279338014
1776013041,10,,Aggregated,21.600000,0.000000,280,380,460,520,670,830,1100,1300,1900,2600,4400,207395,612,280.0,382.76924311690226,1.6951000006883987,4420.326899999964,4501.676727982835
1776013042,10,,Aggregated,21.300000,0.000000,280,380,460,520,670,830,1100,1300,1900,2600,4400,207415,612,280.0,382.75749089125645,1.6951000006883987,4420.326899999964,4501.678012679893
1776013043,10,,Aggregated,21.300000,0.000000,280,380,460,520,670,830,1100,1300,1900,2600,4400,207432,612,280.0,382.74473460521983,1.6951000006883987,4420.326899999964,4501.679104477612
1776013044,10,,Aggregated,20.800000,0.100000,280,380,460,520,670,830,1100,1300,1900,2600,4400,207452,612,280.0,382.7294112276091,1.6951000006883987,4420.326899999964,4501.680388716426
1776013045,10,,Aggregated,21.100000,0.100000,280,380,460,520,670,830,1100,1300,1900,2600,4400,207470,612,280.0,382.71574686340176,1.6951000006883987,4420.326899999964,4501.681544319661
1776013046,10,,Aggregated,20.500000,0.100000,280,380,460,520,670,830,1100,1300,1900,2600,4400,207489,612,280.0,382.70138513704325,1.6951000006883987,4420.326899999964,4501.682763905556
1776013047,10,,Aggregated,20.100000,0.100000,280,380,460,520,670,830,1100,1300,1900,2600,4400,207509,612,280.0,382.686287253372,1.6951000006883987,4420.326899999964,4501.684047438906
1776013048,10,,Aggregated,20.500000,0.100000,280,380,460,520,670,830,1100,1300,1900,2600,4400,207530,612,280.0,382.6703668843057,1.6951000006883987,4420.326899999964,4501.685394882667
1776013049,10,,Aggregated,20.300000,0.100000,280,380,460,520,670,830,1100,1300,1900,2600,4400,207548,612,280.0,382.6565506280474,1.6951000006883987,4420.326899999964,4501.686549617438
1776013056,10,,Aggregated,13.500000,0.000000,280,380,460,520,670,830,1100,1300,1900,2600,4400,207567,612,280.0,382.6428373051111,1.6951000006883987,4420.326899999964,4501.687768286866
1776013051,10,,Aggregated,20.600000,0.100000,280,380,460,520,670,830,1100,1300,1900,2600,4400,207587,612,280.0,382.6276572955917,1.6951000006883987,4420.326899999964,4501.689050855785
1776013052,10,,Aggregated,20.600000,0.100000,280,380,460,520,670,830,1100,1300,1900,2600,4400,207606,612,280.0,382.61323774943867,1.6951000006883987,4420.326899999964,4501.690269067368
1776013053,10,,Aggregated,20.900000,0.100000,280,380,460,520,670,830,1100,1300,1900,2600,4400,207624,612,280.0,382.59960164778613,1.6951000006883987,4420.326899999964,4501.691422956884
1776013054,10,,Aggregated,20.900000,0.100000,280,380,460,520,670,830,1100,1300,1900,2600,4400,207643,612,280.0,382.5861164408623,1.6951000006883987,4420.326899999964,4501.692640734337
1776013055,10,,Aggregated,20.900000,0.100000,280,380,460,520,670,830,1100,1300,1900,2600,4400,207643,612,280.0,382.5861164408623,1.6951000006883987,4420.326899999964,4501.692640734337
1776013056,0,,Aggregated,20.800000,0.000000,280,380,460,520,670,830,1100,1300,1900,2600,4400,207653,612,280.0,382.66694909112795,1.6951000006883987,4420.326899999964,4501.693281580328
1776013057,0,,Aggregated,20.800000,0.000000,280,380,460,520,670,830,1100,1300,1900,2600,4400,207653,612,280.0,382.66694909112795,1.6951000006883987,4420.326899999964,4501.693281580328
1776013058,0,,Aggregated,20.800000,0.000000,280,380,460,520,670,830,1100,1300,1900,2600,4400,207653,612,280.0,382.66694909112795,1.6951000006883987,4420.326899999964,4501.693281580328
1776013059,0,,Aggregated,20.800000,0.000000,280,380,460,520,670,830,1100,1300,1900,2600,4400,207653,612,280.0,382.66694909112795,1.6951000006883987,4420.326899999964,4501.693281580328
1776013066,0,,Aggregated,20.800000,0.000000,280,380,460,520,670,830,1100,1300,1900,2600,4400,207653,612,280.0,382.66694909112795,1.6951000006883987,4420.326899999964,4501.693281580328
1776013060,0,,Aggregated,20.800000,0.000000,280,380,460,520,670,830,1100,1300,1900,2600,4400,207653,612,280.0,382.66694909112795,1.6951000006883987,4420.326899999964,4501.693281580328
1776013061,0,,Aggregated,20.800000,0.000000,280,380,460,520,670,830,1100,1300,1900,2600,4400,207653,612,280.0,382.66694909112795,1.6951000006883987,4420.326899999964,4501.693281580328
1776013063,0,,Aggregated,20.800000,0.000000,280,380,460,520,670,830,1100,1300,1900,2600,4400,207653,612,280.0,382.66694909112795,1.6951000006883987,4420.326899999964,4501.693281580328
1776013064,0,,Aggregated,20.800000,0.000000,280,380,460,520,670,830,1100,1300,1900,2600,4400,207653,612,280.0,382.66694909112795,1.6951000006883987,4420.326899999964,4501.693281580328
1776013065,0,,Aggregated,20.800000,0.000000,280,380,460,520,670,830,1100,1300,1900,2600,4400,207653,612,280.0,382.66694909112795,1.6951000006883987,4420.326899999964,4501.693281580328
1776013065,0,,Aggregated,20.800000,0.000000,280,380,460,520,670,830,1100,1300,1900,2600,4400,207653,612,280.0,382.66694909112795,1.6951000006883987,4420.326899999964,4501.693281580328
1776013066,0,,Aggregated,20.800000,0.000000,280,380,460,520,670,830,1100,1300,1900,2600,4400,207653,612,280.0,382.66694909112795,1.6951000006883987,4420.326899999964,4501.693281580328
1776013067,0,,Aggregated,20.800000,0.000000,280,380,460,520,670,830,1100,1300,1900,2600,4400,207653,612,280.0,382.66694909112795,1.6951000006883987,4420.326899999964,4501.693281580328
1776013068,0,,Aggregated,20.800000,0.000000,280,380,460,520,670,830,1100,1300,1900,2600,4400,207653,612,280.0,382.66694909112795,1.6951000006883987,4420.326899999964,4501.693281580328
1776013069,0,,Aggregated,20.800000,0.000000,280,380,460,520,670,830,1100,1300,1900,2600,4400,207653,612,280.0,382.66694909112795,1.6951000006883987,4420.326899999964,4501.693281580328
1776013076,0,,Aggregated,20.800000,0.000000,280,380,460,520,670,830,1100,1300,1900,2600,4400,207653,612,280.0,382.66694909112795,1.6951000006883987,4420.326899999964,4501.693281580328
1776013071,0,,Aggregated,20.800000,0.000000,280,380,460,520,670,830,1100,1300,1900,2600,4400,207653,612,280.0,382.66694909112795,1.6951000006883987,4420.326899999964,4501.693281580328
1776013072,0,,Aggregated,20.800000,0.000000,280,380,460,520,670,830,1100,1300,1900,2600,4400,207653,612,280.0,382.66694909112795,1.6951000006883987,4420.326899999964,4501.693281580328
1776013073,0,,Aggregated,20.800000,0.000000,280,380,460,520,670,830,1100,1300,1900,2600,4400,207653,612,280.0,382.66694909112795,1.6951000006883987,4420.326899999964,4501.693281580328
1776013074,0,,Aggregated,20.800000,0.000000,280,380,460,520,670,830,1100,1300,1900,2600,4400,207653,612,280.0,382.66694909112795,1.6951000006883987,4420.326899999964,4501.693281580328
1776013075,0,,Aggregated,20.800000,0.000000,280,380,460,520,670,830,1100,1300,1900,2600,4400,207653,612,280.0,382.66694909112795,1.6951000006883987,4420.326899999964,4501.693281580328
1776013075,0,,Aggregated,20.800000,0.000000,280,380,460,520,670,830,1100,1300,1900,2600,4400,207653,612,280.0,382.66694909112795,1.6951000006883987,4420.326899999964,4501.693281580328
1776013076,0,,Aggregated,20.800000,0.000000,280,380,460,520,670,830,1100,1300,1900,2600,4400,207653,612,280.0,382.66694909112795,1.6951000006883987,4420.326899999964,4501.693281580328
1776013077,0,,Aggregated,20.800000,0.000000,280,380,460,520,670,830,1100,1300,1900,2600,4400,207653,612,280.0,382.66694909112795,1.6951000006883987,4420.326899999964,4501.693281580328
1776013078,0,,Aggregated,20.800000,0.000000,280,380,460,520,670,830,1100,1300,1900,2600,4400,207653,612,280.0,382.66694909112795,1.6951000006883987,4420.326899999964,4501.693281580328
1776013079,0,,Aggregated,20.800000,0.000000,280,380,460,520,670,830,1100,1300,1900,2600,4400,207653,612,280.0,382.66694909112795,1.6951000006883987,4420.326899999964,4501.693281580328
1776013080,0,,Aggregated,20.800000,0.000000,280,380,460,520,670,830,1100,1300,1900,2600,4400,207653,612,280.0,382.66694909112795,1.6951000006883987,4420.326899999964,4501.693281580328
1776013081,0,,Aggregated,20.800000,0.000000,280,380,460,520,670,830,1100,1300,1900,2600,4400,207653,612,280.0,382.66694909112795,1.6951000006883987,4420.326899999964,4501.693281580328
1776013082,0,,Aggregated,20.800000,0.000000,280,380,460,520,670,830,1100,1300,1900,2600,4400,207653,612,280.0,382.66694909112795,1.6951000006883987,4420.326899999964,4501.693281580328
1776013083,0,,Aggregated,20.800000,0.000000,280,380,460,520,670,830,1100,1300,1900,2600,4400,207653,612,280.0,382.66694909112795,1.6951000006883987,4420.326899999964,4501.693281580328
1776013084,0,,Aggregated,20.800000,0.000000,280,380,460,520,670,830,1100,1300,1900,2600,4400,207653,612,280.0,382.66694909112795,1.6951000006883987,4420.326899999964,4501.693281580328
1776013085,0,,Aggregated,20.800000,0.000000,280,380,460,520,670,830,1100,1300,1900,2600,4400,207653,612,280.0,382.66694909112795,1.6951000006883987,4420.326899999964,4501.693281580328
1776013085,0,,Aggregated,20.800000,0.000000,280,380,460,520,670,830,1100,1300,1900,2600,4400,207653,612,280.0,382.66694909112795,1.6951000006883987,4420.326899999964,4501.693281580328
1776013086,0,,Aggregated,20.800000,0.000000,280,380,460,520,670,830,1100,1300,1900,2600,4400,207653,612,280.0,382.66694909112795,1.6951000006883987,4420.326899999964,4501.693281580328
1776013087,0,,Aggregated,20.800000,0.000000,280,380,460,520,670,830,1100,1300,1900,2600,4400,207653,612,280.0,382.66694909112795,1.6951000006883987,4420.326899999964,4501.693281580328
1776013088,0,,Aggregated,20.800000,0.000000,280,380,460,520,670,830,1100,1300,1900,2600,4400,207653,612,280.0,382.66694909112795,1.6951000006883987,4420.326899999964,4501.693281580328
1776013089,0,,Aggregated,20.800000,0.000000,280,380,460,520,670,830,1100,1300,1900,2600,4400,207653,612,280.0,382.66694909112795,1.6951000006883987,4420.326899999964,4501.693281580328
1776013090,0,,Aggregated,20.800000,0.000000,280,380,460,520,670,830,1100,1300,1900,2600,4400,207653,612,280.0,382.66694909112795,1.6951000006883987,4420.326899999964,4501.693281580328
1776013091,0,,Aggregated,20.800000,0.000000,280,380,460,520,670,830,1100,1300,1900,2600,4400,207653,612,280.0,382.66694909112795,1.6951000006883987,4420.326899999964,4501.693281580328
1776013092,0,,Aggregated,20.800000,0.000000,280,380,460,520,670,830,1100,1300,1900,2600,4400,207653,612,280.0,382.66694909112795,1.6951000006883987,4420.326899999964,4501.693281580328
1776013093,0,,Aggregated,20.800000,0.000000,280,380,460,520,670,830,1100,1300,1900,2600,4400,207653,612,280.0,382.66694909112795,1.6951000006883987,4420.326899999964,4501.693281580328
1776013094,0,,Aggregated,20.800000,0.000000,280,380,460,520,670,830,1100,1300,1900,2600,4400,207653,612,280.0,382.66694909112795,1.6951000006883987,4420.326899999964,4501.693281580328
1776013095,0,,Aggregated,20.800000,0.000000,280,380,460,520,670,830,1100,1300,1900,2600,4400,207653,612,280.0,382.66694909112795,1.6951000006883987,4420.326899999964,4501.693281580328
1776013095,0,,Aggregated,20.800000,0.000000,280,380,460,520,670,830,1100,1300,1900,2600,4400,207653,612,280.0,382.66694909112795,1.6951000006883987,4420.326899999964,4501.693281580328
1776013096,0,,Aggregated,20.800000,0.000000,280,380,460,520,670,830,1100,1300,1900,2600,4400,207653,612,280.0,382.66694909112795,1.6951000006883987,4420.326899999964,4501.693281580328
1776013097,0,,Aggregated,20.800000,0.000000,280,380,460,520,670,830,1100,1300,1900,2600,4400,207653,612,280.0,382.66694909112795,1.6951000006883987,4420.326899999964,4501.693281580328
1776013098,0,,Aggregated,20.800000,0.000000,280,380,460,520,670,830,1100,1300,1900,2600,4400,207653,612,280.0,382.66694909112795,1.6951000006883987,4420.326899999964,4501.693281580328
1776013099,0,,Aggregated,20.800000,0.000000,280,380,460,520,670,830,1100,1300,1900,2600,4400,207653,612,280.0,382.66694909112795,1.6951000006883987,4420.326899999964,4501.693281580328
1776013100,0,,Aggregated,20.800000,0.000000,280,380,460,520,670,830,1100,1300,1900,2600,4400,207653,612,280.0,382.66694909112795,1.6951000006883987,4420.326899999964,4501.693281580328
1776013101,0,,Aggregated,20.800000,0.000000,280,380,460,520,670,830,1100,1300,1900,2600,4400,207653,612,280.0,382.66694909112795,1.6951000006883987,4420.326899999964,4501.693281580328
1776013102,0,,Aggregated,20.800000,0.000000,280,380,460,520,670,830,1100,1300,1900,2600,4400,207653,612,280.0,382.66694909112795,1.6951000006883987,4420.326899999964,4501.693281580328
1776013103,0,,Aggregated,20.800000,0.000000,280,380,460,520,670,830,1100,1300,1900,2600,4400,207653,612,280.0,382.66694909112795,1.6951000006883987,4420.326899999964,4501.693281580328
1776013104,0,,Aggregated,20.800000,0.000000,280,380,460,520,670,830,1100,1300,1900,2600,4400,207653,612,280.0,382.66694909112795,1.6951000006883987,4420.326899999964,4501.693281580328
1776013105,0,,Aggregated,20.800000,0.000000,280,380,460,520,670,830,1100,1300,1900,2600,4400,207653,612,280.0,382.66694909112795,1.6951000006883987,4420.326899999964,4501.693281580328
1776013105,0,,Aggregated,20.800000,0.000000,280,380,460,520,670,830,1100,1300,1900,2600,4400,207653,612,280.0,382.66694909112795,1.6951000006883987,4420.326899999964,4501.693281580328
1776013106,0,,Aggregated,20.800000,0.000000,280,380,460,520,670,830,1100,1300,1900,2600,4400,207653,612,280.0,382.66694909112795,1.6951000006883987,4420.326899999964,4501.693281580328
1776013107,0,,Aggregated,20.800000,0.000000,280,380,460,520,670,830,1100,1300,1900,2600,4400,207653,612,280.0,382.66694909112795,1.6951000006883987,4420.326899999964,4501.693281580328
1776013108,0,,Aggregated,20.800000,0.000000,280,380,460,520,670,830,1100,1300,1900,2600,4400,207653,612,280.0,382.66694909112795,1.6951000006883987,4420.326899999964,4501.693281580328
1776013109,0,,Aggregated,20.800000,0.000000,280,380,460,520,670,830,1100,1300,1900,2600,4400,207653,612,280.0,382.66694909112795,1.6951000006883987,4420.326899999964,4501.693281580328
