Timestamp,User Count,Type,Name,Requests/s,Failures/s,50%,66%,75%,80%,90%,95%,98%,99%,99.9%,99.99%,100%,Total Request Count,Total Failure Count,Total Median Response Time,Total Average Response Time,Total Min Response Time,Total Max Response Time,Total Average Content Size
1775643825,0,,Aggregated,0.000000,0.000000,N/A,N/A,N/A,N/A,N/A,N/A,N/A,N/A,N/A,N/A,N/A,0,0,0,0.0,0,0,0
1775643826,10,,Aggregated,0.000000,0.000000,520,520,530,530,550,550,550,550,550,550,550,10,0,520.0,473.0530862001615,259.41332900038105,554.8295129992766,4515.0
1775643827,20,,Aggregated,0.000000,0.000000,500,520,530,530,550,980,1600,1600,1600,1600,1600,37,0,500.0,448.15151945943865,250.41876599789248,1562.9299390020606,4515.0
1775643828,30,,Aggregated,0.000000,0.000000,280,520,520,530,600,1000,1600,2000,2000,2000,2000,79,0,280.0,437.06004837983954,250.41876599789248,2022.6991510025982,4515.0
1775643829,40,,Aggregated,5.000000,0.000000,280,320,520,530,580,980,1200,1600,2000,2000,2000,135,0,280.0,411.2146693185355,249.69682499795454,2022.6991510025982,4515.0
1775643830,50,,Aggregated,13.000000,0.000000,280,300,520,520,600,990,1600,1600,2000,2000,2000,204,0,280.0,410.4830021912551,249.69682499795454,2022.6991510025982,4515.0
1775643831,50,,Aggregated,20.500000,0.000000,280,290,310,510,550,980,1600,1800,2300,2300,2300,288,0,280.0,391.7454558507213,249.69682499795454,2290.7653619986377,4515.0
1775643832,50,,Aggregated,27.200000,0.000000,280,290,310,330,540,970,1300,1600,2300,2300,2300,363,0,280.0,375.80534282915573,249.69682499795454,2290.7653619986377,4515.0
1775643833,50,,Aggregated,34.500000,0.000000,280,290,300,320,540,950,1300,1600,2300,2300,2300,441,0,280.0,371.08225838776076,249.69682499795454,2290.7653619986377,4515.0
1775643834,50,,Aggregated,41.571429,0.000000,280,290,300,310,530,920,1000,1600,2300,2300,2300,520,0,280.0,362.7184487807636,249.69682499795454,2290.7653619986377,4515.0
1775643835,50,,Aggregated,45.750000,0.000000,280,290,300,310,540,890,1000,1600,2300,2300,2300,597,0,280.0,362.977530058607,249.69682499795454,2290.7653619986377,4515.0
1775643836,50,,Aggregated,49.222222,0.000000,280,290,300,310,540,890,1000,1500,2300,2300,2300,675,0,280.0,362.55677271551343,249.69682499795454,2290.7653619986377,4515.0
1775643837,50,,Aggregated,52.200000,0.000000,280,290,300,310,540,820,1000,1300,2300,2300,2300,755,0,280.0,357.5959716741202,249.69682499795454,2290.7653619986377,4515.0
1775643838,50,,Aggregated,59.800000,0.000000,280,290,300,310,530,810,990,1300,2300,2300,2300,838,0,280.0,352.6057013901546,249.69682499795454,2290.7653619986377,4515.0
1775643839,50,,Aggregated,66.900000,0.000000,280,290,300,310,530,790,980,1300,2300,2300,2300,914,0,280.0,348.20812571112225,249.69682499795454,2290.7653619986377,4515.0
1775643840,50,,Aggregated,71.600000,0.000000,280,290,300,310,520,790,980,1300,2300,2300,2300,992,0,280.0,351.4331911894605,249.69682499795454,2290.7653619986377,4515.0
1775643841,50,,Aggregated,75.600000,0.000000,280,290,300,320,520,790,970,1300,2000,2300,2300,1080,0,280.0,349.6784228703258,249.69682499795454,2290.7653619986377,4515.0
1775643842,50,,Aggregated,77.800000,0.000000,280,290,300,310,520,790,970,1300,2000,2300,2300,1151,0,280.0,347.2938350190671,249.69682499795454,2290.7653619986377,4515.0
1775643844,50,,Aggregated,78.600000,0.000000,280,290,300,320,520,790,970,1300,2000,2300,2300,1225,0,280.0,348.1000388987191,249.69682499795454,2290.7653619986377,4515.0
1775643845,50,,Aggregated,78.500000,0.000000,280,290,310,320,520,780,960,1200,2000,2300,2300,1302,0,280.0,347.17283803835403,249.69682499795454,2290.7653619986377,4515.0
1775643846,50,,Aggregated,78.500000,0.000000,280,290,310,320,520,780,960,1300,2000,2300,2300,1382,0,280.0,347.0458980802752,249.69682499795454,2290.7653619986377,4515.0
1775643847,50,,Aggregated,78.200000,0.000000,280,290,300,310,520,780,960,1300,2000,2300,2300,1463,0,280.0,346.63448508404935,249.69682499795454,2290.7653619986377,4515.0
1775643848,50,,Aggregated,78.400000,0.000000,280,290,300,310,520,780,950,1300,2000,2300,2300,1544,0,280.0,344.8376328432427,249.69682499795454,2290.7653619986377,4515.0
1775643849,50,,Aggregated,78.400000,0.000000,280,290,300,310,510,780,930,1200,2000,2300,2300,1615,0,280.0,343.52222587800014,249.69682499795454,2290.7653619986377,4515.0
1775643850,50,,Aggregated,78.700000,0.000000,280,290,300,310,520,780,950,1300,2000,2300,2300,1698,0,280.0,344.2491375741788,249.69682499795454,2290.7653619986377,4515.0
1775643851,50,,Aggregated,77.500000,0.000000,280,290,300,310,520,780,920,1200,2000,2300,2300,1777,0,280.0,344.2253227321087,249.69682499795454,2290.7653619986377,4515.0
1775643852,50,,Aggregated,77.500000,0.000000,280,290,300,310,520,780,920,1300,2000,2300,2300,1858,0,280.0,344.6528109526059,249.69682499795454,2290.7653619986377,4515.0
1775643853,50,,Aggregated,78.300000,0.000000,280,290,300,310,520,780,900,1200,2000,2300,2300,1932,0,280.0,344.08534427326055,249.69682499795454,2290.7653619986377,4515.0
1775643854,50,,Aggregated,77.800000,0.000000,280,290,300,310,520,770,890,1200,1800,2300,2300,2011,0,280.0,344.0087706598429,249.69682499795454,2290.7653619986377,4515.0
1775643855,50,,Aggregated,77.800000,0.000000,280,290,300,310,520,770,890,1200,1800,2300,2300,2088,0,280.0,344.0047511972983,249.69682499795454,2290.7653619986377,4515.0
1775643856,50,,Aggregated,78.300000,0.000000,280,290,300,310,520,770,890,1200,1800,2300,2300,2163,0,280.0,344.23736320017343,249.69682499795454,2290.7653619986377,4515.0
1775643857,70,,Aggregated,78.400000,0.000000,280,290,300,310,530,770,890,1200,1800,2300,2300,2259,0,280.0,345.6917176339023,249.69682499795454,2290.7653619986377,4515.0
1775643858,90,,Aggregated,77.800000,0.000000,280,290,300,310,530,770,890,1300,2000,2300,2300,2392,0,280.0,347.2488416266616,249.69682499795454,2290.7653619986377,4515.0
1775643859,110,,Aggregated,79.200000,0.000000,280,290,310,320,540,770,930,1300,2300,2300,2300,2549,0,280.0,352.0553835068573,249.69682499795454,2290.7653619986377,4515.0
1775643860,130,,Aggregated,84.400000,0.000000,280,300,310,330,550,770,920,1300,2300,2300,2300,2723,0,280.0,354.58704093535874,249.69682499795454,2290.7653619986377,4515.0
1775643861,150,,Aggregated,92.500000,0.000000,290,300,320,360,580,780,980,1300,2300,2300,2300,2897,0,290.0,362.7486561032009,249.69682499795454,2290.7653619986377,4515.0
1775643862,150,,Aggregated,102.200000,0.000000,290,310,340,380,600,790,1000,1300,2000,2300,2300,3113,0,290.0,370.1653612967924,249.69682499795454,2290.7653619986377,4515.0
1775643863,150,,Aggregated,110.900000,0.000000,290,310,370,400,600,800,1000,1300,2300,2900,2900,3305,0,290.0,375.98817559784516,249.69682499795454,2935.1135550023173,4515.0
1775643864,150,,Aggregated,124.000000,0.000000,290,330,370,400,580,800,1000,1300,2300,2900,2900,3520,0,290.0,377.27083885536604,249.69682499795454,2935.1135550023173,4515.0
1775643865,150,,Aggregated,135.900000,0.000000,300,340,370,400,580,800,1000,1300,2300,2900,2900,3732,0,300.0,378.4418365707114,249.69682499795454,2935.1135550023173,4515.0
1775643866,150,,Aggregated,149.500000,0.000000,300,340,380,400,570,810,1000,1300,2300,2900,2900,3946,0,300.0,379.90320379013684,249.69682499795454,2935.1135550023173,4515.0
1775643867,150,,Aggregated,163.200000,0.000000,300,340,380,400,560,810,1000,1300,2300,2900,2900,4151,0,300.0,380.61658241361107,249.69682499795454,2935.1135550023173,4515.0
1775643868,150,,Aggregated,176.800000,0.000000,310,350,390,410,560,810,1000,1200,2300,2900,2900,4350,0,310.0,383.5180699774442,249.69682499795454,2935.1135550023173,4515.0
1775643869,150,,Aggregated,188.400000,0.000000,310,360,390,410,550,820,1000,1300,2300,2900,2900,4560,0,310.0,385.8888674482198,249.69682499795454,2935.1135550023173,4515.0
1775643870,150,,Aggregated,194.800000,0.000000,320,360,390,410,550,820,990,1200,2300,2900,2900,4777,0,320.0,385.99105383418754,249.69682499795454,2935.1135550023173,4515.0
1775643871,150,,Aggregated,199.900000,0.000000,320,370,400,420,550,820,980,1200,2300,2900,2900,4964,0,320.0,390.1174436780675,249.69682499795454,2935.1135550023173,4515.0
1775643872,150,,Aggregated,204.000000,0.000000,330,370,400,420,550,820,980,1200,2300,2900,2900,5162,0,330.0,392.4372887469877,249.69682499795454,2935.1135550023173,4515.0
1775643873,150,,Aggregated,206.000000,0.000000,330,380,410,430,550,830,980,1200,2300,2900,2900,5356,0,330.0,395.83292785343434,249.69682499795454,2935.1135550023173,4515.0
1775643874,150,,Aggregated,204.600000,0.000000,340,380,410,430,550,830,980,1200,2300,2900,2900,5562,0,330.0,398.10410969076116,249.69682499795454,2935.1135550023173,4515.0
1775643875,150,,Aggregated,205.000000,0.000000,340,390,420,440,550,840,980,1200,2300,2900,2900,5756,0,340.0,400.24401940150256,249.69682499795454,2935.1135550023173,4515.0
1775643876,150,,Aggregated,203.900000,0.000000,340,390,420,440,550,840,980,1200,2300,2900,2900,5954,0,340.0,402.03862401513203,249.69682499795454,2935.1135550023173,4515.0
1775643877,150,,Aggregated,202.000000,0.000000,350,390,420,440,550,840,970,1200,2300,2900,2900,6154,0,350.0,404.1457097271861,249.69682499795454,2935.1135550023173,4515.0
1775643878,150,,Aggregated,200.600000,0.000000,350,400,420,440,560,840,970,1200,2300,2900,2900,6363,0,350.0,405.10372874337935,249.69682499795454,2935.1135550023173,4515.0
1775643879,150,,Aggregated,199.300000,0.000000,350,400,420,440,550,840,970,1200,2300,2900,2900,6564,0,350.0,405.692090534447,249.69682499795454,2935.1135550023173,4515.0
1775643880,150,,Aggregated,200.300000,0.000000,350,400,420,440,550,850,970,1200,2300,2900,2900,6770,0,350.0,406.48931544433253,249.69682499795454,2935.1135550023173,4515.0
1775643881,150,,Aggregated,200.300000,0.000000,360,400,430,440,550,850,970,1200,2300,2900,2900,6948,0,360.0,407.72361491595746,249.69682499795454,2935.1135550023173,4515.0
1775643882,150,,Aggregated,198.700000,0.000000,360,400,430,450,570,850,970,1200,2300,2900,2900,7137,0,360.0,411.6751471331209,249.69682499795454,2935.1135550023173,4515.0
1775643883,150,,Aggregated,198.400000,0.000000,360,410,430,450,570,850,970,1200,2300,2900,2900,7350,0,360.0,412.4447140489902,249.69682499795454,2935.1135550023173,4515.0
1775643884,150,,Aggregated,197.500000,0.000000,360,410,430,450,570,850,970,1200,2300,2900,2900,7561,0,360.0,412.78236479990335,249.69682499795454,2935.1135550023173,4515.0
1775643885,150,,Aggregated,198.500000,0.000000,360,410,430,450,570,850,970,1200,2300,2900,2900,7769,0,360.0,413.0022892317014,249.69682499795454,2935.1135550023173,4515.0
1775643886,150,,Aggregated,199.300000,0.000000,360,410,430,450,570,850,970,1200,2300,2900,2900,7975,0,360.0,413.4324574541821,249.69682499795454,2935.1135550023173,4515.0
1775643887,150,,Aggregated,200.700000,0.000000,360,410,430,450,570,850,970,1200,2300,2900,2900,8188,0,360.0,413.5142442816461,249.69682499795454,2935.1135550023173,4515.0
1775643888,150,,Aggregated,201.300000,0.000000,360,410,430,450,570,850,970,1200,2300,2900,2900,8393,0,360.0,413.76226972955124,249.69682499795454,2935.1135550023173,4515.0
1775643889,150,,Aggregated,202.600000,0.000000,370,410,430,460,570,850,970,1200,2300,2900,2900,8577,0,370.0,415.0967551249996,249.69682499795454,2935.1135550023173,4515.0
1775643890,150,,Aggregated,202.700000,0.000000,370,410,440,460,570,860,970,1200,2300,2900,2900,8760,0,370.0,417.0686743780936,249.69682499795454,2935.1135550023173,4515.0
1775643891,150,,Aggregated,201.500000,0.000000,370,410,440,470,600,860,970,1200,2300,2900,2900,8912,0,370.0,420.44833067034546,249.69682499795454,2935.1135550023173,4515.0
1775643892,150,,Aggregated,198.900000,0.000000,370,410,450,470,640,860,970,1200,2200,2900,2900,9110,0,370.0,423.3183376824512,249.69682499795454,2935.1135550023173,4515.0
1775643893,150,,Aggregated,195.900000,0.000000,370,420,450,470,640,860,970,1200,2200,2900,2900,9310,0,370.0,424.92564933556434,249.69682499795454,2935.1135550023173,4515.0
1775643894,150,,Aggregated,196.600000,0.000000,370,420,450,480,650,860,980,1200,2300,2900,2900,9490,0,370.0,426.8868043981148,249.69682499795454,2935.1135550023173,4515.0
1775643895,150,,Aggregated,195.400000,0.000000,380,420,450,480,640,860,980,1200,2300,2900,2900,9692,0,380.0,427.417229809135,249.69682499795454,2935.1135550023173,4515.0
1775643896,150,,Aggregated,192.000000,0.000000,380,420,460,480,640,860,980,1200,2300,2900,2900,9892,0,380.0,427.89635367500216,249.69682499795454,2935.1135550023173,4515.0
1775643897,150,,Aggregated,191.200000,0.000000,380,420,460,480,640,860,980,1200,2300,2500,2900,10077,0,380.0,428.84219545471245,249.69682499795454,2935.1135550023173,4515.0
1775643898,150,,Aggregated,191.000000,0.000000,380,420,460,490,640,860,980,1200,2300,2500,2900,10273,0,380.0,429.9858550305774,249.69682499795454,2935.1135550023173,4515.0
1775643899,150,,Aggregated,188.700000,0.000000,380,430,460,490,630,860,980,1200,2300,2500,2900,10453,0,380.0,431.1141793633505,249.69682499795454,2935.1135550023173,4515.0
1775643900,150,,Aggregated,187.200000,0.000000,380,430,460,490,640,860,980,1200,2300,2500,2900,10629,0,380.0,433.03078462678684,249.69682499795454,2935.1135550023173,4515.0
1775643901,150,,Aggregated,186.700000,0.000000,380,430,470,500,680,860,980,1200,2300,2500,2900,10772,0,380.0,435.6687155726075,249.69682499795454,2935.1135550023173,4515.0
1775643902,200,,Aggregated,187.500000,0.000000,380,430,470,510,750,870,990,1200,2300,2500,2900,10951,17,380.0,440.05150126884564,249.69682499795454,2935.1135550023173,4507.991051045567
1775643903,250,,Aggregated,186.000000,0.000000,390,440,480,520,760,890,1000,1300,2300,2500,2900,11199,35,390.0,445.83737876615083,249.69682499795454,2935.1135550023173,4500.889365121886
1775643904,300,,Aggregated,183.500000,1.500000,390,440,490,520,780,890,1000,1300,2300,2600,2900,11460,50,390.0,451.5011557020151,249.69682499795454,2935.1135550023173,4495.301047120419
1775643905,350,,Aggregated,186.800000,3.200000,390,440,490,530,800,910,1100,1400,2300,2900,2900,11809,61,390.0,459.2424950565756,249.69682499795454,2935.1135550023173,4491.677534084173
1775643906,350,,Aggregated,195.800000,5.000000,390,450,500,550,820,940,1100,1400,2300,2900,3900,12147,61,390.0,467.10383927596195,249.69682499795454,3921.0270530020352,4492.326500370462
1775643907,350,,Aggregated,209.300000,6.000000,390,450,510,560,840,940,1200,1500,2300,2900,3900,12545,61,390.0,473.28623595090886,249.69682499795454,3921.0270530020352,4493.045834994022
1775643908,350,,Aggregated,221.600000,6.100000,390,450,520,580,840,940,1200,1500,2400,3700,3900,12930,61,390.0,477.1491027046507,249.69682499795454,3921.0270530020352,4493.699535962877
1775643909,350,,Aggregated,241.900000,6.100000,390,460,520,600,850,950,1200,1500,2300,3700,3900,13299,61,390.0,480.5143880038461,249.69682499795454,3921.0270530020352,4494.290548161516
1775643910,350,,Aggregated,261.100000,6.100000,400,460,530,620,860,950,1200,1500,2300,3700,3900,13674,61,400.0,485.30568116791983,249.69682499795454,3921.0270530020352,4494.858490566037
1775643911,350,,Aggregated,280.000000,6.100000,400,460,540,650,870,960,1200,1500,2300,3700,3900,14045,61,400.0,488.25166113315197,249.69682499795454,3921.0270530020352,4495.390530437879
1775643912,350,,Aggregated,299.100000,6.100000,400,470,550,700,880,960,1200,1500,2300,3700,3900,14455,61,400.0,492.5043405598118,249.69682499795454,3921.0270530020352,4495.946731234867
1775643913,350,,Aggregated,322.000000,6.100000,400,470,560,730,880,960,1200,1400,2300,3700,3900,14815,61,400.0,495.14424796072353,249.69682499795454,3921.0270530020352,4496.409719878501
1775643914,350,,Aggregated,345.400000,4.600000,400,470,570,760,890,970,1300,1500,2300,3700,3900,15192,61,400.0,499.1808808577618,249.69682499795454,3921.0270530020352,4496.8710505529225
1775643915,350,,Aggregated,359.800000,2.900000,400,480,590,770,900,980,1300,1500,2300,3700,3900,15563,61,400.0,502.88266100456855,249.69682499795454,3921.0270530020352,4497.303219173681
1775643916,350,,Aggregated,367.800000,1.100000,400,480,600,770,900,980,1300,1500,2300,3700,3900,15941,61,400.0,505.29501686131096,249.69682499795454,3921.0270530020352,4497.722853020513
1775643917,350,,Aggregated,372.700000,0.100000,400,480,620,780,900,980,1300,1500,2300,3700,3900,16322,61,400.0,508.1818270604162,249.69682499795454,3921.0270530020352,4498.12614875628
1775643918,350,,Aggregated,378.800000,0.000000,400,490,640,790,910,990,1300,1500,2300,3700,3900,16698,61,400.0,511.072939981621,249.69682499795454,3921.0270530020352,4498.50610851599
1775643919,350,,Aggregated,377.300000,0.000000,400,490,660,800,920,1000,1300,1500,2300,3700,3900,17044,61,400.0,513.8318024932609,249.69682499795454,3921.0270530020352,4498.84094109364
1775643920,350,,Aggregated,376.000000,0.000000,400,490,690,800,930,1000,1300,1500,2300,3700,3900,17390,61,400.0,518.2415060284144,249.69682499795454,3921.0270530020352,4499.162449683727
1775643921,350,,Aggregated,374.200000,0.000000,400,500,730,810,940,1000,1300,1500,2300,3700,3900,17755,61,400.0,521.3398644020883,249.69682499795454,3921.0270530020352,4499.488031540411
1775643922,350,,Aggregated,370.200000,0.000000,400,500,740,820,950,1000,1300,1500,2300,3700,3900,18111,61,400.0,523.9376748775941,249.69682499795454,3921.0270530020352,4499.792943514991
1775643923,350,,Aggregated,370.300000,0.000000,400,500,750,820,960,1100,1300,1500,2300,3700,3900,18458,61,400.0,527.4172827844897,249.69682499795454,3921.0270530020352,4500.078827608625
1775643924,350,,Aggregated,365.400000,0.000000,400,500,760,830,960,1100,1300,1500,2300,3700,3900,18844,61,400.0,529.8523663081152,249.69682499795454,3921.0270530020352,4500.384472511144
1775643925,350,,Aggregated,362.700000,0.000000,400,510,760,830,970,1100,1300,1500,2300,3700,3900,19188,61,400.0,531.7205152624076,249.69682499795454,3921.0270530020352,4500.646497811132
1775643926,350,,Aggregated,367.500000,0.000000,400,510,770,840,970,1100,1300,1500,2300,3700,3900,19577,61,400.0,535.2144328872702,249.69682499795454,3921.0270530020352,4500.931705572866
1775643927,350,,Aggregated,362.300000,0.000000,400,520,770,840,970,1100,1300,1500,2300,3700,3900,19985,61,400.0,536.1735792304767,249.69682499795454,3921.0270530020352,4501.218914185639
1775643928,350,,Aggregated,362.900000,0.000000,400,520,780,840,970,1100,1300,1500,2300,3100,3900,20358,61,400.0,537.3704085916625,249.69682499795454,3921.0270530020352,4501.471411730033
1775643929,350,,Aggregated,364.600000,0.000000,400,520,780,840,970,1100,1300,1500,2300,3100,3900,20743,61,400.0,538.7731466326505,249.69682499795454,3921.0270530020352,4501.722508798149
1775643930,350,,Aggregated,366.900000,0.000000,400,530,780,840,970,1100,1300,1500,2300,3100,3900,21129,61,400.0,539.7095655544528,249.69682499795454,3921.0270530020352,4501.9650717024
1775643931,350,,Aggregated,369.000000,0.000000,400,530,790,850,970,1100,1300,1500,2300,3100,3900,21475,61,400.0,541.3964646032613,249.69682499795454,3921.0270530020352,4502.175087310827
1775643932,350,,Aggregated,373.600000,0.000000,400,530,790,850,980,1100,1300,1500,2300,3100,3900,21848,61,400.0,543.9239931227594,249.69682499795454,3921.0270530020352,4502.394040644453
1775643933,350,,Aggregated,371.400000,0.000000,400,540,800,860,980,1100,1300,1500,2300,3100,3900,22251,61,400.0,545.6895166265787,249.69682499795454,3921.0270530020352,4502.622354051503
1775643934,350,,Aggregated,371.800000,0.000000,400,550,800,850,980,1100,1300,1500,2300,3100,3900,22643,61,400.0,546.09329586848,249.69682499795454,3921.0270530020352,4502.836638254648
1775643935,350,,Aggregated,376.200000,0.000000,400,550,800,850,980,1100,1300,1500,2300,3100,3900,23064,61,400.0,546.4725649836988,249.69682499795454,3921.0270530020352,4503.0586628511965
1775643936,350,,Aggregated,377.000000,0.000000,400,560,800,850,980,1100,1300,1500,2300,3100,3900,23422,61,400.0,547.1737444367691,249.69682499795454,3921.0270530020352,4503.24118350269
1775643937,350,,Aggregated,385.400000,0.000000,400,570,800,860,990,1100,1300,1500,2300,3100,3900,23819,61,400.0,549.1351856173641,249.69682499795454,3921.0270530020352,4503.4371720055415
1775643938,350,,Aggregated,381.600000,0.000000,400,580,800,850,980,1100,1300,1500,2300,3100,3900,24220,61,400.0,549.6311836888087,249.69682499795454,3921.0270530020352,4503.628612716763
1775643939,350,,Aggregated,382.000000,0.000000,400,590,800,850,980,1100,1300,1500,2300,3100,3900,24610,61,400.0,549.9984326499778,249.69682499795454,3921.0270530020352,4503.80881755384
1775643940,350,,Aggregated,382.600000,0.000000,400,600,800,850,980,1100,1300,1500,2300,3100,3900,25032,61,400.0,550.6162206758547,249.69682499795454,3921.0270530020352,4503.997483221477
1775643941,350,,Aggregated,384.300000,0.000000,400,610,800,850,980,1100,1300,1500,2300,3100,3900,25407,61,400.0,550.4925203599416,249.69682499795454,3921.0270530020352,4504.159877199197
1775643942,350,,Aggregated,387.000000,0.000000,400,620,800,850,980,1100,1300,1500,2300,3100,3900,25767,61,400.0,551.905377378782,249.69682499795454,3921.0270530020352,4504.3113284433575
1775643943,350,,Aggregated,391.300000,0.000000,400,630,800,860,980,1100,1300,1500,2300,3100,3900,26126,61,400.0,553.4774158044505,249.69682499795454,3921.0270530020352,4504.45820255684
1775643944,350,,Aggregated,390.700000,0.000000,410,640,810,860,980,1100,1300,1500,2300,3100,3900,26509,61,410.0,554.8007126046641,249.69682499795454,3921.0270530020352,4504.610509638236
1775643945,350,,Aggregated,388.800000,0.000000,410,650,810,860,980,1100,1300,1500,2300,3100,3900,26906,61,410.0,555.836528409614,249.69682499795454,3921.0270530020352,4504.76380732922
1775643946,350,,Aggregated,386.000000,0.000000,410,660,800,860,980,1100,1300,1500,2300,3600,3900,27300,61,410.0,556.2203456938117,249.69682499795454,3921.0270530020352,4504.911538461539
1775643947,350,,Aggregated,383.300000,0.000000,410,670,800,850,980,1100,1300,1500,2300,3600,3900,27708,61,410.0,556.4878936408617,249.69682499795454,3921.0270530020352,4505.060090948463
1775643948,350,,Aggregated,386.900000,0.000000,410,670,800,850,980,1100,1300,1500,2300,3600,3900,28101,61,410.0,556.7096771842981,249.69682499795454,3921.0270530020352,4505.1991032347605
1775643949,350,,Aggregated,386.400000,0.000000,410,680,800,850,980,1100,1300,1500,2300,3600,3900,28481,61,410.0,557.1505926509235,249.69682499795454,3921.0270530020352,4505.329869035498
1775643950,350,,Aggregated,386.900000,0.000000,410,690,800,850,980,1100,1300,1500,2300,3600,3900,28867,61,410.0,557.9997307235251,249.69682499795454,3921.0270530020352,4505.459174836318
1775643951,350,,Aggregated,386.600000,0.000000,410,690,810,850,980,1100,1300,1500,2300,3600,3900,29239,61,410.0,558.8547862377294,249.69682499795454,3921.0270530020352,4505.5805602106775
1775643952,350,,Aggregated,383.300000,0.000000,410,700,810,860,980,1100,1300,1500,2300,3600,3900,29637,61,410.0,560.0201278861197,249.69682499795454,3921.0270530020352,4505.707055369977
1775643953,350,,Aggregated,381.100000,0.000000,410,700,810,850,970,1100,1300,1500,2300,3300,3900,30024,61,410.0,560.2502209600292,249.69682499795454,3921.0270530020352,4505.826838529177
1775643954,350,,Aggregated,384.300000,0.000000,410,700,810,850,970,1100,1300,1500,2300,3300,3900,30416,61,410.0,560.893483001347,249.69682499795454,3921.0270530020352,4505.945061809574
1775643955,350,,Aggregated,387.900000,0.000000,410,700,810,850,970,1100,1300,1500,2300,3300,3900,30824,61,410.0,561.23962728082,249.69682499795454,3921.0270530020352,4506.064916947833
1775643956,350,,Aggregated,388.600000,0.000000,410,700,810,850,970,1100,1300,1500,2300,3300,3900,31219,61,410.0,561.2509312072444,249.69682499795454,3921.0270530020352,4506.177968544796
1775643957,350,,Aggregated,389.400000,0.000000,420,700,810,850,970,1100,1300,1500,2300,3300,3900,31611,61,420.0,561.5067029837718,249.69682499795454,3921.0270530020352,4506.287368321154
1775643958,350,,Aggregated,390.000000,0.000000,420,700,810,850,970,1100,1300,1500,2300,3300,3900,31995,61,420.0,561.6336651644659,249.69682499795454,3921.0270530020352,4506.3919362400375
1775643959,350,,Aggregated,390.500000,0.000000,420,710,810,850,970,1100,1300,1500,2300,3300,3900,32394,61,420.0,562.2049256328683,249.69682499795454,3921.0270530020352,4506.497962585664
1775643960,350,,Aggregated,388.400000,0.000000,420,710,810,850,970,1100,1300,1500,2300,3300,3900,32770,61,420.0,562.3237612805355,249.69682499795454,3921.0270530020352,4506.595514189808
1775643961,350,,Aggregated,388.500000,0.000000,420,710,810,850,970,1100,1300,1500,2300,3300,3900,33121,61,420.0,563.1901575773115,249.69682499795454,3921.0270530020352,4506.684580779566
1775643962,450,,Aggregated,390.900000,0.000000,420,710,810,850,980,1100,1300,1500,2300,3300,3900,33505,61,420.0,565.3196543066161,249.69682499795454,3921.0270530020352,4506.779883599463
1775643963,550,,Aggregated,387.100000,0.000000,420,710,810,860,980,1100,1300,1500,2200,3300,3900,34039,61,420.0,566.9323157834879,249.69682499795454,3921.0270530020352,4506.908839860161
1775643964,600,,Aggregated,384.100000,0.000000,420,710,810,860,990,1100,1400,1500,2300,3300,3900,34695,61,420.0,568.1319220190284,249.69682499795454,3921.0270530020352,4507.061824470385
1775643965,600,,Aggregated,390.900000,0.000000,410,710,810,860,1000,1200,1400,1500,2500,3700,3900,35422,61,410.0,568.5513165554516,249.69682499795454,3921.0270530020352,4507.224747332167
1775643966,600,,Aggregated,413.600000,0.000000,410,710,810,860,1000,1200,1400,1500,2600,3700,3900,36129,61,410.0,568.2427748039579,249.69682499795454,3921.0270530020352,4507.3768994436605
1775643967,600,,Aggregated,445.700000,0.000000,410,710,810,860,1000,1200,1400,1500,2600,3700,3900,36832,61,410.0,567.876982276042,249.69682499795454,3921.0270530020352,4507.522399000869
1775643968,600,,Aggregated,478.000000,0.000000,410,710,810,860,1000,1200,1400,1500,2600,3700,3900,37598,61,410.0,567.6809579883029,249.69682499795454,3921.0270530020352,4507.674743337411
1775643969,600,,Aggregated,509.900000,0.000000,400,700,810,870,1000,1200,1400,1500,2600,3700,3900,38346,61,400.0,566.4457149997969,249.69682499795454,3921.0270530020352,4507.817634173056
1775643970,600,,Aggregated,542.700000,0.000000,400,700,820,870,1000,1200,1400,1500,2600,3700,3900,39051,61,400.0,565.5789811402329,249.69682499795454,3921.0270530020352,4507.947299685027
1775643971,600,,Aggregated,577.100000,0.000000,400,700,820,870,1000,1200,1400,1500,2600,3700,3900,39760,61,400.0,565.3390087282239,249.69682499795454,3921.0270530020352,4508.073063380281
1775643972,600,,Aggregated,610.400000,0.000000,400,700,820,870,1000,1200,1400,1500,2600,3700,3900,40510,61,400.0,564.482474099782,249.69682499795454,3921.0270530020352,4508.201308318934
1775643973,600,,Aggregated,645.000000,0.000000,390,700,820,870,1000,1200,1400,1500,2600,3700,3900,41254,61,390.0,563.6624128592184,249.69682499795454,3921.0270530020352,4508.323920104717
1775643974,600,,Aggregated,685.200000,0.000000,390,700,820,870,1000,1200,1400,1500,2600,3700,3900,41981,61,390.0,562.9793480475029,249.69682499795454,3921.0270530020352,4508.439532169315
1775643975,600,,Aggregated,710.700000,0.000000,390,700,820,870,1000,1200,1400,1500,2600,3700,3900,42708,61,390.0,562.1640370549602,249.69682499795454,3921.0270530020352,4508.551208204552
1775643976,600,,Aggregated,723.600000,0.000000,390,700,820,870,1000,1200,1400,1500,2500,3700,3900,43396,61,390.0,561.8738393807107,249.69682499795454,3921.0270530020352,4508.653447322334
1775643977,600,,Aggregated,723.400000,0.000000,390,700,820,870,1000,1200,1400,1500,2500,3700,3900,44104,61,390.0,562.2036198154651,249.69682499795454,3921.0270530020352,4508.755328314892
1775643978,600,,Aggregated,721.600000,0.000000,390,700,820,870,1000,1200,1400,1500,2500,3700,3900,44838,61,390.0,561.9656224216789,249.69682499795454,3921.0270530020352,4508.857553860565
1775643979,600,,Aggregated,721.300000,0.000000,390,690,820,870,1000,1200,1400,1500,2500,3700,3900,45512,61,390.0,561.5434459710907,249.69682499795454,3921.0270530020352,4508.948519071893
1775643980,600,,Aggregated,721.700000,0.000000,380,690,820,880,1000,1200,1400,1500,2500,3700,3900,46247,61,380.0,561.4124213163296,249.69682499795454,3921.0270530020352,4509.044694791013
1775643981,600,,Aggregated,718.400000,0.000000,380,690,820,880,1000,1200,1400,1500,2500,3700,3900,46987,61,380.0,560.8747384219758,249.69682499795454,3921.0270530020352,4509.138485112903
1775643982,600,,Aggregated,715.900000,0.000000,380,690,820,880,1000,1200,1400,1500,2500,3700,3900,47694,61,380.0,560.7374869138986,249.69682499795454,3921.0270530020352,4509.225374260914
1775643983,600,,Aggregated,719.200000,0.000000,380,690,820,880,1000,1200,1400,1500,2500,3700,3900,48423,61,380.0,560.4013972154245,249.69682499795454,3921.0270530020352,4509.312310265783
1775643984,600,,Aggregated,712.200000,0.000000,380,690,820,880,1000,1200,1400,1500,2500,3700,3900,49134,61,380.0,560.0556699388106,249.69682499795454,3921.0270530020352,4509.394614727073
1775643985,600,,Aggregated,711.300000,0.000000,380,690,820,880,1000,1200,1400,1500,2500,3700,3900,49883,61,380.0,559.7165546295436,249.69682499795454,3921.0270530020352,4509.478780346009
1775643986,600,,Aggregated,711.100000,0.000000,380,690,820,880,1000,1200,1400,1500,2500,3700,3900,50606,61,380.0,558.9385082890469,249.69682499795454,3921.0270530020352,4509.5576611469
1775643987,600,,Aggregated,710.100000,0.000000,380,680,820,880,1000,1200,1400,1500,2500,3700,3900,51297,61,380.0,558.7482812597137,249.69682499795454,3921.0270530020352,4509.6309725714955
1775643988,600,,Aggregated,713.700000,0.000000,380,680,820,880,1000,1200,1400,1500,2500,3700,3900,52021,61,380.0,558.3505691468175,249.69682499795454,3921.0270530020352,4509.705695776705
1775643989,600,,Aggregated,712.800000,0.000000,370,680,820,880,1000,1200,1400,1500,2500,3700,3900,52722,61,370.0,557.8792213025987,249.69682499795454,3921.0270530020352,4509.776089677934
1775643990,600,,Aggregated,712.500000,0.000000,370,680,820,880,1000,1200,1400,1500,2500,3700,3900,53422,61,370.0,558.0883502492346,249.69682499795454,3921.0270530020352,4509.844539702744
1775643991,600,,Aggregated,713.200000,0.000000,370,670,820,880,1000,1200,1400,1500,2500,3700,3900,54097,61,370.0,558.0150271888574,249.69682499795454,3921.0270530020352,4509.908867404847
1775643992,600,,Aggregated,711.900000,0.000000,370,670,820,880,1100,1200,1400,1600,2500,3700,3900,54796,61,370.0,558.2385306908652,249.69682499795454,3921.0270530020352,4509.9738119570775
1775643993,600,,Aggregated,708.600000,0.000000,370,670,820,890,1100,1200,1400,1600,2400,3700,3900,55518,61,370.0,558.3886619835836,249.69682499795454,3921.0270530020352,4510.039176483303
1775643994,600,,Aggregated,708.800000,0.000000,370,670,820,890,1100,1200,1400,1600,2400,3700,3900,56220,61,370.0,558.5315360069836,249.69682499795454,3921.0270530020352,4510.101120597652
1775643995,600,,Aggregated,707.100000,0.000000,360,660,820,890,1100,1200,1400,1600,2400,3700,3900,56903,61,360.0,558.3322587675456,249.69682499795454,3921.0270530020352,4510.159921269529
1775643996,600,,Aggregated,704.200000,0.000000,360,660,820,890,1100,1200,1400,1600,2400,3700,3900,57592,61,360.0,558.4960303290845,249.69682499795454,3921.0270530020352,4510.217825392416
1775643997,600,,Aggregated,702.600000,0.000000,360,660,820,890,1100,1200,1400,1600,2400,3700,3900,58243,61,360.0,558.5991649704282,249.69682499795454,3921.0270530020352,4510.271277235032
1775643998,600,,Aggregated,698.200000,0.000000,360,650,820,890,1100,1200,1400,1600,2400,3700,3900,58951,61,360.0,559.1402953887739,249.69682499795454,3921.0270530020352,4510.328069074316
1775643999,600,,Aggregated,694.400000,0.000000,360,650,820,890,1100,1200,1400,1600,2400,3700,5400,59610,61,360.0,559.4266758009489,249.69682499795454,5407.034232001024,4510.379718168093
1775644000,600,,Aggregated,690.000000,0.000000,360,640,820,890,1100,1200,1500,1600,2400,3700,5400,60307,61,360.0,559.4292975676725,249.69682499795454,5407.034232001024,4510.433117216907
1775644001,600,,Aggregated,687.200000,0.000000,360,640,810,890,1100,1200,1500,1600,2400,3700,5400,60936,61,360.0,559.4992945831485,249.69682499795454,5407.034232001024,4510.480257975581
1775644002,600,,Aggregated,684.300000,0.000000,360,630,810,890,1100,1300,1500,1700,2400,3700,5400,61616,61,360.0,560.3048815771825,249.69682499795454,5407.034232001024,4510.5301382757725
1775644003,600,,Aggregated,682.100000,0.000000,360,630,810,890,1100,1300,1500,1700,2500,3700,5400,62318,61,360.0,561.5194199769836,249.69682499795454,5407.034232001024,4510.58049038801
1775644004,600,,Aggregated,679.000000,0.000000,350,630,810,890,1100,1300,1500,1700,2500,3700,5400,63032,61,350.0,561.6683250308203,249.69682499795454,5407.034232001024,4510.630552735119
1775644005,600,,Aggregated,676.500000,0.000000,350,630,810,890,1100,1300,1500,1700,2500,3700,5400,63768,61,350.0,561.3741278028275,249.69682499795454,5407.034232001024,4510.680984192699
1775644006,600,,Aggregated,675.800000,0.000000,350,630,810,890,1100,1300,1500,1700,2500,3700,5400,64510,61,350.0,560.7813226474115,249.69682499795454,5407.034232001024,4510.730661912882
1775644007,600,,Aggregated,679.200000,0.000000,350,620,810,890,1100,1300,1500,1700,2500,3700,5400,65193,61,350.0,560.2212708823739,249.69682499795454,5407.034232001024,4510.775389995859
1775644008,600,,Aggregated,684.500000,0.000000,350,620,810,890,1100,1300,1500,1700,2500,3700,5400,65922,61,350.0,560.4308120166653,249.69682499795454,5407.034232001024,4510.822107945754
1775644009,600,,Aggregated,692.300000,0.000000,350,620,810,890,1100,1300,1500,1700,2500,3700,5400,66652,61,350.0,559.8801002801064,249.69682499795454,5407.034232001024,4510.867865930505
1775644010,600,,Aggregated,690.300000,0.000000,350,620,810,890,1100,1300,1500,1700,2500,3700,5400,67378,61,350.0,559.5594851500144,249.69682499795454,5407.034232001024,4510.912389800826
1775644011,600,,Aggregated,696.700000,0.000000,350,620,820,890,1100,1300,1500,1700,2500,3700,5400,68084,61,350.0,559.3066999142907,249.69682499795454,5407.034232001024,4510.954776452618
1775644012,600,,Aggregated,701.900000,0.000000,350,620,820,890,1100,1300,1500,1700,2500,3700,5400,68822,61,350.0,559.0785170554402,249.69682499795454,5407.034232001024,4510.998154659847
1775644013,600,,Aggregated,709.500000,0.000000,350,610,820,890,1100,1300,1500,1700,2500,3700,5400,69523,61,350.0,558.7571207493825,249.69682499795454,5407.034232001024,4511.038505242869
1775644014,600,,Aggregated,714.000000,0.000000,350,610,820,890,1100,1300,1500,1700,2500,3700,5400,70248,61,350.0,558.695887021856,249.69682499795454,5407.034232001024,4511.079390160574
1775644015,600,,Aggregated,721.300000,0.000000,350,610,820,900,1100,1300,1500,1700,2500,3700,5400,70977,61,350.0,558.4732539500584,249.69682499795454,5407.034232001024,4511.119658480917
1775644016,600,,Aggregated,720.600000,0.000000,350,600,820,900,1100,1300,1500,1700,2500,3700,5400,71723,61,350.0,557.9585577847307,249.69682499795454,5407.034232001024,4511.160018404138
1775644017,600,,Aggregated,719.800000,0.000000,350,600,820,900,1100,1300,1500,1700,2500,3700,5400,72414,61,350.0,557.6925733095427,249.69682499795454,5407.034232001024,4511.1966608666835
1775644018,600,,Aggregated,717.800000,0.000000,340,600,820,900,1100,1300,1500,1700,2500,3700,5400,73156,61,340.0,557.3563611189826,249.69682499795454,5407.034232001024,4511.235237027721
1775644019,600,,Aggregated,717.100000,0.000000,340,600,820,900,1100,1300,1500,1700,2500,3700,5400,73864,61,340.0,557.5027036053323,249.69682499795454,5407.034232001024,4511.271322971948
1775644020,600,,Aggregated,721.900000,0.000000,340,590,820,900,1100,1300,1500,1700,2400,3700,5400,74570,61,340.0,557.1816306845016,249.69682499795454,5407.034232001024,4511.306624647982
1775644021,600,,Aggregated,719.300000,0.000000,340,590,820,900,1100,1300,1500,1700,2400,3700,5400,75239,61,340.0,557.1000229538572,249.69682499795454,5407.034232001024,4511.339464905169
1775644022,600,,Aggregated,719.200000,0.000000,340,580,810,900,1100,1300,1500,1700,2400,3700,5400,75952,61,340.0,557.4898967906494,249.69682499795454,5407.034232001024,4511.373828207289
1775644023,600,,Aggregated,712.200000,0.000000,340,580,810,900,1100,1300,1500,1700,2400,3700,5400,76644,61,340.0,557.7411548253548,249.69682499795454,5407.034232001024,4511.406568028809
1775644024,600,,Aggregated,711.000000,0.000000,340,580,810,900,1100,1300,1500,1700,2400,3700,5400,77390,61,340.0,557.5526676968665,249.69682499795454,5407.034232001024,4511.441206874273
1775644025,600,,Aggregated,704.600000,0.000000,340,580,820,900,1100,1300,1500,1700,2400,3700,5400,78095,61,340.0,557.3669982479362,249.69682499795454,5407.034232001024,4511.473333760164
1775644026,600,,Aggregated,708.300000,0.000000,340,580,820,900,1100,1300,1500,1700,2400,3700,5400,78778,61,340.0,557.0692049778177,249.69682499795454,5407.034232001024,4511.503909720988
1775644027,600,,Aggregated,710.400000,0.000000,340,580,820,900,1100,1300,1500,1700,2400,3700,5400,79501,61,340.0,557.2751547361859,249.69682499795454,5407.034232001024,4511.535703953409
1775644028,600,,Aggregated,708.900000,0.000000,340,580,820,900,1100,1300,1500,1700,2400,3700,5400,80223,61,340.0,556.9430240799077,249.69682499795454,5407.034232001024,4511.566882315546
1775644029,600,,Aggregated,702.300000,0.000000,340,570,820,910,1100,1300,1500,1700,2400,3700,5400,80969,61,340.0,556.6247558774144,249.69682499795454,5407.034232001024,4511.598513011152
1775644030,600,,Aggregated,707.000000,0.000000,340,570,820,910,1100,1300,1500,1700,2400,3700,5400,81694,61,340.0,556.3242640658713,249.69682499795454,5407.034232001024,4511.6286997821135
1775644031,600,,Aggregated,705.400000,0.000000,340,570,820,910,1100,1300,1500,1700,2400,3700,5400,82390,61,340.0,556.3618473272264,249.69682499795454,5407.034232001024,4511.6571792693285
1775644032,600,,Aggregated,709.000000,0.000000,340,570,820,910,1100,1300,1500,1700,2400,3700,5400,83156,61,340.0,556.021840584098,249.69682499795454,5407.034232001024,4511.687972004425
1775644033,600,,Aggregated,710.100000,0.000000,340,570,820,910,1100,1300,1500,1700,2400,3700,5400,83896,61,340.0,555.5967096922889,249.69682499795454,5407.034232001024,4511.717185563078
1775644034,600,,Aggregated,716.800000,0.000000,340,570,820,910,1100,1300,1500,1700,2400,3700,5400,84642,61,340.0,555.248381558791,249.69682499795454,5407.034232001024,4511.74611894804
1775644035,600,,Aggregated,723.000000,0.000000,340,570,820,910,1100,1300,1500,1700,2400,3700,5400,85367,61,340.0,554.9252897462268,249.69682499795454,5407.034232001024,4511.773753323884
1775644036,600,,Aggregated,724.000000,0.000000,340,570,820,910,1100,1300,1500,1700,2400,3700,5400,86086,61,340.0,554.7921410214558,249.69682499795454,5407.034232001024,4511.800699300699
1775644037,600,,Aggregated,721.400000,0.000000,340,570,820,910,1100,1300,1500,1700,2400,3700,5400,86805,61,340.0,554.6282528419462,249.69682499795454,5407.034232001024,4511.827198894073
1775644038,600,,Aggregated,723.000000,0.000000,340,570,820,910,1100,1300,1500,1700,2400,3700,5400,87533,61,340.0,554.334764261366,249.69682499795454,5407.034232001024,4511.853586647321
1775644039,600,,Aggregated,727.400000,0.000000,340,570,820,910,1100,1300,1500,1600,2400,3700,5400,88257,61,340.0,554.2336260773207,249.69682499795454,5407.034232001024,4511.879397668174
1775644040,600,,Aggregated,725.900000,0.000000,340,570,820,910,1100,1300,1500,1600,2400,3700,5400,89002,61,340.0,553.8207097441866,249.69682499795454,5407.034232001024,4511.905518977102
1775644041,600,,Aggregated,725.300000,0.000000,340,570,820,910,1100,1300,1500,1600,2400,3700,5400,89749,61,340.0,553.6616072342213,249.69682499795454,5407.034232001024,4511.931275000278
1775644042,600,,Aggregated,726.400000,0.000000,340,560,820,910,1100,1300,1500,1600,2300,3700,5400,90477,61,340.0,553.5128327179739,249.69682499795454,5407.034232001024,4511.955966709772
1775644043,600,,Aggregated,732.400000,0.000000,340,560,820,910,1100,1300,1500,1600,2300,3700,5400,91209,61,340.0,553.262819672534,249.69682499795454,5407.034232001024,4511.980396671381
1775644044,600,,Aggregated,726.900000,0.000000,340,560,820,910,1100,1300,1500,1600,2300,3700,5400,91928,61,340.0,553.0492061041161,249.69682499795454,5407.034232001024,4512.004014010965
1775644045,600,,Aggregated,725.200000,0.000000,340,560,820,910,1100,1300,1500,1600,2300,3700,5400,92656,61,340.0,552.8003434817948,249.69682499795454,5407.034232001024,4512.027553531342
1775644046,600,,Aggregated,722.700000,0.000000,330,560,820,910,1100,1200,1500,1600,2300,3700,5400,93392,61,330.0,552.521400368802,249.69682499795454,5407.034232001024,4512.05097867055
1775644047,600,,Aggregated,726.100000,0.000000,330,560,820,910,1100,1200,1500,1600,2300,3700,5400,94119,61,330.0,552.3500313610017,249.69682499795454,5407.034232001024,4512.073757689734
1775644048,600,,Aggregated,724.800000,0.000000,330,560,820,910,1100,1200,1500,1600,2300,3700,5400,94855,61,330.0,552.1485672503861,249.69682499795454,5407.034232001024,4512.096463022508
1775644049,600,,Aggregated,727.000000,0.000000,330,560,820,910,1100,1200,1500,1600,2300,3700,5400,95564,61,330.0,552.0654353543425,249.69682499795454,5407.034232001024,4512.118004687958
1775644050,600,,Aggregated,726.800000,0.000000,330,560,820,910,1100,1200,1500,1600,2300,3700,5400,96261,61,330.0,551.9041771677461,249.69682499795454,5407.034232001024,4512.138872440552
1775644051,600,,Aggregated,729.900000,0.000000,330,560,820,910,1100,1200,1500,1600,2300,3700,5400,96935,61,330.0,552.0916381415416,249.69682499795454,5407.034232001024,4512.158766183525
1775644052,600,,Aggregated,725.400000,0.000000,330,560,820,910,1100,1200,1500,1600,2300,3700,5400,97656,61,330.0,552.384337492068,249.69682499795454,5407.034232001024,4512.179743180142
1775644053,600,,Aggregated,719.800000,0.000000,330,560,820,910,1100,1200,1500,1600,2300,3700,5400,98376,61,330.0,552.3417796313776,249.69682499795454,5407.034232001024,4512.200384240058
1775644054,600,,Aggregated,715.900000,0.000000,330,560,820,910,1100,1200,1500,1600,2300,3700,5400,99087,61,330.0,552.177096157795,249.69682499795454,5407.034232001024,4512.220472917739
1775644055,600,,Aggregated,717.200000,0.000000,330,560,820,910,1100,1200,1500,1600,2300,3700,5400,99804,61,330.0,552.1470103953876,249.69682499795454,5407.034232001024,4512.240441264879
1775644056,600,,Aggregated,715.500000,0.000000,330,560,820,910,1100,1200,1500,1600,2300,3700,5400,100496,61,330.0,552.1999092752669,249.69682499795454,5407.034232001024,4512.259443161917
1775644057,600,,Aggregated,711.800000,0.000000,330,560,820,910,1100,1200,1500,1600,2300,3700,5400,101205,61,330.0,552.1915359119439,249.69682499795454,5407.034232001024,4512.278642359567
1775644058,600,,Aggregated,709.600000,0.000000,330,560,820,910,1100,1200,1500,1600,2300,3700,5400,101904,61,330.0,552.1276571455116,249.69682499795454,5407.034232001024,4512.297309232218
1775644059,600,,Aggregated,706.000000,0.000000,330,560,820,910,1100,1300,1500,1600,2300,3700,5400,102568,61,330.0,551.990222635911,249.69682499795454,5407.034232001024,4512.3148057873805
1775644060,600,,Aggregated,703.800000,0.000000,330,560,820,910,1100,1300,1500,1600,2300,3700,5400,103263,61,330.0,552.2974432155585,249.69682499795454,5407.034232001024,4512.332878184829
1775644061,600,,Aggregated,699.500000,0.000000,330,550,820,910,1100,1300,1500,1600,2300,3700,5400,103998,61,330.0,552.3626936521307,249.69682499795454,5407.034232001024,4512.351727917845
1775644062,600,,Aggregated,696.800000,0.000000,330,550,820,910,1100,1300,1500,1600,2300,3700,5400,104704,61,330.0,552.3909328951353,249.69682499795454,5407.034232001024,4512.369584734108
1775644063,600,,Aggregated,698.900000,0.000000,330,550,820,910,1100,1300,1500,1600,2300,3700,5400,105441,61,330.0,552.2791795489728,249.69682499795454,5407.034232001024,4512.3879705238
1775644064,600,,Aggregated,702.800000,0.000000,330,550,820,910,1100,1300,1500,1600,2300,3700,5400,106148,61,330.0,552.3314408534995,249.69682499795454,5407.034232001024,4512.405367976787
1775644065,600,,Aggregated,701.800000,0.000000,330,550,820,910,1100,1300,1500,1600,2300,3700,5400,106867,61,330.0,552.164568908815,249.69682499795454,5407.034232001024,4512.422824632487
1775644066,600,,Aggregated,701.700000,0.000000,330,550,820,910,1100,1300,1500,1600,2300,3700,5400,107575,61,330.0,552.072925238171,249.69682499795454,5407.034232001024,4512.439786195678
1775644067,600,,Aggregated,700.100000,0.000000,330,550,820,910,1100,1300,1500,1600,2300,3700,5400,108273,61,330.0,552.1546629253388,249.69682499795454,5407.034232001024,4512.456291042088
1775644068,600,,Aggregated,705.400000,0.000000,330,550,820,910,1100,1300,1500,1600,2300,3700,5400,109024,61,330.0,551.8830687544587,249.69682499795454,5407.034232001024,4512.473813105371
1775644069,600,,Aggregated,701.100000,0.000000,330,550,820,910,1100,1300,1500,1600,2300,3700,5400,109739,61,330.0,551.6523751171152,249.69682499795454,5407.034232001024,4512.490272373541
1775644070,600,,Aggregated,705.600000,0.000000,330,550,820,910,1100,1300,1500,1600,2300,3700,5400,110377,61,330.0,551.8250656157622,249.69682499795454,5407.034232001024,4512.504779075351
1775644071,600,,Aggregated,708.600000,0.000000,330,550,820,910,1100,1300,1500,1600,2300,3700,5400,111080,61,330.0,552.0079951795373,249.69682499795454,5407.034232001024,4512.5205707598125
1775644072,600,,Aggregated,710.100000,0.000000,330,550,820,910,1100,1300,1500,1600,2300,3700,5400,111803,61,330.0,552.098157058987,249.69682499795454,5407.034232001024,4512.536604563384
1775644073,600,,Aggregated,703.300000,0.000000,330,550,820,910,1100,1300,1500,1600,2300,3700,5400,112525,61,330.0,552.0380876581994,249.69682499795454,5407.034232001024,4512.5524105754275
1775644074,600,,Aggregated,703.900000,0.000000,330,550,820,920,1100,1300,1500,1600,2300,3700,5400,113247,61,330.0,551.9390030792154,249.69682499795454,5407.034232001024,4512.568015046756
1775644075,600,,Aggregated,703.200000,0.000000,330,550,820,920,1100,1300,1500,1600,2300,3700,5400,113939,61,330.0,551.8222543183712,249.69682499795454,5407.034232001024,4512.582785525588
1775644076,600,,Aggregated,705.100000,0.000000,330,550,820,920,1100,1300,1500,1600,2300,3700,5400,114633,61,330.0,551.8237462046347,249.69682499795454,5407.034232001024,4512.597419591217
1775644077,600,,Aggregated,706.900000,0.000000,330,540,820,920,1100,1300,1500,1600,2300,3700,5400,115396,61,330.0,551.7187435525747,249.69682499795454,5407.034232001024,4512.613305487192
1775644078,600,,Aggregated,701.600000,0.000000,330,540,820,920,1100,1300,1500,1600,2300,3700,5400,116085,61,330.0,551.5798838509962,249.69682499795454,5407.034232001024,4512.627471249515
1775644079,600,,Aggregated,705.800000,0.000000,330,540,820,920,1100,1300,1500,1600,2300,3700,5400,116785,61,330.0,551.709990026861,249.69682499795454,5407.034232001024,4512.641691998117
1775644081,600,,Aggregated,703.300000,0.000000,330,540,820,920,1100,1300,1500,1600,2300,3700,5400,117429,61,330.0,551.7618026132291,249.69682499795454,5407.034232001024,4512.654625348083
1775644082,570,,Aggregated,702.100000,0.000000,330,540,820,920,1100,1300,1500,1600,2300,3700,5400,118061,61,330.0,552.1035817631291,249.69682499795454,5407.034232001024,4512.667180525322
1775644083,540,,Aggregated,703.600000,0.000000,330,540,820,920,1100,1300,1500,1600,2300,3700,5400,118650,61,330.0,552.4685912109212,249.69682499795454,5407.034232001024,4512.678761061947
1775644084,510,,Aggregated,695.700000,0.000000,330,540,820,920,1100,1300,1500,1600,2300,3700,5400,119279,61,330.0,552.7417961800886,249.69682499795454,5407.034232001024,4512.6910017689615
1775644085,480,,Aggregated,681.400000,0.000000,330,540,820,920,1100,1300,1500,1600,2300,3700,5400,119862,61,330.0,552.5920907198175,249.69682499795454,5407.034232001024,4512.7022325674525
1775644086,450,,Aggregated,672.600000,0.000000,330,540,820,920,1100,1300,1500,1600,2300,3700,5400,120426,61,330.0,552.3148568322022,249.69682499795454,5407.034232001024,4512.712993871755
1775644087,420,,Aggregated,659.600000,0.000000,330,540,820,920,1100,1300,1500,1600,2300,3700,5400,120955,61,330.0,552.1068370404093,249.69682499795454,5407.034232001024,4512.722996155595
1775644088,390,,Aggregated,646.400000,0.000000,330,550,820,910,1100,1300,1500,1600,2300,3700,5400,121482,61,330.0,551.7623769131371,249.69682499795454,5407.034232001024,4512.732874006026
1775644089,360,,Aggregated,629.300000,0.000000,330,540,820,910,1100,1300,1500,1600,2300,3700,5400,121973,61,330.0,551.3001431041927,249.69682499795454,5407.034232001024,4512.74200027875
1775644090,330,,Aggregated,606.500000,0.000000,330,540,820,910,1100,1300,1500,1600,2300,3700,5400,122424,61,330.0,550.9027581161919,249.69682499795454,5407.034232001024,4512.7503185649875
1775644091,300,,Aggregated,587.500000,0.000000,330,540,810,910,1100,1300,1500,1600,2300,3700,5400,122844,61,330.0,550.3765260356934,249.69682499795454,5407.034232001024,4512.758010159227
1775644092,300,,Aggregated,561.800000,0.000000,330,540,810,910,1100,1300,1500,1600,2300,3700,5400,123265,61,330.0,549.9143846387678,249.69682499795454,5407.034232001024,4512.765667464406
1775644093,300,,Aggregated,539.800000,0.000000,330,530,810,910,1100,1300,1500,1600,2300,3700,5400,123704,61,330.0,549.3805398988862,249.69682499795454,5407.034232001024,4512.773596650068
1775644094,300,,Aggregated,518.300000,0.000000,330,530,810,910,1100,1300,1500,1600,2300,3700,5400,124107,61,330.0,548.9554564251565,249.69682499795454,5407.034232001024,4512.7808262225335
1775644095,300,,Aggregated,504.100000,0.000000,330,530,810,910,1100,1300,1500,1600,2400,3700,5400,124555,61,330.0,548.4466556189848,249.69682499795454,5407.034232001024,4512.788808157039
1775644096,300,,Aggregated,482.200000,0.000000,330,530,810,910,1100,1300,1500,1600,2400,3700,5400,124976,61,330.0,547.9251402639927,249.69682499795454,5407.034232001024,4512.796256881321
1775644097,300,,Aggregated,467.500000,0.000000,330,520,810,900,1100,1300,1500,1600,2400,3700,5400,125400,61,330.0,547.4424793335054,249.69682499795454,5407.034232001024,4512.803708133972
1775644098,300,,Aggregated,454.200000,0.000000,330,520,810,900,1100,1300,1500,1600,2400,3700,5400,125816,61,330.0,547.0007088824914,249.69682499795454,5407.034232001024,4512.810969987919
1775644099,300,,Aggregated,443.900000,0.000000,330,520,810,900,1100,1300,1500,1600,2400,3700,5400,126210,61,330.0,546.7033555784449,249.69682499795454,5407.034232001024,4512.817803660566
1775644100,300,,Aggregated,432.300000,0.000000,330,520,800,900,1100,1300,1500,1600,2400,3700,5400,126618,61,330.0,546.3365593121479,249.69682499795454,5407.034232001024,4512.824835331469
1775644101,300,,Aggregated,422.200000,0.000000,330,520,800,900,1100,1300,1500,1600,2300,3700,5400,127013,61,330.0,546.0212549848013,249.69682499795454,5407.034232001024,4512.831599914969
1775644102,300,,Aggregated,417.800000,0.000000,330,520,800,900,1100,1300,1500,1600,2300,3700,5400,127436,61,330.0,545.685142830249,249.69682499795454,5407.034232001024,4512.838797514046
1775644103,300,,Aggregated,415.200000,0.000000,330,520,800,900,1100,1300,1500,1600,2300,3700,5400,127847,61,330.0,545.2239607370964,249.69682499795454,5407.034232001024,4512.845745304935
1775644104,300,,Aggregated,415.600000,0.000000,330,520,800,900,1100,1300,1500,1600,2300,3700,5400,128268,61,330.0,544.7728369982037,249.69682499795454,5407.034232001024,4512.852815979044
1775644105,300,,Aggregated,413.200000,0.000000,330,520,800,900,1100,1300,1500,1600,2300,3700,5400,128683,61,330.0,544.4236932929259,249.69682499795454,5407.034232001024,4512.859740602877
1775644106,300,,Aggregated,413.900000,0.000000,330,520,800,890,1100,1300,1500,1600,2300,3700,5400,129091,61,330.0,544.0404688613673,249.69682499795454,5407.034232001024,4512.866505023588
1775644107,300,,Aggregated,411.200000,0.000000,330,510,800,890,1100,1300,1500,1600,2300,3700,5400,129512,61,330.0,543.6092754479251,249.69682499795454,5407.034232001024,4512.8734402989685
1775644108,300,,Aggregated,409.100000,0.000000,330,510,800,890,1100,1300,1500,1600,2400,3800,5400,129903,61,330.0,543.2792086080512,249.69682499795454,5407.034232001024,4512.879841112214
1775644109,300,,Aggregated,408.900000,0.000000,330,510,800,890,1100,1300,1500,1600,2400,3700,5400,130308,61,330.0,543.0277811182566,249.69682499795454,5407.034232001024,4512.886430610553
1775644110,300,,Aggregated,408.100000,0.000000,330,510,800,890,1100,1300,1500,1600,2400,3700,5400,130728,61,330.0,542.7062733112089,249.69682499795454,5407.034232001024,4512.893221039104
1775644111,300,,Aggregated,407.400000,0.000000,330,510,790,890,1100,1200,1500,1600,2400,3700,5400,131109,61,330.0,542.4317357122826,249.69682499795454,5407.034232001024,4512.899343294511
1775644112,300,,Aggregated,410.500000,0.000000,330,510,790,890,1100,1200,1500,1600,2400,3700,5400,131503,61,330.0,542.2457035442667,249.69682499795454,5407.034232001024,4512.905637133754
1775644113,300,,Aggregated,409.400000,0.000000,330,510,790,890,1100,1200,1500,1600,2400,3700,5400,131903,61,330.0,541.9629141009278,249.69682499795454,5407.034232001024,4512.911988355079
1775644114,300,,Aggregated,405.500000,0.000000,330,510,790,890,1100,1200,1500,1600,2400,3700,5400,132309,61,330.0,541.6707866523711,249.69682499795454,5407.034232001024,4512.918395573997
1775644115,300,,Aggregated,404.500000,0.000000,330,520,790,890,1100,1200,1500,1600,2400,3700,5400,132709,61,330.0,541.4431418898074,249.69682499795454,5407.034232001024,4512.92466976618
1775644116,300,,Aggregated,402.200000,0.000000,330,510,790,880,1100,1200,1500,1600,2400,3700,5400,133123,61,330.0,541.134868471876,249.69682499795454,5407.034232001024,4512.93112384787
1775644117,300,,Aggregated,402.900000,0.000000,330,510,790,880,1100,1200,1500,1600,2400,3700,5400,133516,61,330.0,540.7995423622236,249.69682499795454,5407.034232001024,4512.937213517481
1775644118,300,,Aggregated,402.400000,0.000000,330,510,790,880,1100,1200,1500,1600,2400,3700,5400,133914,61,330.0,540.5520667056453,249.69682499795454,5407.034232001024,4512.943344235853
1775644119,300,,Aggregated,399.900000,0.000000,330,510,790,880,1100,1200,1500,1600,2400,3700,5400,134331,61,330.0,540.2566769430643,249.69682499795454,5407.034232001024,4512.949728655336
1775644120,300,,Aggregated,399.600000,0.000000,330,510,790,880,1100,1200,1500,1600,2400,3700,5400,134752,61,330.0,539.8504535646125,249.69682499795454,5407.034232001024,4512.956134231774
1775644121,300,,Aggregated,401.300000,0.000000,330,510,790,880,1100,1200,1500,1600,2400,3700,5400,135161,61,330.0,539.4674057583229,249.69682499795454,5407.034232001024,4512.962319012141
1775644122,300,,Aggregated,400.500000,0.000000,330,510,790,880,1100,1200,1500,1600,2400,3700,5400,135564,61,330.0,539.2570476087651,249.69682499795454,5407.034232001024,4512.9683765601485
1775644123,300,,Aggregated,403.900000,0.000000,330,510,790,880,1100,1200,1500,1600,2400,3800,5400,135975,61,330.0,538.9263459291602,249.69682499795454,5407.034232001024,4512.974517374518
1775644124,300,,Aggregated,404.900000,0.000000,330,510,780,880,1100,1200,1500,1600,2400,3800,5400,136366,61,330.0,538.6191428674339,249.69682499795454,5407.034232001024,4512.9803250077
1775644125,300,,Aggregated,405.400000,0.000000,330,510,780,880,1100,1200,1500,1600,2400,3800,5400,136756,61,330.0,538.4600182986744,249.69682499795454,5407.034232001024,4512.986084705607
1775644126,300,,Aggregated,406.300000,0.000000,330,510,780,870,1100,1200,1500,1600,2400,3800,5400,137171,61,330.0,538.1593028454528,249.69682499795454,5407.034232001024,4512.992177646879
1775644127,300,,Aggregated,403.000000,0.000000,330,510,780,870,1100,1200,1500,1600,2400,3800,5400,137568,61,330.0,537.9227606088306,249.69682499795454,5407.034232001024,4512.997971912073
1775644128,300,,Aggregated,403.800000,0.000000,330,510,780,870,1100,1200,1500,1600,2500,3800,5400,137962,61,330.0,537.7038397004507,249.69682499795454,5407.034232001024,4513.003689421725
1775644129,300,,Aggregated,402.900000,0.000000,330,510,780,870,1100,1200,1500,1600,2500,3800,5400,138364,61,330.0,537.4867676013383,249.69682499795454,5407.034232001024,4513.009489462577
1775644130,300,,Aggregated,402.900000,0.000000,330,510,780,870,1100,1200,1500,1600,2500,3800,5400,138763,61,330.0,537.1832787991292,249.69682499795454,5407.034232001024,4513.015212989053
1775644131,300,,Aggregated,401.700000,0.000000,330,510,780,870,1100,1200,1500,1600,2500,3800,5400,139148,61,330.0,536.9800593040467,249.69682499795454,5407.034232001024,4513.020704573548
1775644132,300,,Aggregated,399.700000,0.000000,330,510,780,870,1100,1200,1500,1600,2500,3800,5400,139571,61,330.0,536.7464384279502,249.69682499795454,5407.034232001024,4513.026703254975
1775644133,300,,Aggregated,396.300000,0.000000,330,510,780,870,1100,1200,1500,1600,2500,3800,5400,139992,61,330.0,536.4075545052472,249.69682499795454,5407.034232001024,4513.03263757929
1775644134,300,,Aggregated,399.900000,0.000000,330,510,780,870,1100,1200,1500,1600,2500,3800,5400,140377,61,330.0,536.0982672819672,249.69682499795454,5407.034232001024,4513.038033296053
1775644135,300,,Aggregated,398.800000,0.000000,330,510,780,870,1100,1200,1500,1600,2500,3800,5400,140801,61,330.0,535.8267148077903,249.69682499795454,5407.034232001024,4513.043941449279
1775644136,300,,Aggregated,400.300000,0.000000,330,500,780,870,1100,1200,1500,1600,2500,3800,5400,141217,61,330.0,535.4551334894066,249.69682499795454,5407.034232001024,4513.049703647578
1775644137,300,,Aggregated,402.500000,0.000000,330,500,780,860,1100,1200,1500,1600,2500,3800,5400,141646,61,330.0,535.0931545996237,249.69682499795454,5407.034232001024,4513.055610465527
1775644138,300,,Aggregated,403.000000,0.000000,330,500,780,860,1100,1200,1500,1600,2400,3800,5400,142025,61,330.0,534.8362451133562,249.69682499795454,5407.034232001024,4513.060799155079
1775644139,300,,Aggregated,405.800000,0.000000,330,500,780,860,1100,1200,1500,1600,2500,3800,5400,142405,61,330.0,534.7063122228672,249.69682499795454,5407.034232001024,4513.0659738071
1775644140,300,,Aggregated,406.100000,0.000000,330,500,780,860,1100,1200,1500,1600,2500,3800,5400,142787,61,330.0,534.5837201731277,249.69682499795454,5407.034232001024,4513.071147933635
1775644141,300,,Aggregated,404.300000,0.000000,330,510,780,860,1100,1200,1500,1600,2500,3800,5400,143146,61,330.0,534.5023494601626,249.69682499795454,5407.034232001024,4513.075985357607
1775644142,280,,Aggregated,402.300000,0.000000,330,510,780,860,1100,1200,1500,1600,2500,3800,5400,143468,61,330.0,534.5822000562389,249.69682499795454,5407.034232001024,4513.080303621714
1775644143,260,,Aggregated,399.500000,0.000000,330,510,780,860,1100,1200,1500,1600,2500,3800,5400,143776,61,330.0,534.6769334681826,249.69682499795454,5407.034232001024,4513.084416036056
1775644144,240,,Aggregated,391.700000,0.000000,330,510,780,860,1100,1200,1500,1600,2500,3800,5400,144093,61,330.0,534.6188680418658,249.69682499795454,5407.034232001024,4513.088630259624
1775644145,220,,Aggregated,380.000000,0.000000,330,510,770,860,1100,1200,1500,1600,2500,3800,5400,144403,61,330.0,534.4200568511427,249.69682499795454,5407.034232001024,4513.092733530467
1775644146,200,,Aggregated,370.100000,0.000000,330,510,770,860,1100,1200,1500,1600,2500,3800,5400,144683,61,330.0,534.1970756728123,249.69682499795454,5407.034232001024,4513.096424597223
1775644147,180,,Aggregated,360.500000,0.000000,330,510,770,860,1100,1200,1500,1600,2500,3800,5400,144956,61,330.0,533.8921922338948,249.69682499795454,5407.034232001024,4513.100009658103
1775644148,160,,Aggregated,347.600000,0.000000,330,510,770,860,1100,1200,1500,1600,2500,3800,5400,145171,61,330.0,533.6490293722754,249.69682499795454,5407.034232001024,4513.10282356669
1775644149,140,,Aggregated,332.900000,0.000000,330,510,770,860,1100,1200,1500,1600,2500,3800,5400,145389,61,330.0,533.4179406475356,249.69682499795454,5407.034232001024,4513.105668241751
1775644150,120,,Aggregated,318.000000,0.000000,330,500,770,860,1100,1200,1500,1600,2500,3800,5400,145570,61,330.0,533.2053591854545,249.69682499795454,5407.034232001024,4513.108023631243
1775644151,100,,Aggregated,300.900000,0.000000,330,500,770,860,1100,1200,1500,1600,2500,3800,5400,145706,61,330.0,533.0608606711492,249.69682499795454,5407.034232001024,4513.10978957627
1775644152,100,,Aggregated,281.500000,0.000000,330,500,770,850,1100,1200,1500,1600,2500,3800,5400,145853,61,330.0,532.9218494617007,249.69682499795454,5407.034232001024,4513.111694651464
1775644153,100,,Aggregated,260.600000,0.000000,330,500,770,850,1100,1200,1500,1600,2500,3800,5400,145994,61,330.0,532.8329596155288,249.69682499795454,5407.034232001024,4513.113518363768
1775644154,100,,Aggregated,240.700000,0.000000,330,500,770,850,1100,1200,1500,1600,2500,3800,5400,146137,61,330.0,532.7107619484215,249.69682499795454,5407.034232001024,4513.115364349891
1775644155,100,,Aggregated,225.900000,0.000000,330,500,770,850,1100,1200,1500,1600,2500,3800,5400,146286,61,330.0,532.5552358328644,249.69682499795454,5407.034232001024,4513.117283950617
1775644156,100,,Aggregated,208.100000,0.000000,330,500,770,850,1100,1200,1500,1600,2500,3800,5400,146418,61,330.0,532.4353820449559,249.69682499795454,5407.034232001024,4513.118981272794
1775644157,100,,Aggregated,191.200000,0.000000,330,500,770,850,1100,1200,1500,1600,2500,3800,5400,146569,61,330.0,532.2988041151567,249.69682499795454,5407.034232001024,4513.12091915753
1775644158,100,,Aggregated,176.900000,0.000000,330,500,770,850,1100,1200,1500,1600,2500,3800,5400,146712,61,330.0,532.145695081414,249.69682499795454,5407.034232001024,4513.12275069524
1775644159,100,,Aggregated,164.200000,0.000000,330,500,770,850,1100,1200,1500,1600,2500,3800,5400,146867,61,330.0,531.9954160422658,249.69682499795454,5407.034232001024,4513.1247319002905
1775644160,100,,Aggregated,153.800000,0.000000,330,500,770,850,1100,1200,1500,1600,2500,3800,5400,147010,61,330.0,531.8477736988333,249.69682499795454,5407.034232001024,4513.1265560165975
1775644161,100,,Aggregated,148.200000,0.000000,330,500,770,850,1100,1200,1500,1600,2500,3800,5400,147155,61,330.0,531.6933416086073,249.69682499795454,5407.034232001024,4513.128402025076
1775644162,100,,Aggregated,144.000000,0.000000,330,500,770,850,1100,1200,1500,1600,2500,3800,5400,147306,61,330.0,531.526753044619,249.69682499795454,5407.034232001024,4513.130320557208
1775644163,100,,Aggregated,144.000000,0.000000,330,500,770,850,1100,1200,1500,1600,2500,3800,5400,147439,61,330.0,531.3903559892881,249.69682499795454,5407.034232001024,4513.132007135154
1775644164,100,,Aggregated,143.200000,0.000000,330,500,770,850,1100,1200,1500,1600,2500,3800,5400,147590,61,330.0,531.2546651429135,249.69682499795454,5407.034232001024,4513.133918287147
1775644165,100,,Aggregated,144.400000,0.000000,330,500,770,850,1100,1200,1500,1600,2500,3800,5400,147733,61,330.0,531.123111894618,249.69682499795454,5407.034232001024,4513.135724584216
1775644166,100,,Aggregated,145.300000,0.000000,330,500,770,850,1100,1200,1500,1600,2500,3800,5400,147881,61,330.0,530.9992233689425,249.69682499795454,5407.034232001024,4513.137590359816
1775644167,100,,Aggregated,145.500000,0.000000,330,500,770,850,1100,1200,1500,1600,2500,3800,5400,148027,61,330.0,530.8523900347276,249.69682499795454,5407.034232001024,4513.1394272666475
1775644168,100,,Aggregated,145.100000,0.000000,330,500,770,850,1100,1200,1500,1600,2500,3800,5400,148170,61,330.0,530.7055920459246,249.69682499795454,5407.034232001024,4513.141222919619
1775644169,100,,Aggregated,145.700000,0.000000,330,500,770,850,1100,1200,1500,1600,2500,3800,5400,148300,61,330.0,530.6086780907327,249.69682499795454,5407.034232001024,4513.142852326366
1775644170,100,,Aggregated,145.400000,0.000000,330,500,770,850,1100,1200,1500,1600,2500,3800,5400,148437,61,330.0,530.5076124394034,249.69682499795454,5407.034232001024,4513.144566381698
1775644171,100,,Aggregated,144.600000,0.000000,330,500,770,850,1100,1200,1500,1600,2500,3800,5400,148583,61,330.0,530.4098697837417,249.69682499795454,5407.034232001024,4513.146389560044
1775644172,100,,Aggregated,142.900000,0.000000,330,500,770,850,1100,1200,1500,1600,2500,3800,5400,148730,61,330.0,530.2893226889241,249.69682499795454,5407.034232001024,4513.148221609628
1775644173,100,,Aggregated,142.100000,0.000000,330,500,770,850,1100,1200,1500,1600,2500,3800,5400,148868,61,330.0,530.1514124516062,249.69682499795454,5407.034232001024,4513.149938200285
1775644174,100,,Aggregated,142.100000,0.000000,330,500,770,850,1100,1200,1500,1600,2500,3800,5400,149010,61,330.0,530.0317705374517,249.69682499795454,5407.034232001024,4513.151701228106
1775644175,100,,Aggregated,141.900000,0.000000,330,500,770,850,1100,1200,1500,1600,2500,3800,5400,149149,61,330.0,529.9129802001535,249.69682499795454,5407.034232001024,4513.153423757451
1775644176,100,,Aggregated,140.700000,0.000000,330,500,770,850,1100,1200,1500,1600,2500,3800,5400,149290,61,330.0,529.8177983343136,249.69682499795454,5407.034232001024,4513.155167794226
1775644177,100,,Aggregated,140.800000,0.000000,330,500,770,850,1100,1200,1500,1600,2500,3800,5400,149435,61,330.0,529.7025438436427,249.69682499795454,5407.034232001024,4513.156957874661
1775644178,100,,Aggregated,141.400000,0.000000,330,500,770,850,1100,1200,1500,1600,2500,3800,5400,149578,61,330.0,529.550823758747,249.69682499795454,5407.034232001024,4513.1587198652205
1775644179,100,,Aggregated,140.700000,0.000000,330,500,770,850,1100,1200,1500,1600,2500,3800,5400,149722,61,330.0,529.4231271242558,249.69682499795454,5407.034232001024,4513.1604907762385
1775644180,100,,Aggregated,140.900000,0.000000,330,500,770,840,1100,1200,1500,1600,2500,3800,5400,149869,61,330.0,529.2922625927768,249.69682499795454,5407.034232001024,4513.162295071029
1775644181,100,,Aggregated,140.000000,0.000000,330,500,770,840,1100,1200,1500,1600,2500,3800,5400,150000,61,330.0,529.1928087982451,249.69682499795454,5407.034232001024,4513.1639
1775644182,100,,Aggregated,141.700000,0.000000,330,500,770,840,1100,1200,1500,1600,2500,3800,5400,150139,68,330.0,529.0653312132943,27.384102999349125,5407.034232001024,4512.9550949453505
1775644183,100,,Aggregated,141.700000,0.000000,330,500,770,840,1100,1200,1500,1600,2500,3800,5400,150280,68,330.0,528.99068939934,27.384102999349125,5407.034232001024,4512.957013574661
1775644184,100,,Aggregated,141.700000,0.700000,330,500,770,840,1100,1200,1500,1600,2500,3800,5400,150419,68,330.0,528.8957808633079,27.384102999349125,5407.034232001024,4512.958901468564
1775644185,100,,Aggregated,140.500000,0.700000,330,500,770,840,1100,1200,1500,1600,2500,3800,5400,150561,68,330.0,528.769241762248,27.384102999349125,5407.034232001024,4512.960826508857
1775644186,100,,Aggregated,140.700000,0.700000,330,500,770,840,1100,1200,1500,1600,2500,3800,5400,150702,68,330.0,528.6666448402267,27.384102999349125,5407.034232001024,4512.962734402994
1775644187,100,,Aggregated,141.300000,0.700000,330,490,770,840,1100,1200,1500,1600,2500,3800,5400,150854,68,330.0,528.5225447371018,27.384102999349125,5407.034232001024,4512.964787145187
1775644188,100,,Aggregated,140.800000,0.700000,330,490,770,840,1100,1200,1500,1600,2500,3800,5400,151002,68,330.0,528.3724318593984,27.384102999349125,5407.034232001024,4512.966781896928
1775644189,100,,Aggregated,140.400000,0.700000,330,490,770,840,1100,1200,1500,1600,2500,3800,5400,151137,68,330.0,528.2510805298433,27.384102999349125,5407.034232001024,4512.968598026956
1775644190,100,,Aggregated,141.900000,0.700000,330,490,770,840,1100,1200,1500,1600,2500,3800,5400,151288,68,330.0,528.1449371007275,27.384102999349125,5407.034232001024,4512.970625561842
1775644191,100,,Aggregated,141.600000,0.700000,330,490,770,840,1100,1200,1500,1600,2500,3800,5400,151430,68,330.0,527.9935932203717,27.384102999349125,5407.034232001024,4512.972528561051
1775644192,100,,Aggregated,140.900000,0.700000,330,490,770,840,1100,1200,1500,1600,2500,3800,5400,151576,68,330.0,527.8557532095507,27.384102999349125,5407.034232001024,4512.97448144825
1775644193,100,,Aggregated,141.700000,0.700000,330,490,760,840,1100,1200,1500,1600,2500,3800,5400,151724,68,330.0,527.7137070902355,27.384102999349125,5407.034232001024,4512.976457251325
1775644194,100,,Aggregated,142.100000,0.000000,330,490,760,840,1100,1200,1500,1600,2500,3800,5400,151862,68,330.0,527.5921033120786,27.384102999349125,5407.034232001024,4512.978296084603
1775644195,100,,Aggregated,143.600000,0.000000,330,490,760,840,1100,1200,1500,1600,2500,3800,5400,152000,68,330.0,527.4909625498876,27.384102999349125,5407.034232001024,4512.980131578947
1775644196,100,,Aggregated,144.000000,0.000000,330,490,760,840,1100,1200,1500,1600,2500,3800,5400,152143,68,330.0,527.3758515217322,27.384102999349125,5407.034232001024,4512.982030063821
1775644197,100,,Aggregated,143.300000,0.000000,330,490,760,840,1100,1200,1500,1600,2500,3800,5400,152298,76,330.0,527.2446062248025,27.384102999349125,5407.034232001024,4512.746917228066
1775644198,100,,Aggregated,144.700000,0.000000,330,490,760,840,1100,1200,1500,1600,2500,3800,5400,152439,76,330.0,527.1234912406469,27.384102999349125,5407.034232001024,4512.74900123984
1775644199,100,,Aggregated,144.500000,0.800000,330,490,760,840,1100,1200,1500,1600,2500,3800,5400,152578,76,330.0,526.9864253379515,27.384102999349125,5407.034232001024,4512.7510519209845
1775644200,100,,Aggregated,142.800000,0.800000,330,490,760,840,1100,1200,1500,1600,2500,3800,5400,152719,76,330.0,526.8626164542063,27.384102999349125,5407.034232001024,4512.753128294449
1775644201,100,,Aggregated,144.200000,0.800000,330,490,760,840,1100,1200,1500,1600,2500,3800,5400,152864,76,330.0,526.7258677495811,27.384102999349125,5407.034232001024,4512.75525957714
1775644202,90,,Aggregated,144.300000,0.800000,330,490,760,840,1100,1200,1500,1600,2500,3800,5400,152998,76,330.0,526.6182247613955,27.384102999349125,5407.034232001024,4512.757225584648
1775644203,80,,Aggregated,143.900000,0.800000,330,490,760,840,1100,1200,1500,1600,2500,3800,5400,153112,76,330.0,526.4970610466916,27.384102999349125,5407.034232001024,4512.758895449083
1775644204,70,,Aggregated,142.600000,0.800000,330,490,760,840,1100,1200,1500,1600,2500,3800,5400,153218,76,330.0,526.406226982398,27.384102999349125,5407.034232001024,4512.7604459006125
1775644205,60,,Aggregated,140.300000,0.800000,330,490,760,840,1100,1200,1500,1600,2500,3800,5400,153309,76,330.0,526.3142002509451,27.384102999349125,5407.034232001024,4512.761775238244
1775644206,50,,Aggregated,136.900000,0.800000,330,490,760,840,1100,1200,1500,1600,2500,3800,5400,153381,76,330.0,526.2359767303911,27.384102999349125,5407.034232001024,4512.762825904121
1775644207,40,,Aggregated,132.100000,0.800000,330,490,760,840,1100,1200,1500,1600,2500,3800,5400,153438,76,330.0,526.177197281072,27.384102999349125,5407.034232001024,4512.763656981973
1775644208,30,,Aggregated,125.300000,0.800000,330,490,760,840,1100,1200,1500,1600,2500,3800,5400,153481,76,330.0,526.1530859996816,27.384102999349125,5407.034232001024,4512.764283526952
1775644209,20,,Aggregated,117.600000,0.000000,330,490,760,840,1100,1200,1500,1600,2500,3800,5400,153511,76,330.0,526.121173696713,27.384102999349125,5407.034232001024,4512.764720443486
1775644210,10,,Aggregated,108.500000,0.000000,330,490,760,840,1100,1200,1500,1600,2500,3800,5400,153528,76,330.0,526.1016173513568,27.384102999349125,5407.034232001024,4512.764967953728
1775644211,10,,Aggregated,97.300000,0.000000,330,490,760,840,1100,1200,1500,1600,2500,3800,5400,153543,76,330.0,526.0856647876433,27.384102999349125,5407.034232001024,4512.765186299604
1775644212,10,,Aggregated,85.600000,0.000000,330,490,760,840,1100,1200,1500,1600,2500,3800,5400,153557,76,330.0,526.0766956647897,27.384102999349125,5407.034232001024,4512.7653900506
1775644213,10,,Aggregated,72.800000,0.000000,330,490,760,840,1100,1200,1500,1600,2500,3800,5400,153569,76,330.0,526.0697564552294,27.384102999349125,5407.034232001024,4512.765564664744
1775644214,10,,Aggregated,60.800000,0.000000,330,490,760,830,1100,1200,1500,1600,2500,3800,5400,153586,76,330.0,526.0549012720309,27.384102999349125,5407.034232001024,4512.765811988072
1775644215,10,,Aggregated,49.800000,0.000000,330,490,760,830,1100,1200,1400,1600,2500,3800,5400,153601,76,330.0,526.0385239572278,27.384102999349125,5407.034232001024,4512.766030169075
1775644216,10,,Aggregated,40.000000,0.000000,330,490,760,830,1100,1200,1400,1600,2500,3800,5400,153611,76,330.0,526.0330030738435,27.384102999349125,5407.034232001024,4512.766175599404
1775644217,10,,Aggregated,32.800000,0.000000,330,490,760,830,1100,1200,1400,1600,2500,3800,5400,153627,76,330.0,526.0262475761434,27.384102999349125,5407.034232001024,4512.76640824855
1775644218,10,,Aggregated,25.400000,0.000000,330,490,760,830,1100,1200,1400,1600,2500,3800,5400,153642,76,330.0,526.0120744685646,27.384102999349125,5407.034232001024,4512.766626313118
1775644219,10,,Aggregated,20.700000,0.000000,330,490,760,830,1100,1200,1400,1600,2500,3800,5400,153653,76,330.0,526.0112129309496,27.384102999349125,5407.034232001024,4512.766786200074
1775644220,10,,Aggregated,16.900000,0.000000,330,490,760,830,1100,1200,1500,1600,2500,3800,5400,153664,76,330.0,526.0119238397426,27.384102999349125,5407.034232001024,4512.76694606414
1775644221,10,,Aggregated,14.800000,0.000000,330,490,760,830,1100,1200,1500,1600,2500,3800,5400,153680,76,330.0,526.0105558967934,27.384102999349125,5407.034232001024,4512.767178552837
1775644222,10,,Aggregated,13.600000,0.000000,330,490,760,830,1100,1200,1500,1600,2500,3800,5400,153692,76,330.0,526.0001439535514,27.384102999349125,5407.034232001024,4512.767352887593
1775644223,10,,Aggregated,13.400000,0.000000,330,490,760,830,1100,1200,1500,1600,2500,3800,5400,153705,76,330.0,525.9977084552564,27.384102999349125,5407.034232001024,4512.767541719528
1775644224,10,,Aggregated,13.700000,0.000000,330,490,760,830,1100,1200,1500,1600,2500,3800,5400,153718,76,330.0,525.9904797944431,27.384102999349125,5407.034232001024,4512.767730519523
1775644225,10,,Aggregated,13.300000,0.000000,330,490,760,830,1100,1200,1500,1600,2500,3800,5400,153735,76,330.0,525.9782338161524,27.384102999349125,5407.034232001024,4512.7679773636455
1775644226,10,,Aggregated,13.600000,0.000000,330,490,760,830,1100,1200,1500,1600,2500,3800,5400,153750,76,330.0,525.9644692256596,27.384102999349125,5407.034232001024,4512.768195121951
1775644227,10,,Aggregated,13.100000,0.000000,330,490,760,830,1100,1200,1400,1600,2500,3800,5400,153764,76,330.0,525.9533651932777,27.384102999349125,5407.034232001024,4512.768398324705
1775644228,10,,Aggregated,13.400000,0.000000,330,490,760,830,1100,1200,1400,1600,2500,3800,5400,153776,76,330.0,525.9423002563217,27.384102999349125,5407.034232001024,4512.7685724690455
1775644229,10,,Aggregated,13.700000,0.000000,330,490,760,830,1100,1200,1400,1600,2500,3800,5400,153789,76,330.0,525.940841264298,27.384102999349125,5407.034232001024,4512.768761094747
1775644230,10,,Aggregated,13.600000,0.000000,330,490,760,830,1100,1200,1400,1600,2500,3800,5400,153802,76,330.0,525.9349596942574,27.384102999349125,5407.034232001024,4512.7689496885605
1775644231,10,,Aggregated,13.700000,0.000000,330,490,760,830,1100,1200,1400,1600,2500,3800,5400,153816,76,330.0,525.9239341656927,27.384102999349125,5407.034232001024,4512.76915275394
1775644232,10,,Aggregated,13.900000,0.000000,330,490,760,830,1100,1200,1400,1600,2500,3800,5400,153831,76,330.0,525.9109288349692,27.384102999349125,5407.034232001024,4512.769370282973
1775644233,10,,Aggregated,14.100000,0.000000,330,490,760,830,1100,1200,1400,1600,2500,3800,5400,153843,76,330.0,525.9029401408263,27.384102999349125,5407.034232001024,4512.769544275658
1775644234,10,,Aggregated,13.700000,0.000000,330,490,760,830,1100,1200,1400,1600,2500,3800,5400,153861,76,330.0,525.8914849833627,27.384102999349125,5407.034232001024,4512.769805213797
1775644235,10,,Aggregated,14.000000,0.000000,330,490,760,830,1100,1200,1400,1600,2500,3800,5400,153871,76,330.0,525.8794311214795,27.384102999349125,5407.034232001024,4512.769950153051
1775644236,10,,Aggregated,13.800000,0.000000,330,490,760,830,1100,1200,1400,1600,2500,3800,5400,153888,76,330.0,525.8644851348133,27.384102999349125,5407.034232001024,4512.77019650655
1775644237,10,,Aggregated,13.800000,0.000000,330,490,760,830,1100,1200,1400,1600,2500,3800,5400,153899,76,330.0,525.8665701696448,27.384102999349125,5407.034232001024,4512.770355882754
1775644238,10,,Aggregated,13.700000,0.000000,330,490,760,830,1100,1200,1400,1600,2500,3800,5400,153910,76,330.0,525.8561050382702,27.384102999349125,5407.034232001024,4512.770515236177
1775644239,10,,Aggregated,13.500000,0.000000,330,490,760,830,1100,1200,1400,1600,2500,3800,5400,153925,76,330.0,525.8594539464684,27.384102999349125,5407.034232001024,4512.770732499594
1775644240,10,,Aggregated,13.200000,0.000000,330,490,760,830,1100,1200,1400,1600,2500,3800,5400,153942,76,330.0,525.8540559568221,27.384102999349125,5407.034232001024,4512.7709786802825
1775644241,10,,Aggregated,13.400000,0.000000,330,490,760,830,1100,1200,1400,1600,2500,3800,5400,153955,76,330.0,525.8481686762826,27.384102999349125,5407.034232001024,4512.771166899419
1775644242,10,,Aggregated,13.700000,0.000000,330,490,760,830,1100,1200,1400,1600,2500,3800,5400,153967,77,330.0,525.8352132276401,18.954024999402463,5407.034232001024,4512.742016146317
1775644243,10,,Aggregated,13.300000,0.000000,330,490,760,830,1100,1200,1400,1600,2500,3800,5400,153980,77,330.0,525.8260285422461,18.954024999402463,5407.034232001024,4512.742206780102
1775644244,10,,Aggregated,13.700000,0.100000,330,490,760,830,1100,1200,1400,1600,2500,3800,5400,153993,77,330.0,525.8169811115184,18.954024999402463,5407.034232001024,4512.742397381699
1775644245,10,,Aggregated,13.400000,0.100000,330,490,760,830,1100,1200,1400,1600,2500,3800,5400,154004,77,330.0,525.8184970275128,18.954024999402463,5407.034232001024,4512.742558634841
1775644246,10,,Aggregated,13.400000,0.100000,330,490,760,830,1100,1200,1400,1600,2500,3800,5400,154018,77,330.0,525.8136114507789,18.954024999402463,5407.034232001024,4512.742763832799
1775644247,10,,Aggregated,13.300000,0.100000,330,490,760,830,1100,1200,1400,1600,2500,3800,5400,154032,77,330.0,525.8086037265767,18.954024999402463,5407.034232001024,4512.742968993456
1775644248,10,,Aggregated,13.300000,0.100000,330,490,760,830,1100,1200,1400,1600,2500,3800,5400,154047,77,330.0,525.801456761346,18.954024999402463,5407.034232001024,4512.743188767065
1775644249,10,,Aggregated,13.000000,0.100000,330,490,760,830,1100,1200,1400,1600,2500,3800,5400,154061,77,330.0,525.7900792861078,18.954024999402463,5407.034232001024,4512.743393850488
1775644250,10,,Aggregated,13.400000,0.100000,330,490,760,830,1100,1200,1400,1600,2500,3800,5400,154074,77,330.0,525.7776496169896,18.954024999402463,5407.034232001024,4512.743584251723
1775644251,10,,Aggregated,13.300000,0.100000,330,490,760,830,1100,1200,1400,1600,2500,3800,5400,154087,77,330.0,525.7744194638032,18.954024999402463,5407.034232001024,4512.743774620831
1775644252,10,,Aggregated,13.400000,0.100000,330,490,760,830,1100,1200,1400,1600,2500,3800,5400,154101,77,330.0,525.758053070214,18.954024999402463,5407.034232001024,4512.743979597796
1775644253,10,,Aggregated,13.300000,0.100000,330,490,760,830,1100,1200,1400,1600,2500,3800,5400,154114,77,330.0,525.7483785291995,18.954024999402463,5407.034232001024,4512.744169900204
1775644254,10,,Aggregated,13.000000,0.000000,330,490,760,830,1100,1200,1400,1600,2500,3800,5400,154127,77,330.0,525.7549760800968,18.954024999402463,5407.034232001024,4512.744360170509
1775644255,10,,Aggregated,13.300000,0.000000,330,490,760,830,1100,1200,1400,1600,2500,3800,5400,154142,77,330.0,525.7433329948364,18.954024999402463,5407.034232001024,4512.744579673288
1775644256,10,,Aggregated,13.300000,0.000000,330,490,760,830,1100,1200,1400,1600,2500,3800,5400,154157,77,330.0,525.7334521281749,18.954024999402463,5407.034232001024,4512.744799133351
1775644257,10,,Aggregated,13.500000,0.000000,330,490,760,830,1100,1200,1400,1600,2500,3800,5400,154170,78,330.0,525.7276775504706,18.954024999402463,5407.034232001024,4512.71570344425
1775644258,10,,Aggregated,13.500000,0.000000,330,490,760,830,1100,1200,1400,1600,2500,3800,5400,154182,78,330.0,525.7159598041408,18.954024999402463,5407.034232001024,4512.715881231272
1775644259,10,,Aggregated,13.700000,0.100000,330,490,760,830,1100,1200,1400,1600,2500,3800,5400,154198,78,330.0,525.7000905822453,18.954024999402463,5407.034232001024,4512.71611823759
1775644260,10,,Aggregated,13.600000,0.100000,330,490,760,830,1100,1200,1400,1600,2500,3800,5400,154210,78,330.0,525.6888821310878,18.954024999402463,5407.034232001024,4512.716295960055
1775644261,10,,Aggregated,13.700000,0.100000,330,490,760,830,1100,1200,1400,1600,2500,3800,5400,154226,78,330.0,525.6740491036081,18.954024999402463,5407.034232001024,4512.7165328803185
1775644263,10,,Aggregated,13.700000,0.100000,330,490,760,830,1100,1200,1400,1600,2500,3800,5400,154226,78,330.0,525.6740491036081,18.954024999402463,5407.034232001024,4512.7165328803185
1775644264,0,,Aggregated,13.800000,0.100000,330,490,760,830,1100,1200,1400,1600,2500,3800,5400,154230,78,330.0,525.7087294455687,18.954024999402463,5407.034232001024,4512.7165921027035
1775644265,0,,Aggregated,13.800000,0.100000,330,490,760,830,1100,1200,1400,1600,2500,3800,5400,154230,78,330.0,525.7087294455687,18.954024999402463,5407.034232001024,4512.7165921027035
1775644266,0,,Aggregated,13.800000,0.100000,330,490,760,830,1100,1200,1400,1600,2500,3800,5400,154230,78,330.0,525.7087294455687,18.954024999402463,5407.034232001024,4512.7165921027035
1775644267,0,,Aggregated,13.800000,0.100000,330,490,760,830,1100,1200,1400,1600,2500,3800,5400,154230,78,330.0,525.7087294455687,18.954024999402463,5407.034232001024,4512.7165921027035
1775644268,0,,Aggregated,13.800000,0.100000,330,490,760,830,1100,1200,1400,1600,2500,3800,5400,154230,78,330.0,525.7087294455687,18.954024999402463,5407.034232001024,4512.7165921027035
1775644269,0,,Aggregated,13.800000,0.100000,330,490,760,830,1100,1200,1400,1600,2500,3800,5400,154230,78,330.0,525.7087294455687,18.954024999402463,5407.034232001024,4512.7165921027035
1775644270,0,,Aggregated,13.800000,0.100000,330,490,760,830,1100,1200,1400,1600,2500,3800,5400,154230,78,330.0,525.7087294455687,18.954024999402463,5407.034232001024,4512.7165921027035
1775644271,0,,Aggregated,13.800000,0.100000,330,490,760,830,1100,1200,1400,1600,2500,3800,5400,154230,78,330.0,525.7087294455687,18.954024999402463,5407.034232001024,4512.7165921027035
1775644272,0,,Aggregated,13.800000,0.100000,330,490,760,830,1100,1200,1400,1600,2500,3800,5400,154230,78,330.0,525.7087294455687,18.954024999402463,5407.034232001024,4512.7165921027035
1775644273,0,,Aggregated,13.800000,0.100000,330,490,760,830,1100,1200,1400,1600,2500,3800,5400,154230,78,330.0,525.7087294455687,18.954024999402463,5407.034232001024,4512.7165921027035
1775644274,0,,Aggregated,13.800000,0.100000,330,490,760,830,1100,1200,1400,1600,2500,3800,5400,154230,78,330.0,525.7087294455687,18.954024999402463,5407.034232001024,4512.7165921027035
1775644275,0,,Aggregated,13.800000,0.100000,330,490,760,830,1100,1200,1400,1600,2500,3800,5400,154230,78,330.0,525.7087294455687,18.954024999402463,5407.034232001024,4512.7165921027035
1775644276,0,,Aggregated,13.800000,0.100000,330,490,760,830,1100,1200,1400,1600,2500,3800,5400,154230,78,330.0,525.7087294455687,18.954024999402463,5407.034232001024,4512.7165921027035
1775644277,0,,Aggregated,13.800000,0.100000,330,490,760,830,1100,1200,1400,1600,2500,3800,5400,154230,78,330.0,525.7087294455687,18.954024999402463,5407.034232001024,4512.7165921027035
1775644278,0,,Aggregated,13.800000,0.100000,330,490,760,830,1100,1200,1400,1600,2500,3800,5400,154230,78,330.0,525.7087294455687,18.954024999402463,5407.034232001024,4512.7165921027035
1775644279,0,,Aggregated,13.800000,0.100000,330,490,760,830,1100,1200,1400,1600,2500,3800,5400,154230,78,330.0,525.7087294455687,18.954024999402463,5407.034232001024,4512.7165921027035
1775644280,0,,Aggregated,13.800000,0.100000,330,490,760,830,1100,1200,1400,1600,2500,3800,5400,154230,78,330.0,525.7087294455687,18.954024999402463,5407.034232001024,4512.7165921027035
1775644281,0,,Aggregated,13.800000,0.100000,330,490,760,830,1100,1200,1400,1600,2500,3800,5400,154230,78,330.0,525.7087294455687,18.954024999402463,5407.034232001024,4512.7165921027035
1775644282,0,,Aggregated,13.800000,0.100000,330,490,760,830,1100,1200,1400,1600,2500,3800,5400,154230,78,330.0,525.7087294455687,18.954024999402463,5407.034232001024,4512.7165921027035
1775644283,0,,Aggregated,13.800000,0.100000,330,490,760,830,1100,1200,1400,1600,2500,3800,5400,154230,78,330.0,525.7087294455687,18.954024999402463,5407.034232001024,4512.7165921027035
1775644284,0,,Aggregated,13.800000,0.100000,330,490,760,830,1100,1200,1400,1600,2500,3800,5400,154230,78,330.0,525.7087294455687,18.954024999402463,5407.034232001024,4512.7165921027035
1775644285,0,,Aggregated,13.800000,0.100000,330,490,760,830,1100,1200,1400,1600,2500,3800,5400,154230,78,330.0,525.7087294455687,18.954024999402463,5407.034232001024,4512.7165921027035
1775644286,0,,Aggregated,13.800000,0.100000,330,490,760,830,1100,1200,1400,1600,2500,3800,5400,154230,78,330.0,525.7087294455687,18.954024999402463,5407.034232001024,4512.7165921027035
1775644287,0,,Aggregated,13.800000,0.100000,330,490,760,830,1100,1200,1400,1600,2500,3800,5400,154230,78,330.0,525.7087294455687,18.954024999402463,5407.034232001024,4512.7165921027035
1775644288,0,,Aggregated,13.800000,0.100000,330,490,760,830,1100,1200,1400,1600,2500,3800,5400,154230,78,330.0,525.7087294455687,18.954024999402463,5407.034232001024,4512.7165921027035
1775644289,0,,Aggregated,13.800000,0.100000,330,490,760,830,1100,1200,1400,1600,2500,3800,5400,154230,78,330.0,525.7087294455687,18.954024999402463,5407.034232001024,4512.7165921027035
1775644290,0,,Aggregated,13.800000,0.100000,330,490,760,830,1100,1200,1400,1600,2500,3800,5400,154230,78,330.0,525.7087294455687,18.954024999402463,5407.034232001024,4512.7165921027035
1775644291,0,,Aggregated,13.800000,0.100000,330,490,760,830,1100,1200,1400,1600,2500,3800,5400,154230,78,330.0,525.7087294455687,18.954024999402463,5407.034232001024,4512.7165921027035
1775644292,0,,Aggregated,13.800000,0.100000,330,490,760,830,1100,1200,1400,1600,2500,3800,5400,154230,78,330.0,525.7087294455687,18.954024999402463,5407.034232001024,4512.7165921027035
1775644293,0,,Aggregated,13.800000,0.100000,330,490,760,830,1100,1200,1400,1600,2500,3800,5400,154230,78,330.0,525.7087294455687,18.954024999402463,5407.034232001024,4512.7165921027035
1775644294,0,,Aggregated,13.800000,0.100000,330,490,760,830,1100,1200,1400,1600,2500,3800,5400,154230,78,330.0,525.7087294455687,18.954024999402463,5407.034232001024,4512.7165921027035
1775644295,0,,Aggregated,13.800000,0.100000,330,490,760,830,1100,1200,1400,1600,2500,3800,5400,154230,78,330.0,525.7087294455687,18.954024999402463,5407.034232001024,4512.7165921027035
1775644296,0,,Aggregated,13.800000,0.100000,330,490,760,830,1100,1200,1400,1600,2500,3800,5400,154230,78,330.0,525.7087294455687,18.954024999402463,5407.034232001024,4512.7165921027035
1775644297,0,,Aggregated,13.800000,0.100000,330,490,760,830,1100,1200,1400,1600,2500,3800,5400,154230,78,330.0,525.7087294455687,18.954024999402463,5407.034232001024,4512.7165921027035
1775644298,0,,Aggregated,13.800000,0.100000,330,490,760,830,1100,1200,1400,1600,2500,3800,5400,154230,78,330.0,525.7087294455687,18.954024999402463,5407.034232001024,4512.7165921027035
1775644299,0,,Aggregated,13.800000,0.100000,330,490,760,830,1100,1200,1400,1600,2500,3800,5400,154230,78,330.0,525.7087294455687,18.954024999402463,5407.034232001024,4512.7165921027035
1775644300,0,,Aggregated,13.800000,0.100000,330,490,760,830,1100,1200,1400,1600,2500,3800,5400,154230,78,330.0,525.7087294455687,18.954024999402463,5407.034232001024,4512.7165921027035
1775644301,0,,Aggregated,13.800000,0.100000,330,490,760,830,1100,1200,1400,1600,2500,3800,5400,154230,78,330.0,525.7087294455687,18.954024999402463,5407.034232001024,4512.7165921027035
1775644302,0,,Aggregated,13.800000,0.100000,330,490,760,830,1100,1200,1400,1600,2500,3800,5400,154230,78,330.0,525.7087294455687,18.954024999402463,5407.034232001024,4512.7165921027035
1775644303,0,,Aggregated,13.800000,0.100000,330,490,760,830,1100,1200,1400,1600,2500,3800,5400,154230,78,330.0,525.7087294455687,18.954024999402463,5407.034232001024,4512.7165921027035
1775644304,0,,Aggregated,13.800000,0.100000,330,490,760,830,1100,1200,1400,1600,2500,3800,5400,154230,78,330.0,525.7087294455687,18.954024999402463,5407.034232001024,4512.7165921027035
1775644305,0,,Aggregated,13.800000,0.100000,330,490,760,830,1100,1200,1400,1600,2500,3800,5400,154230,78,330.0,525.7087294455687,18.954024999402463,5407.034232001024,4512.7165921027035
1775644306,0,,Aggregated,13.800000,0.100000,330,490,760,830,1100,1200,1400,1600,2500,3800,5400,154230,78,330.0,525.7087294455687,18.954024999402463,5407.034232001024,4512.7165921027035
1775644307,0,,Aggregated,13.800000,0.100000,330,490,760,830,1100,1200,1400,1600,2500,3800,5400,154230,78,330.0,525.7087294455687,18.954024999402463,5407.034232001024,4512.7165921027035
1775644308,0,,Aggregated,13.800000,0.100000,330,490,760,830,1100,1200,1400,1600,2500,3800,5400,154230,78,330.0,525.7087294455687,18.954024999402463,5407.034232001024,4512.7165921027035
1775644309,0,,Aggregated,13.800000,0.100000,330,490,760,830,1100,1200,1400,1600,2500,3800,5400,154230,78,330.0,525.7087294455687,18.954024999402463,5407.034232001024,4512.7165921027035
1775644310,0,,Aggregated,13.800000,0.100000,330,490,760,830,1100,1200,1400,1600,2500,3800,5400,154230,78,330.0,525.7087294455687,18.954024999402463,5407.034232001024,4512.7165921027035
1775644311,0,,Aggregated,13.800000,0.100000,330,490,760,830,1100,1200,1400,1600,2500,3800,5400,154230,78,330.0,525.7087294455687,18.954024999402463,5407.034232001024,4512.7165921027035
1775644312,0,,Aggregated,13.800000,0.100000,330,490,760,830,1100,1200,1400,1600,2500,3800,5400,154230,78,330.0,525.7087294455687,18.954024999402463,5407.034232001024,4512.7165921027035
1775644313,0,,Aggregated,13.800000,0.100000,330,490,760,830,1100,1200,1400,1600,2500,3800,5400,154230,78,330.0,525.7087294455687,18.954024999402463,5407.034232001024,4512.7165921027035
1775644314,0,,Aggregated,13.800000,0.100000,330,490,760,830,1100,1200,1400,1600,2500,3800,5400,154230,78,330.0,525.7087294455687,18.954024999402463,5407.034232001024,4512.7165921027035
1775644315,0,,Aggregated,13.800000,0.100000,330,490,760,830,1100,1200,1400,1600,2500,3800,5400,154230,78,330.0,525.7087294455687,18.954024999402463,5407.034232001024,4512.7165921027035
1775644316,0,,Aggregated,13.800000,0.100000,330,490,760,830,1100,1200,1400,1600,2500,3800,5400,154230,78,330.0,525.7087294455687,18.954024999402463,5407.034232001024,4512.7165921027035
1775644317,0,,Aggregated,13.800000,0.100000,330,490,760,830,1100,1200,1400,1600,2500,3800,5400,154230,78,330.0,525.7087294455687,18.954024999402463,5407.034232001024,4512.7165921027035
1775644318,0,,Aggregated,13.800000,0.100000,330,490,760,830,1100,1200,1400,1600,2500,3800,5400,154230,78,330.0,525.7087294455687,18.954024999402463,5407.034232001024,4512.7165921027035
1775644319,0,,Aggregated,13.800000,0.100000,330,490,760,830,1100,1200,1400,1600,2500,3800,5400,154230,78,330.0,525.7087294455687,18.954024999402463,5407.034232001024,4512.7165921027035
1775644320,0,,Aggregated,13.800000,0.100000,330,490,760,830,1100,1200,1400,1600,2500,3800,5400,154230,78,330.0,525.7087294455687,18.954024999402463,5407.034232001024,4512.7165921027035
1775644321,0,,Aggregated,13.800000,0.100000,330,490,760,830,1100,1200,1400,1600,2500,3800,5400,154230,78,330.0,525.7087294455687,18.954024999402463,5407.034232001024,4512.7165921027035
1775644322,0,,Aggregated,13.800000,0.100000,330,490,760,830,1100,1200,1400,1600,2500,3800,5400,154230,78,330.0,525.7087294455687,18.954024999402463,5407.034232001024,4512.7165921027035
1775644323,0,,Aggregated,13.800000,0.100000,330,490,760,830,1100,1200,1400,1600,2500,3800,5400,154230,78,330.0,525.7087294455687,18.954024999402463,5407.034232001024,4512.7165921027035
1775644324,0,,Aggregated,13.800000,0.100000,330,490,760,830,1100,1200,1400,1600,2500,3800,5400,154230,78,330.0,525.7087294455687,18.954024999402463,5407.034232001024,4512.7165921027035
1775644325,0,,Aggregated,13.800000,0.100000,330,490,760,830,1100,1200,1400,1600,2500,3800,5400,154230,78,330.0,525.7087294455687,18.954024999402463,5407.034232001024,4512.7165921027035
1775644326,0,,Aggregated,13.800000,0.100000,330,490,760,830,1100,1200,1400,1600,2500,3800,5400,154230,78,330.0,525.7087294455687,18.954024999402463,5407.034232001024,4512.7165921027035
1775644327,0,,Aggregated,13.800000,0.100000,330,490,760,830,1100,1200,1400,1600,2500,3800,5400,154230,78,330.0,525.7087294455687,18.954024999402463,5407.034232001024,4512.7165921027035
1775644328,0,,Aggregated,13.800000,0.100000,330,490,760,830,1100,1200,1400,1600,2500,3800,5400,154230,78,330.0,525.7087294455687,18.954024999402463,5407.034232001024,4512.7165921027035
1775644329,0,,Aggregated,13.800000,0.100000,330,490,760,830,1100,1200,1400,1600,2500,3800,5400,154230,78,330.0,525.7087294455687,18.954024999402463,5407.034232001024,4512.7165921027035
1775644330,0,,Aggregated,13.800000,0.100000,330,490,760,830,1100,1200,1400,1600,2500,3800,5400,154230,78,330.0,525.7087294455687,18.954024999402463,5407.034232001024,4512.7165921027035
1775644331,0,,Aggregated,13.800000,0.100000,330,490,760,830,1100,1200,1400,1600,2500,3800,5400,154230,78,330.0,525.7087294455687,18.954024999402463,5407.034232001024,4512.7165921027035
1775644332,0,,Aggregated,13.800000,0.100000,330,490,760,830,1100,1200,1400,1600,2500,3800,5400,154230,78,330.0,525.7087294455687,18.954024999402463,5407.034232001024,4512.7165921027035
1775644333,0,,Aggregated,13.800000,0.100000,330,490,760,830,1100,1200,1400,1600,2500,3800,5400,154230,78,330.0,525.7087294455687,18.954024999402463,5407.034232001024,4512.7165921027035
1775644334,0,,Aggregated,13.800000,0.100000,330,490,760,830,1100,1200,1400,1600,2500,3800,5400,154230,78,330.0,525.7087294455687,18.954024999402463,5407.034232001024,4512.7165921027035
1775644335,0,,Aggregated,13.800000,0.100000,330,490,760,830,1100,1200,1400,1600,2500,3800,5400,154230,78,330.0,525.7087294455687,18.954024999402463,5407.034232001024,4512.7165921027035
1775644336,0,,Aggregated,13.800000,0.100000,330,490,760,830,1100,1200,1400,1600,2500,3800,5400,154230,78,330.0,525.7087294455687,18.954024999402463,5407.034232001024,4512.7165921027035
1775644337,0,,Aggregated,13.800000,0.100000,330,490,760,830,1100,1200,1400,1600,2500,3800,5400,154230,78,330.0,525.7087294455687,18.954024999402463,5407.034232001024,4512.7165921027035
1775644338,0,,Aggregated,13.800000,0.100000,330,490,760,830,1100,1200,1400,1600,2500,3800,5400,154230,78,330.0,525.7087294455687,18.954024999402463,5407.034232001024,4512.7165921027035
1775644339,0,,Aggregated,13.800000,0.100000,330,490,760,830,1100,1200,1400,1600,2500,3800,5400,154230,78,330.0,525.7087294455687,18.954024999402463,5407.034232001024,4512.7165921027035
1775644340,0,,Aggregated,13.800000,0.100000,330,490,760,830,1100,1200,1400,1600,2500,3800,5400,154230,78,330.0,525.7087294455687,18.954024999402463,5407.034232001024,4512.7165921027035
1775644341,0,,Aggregated,13.800000,0.100000,330,490,760,830,1100,1200,1400,1600,2500,3800,5400,154230,78,330.0,525.7087294455687,18.954024999402463,5407.034232001024,4512.7165921027035
1775644342,0,,Aggregated,13.800000,0.100000,330,490,760,830,1100,1200,1400,1600,2500,3800,5400,154230,78,330.0,525.7087294455687,18.954024999402463,5407.034232001024,4512.7165921027035
1775644343,0,,Aggregated,13.800000,0.100000,330,490,760,830,1100,1200,1400,1600,2500,3800,5400,154230,78,330.0,525.7087294455687,18.954024999402463,5407.034232001024,4512.7165921027035
1775644344,0,,Aggregated,13.800000,0.100000,330,490,760,830,1100,1200,1400,1600,2500,3800,5400,154230,78,330.0,525.7087294455687,18.954024999402463,5407.034232001024,4512.7165921027035
1775644345,0,,Aggregated,13.800000,0.100000,330,490,760,830,1100,1200,1400,1600,2500,3800,5400,154230,78,330.0,525.7087294455687,18.954024999402463,5407.034232001024,4512.7165921027035
1775644346,0,,Aggregated,13.800000,0.100000,330,490,760,830,1100,1200,1400,1600,2500,3800,5400,154230,78,330.0,525.7087294455687,18.954024999402463,5407.034232001024,4512.7165921027035
1775644347,0,,Aggregated,13.800000,0.100000,330,490,760,830,1100,1200,1400,1600,2500,3800,5400,154230,78,330.0,525.7087294455687,18.954024999402463,5407.034232001024,4512.7165921027035
1775644348,0,,Aggregated,13.800000,0.100000,330,490,760,830,1100,1200,1400,1600,2500,3800,5400,154230,78,330.0,525.7087294455687,18.954024999402463,5407.034232001024,4512.7165921027035
1775644349,0,,Aggregated,13.800000,0.100000,330,490,760,830,1100,1200,1400,1600,2500,3800,5400,154230,78,330.0,525.7087294455687,18.954024999402463,5407.034232001024,4512.7165921027035
1775644350,0,,Aggregated,13.800000,0.100000,330,490,760,830,1100,1200,1400,1600,2500,3800,5400,154230,78,330.0,525.7087294455687,18.954024999402463,5407.034232001024,4512.7165921027035
1775644351,0,,Aggregated,13.800000,0.100000,330,490,760,830,1100,1200,1400,1600,2500,3800,5400,154230,78,330.0,525.7087294455687,18.954024999402463,5407.034232001024,4512.7165921027035
1775644352,0,,Aggregated,13.800000,0.100000,330,490,760,830,1100,1200,1400,1600,2500,3800,5400,154230,78,330.0,525.7087294455687,18.954024999402463,5407.034232001024,4512.7165921027035
1775644353,0,,Aggregated,13.800000,0.100000,330,490,760,830,1100,1200,1400,1600,2500,3800,5400,154230,78,330.0,525.7087294455687,18.954024999402463,5407.034232001024,4512.7165921027035
1775644354,0,,Aggregated,13.800000,0.100000,330,490,760,830,1100,1200,1400,1600,2500,3800,5400,154230,78,330.0,525.7087294455687,18.954024999402463,5407.034232001024,4512.7165921027035
1775644355,0,,Aggregated,13.800000,0.100000,330,490,760,830,1100,1200,1400,1600,2500,3800,5400,154230,78,330.0,525.7087294455687,18.954024999402463,5407.034232001024,4512.7165921027035
1775644356,0,,Aggregated,13.800000,0.100000,330,490,760,830,1100,1200,1400,1600,2500,3800,5400,154230,78,330.0,525.7087294455687,18.954024999402463,5407.034232001024,4512.7165921027035
1775644357,0,,Aggregated,13.800000,0.100000,330,490,760,830,1100,1200,1400,1600,2500,3800,5400,154230,78,330.0,525.7087294455687,18.954024999402463,5407.034232001024,4512.7165921027035
1775644358,0,,Aggregated,13.800000,0.100000,330,490,760,830,1100,1200,1400,1600,2500,3800,5400,154230,78,330.0,525.7087294455687,18.954024999402463,5407.034232001024,4512.7165921027035
1775644359,0,,Aggregated,13.800000,0.100000,330,490,760,830,1100,1200,1400,1600,2500,3800,5400,154230,78,330.0,525.7087294455687,18.954024999402463,5407.034232001024,4512.7165921027035
1775644360,0,,Aggregated,13.800000,0.100000,330,490,760,830,1100,1200,1400,1600,2500,3800,5400,154230,78,330.0,525.7087294455687,18.954024999402463,5407.034232001024,4512.7165921027035
1775644361,0,,Aggregated,13.800000,0.100000,330,490,760,830,1100,1200,1400,1600,2500,3800,5400,154230,78,330.0,525.7087294455687,18.954024999402463,5407.034232001024,4512.7165921027035
1775644362,0,,Aggregated,13.800000,0.100000,330,490,760,830,1100,1200,1400,1600,2500,3800,5400,154230,78,330.0,525.7087294455687,18.954024999402463,5407.034232001024,4512.7165921027035
1775644363,0,,Aggregated,13.800000,0.100000,330,490,760,830,1100,1200,1400,1600,2500,3800,5400,154230,78,330.0,525.7087294455687,18.954024999402463,5407.034232001024,4512.7165921027035
1775644364,0,,Aggregated,13.800000,0.100000,330,490,760,830,1100,1200,1400,1600,2500,3800,5400,154230,78,330.0,525.7087294455687,18.954024999402463,5407.034232001024,4512.7165921027035
1775644365,0,,Aggregated,13.800000,0.100000,330,490,760,830,1100,1200,1400,1600,2500,3800,5400,154230,78,330.0,525.7087294455687,18.954024999402463,5407.034232001024,4512.7165921027035
1775644366,0,,Aggregated,13.800000,0.100000,330,490,760,830,1100,1200,1400,1600,2500,3800,5400,154230,78,330.0,525.7087294455687,18.954024999402463,5407.034232001024,4512.7165921027035
1775644367,0,,Aggregated,13.800000,0.100000,330,490,760,830,1100,1200,1400,1600,2500,3800,5400,154230,78,330.0,525.7087294455687,18.954024999402463,5407.034232001024,4512.7165921027035
1775644368,0,,Aggregated,13.800000,0.100000,330,490,760,830,1100,1200,1400,1600,2500,3800,5400,154230,78,330.0,525.7087294455687,18.954024999402463,5407.034232001024,4512.7165921027035
1775644369,0,,Aggregated,13.800000,0.100000,330,490,760,830,1100,1200,1400,1600,2500,3800,5400,154230,78,330.0,525.7087294455687,18.954024999402463,5407.034232001024,4512.7165921027035
1775644370,0,,Aggregated,13.800000,0.100000,330,490,760,830,1100,1200,1400,1600,2500,3800,5400,154230,78,330.0,525.7087294455687,18.954024999402463,5407.034232001024,4512.7165921027035
1775644371,0,,Aggregated,13.800000,0.100000,330,490,760,830,1100,1200,1400,1600,2500,3800,5400,154230,78,330.0,525.7087294455687,18.954024999402463,5407.034232001024,4512.7165921027035
1775644372,0,,Aggregated,13.800000,0.100000,330,490,760,830,1100,1200,1400,1600,2500,3800,5400,154230,78,330.0,525.7087294455687,18.954024999402463,5407.034232001024,4512.7165921027035
1775644373,0,,Aggregated,13.800000,0.100000,330,490,760,830,1100,1200,1400,1600,2500,3800,5400,154230,78,330.0,525.7087294455687,18.954024999402463,5407.034232001024,4512.7165921027035
