Timestamp,User Count,Type,Name,Requests/s,Failures/s,50%,66%,75%,80%,90%,95%,98%,99%,99.9%,99.99%,100%,Total Request Count,Total Failure Count,Total Median Response Time,Total Average Response Time,Total Min Response Time,Total Max Response Time,Total Average Content Size
1776352585,0,,Aggregated,0.000000,0.000000,N/A,N/A,N/A,N/A,N/A,N/A,N/A,N/A,N/A,N/A,N/A,0,0,0,0.0,0,0,0
1776352586,40,,Aggregated,0.000000,0.000000,470,520,560,570,600,610,630,720,720,720,720,55,0,470.0,433.4502908909351,200.92211800010773,715.3318150003543,4515.0
1776352587,80,,Aggregated,0.000000,0.000000,410,460,490,550,570,600,650,670,720,720,720,172,0,380.0,381.1971648139693,200.92211800010773,715.3318150003543,4515.0
1776352588,120,,Aggregated,39.000000,0.000000,370,450,480,550,630,760,850,870,890,890,890,313,0,370.0,407.4750436964942,200.92211800010773,885.784731000058,4515.0
1776352589,160,,Aggregated,69.500000,0.000000,390,450,490,550,650,810,870,1000,1000,1000,1000,500,0,390.0,425.822652324003,200.92211800010773,1014.7901370000909,4515.0
1776352590,200,,Aggregated,90.666667,0.000000,440,520,580,650,770,850,1100,1200,1300,1300,1300,657,0,440.0,484.56565547184647,200.92211800010773,1254.8503719999644,4515.0
1776352591,240,,Aggregated,110.750000,0.000000,490,640,740,780,910,1100,1600,1700,2700,2700,2700,806,0,490.0,576.6405867034777,200.92211800010773,2749.0010040000925,4515.0
1776352592,280,,Aggregated,122.200000,0.000000,560,770,890,980,1100,1300,1700,2000,3100,3100,3100,960,0,560.0,670.9860658312512,200.92211800010773,3119.5729459996073,4515.0
1776352593,308,,Aggregated,127.166667,0.000000,670,920,1000,1100,1200,1900,2500,2700,3100,3100,3100,1115,0,670.0,786.157128467268,200.92211800010773,3119.5729459996073,4515.0
1776352594,308,,Aggregated,129.142857,0.000000,760,1000,1100,1200,1500,2500,2800,2900,3100,3100,3100,1250,0,760.0,886.6263071224032,200.92211800010773,3119.5729459996073,4515.0
1776352595,308,,Aggregated,132.125000,0.000000,840,1100,1200,1400,1800,2300,2800,2900,3100,3100,3100,1384,0,840.0,973.8300514978379,200.92211800010773,3119.5729459996073,4515.0
1776352596,308,,Aggregated,133.444444,0.000000,930,1200,1500,1700,2100,2700,3100,3500,3800,3800,3800,1502,0,930.0,1085.2489575073282,200.92211800010773,3843.092014999911,4515.0
1776352597,308,,Aggregated,132.800000,0.000000,1000,1300,1700,1900,2200,2600,3100,3400,3800,3800,3800,1620,0,1000.0,1163.8337882574115,200.92211800010773,3843.092014999911,4515.0
1776352598,308,,Aggregated,141.600000,0.000000,1100,1600,2000,2100,2300,2600,3000,3400,3800,3800,3800,1744,0,1100.0,1237.841120313651,200.92211800010773,3843.092014999911,4515.0
1776352599,308,,Aggregated,144.100000,0.000000,1100,1700,2100,2100,2300,2600,3000,3400,3800,3800,3800,1843,0,1100.0,1292.5446119799283,200.92211800010773,3843.092014999911,4515.0
1776352600,308,,Aggregated,142.000000,0.000000,1200,1900,2100,2200,2300,2700,2900,3400,3800,3800,3800,1947,0,1200.0,1356.4274019049858,200.92211800010773,3843.092014999911,4515.0
1776352601,308,,Aggregated,136.100000,0.000000,1200,2000,2200,2300,2600,2800,3000,3400,3800,3800,3800,2063,0,1200.0,1429.111998832287,200.92211800010773,3843.092014999911,4515.0
1776352602,308,,Aggregated,130.800000,0.000000,1400,2100,2200,2300,2600,2800,3000,3400,3800,3800,3800,2184,0,1400.0,1487.491072750919,200.92211800010773,3843.092014999911,4515.0
1776352603,308,,Aggregated,126.200000,0.000000,1700,2200,2300,2300,2600,2800,3000,3400,3800,3800,3800,2319,0,1700.0,1534.1083257447187,200.92211800010773,3843.092014999911,4515.0
1776352604,308,,Aggregated,123.700000,0.000000,1700,2200,2300,2300,2600,2800,2900,3400,3800,3800,3800,2445,0,1700.0,1564.2891352928427,200.92211800010773,3843.092014999911,4515.0
1776352605,308,,Aggregated,120.500000,0.000000,1800,2200,2200,2300,2600,2800,2900,3300,3800,3800,3800,2591,0,1800.0,1587.421357461598,200.92211800010773,3843.092014999911,4515.0
1776352606,308,,Aggregated,119.900000,0.000000,1900,2200,2200,2300,2500,2800,2900,3300,3800,3800,3800,2713,0,1900.0,1607.579796892,200.92211800010773,3843.092014999911,4515.0
1776352604,308,,Aggregated,123.700000,0.000000,1900,2200,2200,2300,2500,2800,2900,3100,3800,3800,3800,2826,0,1900.0,1630.2186242257583,200.92211800010773,3843.092014999911,4515.0
1776352605,308,,Aggregated,120.500000,0.000000,2000,2200,2200,2300,2500,2700,2900,3100,3800,3800,3800,2966,0,2000.0,1656.6202595300056,200.92211800010773,3843.092014999911,4515.0
1776352606,308,,Aggregated,119.900000,0.000000,2000,2200,2200,2300,2500,2700,2900,3100,3800,3800,3800,3104,0,2000.0,1674.3037346056697,200.92211800010773,3843.092014999911,4515.0
1776352607,308,,Aggregated,126.400000,0.000000,1900,2200,2200,2300,2400,2700,2900,3100,3800,3800,3800,3262,0,1900.0,1677.7360275447577,200.92211800010773,3843.092014999911,4515.0
1776352608,307,,Aggregated,139.900000,0.000000,1900,2100,2200,2300,2400,2700,2900,3000,3800,3800,3800,3395,0,1900.0,1681.2966725537553,200.92211800010773,3843.092014999911,4515.0
1776352609,307,,Aggregated,153.100000,0.000000,1900,2100,2200,2300,2400,2700,2900,3000,3800,3800,3800,3531,0,1900.0,1691.699011188615,200.92211800010773,3843.092014999911,4515.0
1776352610,307,,Aggregated,156.700000,0.000000,1900,2100,2200,2300,2400,2700,2900,3000,3800,3800,3800,3653,0,1900.0,1705.9059543991254,200.92211800010773,3843.092014999911,4515.0
1776352611,307,,Aggregated,158.500000,0.000000,1900,2100,2200,2300,2400,2700,2900,3000,3800,3800,3800,3804,0,1900.0,1717.1910805841233,200.92211800010773,3843.092014999911,4515.0
1776352612,307,,Aggregated,162.700000,0.000000,1900,2100,2200,2200,2400,2700,2900,3000,3800,3800,3800,3952,0,1900.0,1723.1072628314803,200.92211800010773,3843.092014999911,4515.0
1776352613,307,,Aggregated,164.300000,0.000000,1900,2100,2200,2200,2400,2600,2900,3000,3800,3800,3800,4091,0,1900.0,1727.7841837443186,200.92211800010773,3843.092014999911,4515.0
1776352614,307,,Aggregated,167.800000,0.000000,1900,2100,2200,2200,2400,2600,2900,3000,3800,3800,3800,4236,0,1900.0,1732.6170689645912,200.92211800010773,3843.092014999911,4515.0
1776352615,307,,Aggregated,170.300000,0.000000,1900,2100,2200,2200,2400,2600,2900,3000,3800,3800,3800,4409,0,1900.0,1731.3723528682274,200.92211800010773,3843.092014999911,4515.0
1776352616,307,,Aggregated,170.500000,0.000000,1900,2100,2200,2200,2300,2600,2800,3000,3800,3800,3800,4555,0,1900.0,1727.4075987115295,200.92211800010773,3843.092014999911,4515.0
1776352617,307,,Aggregated,166.000000,0.000000,1900,2100,2200,2200,2300,2600,2800,3000,3800,3800,3800,4716,0,1900.0,1725.0585287754486,200.92211800010773,3843.092014999911,4515.0
1776352618,307,,Aggregated,156.600000,0.000000,1900,2000,2200,2200,2300,2600,2800,2900,3800,3800,3800,4848,0,1900.0,1725.50191662294,200.92211800010773,3843.092014999911,4515.0
1776352619,307,,Aggregated,145.000000,0.000000,1900,2000,2100,2200,2300,2600,2800,2900,3800,3800,3800,5005,0,1900.0,1729.9970749794236,200.92211800010773,3843.092014999911,4515.0
1776352620,307,,Aggregated,147.300000,0.000000,1800,2000,2100,2200,2300,2600,2800,2900,3800,3800,3800,5165,0,1800.0,1730.280594687127,200.92211800010773,3843.092014999911,4515.0
1776352621,307,,Aggregated,146.600000,0.000000,1800,2000,2100,2200,2300,2500,2800,2900,3800,3800,3800,5304,0,1800.0,1727.1510771809965,200.92211800010773,3843.092014999911,4515.0
1776352622,307,,Aggregated,147.300000,0.000000,1800,2000,2100,2200,2300,2500,2800,2900,3800,3800,3800,5460,0,1800.0,1724.146925851651,200.92211800010773,3843.092014999911,4515.0
1776352623,307,,Aggregated,150.400000,0.000000,1800,2000,2100,2200,2300,2500,2800,2900,3800,3800,3800,5599,0,1800.0,1726.43625021933,200.92211800010773,3843.092014999911,4515.0
1776352624,307,,Aggregated,151.300000,0.000000,1800,2000,2100,2200,2300,2500,2800,2900,3800,3800,3800,5712,0,1800.0,1732.1219202507048,200.92211800010773,3843.092014999911,4515.0
1776352625,307,,Aggregated,150.300000,0.000000,1800,2000,2100,2200,2300,2500,2800,2900,3800,3800,3800,5814,0,1800.0,1741.3569821004494,200.92211800010773,3843.092014999911,4515.0
1776352626,307,,Aggregated,150.200000,0.000000,1900,2000,2100,2200,2300,2500,2800,2900,3800,3800,3800,5978,0,1900.0,1755.8137654340924,200.92211800010773,3843.092014999911,4515.0
1776352627,307,,Aggregated,146.900000,0.000000,1800,2000,2100,2200,2300,2500,2800,2900,3700,3800,3800,6174,0,1800.0,1753.0508329471995,200.92211800010773,3843.092014999911,4515.0
1776352628,307,,Aggregated,140.600000,0.000000,1800,2000,2100,2200,2300,2500,2800,2900,3700,3800,3800,6381,0,1800.0,1738.1991396047654,200.92211800010773,3843.092014999911,4515.0
1776352629,307,,Aggregated,142.600000,0.000000,1800,2000,2100,2200,2300,2500,2800,2900,3700,3800,3800,6582,0,1800.0,1722.237440980405,200.92211800010773,3843.092014999911,4515.0
1776352630,307,,Aggregated,144.400000,0.000000,1800,2000,2100,2200,2300,2400,2800,2900,3700,3800,3800,6772,0,1800.0,1708.883251207031,200.92211800010773,3843.092014999911,4515.0
1776352631,307,,Aggregated,152.900000,0.000000,1800,2000,2100,2200,2300,2400,2800,2900,3700,3800,3800,6956,0,1800.0,1699.1422014228026,200.92211800010773,3843.092014999911,4515.0
1776352632,307,,Aggregated,157.600000,0.000000,1800,2000,2100,2200,2300,2400,2800,2900,3700,3800,3800,7178,0,1800.0,1686.0280608140172,200.92211800010773,3843.092014999911,4515.0
1776352633,283,,Aggregated,161.100000,0.000000,1800,1900,2100,2200,2300,2400,2800,2900,3700,3800,3800,7354,0,1800.0,1672.0734237787628,200.92211800010773,3843.092014999911,4515.0
1776352634,283,,Aggregated,162.400000,0.000000,1700,1900,2100,2100,2300,2400,2700,2900,3700,3800,3800,7523,0,1700.0,1664.2448952191965,200.92211800010773,3843.092014999911,4515.0
1776352635,283,,Aggregated,171.800000,0.000000,1700,1900,2100,2100,2300,2400,2700,2900,3700,3800,3800,7665,0,1700.0,1660.2307152446213,200.92211800010773,3843.092014999911,4515.0
1776352636,283,,Aggregated,174.900000,0.000000,1700,1900,2000,2100,2300,2400,2700,2900,3700,3800,3800,7861,0,1700.0,1654.4369301120744,200.92211800010773,3843.092014999911,4515.0
1776352635,283,,Aggregated,171.800000,0.000000,1700,1900,2000,2100,2300,2400,2700,2900,3700,3800,3800,8005,0,1700.0,1648.2812091617761,200.92211800010773,3843.092014999911,4515.0
1776352636,283,,Aggregated,174.900000,0.000000,1700,1900,2000,2100,2300,2400,2700,2900,3700,3800,3800,8177,0,1700.0,1644.4643414304785,200.92211800010773,3843.092014999911,4515.0
1776352637,283,,Aggregated,187.100000,0.000000,1700,1900,2000,2100,2300,2400,2700,2900,3700,3800,3800,8351,0,1700.0,1639.7559367832625,200.92211800010773,3843.092014999911,4515.0
1776352638,283,,Aggregated,204.600000,0.000000,1700,1900,2000,2100,2300,2400,2700,2900,3700,3800,3800,8518,0,1700.0,1633.8603806144658,200.92211800010773,3843.092014999911,4515.0
1776352639,283,,Aggregated,224.700000,0.000000,1700,1900,2000,2100,2300,2400,2700,2900,3700,3800,3800,8685,0,1700.0,1629.2779102597622,200.92211800010773,3843.092014999911,4515.0
1776352640,283,,Aggregated,225.500000,0.000000,1600,1900,2000,2100,2300,2400,2700,2900,3700,3800,3800,8817,0,1600.0,1628.4248887119238,200.92211800010773,3843.092014999911,4515.0
1776352641,283,,Aggregated,221.200000,0.000000,1600,1800,2000,2100,2300,2400,2700,2900,3700,3800,3800,8993,0,1600.0,1627.3881913071305,200.92211800010773,3843.092014999911,4515.0
1776352642,283,,Aggregated,214.700000,0.000000,1600,1800,2000,2100,2300,2400,2700,2800,3600,3800,3800,9184,0,1600.0,1621.1939177449938,200.92211800010773,3843.092014999911,4515.0
1776352643,283,,Aggregated,211.800000,0.000000,1600,1800,2000,2100,2300,2400,2700,2800,3600,3800,3800,9353,0,1600.0,1614.046873851387,200.92211800010773,3843.092014999911,4515.0
1776352644,283,,Aggregated,212.300000,0.000000,1600,1800,2000,2100,2300,2400,2700,2800,3600,3800,3800,9552,0,1600.0,1606.5078718894508,200.92211800010773,3843.092014999911,4515.0
1776352645,283,,Aggregated,207.700000,0.000000,1600,1800,2000,2100,2200,2400,2700,2800,3600,3800,3800,9716,0,1600.0,1600.6540049929001,200.92211800010773,3843.092014999911,4515.0
1776352646,283,,Aggregated,209.800000,0.000000,1600,1800,2000,2000,2200,2400,2700,2800,3600,3800,3800,9865,0,1600.0,1597.7582286530183,200.92211800010773,3843.092014999911,4515.0
1776352647,283,,Aggregated,203.100000,0.000000,1600,1800,1900,2000,2200,2400,2700,2800,3600,3800,3800,10012,0,1600.0,1597.7989363583715,200.92211800010773,3843.092014999911,4515.0
1776352648,283,,Aggregated,191.600000,0.000000,1600,1800,1900,2000,2200,2400,2600,2800,3600,3800,3800,10195,0,1600.0,1595.8504484661132,200.92211800010773,3843.092014999911,4515.0
1776352649,283,,Aggregated,168.800000,0.000000,1600,1800,1900,2000,2200,2400,2600,2800,3600,3800,3800,10364,0,1600.0,1591.652189199249,200.92211800010773,3843.092014999911,4515.0
1776352650,283,,Aggregated,167.000000,0.000000,1500,1800,1900,2000,2200,2300,2600,2800,3600,3800,3800,10565,0,1500.0,1585.8504015134895,200.92211800010773,3843.092014999911,4515.0
1776352651,283,,Aggregated,167.200000,0.000000,1500,1800,1900,2000,2200,2300,2600,2800,3600,3800,3800,10772,0,1500.0,1576.882268241088,200.92211800010773,3843.092014999911,4515.0
1776352652,283,,Aggregated,170.900000,0.000000,1500,1800,1900,2000,2200,2300,2600,2800,3600,3800,3800,10952,0,1500.0,1570.2313954653926,200.92211800010773,3843.092014999911,4515.0
1776352653,283,,Aggregated,175.300000,0.000000,1500,1700,1900,2000,2200,2300,2600,2800,3600,3800,3800,11142,0,1500.0,1563.8477430233343,200.92211800010773,3843.092014999911,4515.0
1776352654,283,,Aggregated,177.500000,0.000000,1500,1700,1900,2000,2200,2300,2600,2800,3600,3800,3800,11329,0,1500.0,1557.9805117047401,200.92211800010773,3843.092014999911,4515.0
1776352655,283,,Aggregated,178.200000,0.000000,1500,1700,1900,2000,2200,2300,2600,2800,3600,3800,3800,11555,0,1500.0,1549.9180931807866,200.92211800010773,3843.092014999911,4515.0
1776352656,243,,Aggregated,176.200000,0.000000,1500,1700,1900,2000,2200,2300,2600,2800,3600,3800,3800,11717,0,1500.0,1542.8834387933725,200.92211800010773,3843.092014999911,4515.0
1776352657,222,,Aggregated,178.300000,0.000000,1500,1700,1900,2000,2200,2300,2600,2800,3600,3800,3800,11882,0,1500.0,1536.982935021036,200.92211800010773,3843.092014999911,4515.0
1776352658,222,,Aggregated,182.500000,0.000000,1500,1700,1900,2000,2200,2300,2600,2800,3600,3800,3800,12084,0,1500.0,1526.24739002085,200.92211800010773,3843.092014999911,4515.0
1776352659,222,,Aggregated,186.100000,0.000000,1400,1700,1800,2000,2200,2300,2600,2800,3600,3800,3800,12258,0,1400.0,1517.6364384578196,200.92211800010773,3843.092014999911,4515.0
1776352660,222,,Aggregated,186.900000,0.000000,1400,1700,1800,1900,2200,2300,2600,2800,3600,3800,3800,12446,0,1400.0,1507.9180455731137,200.92211800010773,3843.092014999911,4515.0
1776352661,222,,Aggregated,188.000000,0.000000,1400,1700,1800,1900,2200,2300,2600,2800,3600,3800,3800,12651,0,1400.0,1496.5336607225508,200.92211800010773,3843.092014999911,4515.0
1776352662,222,,Aggregated,189.500000,0.000000,1400,1700,1800,1900,2200,2300,2600,2800,3600,3800,3800,12853,0,1400.0,1485.852622272231,200.92211800010773,3843.092014999911,4515.0
1776352663,222,,Aggregated,189.100000,0.000000,1400,1700,1800,1900,2200,2300,2600,2800,3600,3800,3800,13081,0,1400.0,1472.9696708559702,200.92211800010773,3843.092014999911,4515.0
1776352664,222,,Aggregated,187.600000,0.000000,1400,1600,1800,1900,2200,2300,2500,2800,3600,3800,3800,13306,0,1400.0,1459.8077900417086,200.92211800010773,3843.092014999911,4515.0
1776352665,222,,Aggregated,190.100000,0.000000,1400,1600,1800,1900,2200,2300,2500,2800,3600,3800,3800,13495,0,1400.0,1449.8339160701735,200.92211800010773,3843.092014999911,4515.0
1776352666,222,,Aggregated,195.500000,0.000000,1400,1600,1800,1900,2200,2300,2500,2800,3600,3800,3800,13675,0,1400.0,1443.2945304491402,200.92211800010773,3843.092014999911,4515.0
1776352665,222,,Aggregated,190.100000,0.000000,1400,1600,1800,1900,2200,2300,2500,2800,3600,3800,3800,13858,0,1400.0,1436.586073009018,200.92211800010773,3843.092014999911,4515.0
1776352666,222,,Aggregated,195.500000,0.000000,1400,1600,1800,1900,2200,2300,2500,2800,3500,3800,3800,14062,0,1400.0,1427.3631704064114,200.92211800010773,3843.092014999911,4515.0
1776352667,222,,Aggregated,204.700000,0.000000,1400,1600,1800,1900,2200,2300,2500,2800,3500,3800,3800,14258,0,1400.0,1418.7366005869642,200.92211800010773,3843.092014999911,4515.0
1776352668,222,,Aggregated,223.000000,0.000000,1300,1600,1800,1900,2200,2300,2500,2800,3500,3800,3800,14435,0,1300.0,1412.7850975982633,200.92211800010773,3843.092014999911,4515.0
1776352669,222,,Aggregated,241.500000,0.000000,1300,1600,1800,1900,2200,2300,2500,2800,3500,3800,3800,14611,0,1300.0,1406.971248191495,200.92211800010773,3843.092014999911,4515.0
1776352670,222,,Aggregated,240.400000,0.000000,1300,1600,1800,1900,2200,2300,2500,2800,3500,3800,3800,14793,0,1300.0,1400.885591854995,200.92211800010773,3843.092014999911,4515.0
1776352671,222,,Aggregated,240.700000,0.000000,1300,1600,1800,1900,2100,2300,2500,2700,3500,3800,3800,14963,0,1300.0,1396.1546342377144,200.92211800010773,3843.092014999911,4515.0
1776352672,222,,Aggregated,242.200000,0.000000,1300,1600,1700,1900,2100,2300,2500,2700,3500,3800,3800,15125,0,1300.0,1393.1627453328888,200.92211800010773,3843.092014999911,4515.0
1776352673,222,,Aggregated,239.300000,0.000000,1300,1500,1700,1800,2100,2300,2500,2700,3500,3800,3800,15330,0,1300.0,1386.506971311801,200.92211800010773,3843.092014999911,4515.0
1776352674,222,,Aggregated,237.000000,0.000000,1300,1500,1700,1800,2100,2300,2500,2700,3500,3800,3800,15529,0,1300.0,1378.81204391879,200.92211800010773,3843.092014999911,4515.0
1776352675,222,,Aggregated,236.100000,0.000000,1300,1500,1700,1800,2100,2300,2500,2700,3500,3800,3800,15729,0,1300.0,1371.608802609948,200.92211800010773,3843.092014999911,4515.0
1776352676,222,,Aggregated,233.200000,0.000000,1300,1500,1700,1800,2100,2300,2500,2700,3500,3800,3800,15929,0,1300.0,1365.087997221223,200.92211800010773,3843.092014999911,4515.0
1776352677,222,,Aggregated,225.100000,0.000000,1300,1500,1700,1800,2100,2300,2500,2700,3400,3800,3800,16147,0,1300.0,1356.9435461643575,200.92211800010773,3843.092014999911,4515.0
1776352678,222,,Aggregated,205.900000,0.000000,1300,1500,1700,1800,2100,2300,2500,2700,3400,3800,3800,16366,0,1300.0,1348.5269972183112,200.92211800010773,3843.092014999911,4515.0
1776352679,182,,Aggregated,191.900000,0.000000,1300,1500,1700,1800,2100,2300,2400,2700,3400,3800,3800,16530,0,1300.0,1342.8905128422202,200.92211800010773,3843.092014999911,4515.0
1776352680,142,,Aggregated,196.600000,0.000000,1300,1500,1700,1800,2100,2300,2400,2700,3400,3800,3800,16704,0,1300.0,1335.7597648726,200.92211800010773,3843.092014999911,4515.0
1776352681,126,,Aggregated,194.300000,0.000000,1300,1500,1700,1800,2100,2300,2400,2700,3400,3800,3800,16871,0,1300.0,1327.1860531074,200.92211800010773,3843.092014999911,4515.0
1776352682,126,,Aggregated,189.600000,0.000000,1200,1500,1700,1800,2100,2300,2400,2700,3400,3800,3800,17047,0,1200.0,1318.2104531329828,200.92211800010773,3843.092014999911,4515.0
1776352683,126,,Aggregated,190.500000,0.000000,1200,1500,1700,1800,2100,2300,2400,2700,3400,3800,3800,17214,0,1200.0,1309.037144122341,200.92211800010773,3843.092014999911,4515.0
1776352684,126,,Aggregated,191.400000,0.000000,1200,1500,1700,1800,2100,2300,2400,2700,3400,3800,3800,17364,0,1200.0,1302.8997263856234,200.92211800010773,3843.092014999911,4515.0
1776352685,126,,Aggregated,188.100000,0.000000,1200,1500,1700,1800,2100,2300,2400,2700,3400,3800,3800,17526,0,1200.0,1295.3730756125728,200.92211800010773,3843.092014999911,4515.0
1776352686,126,,Aggregated,182.800000,0.000000,1200,1500,1700,1800,2100,2300,2400,2700,3400,3800,3800,17696,0,1200.0,1287.0579409052878,200.92211800010773,3843.092014999911,4515.0
1776352687,126,,Aggregated,179.200000,0.000000,1200,1500,1700,1800,2100,2300,2400,2700,3400,3800,3800,17888,0,1200.0,1277.5969378471032,200.92211800010773,3843.092014999911,4515.0
1776352688,126,,Aggregated,176.700000,0.000000,1200,1400,1600,1800,2100,2300,2400,2700,3400,3800,3800,18043,0,1200.0,1270.6648079624774,200.92211800010773,3843.092014999911,4515.0
1776352689,126,,Aggregated,173.800000,0.000000,1200,1400,1600,1800,2100,2300,2400,2700,3400,3800,3800,18203,0,1200.0,1263.741200243364,200.92211800010773,3843.092014999911,4515.0
1776352690,126,,Aggregated,167.500000,0.000000,1200,1400,1600,1800,2100,2300,2400,2700,3400,3800,3800,18390,0,1200.0,1255.4384876093507,200.92211800010773,3843.092014999911,4515.0
1776352691,126,,Aggregated,167.300000,0.000000,1200,1400,1600,1800,2100,2300,2400,2700,3400,3800,3800,18590,0,1200.0,1245.2042510124238,200.92211800010773,3843.092014999911,4515.0
1776352692,126,,Aggregated,168.600000,0.000000,1200,1400,1600,1800,2100,2300,2400,2700,3400,3800,3800,18771,0,1200.0,1237.4784740272742,200.92211800010773,3843.092014999911,4515.0
1776352693,126,,Aggregated,172.000000,0.000000,1200,1400,1600,1700,2100,2300,2400,2700,3400,3800,3800,18924,0,1200.0,1230.8273982280684,200.92211800010773,3843.092014999911,4515.0
1776352694,126,,Aggregated,170.900000,0.000000,1200,1400,1600,1700,2100,2300,2400,2700,3400,3800,3800,19114,0,1200.0,1222.652551911843,200.92211800010773,3843.092014999911,4515.0
1776352695,126,,Aggregated,170.500000,0.000000,1200,1400,1600,1700,2100,2200,2400,2700,3400,3800,3800,19290,0,1200.0,1215.2004968427664,200.92211800010773,3843.092014999911,4515.0
1776352696,126,,Aggregated,174.400000,0.000000,1200,1400,1600,1700,2100,2200,2400,2700,3400,3800,3800,19469,0,1200.0,1207.8972298451358,200.92211800010773,3843.092014999911,4515.0
1776352694,126,,Aggregated,170.900000,0.000000,1200,1400,1600,1700,2000,2200,2400,2700,3400,3800,3800,19610,0,1200.0,1202.7907458236084,200.92211800010773,3843.092014999911,4515.0
1776352695,126,,Aggregated,170.500000,0.000000,1200,1400,1600,1700,2000,2200,2400,2700,3400,3800,3800,19763,0,1200.0,1197.9067261453717,200.92211800010773,3843.092014999911,4515.0
1776352696,126,,Aggregated,174.400000,0.000000,1100,1400,1600,1700,2000,2200,2400,2700,3400,3800,3800,19903,0,1100.0,1193.7112196624628,200.92211800010773,3843.092014999911,4515.0
1776352697,126,,Aggregated,180.300000,0.000000,1100,1400,1600,1700,2000,2200,2400,2700,3400,3800,3800,20014,0,1100.0,1191.1493354346464,200.92211800010773,3843.092014999911,4515.0
1776352698,126,,Aggregated,194.700000,0.000000,1100,1400,1600,1700,2000,2200,2400,2600,3400,3800,3800,20137,0,1100.0,1188.308139511298,200.92211800010773,3843.092014999911,4515.0
1776352699,126,,Aggregated,204.000000,0.000000,1100,1400,1600,1700,2000,2200,2400,2600,3400,3800,3800,20301,0,1100.0,1183.7770924299798,200.92211800010773,3843.092014999911,4515.0
1776352700,126,,Aggregated,203.200000,0.000000,1100,1400,1600,1700,2000,2200,2400,2600,3400,3800,3800,20470,0,1100.0,1177.488534884613,200.92211800010773,3843.092014999911,4515.0
1776352701,86,,Aggregated,199.800000,0.000000,1100,1400,1600,1700,2000,2200,2400,2600,3400,3800,3800,20600,0,1100.0,1172.73014520136,200.92211800010773,3843.092014999911,4515.0
1776352702,46,,Aggregated,199.500000,0.000000,1100,1400,1600,1700,2000,2200,2400,2600,3400,3800,3800,20688,0,1100.0,1168.7666779100932,200.92211800010773,3843.092014999911,4515.0
1776352703,31,,Aggregated,193.300000,0.000000,1100,1400,1600,1700,2000,2200,2400,2600,3400,3800,3800,20743,0,1100.0,1166.2778436877506,200.92211800010773,3843.092014999911,4515.0
1776352704,31,,Aggregated,189.600000,0.000000,1100,1400,1500,1700,2000,2200,2400,2600,3400,3800,3800,20805,0,1100.0,1163.4767592407118,200.92211800010773,3843.092014999911,4515.0
1776352705,31,,Aggregated,180.700000,0.000000,1100,1400,1500,1700,2000,2200,2400,2600,3400,3800,3800,20863,0,1100.0,1160.9728717176342,200.92211800010773,3843.092014999911,4515.0
1776352706,31,,Aggregated,168.600000,0.000000,1100,1400,1500,1700,2000,2200,2400,2600,3400,3800,3800,20917,0,1100.0,1158.5940402616054,200.92211800010773,3843.092014999911,4515.0
1776352707,31,,Aggregated,151.600000,0.000000,1100,1400,1500,1700,2000,2200,2400,2600,3400,3800,3800,20975,0,1100.0,1156.0249434567818,200.92211800010773,3843.092014999911,4515.0
1776352708,31,,Aggregated,125.800000,0.000000,1100,1400,1500,1700,2000,2200,2400,2600,3400,3800,3800,21033,0,1100.0,1153.4730036507392,200.92211800010773,3843.092014999911,4515.0
1776352709,31,,Aggregated,103.600000,0.000000,1100,1400,1500,1700,2000,2200,2400,2600,3400,3800,3800,21089,0,1100.0,1151.012170950922,200.92211800010773,3843.092014999911,4515.0
1776352710,31,,Aggregated,93.900000,0.000000,1100,1400,1500,1700,2000,2200,2400,2600,3400,3800,3800,21149,0,1100.0,1148.4014084188377,200.92211800010773,3843.092014999911,4515.0
1776352711,31,,Aggregated,87.500000,0.000000,1100,1400,1500,1700,2000,2200,2400,2600,3400,3800,3800,21199,0,1100.0,1146.2591616411628,200.92211800010773,3843.092014999911,4515.0
1776352712,31,,Aggregated,75.900000,0.000000,1100,1300,1500,1700,2000,2200,2400,2600,3400,3800,3800,21260,0,1100.0,1143.6933560558791,200.92211800010773,3843.092014999911,4515.0
1776352713,31,,Aggregated,66.100000,0.000000,1100,1300,1500,1700,2000,2200,2400,2600,3400,3800,3800,21311,0,1100.0,1141.5362077866355,200.92211800010773,3843.092014999911,4515.0
1776352714,31,,Aggregated,59.500000,0.000000,1100,1300,1500,1700,2000,2200,2400,2600,3400,3800,3800,21370,0,1100.0,1139.0253984546557,200.92211800010773,3843.092014999911,4515.0
1776352715,31,,Aggregated,57.200000,0.000000,1100,1300,1500,1700,2000,2200,2400,2600,3400,3800,3800,21432,0,1100.0,1136.3937558512039,200.92211800010773,3843.092014999911,4515.0
1776352716,31,,Aggregated,56.700000,0.000000,1100,1300,1500,1700,2000,2200,2400,2600,3400,3800,3800,21486,0,1100.0,1134.12245840175,200.92211800010773,3843.092014999911,4515.0
1776352717,31,,Aggregated,56.900000,0.000000,1100,1300,1500,1700,2000,2200,2400,2600,3400,3800,3800,21548,0,1100.0,1131.5152743284293,200.92211800010773,3843.092014999911,4515.0
1776352718,31,,Aggregated,56.800000,0.000000,1100,1300,1500,1700,2000,2200,2400,2600,3400,3800,3800,21605,0,1100.0,1129.1756353163157,200.92211800010773,3843.092014999911,4515.0
1776352719,31,,Aggregated,56.600000,0.000000,1100,1300,1500,1700,2000,2200,2400,2600,3400,3800,3800,21659,0,1100.0,1126.9919949232185,200.92211800010773,3843.092014999911,4515.0
1776352720,31,,Aggregated,56.900000,0.000000,1100,1300,1500,1700,2000,2200,2400,2600,3400,3800,3800,21716,0,1100.0,1124.6408889339652,200.92211800010773,3843.092014999911,4515.0
1776352721,31,,Aggregated,57.000000,0.000000,1100,1300,1500,1700,2000,2200,2400,2600,3400,3800,3800,21774,0,1100.0,1122.2740456427387,200.92211800010773,3843.092014999911,4515.0
1776352722,31,,Aggregated,56.600000,0.000000,1100,1300,1500,1700,2000,2200,2400,2600,3400,3800,3800,21835,7,1100.0,1119.738454411495,22.056176000205596,3843.092014999911,4513.552553240211
1776352723,31,,Aggregated,57.100000,0.000000,1100,1300,1500,1700,2000,2200,2400,2600,3400,3800,3800,21886,12,1100.0,1117.812844549666,22.056176000205596,3843.092014999911,4512.524444850589
1776352724,31,,Aggregated,57.000000,0.000000,1100,1300,1500,1700,2000,2200,2400,2600,3400,3800,3800,21939,12,1100.0,1115.7822825629237,22.056176000205596,3843.092014999911,4512.530425270067
1776352725,31,,Aggregated,57.100000,0.900000,1100,1300,1500,1700,2000,2200,2400,2600,3400,3800,3800,21999,12,1100.0,1113.4660670850492,22.056176000205596,3843.092014999911,4512.537160780035
1776352726,20,,Aggregated,56.800000,1.200000,1100,1300,1500,1700,2000,2200,2400,2600,3400,3800,3800,22032,12,1100.0,1112.1413174405866,22.056176000205596,3843.092014999911,4512.5408496732025
1776352725,20,,Aggregated,57.100000,0.900000,1100,1300,1500,1700,2000,2200,2400,2600,3400,3800,3800,22071,12,1100.0,1110.5920560826878,22.056176000205596,3843.092014999911,4512.545195052331
1776352726,20,,Aggregated,56.800000,1.200000,1100,1300,1500,1700,2000,2200,2400,2600,3400,3800,3800,22108,12,1100.0,1109.1194932110998,22.056176000205596,3843.092014999911,4512.549303419577
1776352727,20,,Aggregated,57.600000,1.200000,1100,1300,1500,1700,2000,2200,2400,2600,3400,3800,3800,22145,12,1100.0,1107.669389609889,22.056176000205596,3843.092014999911,4512.553398058252
1776352728,20,,Aggregated,61.500000,1.200000,1100,1300,1500,1700,2000,2200,2400,2600,3400,3800,3800,22181,12,1100.0,1106.3118576179609,22.056176000205596,3843.092014999911,4512.557368919345
1776352729,20,,Aggregated,62.700000,1.200000,1100,1300,1500,1700,2000,2200,2400,2600,3400,3800,3800,22218,12,1100.0,1104.8907090676923,22.056176000205596,3843.092014999911,4512.561436672968
1776352730,20,,Aggregated,60.500000,1.200000,1100,1300,1500,1700,2000,2200,2400,2600,3400,3800,3800,22256,12,1100.0,1103.3966173818287,22.056176000205596,3843.092014999911,4512.565600287563
1776352731,20,,Aggregated,58.100000,1.200000,1000,1300,1500,1700,2000,2200,2400,2600,3400,3800,3800,22292,12,1000.0,1101.992263001614,22.056176000205596,3843.092014999911,4512.569531670554
1776352732,20,,Aggregated,57.200000,1.200000,1000,1300,1500,1700,2000,2200,2400,2600,3400,3800,3800,22337,12,1000.0,1100.2349950380526,22.056176000205596,3843.092014999911,4512.574428078972
1776352733,20,,Aggregated,54.900000,1.200000,1000,1300,1500,1700,2000,2200,2400,2600,3400,3800,3800,22373,12,1000.0,1098.8508002775209,22.056176000205596,3843.092014999911,4512.578331024002
1776352734,20,,Aggregated,53.600000,1.200000,1000,1300,1500,1600,2000,2200,2400,2600,3400,3800,3800,22405,12,1000.0,1097.70312012689,22.056176000205596,3843.092014999911,4512.581789779068
1776352735,20,,Aggregated,51.300000,0.300000,1000,1300,1500,1600,2000,2200,2400,2600,3400,3800,3800,22442,12,1000.0,1096.3061428071012,22.056176000205596,3843.092014999911,4512.585776668746
1776352736,20,,Aggregated,49.800000,0.000000,1000,1300,1500,1600,2000,2200,2400,2600,3400,3800,3800,22481,12,1000.0,1094.8016970498627,22.056176000205596,3843.092014999911,4512.589964859215
1776352737,20,,Aggregated,46.900000,0.000000,1000,1300,1500,1600,2000,2200,2400,2600,3400,3800,3800,22517,12,1000.0,1093.413353055956,22.056176000205596,3843.092014999911,4512.593818004175
1776352738,20,,Aggregated,41.000000,0.000000,1000,1300,1500,1600,2000,2200,2400,2600,3400,3800,3800,22556,12,1000.0,1091.9129660743906,22.056176000205596,3843.092014999911,4512.597978364958
1776352739,20,,Aggregated,37.900000,0.000000,1000,1300,1500,1600,2000,2200,2400,2600,3400,3800,3800,22595,12,1000.0,1090.4324981098011,22.056176000205596,3843.092014999911,4512.602124363797
1776352740,20,,Aggregated,37.900000,0.000000,1000,1300,1500,1600,2000,2200,2400,2600,3400,3800,3800,22631,12,1000.0,1089.0630396214904,22.056176000205596,3843.092014999911,4512.605938756573
1776352741,20,,Aggregated,38.600000,0.000000,1000,1300,1500,1600,2000,2200,2400,2600,3400,3800,3800,22665,12,1000.0,1087.8577602363976,22.056176000205596,3843.092014999911,4512.609530112508
1776352742,20,,Aggregated,37.400000,0.000000,1000,1300,1500,1600,2000,2200,2400,2600,3400,3800,3800,22701,12,1000.0,1086.5189203944299,22.056176000205596,3843.092014999911,4512.613320999075
1776352743,20,,Aggregated,37.200000,0.000000,1000,1300,1500,1600,2000,2200,2400,2600,3400,3800,3800,22740,12,1000.0,1085.0492708499542,22.056176000205596,3843.092014999911,4512.617414248021
1776352744,20,,Aggregated,36.700000,0.000000,1000,1300,1500,1600,2000,2200,2400,2600,3400,3800,3800,22775,12,1000.0,1083.7622575907778,22.056176000205596,3843.092014999911,4512.621075740944
1776352745,20,,Aggregated,36.800000,0.000000,1000,1300,1500,1600,2000,2200,2400,2600,3400,3800,3800,22809,12,1000.0,1082.50042598518,22.056176000205596,3843.092014999911,4512.624621859793
1776352746,20,,Aggregated,36.400000,0.000000,1000,1300,1500,1600,2000,2200,2400,2600,3400,3800,3800,22848,12,1000.0,1081.098769098519,22.056176000205596,3843.092014999911,4512.628676470588
1776352747,20,,Aggregated,36.600000,0.000000,1000,1300,1500,1600,2000,2200,2400,2600,3400,3800,3800,22878,12,1000.0,1080.0086778284362,22.056176000205596,3843.092014999911,4512.63178599528
1776352748,20,,Aggregated,36.500000,0.000000,1000,1300,1500,1600,2000,2200,2400,2600,3400,3800,3800,22908,12,1000.0,1079.0291315344841,22.056176000205596,3843.092014999911,4512.63488737559
1776352749,32,,Aggregated,36.400000,0.000000,1000,1300,1500,1600,2000,2200,2400,2600,3400,3800,3800,22970,12,1000.0,1076.9632924908126,22.056176000205596,3843.092014999911,4512.641271223335
1776352750,32,,Aggregated,36.200000,0.000000,1000,1300,1500,1600,2000,2200,2400,2600,3400,3800,3800,23032,12,1000.0,1074.6723990242256,22.056176000205596,3843.092014999911,4512.647620701632
1776352751,32,,Aggregated,36.400000,0.000000,1000,1300,1500,1600,2000,2200,2400,2600,3400,3800,3800,23091,12,1000.0,1072.5017697440544,22.056176000205596,3843.092014999911,4512.653631284917
1776352752,32,,Aggregated,39.200000,0.000000,1000,1300,1500,1600,2000,2200,2400,2600,3400,3800,3800,23150,12,1000.0,1070.3400115501934,22.056176000205596,3843.092014999911,4512.659611231102
1776352753,32,,Aggregated,41.500000,0.000000,1000,1300,1500,1600,2000,2200,2400,2600,3400,3800,3800,23211,12,1000.0,1068.1884322352319,22.056176000205596,3843.092014999911,4512.6657619232265
1776352754,32,,Aggregated,43.500000,0.000000,1000,1300,1500,1600,2000,2200,2400,2600,3400,3800,3800,23269,12,1000.0,1066.091031441487,22.056176000205596,3843.092014999911,4512.671580214019
1776352755,32,,Aggregated,45.600000,0.000000,1000,1300,1500,1600,2000,2200,2400,2600,3400,3800,3800,23331,12,1000.0,1063.8632882461084,22.056176000205596,3843.092014999911,4512.677767776778
1776352756,32,,Aggregated,48.700000,0.000000,990,1300,1500,1600,2000,2200,2400,2600,3400,3800,3800,23394,12,990.0,1061.613433875351,22.056176000205596,3843.092014999911,4512.684021543986
1776352754,32,,Aggregated,43.500000,0.000000,990,1300,1500,1600,2000,2200,2400,2600,3400,3800,3800,23456,12,990.0,1059.4021945367901,22.056176000205596,3843.092014999911,4512.69014324693
1776352755,32,,Aggregated,45.600000,0.000000,980,1300,1500,1600,2000,2200,2400,2600,3400,3800,3800,23517,12,980.0,1057.2469549417842,22.056176000205596,3843.092014999911,4512.69613471106
1776352756,32,,Aggregated,48.700000,0.000000,980,1300,1500,1600,2000,2200,2400,2600,3400,3800,3800,23575,12,980.0,1055.2031524612485,22.056176000205596,3843.092014999911,4512.701802757158
1776352757,32,,Aggregated,53.100000,0.000000,980,1300,1500,1600,2000,2200,2400,2600,3400,3800,3800,23631,12,980.0,1053.4027827109278,22.056176000205596,3843.092014999911,4512.707248952647
1776352758,32,,Aggregated,61.600000,0.000000,980,1300,1500,1600,2000,2200,2400,2600,3400,3800,3800,23684,12,980.0,1051.62799690715,22.056176000205596,3843.092014999911,4512.712379665597
1776352759,32,,Aggregated,70.300000,0.000000,970,1300,1500,1600,2000,2200,2400,2600,3400,3800,3800,23746,12,970.0,1049.5118673515515,22.056176000205596,3843.092014999911,4512.718352564642
1776352761,32,,Aggregated,73.000000,0.000000,970,1300,1500,1600,2000,2200,2400,2600,3400,3800,3800,23807,12,970.0,1047.4248199864721,22.056176000205596,3843.092014999911,4512.724198765069
1776352762,32,,Aggregated,73.900000,0.000000,970,1300,1500,1600,2000,2200,2400,2600,3400,3800,3800,23867,12,970.0,1045.378483847988,22.056176000205596,3843.092014999911,4512.729919973185
1776352763,32,,Aggregated,73.900000,0.000000,960,1300,1500,1600,2000,2200,2400,2600,3400,3800,3800,23925,12,960.0,1043.3993691008527,22.056176000205596,3843.092014999911,4512.735423197492
1776352764,32,,Aggregated,74.300000,0.000000,960,1300,1500,1600,2000,2200,2400,2600,3400,3800,3800,23989,12,960.0,1041.2510844865524,22.056176000205596,3843.092014999911,4512.741464838051
1776352765,32,,Aggregated,74.400000,0.000000,960,1300,1500,1600,2000,2200,2400,2600,3400,3800,3800,24046,12,950.0,1039.3165293650463,22.056176000205596,3843.092014999911,4512.746818597688
1776352766,32,,Aggregated,74.400000,0.000000,950,1300,1500,1600,2000,2200,2400,2600,3400,3800,3800,24110,12,950.0,1037.156225122186,22.056176000205596,3843.092014999911,4512.752799668187
1776352767,32,,Aggregated,72.000000,0.000000,950,1300,1500,1600,2000,2200,2400,2600,3400,3800,3800,24171,12,950.0,1035.1043797079938,22.056176000205596,3843.092014999911,4512.758470894874
1776352768,32,,Aggregated,66.100000,0.000000,950,1300,1500,1600,2000,2200,2400,2600,3400,3800,3800,24228,12,950.0,1033.2088731968763,22.056176000205596,3843.092014999911,4512.763744427934
1776352769,32,,Aggregated,60.000000,0.000000,940,1300,1500,1600,2000,2200,2400,2600,3400,3800,3800,24287,12,940.0,1031.2649309197482,22.056176000205596,3843.092014999911,4512.769176925927
1776352770,32,,Aggregated,59.600000,0.000000,940,1300,1500,1600,2000,2200,2400,2600,3400,3800,3800,24346,12,940.0,1029.4226852972536,22.056176000205596,3843.092014999911,4512.774583093732
1776352771,32,,Aggregated,59.900000,0.000000,940,1300,1500,1600,2000,2200,2400,2600,3400,3800,3800,24401,12,940.0,1027.6781687973414,22.056176000205596,3843.092014999911,4512.779599196754
1776352772,68,,Aggregated,59.800000,0.000000,930,1300,1400,1600,2000,2200,2400,2600,3400,3800,3800,24506,24,930.0,1024.7359097002752,22.056176000205596,3843.092014999911,4510.578225740635
1776352773,68,,Aggregated,59.300000,0.000000,930,1300,1400,1600,2000,2200,2400,2600,3400,3800,3800,24619,25,930.0,1021.4157021060947,22.056176000205596,3843.092014999911,4510.415126528291
1776352774,68,,Aggregated,63.700000,1.200000,920,1300,1400,1600,2000,2200,2400,2600,3400,3800,3800,24737,25,920.0,1017.9660072053982,22.056176000205596,3843.092014999911,4510.436997210656
1776352775,68,,Aggregated,69.300000,1.300000,920,1300,1400,1600,2000,2200,2400,2600,3400,3800,3800,24860,25,920.0,1014.2507925182595,22.056176000205596,3843.092014999911,4510.459573612228
1776352776,68,,Aggregated,74.000000,1.300000,910,1300,1400,1600,1900,2200,2400,2600,3400,3800,3800,24982,25,910.0,1010.4908850921038,22.056176000205596,3843.092014999911,4510.481746857738
1776352777,68,,Aggregated,80.900000,1.300000,900,1200,1400,1600,1900,2200,2400,2600,3300,3800,3800,25097,25,900.0,1007.0972507557449,22.056176000205596,3843.092014999911,4510.50245049209
1776352778,68,,Aggregated,87.000000,1.300000,900,1200,1400,1600,1900,2200,2400,2600,3300,3800,3800,25227,25,900.0,1003.1489208257394,22.056176000205596,3843.092014999911,4510.525627304079
1776352779,68,,Aggregated,92.300000,1.300000,890,1200,1400,1600,1900,2200,2400,2600,3300,3800,3800,25353,25,890.0,999.3651505738532,22.056176000205596,3843.092014999911,4510.547864158088
1776352780,68,,Aggregated,98.800000,1.300000,890,1200,1400,1600,1900,2200,2400,2600,3300,3800,3800,25478,25,890.0,995.6459752099804,22.056176000205596,3843.092014999911,4510.569707198367
1776352781,68,,Aggregated,106.100000,1.300000,880,1200,1400,1600,1900,2200,2400,2600,3300,3800,3800,25596,25,880.0,992.1720775173031,22.056176000205596,3843.092014999911,4510.590131270511
1776352782,68,,Aggregated,112.200000,1.300000,880,1200,1400,1600,1900,2200,2400,2600,3300,3800,3800,25725,25,880.0,988.4372928679849,22.056176000205596,3843.092014999911,4510.6122448979595
1776352783,68,,Aggregated,117.800000,1.300000,870,1200,1400,1600,1900,2200,2400,2600,3300,3800,3800,25842,25,870.0,985.1407685218603,22.056176000205596,3843.092014999911,4510.632110517762
1776352784,68,,Aggregated,121.000000,0.100000,860,1200,1400,1500,1900,2200,2400,2600,3300,3800,3800,25958,25,860.0,981.9819334889789,22.056176000205596,3843.092014999911,4510.651629555436
1776352785,68,,Aggregated,121.600000,0.000000,860,1200,1400,1500,1900,2200,2400,2600,3300,3800,3800,26085,25,860.0,978.3629644174398,22.056176000205596,3843.092014999911,4510.6728004600345
1776352786,68,,Aggregated,122.000000,0.000000,860,1200,1400,1500,1900,2200,2300,2600,3300,3800,3800,26209,25,860.0,974.8406303022978,22.056176000205596,3843.092014999911,4510.6932733030635
1776352789,68,,Aggregated,124.000000,0.000000,850,1200,1400,1500,1900,2200,2300,2500,3300,3800,3800,26334,25,850.0,971.371310318748,22.056176000205596,3843.092014999911,4510.713716108453
1776352785,68,,Aggregated,121.600000,0.000000,850,1200,1400,1500,1900,2200,2300,2500,3300,3800,3800,26460,25,850.0,967.8884641892259,22.056176000205596,3843.092014999911,4510.734126984127
1776352786,68,,Aggregated,122.000000,0.000000,840,1200,1400,1500,1900,2200,2300,2500,3300,3800,3800,26589,25,840.0,964.3102114828285,22.056176000205596,3843.092014999911,4510.75482342322
1776352787,68,,Aggregated,127.200000,0.000000,840,1200,1400,1500,1900,2200,2300,2500,3300,3800,3800,26702,25,840.0,961.3718623139066,22.056176000205596,3843.092014999911,4510.772788555164
1776352788,68,,Aggregated,140.000000,0.000000,840,1200,1400,1500,1900,2200,2300,2500,3300,3800,3800,26829,25,840.0,957.9491180962359,22.056176000205596,3843.092014999911,4510.792798837079
1776352789,68,,Aggregated,151.500000,0.000000,830,1200,1400,1500,1900,2200,2300,2500,3300,3800,3800,26955,25,830.0,954.5851418635845,22.056176000205596,3843.092014999911,4510.812465219811
1776352790,68,,Aggregated,151.100000,0.000000,830,1200,1400,1500,1900,2200,2300,2500,3300,3800,3800,27074,25,830.0,951.4646212431088,22.056176000205596,3843.092014999911,4510.830870946295
1776352791,68,,Aggregated,151.200000,0.000000,820,1200,1400,1500,1900,2200,2300,2500,3300,3800,3800,27189,25,820.0,948.608974311189,22.056176000205596,3843.092014999911,4510.848504910074
1776352792,68,,Aggregated,153.700000,0.000000,820,1200,1400,1500,1900,2200,2300,2500,3300,3800,3800,27314,25,820.0,945.4332942526148,22.056176000205596,3843.092014999911,4510.8675038441825
1776352793,68,,Aggregated,154.400000,0.000000,820,1200,1400,1500,1900,2200,2300,2500,3300,3800,3800,27441,25,820.0,942.1233879866596,22.056176000205596,3843.092014999911,4510.88662949601
1776352794,90,,Aggregated,152.400000,0.000000,810,1200,1400,1500,1900,2200,2300,2500,3300,3800,3800,27605,25,810.0,938.0538648952339,22.056176000205596,3843.092014999911,4510.911066835718
1776352795,90,,Aggregated,153.000000,0.000000,810,1200,1400,1500,1900,2200,2300,2500,3300,3800,3800,27766,25,810.0,933.9533388650843,22.056176000205596,3843.092014999911,4510.934776345171
1776352796,90,,Aggregated,153.600000,0.000000,800,1200,1400,1500,1900,2200,2300,2500,3300,3800,3800,27929,25,800.0,930.0066360061925,22.056176000205596,3843.092014999911,4510.958501915572
1776352797,90,,Aggregated,153.600000,0.000000,800,1200,1400,1500,1900,2200,2300,2500,3100,3800,3800,28096,25,800.0,925.9087220565191,22.056176000205596,3843.092014999911,4510.982524202734
1776352798,90,,Aggregated,144.400000,0.000000,790,1200,1400,1500,1900,2200,2300,2500,3100,3800,3800,28257,25,790.0,922.1082150764047,22.056176000205596,3843.092014999911,4511.005414587536
1776352799,90,,Aggregated,138.400000,0.000000,790,1200,1400,1500,1900,2200,2300,2500,3100,3800,3800,28416,25,790.0,918.3873889325365,22.056176000205596,3843.092014999911,4511.0277660472975
1776352800,90,,Aggregated,143.000000,0.000000,780,1200,1400,1500,1900,2200,2300,2500,3100,3800,3800,28578,25,780.0,914.5972282376644,22.056176000205596,3843.092014999911,4511.05028343481
1776352801,90,,Aggregated,145.900000,0.000000,780,1200,1400,1500,1900,2200,2300,2500,3100,3800,3800,28741,25,780.0,910.8336032515218,22.056176000205596,3843.092014999911,4511.0726836226995
1776352802,90,,Aggregated,147.100000,0.000000,770,1200,1300,1500,1900,2200,2300,2500,3100,3800,3800,28891,25,770.0,907.6866579054717,22.056176000205596,3843.092014999911,4511.093073967671
1776352803,90,,Aggregated,151.400000,0.000000,770,1200,1300,1500,1900,2200,2300,2500,3100,3800,3800,29030,25,770.0,904.7954654518082,22.056176000205596,3843.092014999911,4511.111780916293
1776352804,90,,Aggregated,154.700000,0.000000,770,1200,1300,1500,1900,2200,2300,2500,3100,3800,3800,29161,25,770.0,902.3873124122285,22.056176000205596,3843.092014999911,4511.129247968177
1776352805,90,,Aggregated,157.000000,0.000000,760,1100,1300,1500,1900,2200,2300,2500,3100,3800,3800,29322,25,760.0,899.0718629100337,22.056176000205596,3843.092014999911,4511.150501330059
1776352806,90,,Aggregated,158.600000,0.000000,760,1100,1300,1500,1900,2200,2300,2500,3100,3800,3800,29476,25,760.0,895.8438331214205,22.056176000205596,3843.092014999911,4511.170613380377
1776352807,90,,Aggregated,155.200000,0.000000,760,1100,1300,1500,1900,2200,2300,2500,3100,3800,3800,29624,25,760.0,892.8960672085801,22.056176000205596,3843.092014999911,4511.1897448015125
1776352808,90,,Aggregated,155.300000,0.000000,750,1100,1300,1500,1900,2100,2300,2500,3100,3800,3800,29766,25,750.0,890.2445262052343,22.056176000205596,3843.092014999911,4511.207921789962
1776352809,90,,Aggregated,153.500000,0.000000,750,1100,1300,1500,1900,2100,2300,2500,3100,3800,3800,29919,25,750.0,887.3456884412241,22.056176000205596,3843.092014999911,4511.2273137471175
1776352810,90,,Aggregated,150.700000,0.000000,740,1100,1300,1500,1900,2100,2300,2500,3100,3800,3800,30046,25,740.0,884.976762925946,22.056176000205596,3843.092014999911,4511.243260334154
1776352811,90,,Aggregated,149.700000,0.000000,740,1100,1300,1500,1900,2100,2300,2500,3100,3800,3800,30178,25,740.0,882.7811868896537,22.056176000205596,3843.092014999911,4511.259692491219
1776352812,90,,Aggregated,148.800000,0.000000,740,1100,1300,1500,1900,2100,2300,2500,3100,3800,3800,30333,25,740.0,880.0245654450913,22.056176000205596,3843.092014999911,4511.278805261596
1776352813,90,,Aggregated,145.500000,0.000000,730,1100,1300,1500,1900,2100,2300,2500,3100,3800,3800,30473,25,730.0,877.5622785379828,22.056176000205596,3843.092014999911,4511.295901289666
1776352814,90,,Aggregated,144.700000,0.000000,730,1100,1300,1400,1800,2100,2300,2500,3100,3800,3800,30614,25,730.0,874.9846220969811,22.056176000205596,3843.092014999911,4511.312961390214
1776352815,90,,Aggregated,144.000000,0.000000,720,1100,1300,1400,1800,2100,2300,2500,3100,3800,3800,30765,25,720.0,872.2958154252551,22.056176000205596,3843.092014999911,4511.331058020478
1776352816,90,,Aggregated,144.900000,0.000000,720,1100,1300,1400,1800,2100,2300,2500,3100,3800,3800,30914,25,720.0,869.5688151240208,22.056176000205596,3843.092014999911,4511.34874167044
1776352815,90,,Aggregated,144.000000,0.000000,710,1100,1300,1400,1800,2100,2300,2500,3100,3800,3800,31059,25,710.0,867.0302904642131,22.056176000205596,3843.092014999911,4511.365787694388
1776352816,90,,Aggregated,144.900000,0.000000,710,1100,1300,1400,1800,2100,2300,2500,3100,3800,3800,31217,25,710.0,864.0471083038736,22.056176000205596,3843.092014999911,4511.384181695871
1776352817,125,,Aggregated,149.300000,0.000000,700,1100,1300,1400,1800,2100,2300,2500,3100,3800,3800,31412,25,700.0,860.714854444257,22.056176000205596,3843.092014999911,4511.406628040239
1776352818,125,,Aggregated,163.700000,0.000000,700,1100,1300,1400,1800,2100,2300,2500,3100,3800,3800,31604,25,700.0,857.3799094011196,22.056176000205596,3843.092014999911,4511.4284584229845
1776352819,125,,Aggregated,180.200000,0.000000,690,1100,1300,1400,1800,2100,2300,2500,3100,3800,3800,31799,25,690.0,854.3370142307307,22.056176000205596,3843.092014999911,4511.450360074216
1776352820,125,,Aggregated,189.400000,0.000000,680,1100,1300,1400,1800,2100,2300,2500,3100,3800,3800,32002,25,680.0,851.0384517500471,22.056176000205596,3843.092014999911,4511.472876695207
1776352821,125,,Aggregated,194.400000,0.000000,670,1100,1300,1400,1800,2100,2300,2500,3100,3800,3800,32220,25,670.0,847.3591174648045,22.056176000205596,3843.092014999911,4511.496741154562
1776352822,125,,Aggregated,198.900000,0.000000,660,1100,1300,1400,1800,2100,2300,2500,3100,3800,3800,32424,25,660.0,843.7453547351961,22.056176000205596,3843.092014999911,4511.518782383419
1776352823,125,,Aggregated,206.800000,0.000000,650,1100,1300,1400,1800,2100,2300,2500,3100,3800,3800,32637,25,650.0,840.1667320739955,22.056176000205596,3843.092014999911,4511.541501976285
1776352824,125,,Aggregated,214.600000,0.000000,640,1000,1300,1400,1800,2100,2300,2500,3100,3800,3800,32852,25,640.0,836.5569787972717,22.056176000205596,3843.092014999911,4511.564136125655
1776352825,125,,Aggregated,221.300000,0.000000,630,1000,1300,1400,1800,2100,2300,2400,3000,3800,3800,33077,25,630.0,832.7779588919188,22.056176000205596,3843.092014999911,4511.5875079360285
1776352826,125,,Aggregated,226.900000,0.000000,620,1000,1300,1400,1800,2100,2300,2400,3000,3800,3800,33281,25,620.0,829.4403085125158,22.056176000205596,3843.092014999911,4511.608425227608
1776352827,125,,Aggregated,230.300000,0.000000,610,1000,1300,1400,1800,2100,2300,2400,3000,3800,3800,33481,25,610.0,826.4254192262481,22.056176000205596,3843.092014999911,4511.6286849257785
1776352828,125,,Aggregated,221.000000,0.000000,600,1000,1300,1400,1800,2100,2300,2400,3000,3800,3800,33687,56,600.0,823.1541436697837,1.152583000020968,3843.092014999911,4507.49443405468
1776352829,125,,Aggregated,209.300000,0.000000,590,1000,1300,1400,1800,2100,2300,2400,3000,3800,3800,33844,62,590.0,821.3793298258779,1.152583000020968,3843.092014999911,4506.728814560926
1776352830,125,,Aggregated,207.300000,0.000000,590,1000,1200,1400,1800,2100,2300,2400,3000,3800,3800,34033,62,590.0,819.1133488695978,1.152583000020968,3843.092014999911,4506.774748038669
1776352831,125,,Aggregated,203.600000,3.700000,580,1000,1200,1400,1800,2100,2300,2400,3000,3800,3800,34219,62,580.0,816.6660657414305,1.152583000020968,3843.092014999911,4506.819457026798
1776352832,125,,Aggregated,201.700000,3.700000,580,1000,1200,1400,1800,2100,2300,2400,3000,3800,3800,34398,62,580.0,814.4187337055936,1.152583000020968,3843.092014999911,4506.862026862027
1776352833,125,,Aggregated,200.300000,3.700000,580,990,1200,1400,1800,2100,2300,2400,3000,3800,3800,34565,62,580.0,812.5989525100823,1.152583000020968,3843.092014999911,4506.90134529148
1776352834,125,,Aggregated,197.200000,3.700000,580,980,1200,1400,1800,2100,2300,2400,3000,3800,3800,34734,62,580.0,810.9339724937528,1.152583000020968,3843.092014999911,4506.940749697703
1776352835,125,,Aggregated,192.900000,3.700000,570,970,1200,1400,1800,2100,2300,2400,3000,3800,3800,34917,62,570.0,808.4953714924526,1.152583000020968,3843.092014999911,4506.98298822923
1776352836,125,,Aggregated,189.200000,3.700000,560,970,1200,1400,1800,2100,2300,2400,3000,3800,3800,35115,62,560.0,806.0754189828275,1.152583000020968,3843.092014999911,4507.02819307988
1776352837,125,,Aggregated,185.300000,3.700000,560,960,1200,1400,1800,2100,2300,2400,3000,3800,3800,35295,62,560.0,803.8461894746561,1.152583000020968,3843.092014999911,4507.068848278793
1776352838,125,,Aggregated,183.100000,3.700000,560,950,1200,1400,1800,2100,2300,2400,3000,3800,3800,35470,62,560.0,801.7575631819277,1.152583000020968,3843.092014999911,4507.107978573443
1776352839,125,,Aggregated,180.900000,3.700000,550,950,1200,1400,1800,2100,2300,2400,3000,3800,3800,35635,62,550.0,800.1554505398062,1.152583000020968,3843.092014999911,4507.144520836257
1776352840,125,,Aggregated,178.800000,3.700000,550,940,1200,1400,1800,2100,2300,2400,3000,3800,3800,35821,62,550.0,798.2447980695684,1.152583000020968,3843.092014999911,4507.185310292845
1776352841,165,,Aggregated,179.600000,0.000000,550,930,1200,1400,1800,2100,2300,2400,3000,3800,3800,36040,62,550.0,795.9116219021098,1.152583000020968,3843.092014999911,4507.232796892342
1776352842,167,,Aggregated,179.700000,0.000000,550,930,1200,1300,1800,2100,2300,2400,3000,3800,3800,36254,62,550.0,793.8212214199816,1.152583000020968,3843.092014999911,4507.278645115021
1776352843,167,,Aggregated,180.900000,0.000000,540,920,1200,1300,1800,2100,2300,2400,3000,3800,3800,36498,62,540.0,791.6066312945095,1.152583000020968,3843.092014999911,4507.330264672037
1776352844,167,,Aggregated,183.600000,0.000000,540,910,1200,1300,1800,2100,2300,2400,3000,3800,3800,36747,62,540.0,788.694566235721,1.152583000020968,3843.092014999911,4507.382235284513
1776352845,167,,Aggregated,189.300000,0.000000,540,910,1200,1300,1800,2100,2300,2400,3000,3800,3800,36982,62,540.0,786.4879604613604,1.152583000020968,3843.092014999911,4507.430641933914
1776352846,167,,Aggregated,198.200000,0.000000,540,900,1200,1300,1800,2100,2300,2400,3000,3800,3800,37203,62,540.0,784.1782830164773,1.152583000020968,3843.092014999911,4507.475606805902
1776352844,167,,Aggregated,183.600000,0.000000,540,890,1200,1300,1800,2100,2300,2400,3000,3800,3800,37429,62,540.0,782.265922897593,1.152583000020968,3843.092014999911,4507.521039835422
1776352845,167,,Aggregated,189.300000,0.000000,540,890,1200,1300,1800,2100,2300,2400,3000,3800,3800,37642,62,540.0,780.275903064555,1.152583000020968,3843.092014999911,4507.56336007651
1776352846,167,,Aggregated,198.200000,0.000000,540,880,1200,1300,1700,2100,2300,2400,3000,3800,3800,37849,62,540.0,778.6869583202199,1.152583000020968,3843.092014999911,4507.604031810616
1776352847,167,,Aggregated,211.400000,0.000000,540,880,1200,1300,1700,2100,2300,2400,3000,3800,3800,38057,62,540.0,777.4327843194684,1.152583000020968,3843.092014999911,4507.644454371075
1776352848,167,,Aggregated,237.600000,0.000000,540,870,1200,1300,1700,2100,2300,2400,3000,3800,3800,38266,62,540.0,775.8259546788792,1.152583000020968,3843.092014999911,4507.684628652067
1776352849,167,,Aggregated,259.500000,0.000000,530,870,1200,1300,1700,2100,2300,2400,3000,3800,3800,38485,62,530.0,774.0496921917631,1.152583000020968,3843.092014999911,4507.72625698324
1776352850,167,,Aggregated,262.500000,0.000000,530,860,1200,1300,1700,2100,2300,2400,3000,3800,3800,38713,62,530.0,772.0055183797177,1.152583000020968,3843.092014999911,4507.769095652623
1776352851,167,,Aggregated,265.500000,0.000000,530,860,1200,1300,1700,2100,2300,2400,3000,3800,3800,38917,62,530.0,770.5216008236254,1.152583000020968,3843.092014999911,4507.806999511781
1776352852,167,,Aggregated,274.900000,0.000000,530,860,1200,1300,1700,2000,2300,2400,3000,3800,3800,39152,62,530.0,768.8842978615144,1.152583000020968,3843.092014999911,4507.85017368206
1776352853,167,,Aggregated,277.500000,0.000000,530,850,1200,1300,1700,2000,2300,2400,3000,3800,3800,39388,62,530.0,766.7292726429371,1.152583000020968,3843.092014999911,4507.893013100436
1776352854,167,,Aggregated,276.600000,0.000000,520,850,1200,1300,1700,2000,2300,2400,3000,3800,3800,39617,62,520.0,764.6097179361127,1.152583000020968,3843.092014999911,4507.934093949567
1776352855,167,,Aggregated,277.300000,0.000000,520,840,1100,1300,1700,2000,2300,2400,3000,3800,3800,39856,62,520.0,762.7884513630304,1.152583000020968,3843.092014999911,4507.97646527499
1776352856,167,,Aggregated,275.800000,0.000000,520,840,1100,1300,1700,2000,2300,2400,3000,3800,3800,40098,62,520.0,760.6279461714031,1.152583000020968,3843.092014999911,4508.01885380817
1776352857,167,,Aggregated,266.300000,0.000000,520,840,1100,1300,1700,2000,2300,2400,3000,3800,3800,40330,62,520.0,758.5836956664992,1.152583000020968,3843.092014999911,4508.059013141582
1776352858,167,,Aggregated,244.400000,0.000000,520,830,1100,1300,1700,2000,2300,2400,3000,3800,3800,40568,62,520.0,756.3995917206648,1.152583000020968,3843.092014999911,4508.099733780319
1776352859,167,,Aggregated,230.100000,0.000000,510,830,1100,1300,1700,2000,2300,2400,3000,3800,3800,40834,62,510.0,753.8824928504904,1.152583000020968,3843.092014999911,4508.144683352109
1776352860,167,,Aggregated,231.100000,0.000000,510,820,1100,1300,1700,2000,2300,2400,3000,3800,3800,41061,62,510.0,751.7947577125723,1.152583000020968,3843.092014999911,4508.1825820121285
1776352861,167,,Aggregated,234.300000,0.000000,510,820,1100,1300,1700,2000,2300,2400,3000,3800,3800,41265,62,510.0,750.4703247279757,1.152583000020968,3843.092014999911,4508.2162849872775
1776352862,167,,Aggregated,234.700000,0.000000,510,820,1100,1300,1700,2000,2300,2400,3000,3800,3800,41495,62,510.0,748.8261980019258,1.152583000020968,3843.092014999911,4508.253886010362
1776352863,207,,Aggregated,233.200000,0.000000,510,810,1100,1300,1700,2000,2300,2400,3000,3800,3800,41728,62,510.0,747.3450090030658,1.152583000020968,3843.092014999911,4508.2915548312885
1776352864,247,,Aggregated,233.700000,0.000000,510,810,1100,1300,1700,2000,2300,2400,3000,3800,3800,42002,62,510.0,746.0306224228827,1.152583000020968,3843.092014999911,4508.33531736584
1776352865,287,,Aggregated,233.700000,0.000000,510,810,1100,1300,1700,2000,2300,2400,3000,3800,3800,42326,62,510.0,744.8221895103932,1.152583000020968,3843.092014999911,4508.386334640646
1776352866,287,,Aggregated,232.900000,0.000000,500,810,1100,1200,1700,2000,2300,2400,3000,3800,3800,42684,62,500.0,742.9439147846018,1.152583000020968,3843.092014999911,4508.441804891762
1776352867,287,,Aggregated,237.600000,0.000000,500,810,1100,1200,1700,2000,2300,2400,3000,3800,3800,43093,62,500.0,740.742948915785,1.152583000020968,3843.092014999911,4508.50404938157
1776352868,287,,Aggregated,248.500000,0.000000,500,800,1100,1200,1700,2000,2300,2400,3000,3800,3800,43486,62,500.0,737.6402342567707,1.152583000020968,3843.092014999911,4508.562755829463
1776352869,287,,Aggregated,257.900000,0.000000,500,800,1100,1200,1700,2000,2300,2400,3000,3800,3800,43875,62,500.0,734.8235444509384,1.152583000020968,3843.092014999911,4508.6198290598295
1776352870,287,,Aggregated,275.800000,0.000000,500,790,1100,1200,1700,2000,2300,2400,3000,3800,3800,44268,62,500.0,732.1371547922631,1.152583000020968,3843.092014999911,4508.676470588235
1776352871,287,,Aggregated,293.000000,0.000000,490,790,1100,1200,1700,2000,2300,2400,3000,3800,3800,44625,62,490.0,729.9811828434491,1.152583000020968,3843.092014999911,4508.72705882353
1776352872,287,,Aggregated,304.400000,0.000000,490,790,1000,1200,1600,2000,2300,2400,3000,3800,3800,45019,62,490.0,727.8732778519718,1.152583000020968,3843.092014999911,4508.781958728537
1776352873,287,,Aggregated,320.700000,0.000000,490,790,1000,1200,1600,2000,2300,2400,3000,3800,3800,45364,62,490.0,725.9248599036885,1.152583000020968,3843.092014999911,4508.82924786174
1776352874,287,,Aggregated,335.300000,0.000000,490,780,1000,1200,1600,2000,2300,2400,3000,3800,3800,45739,62,490.0,724.1204991568887,1.152583000020968,3843.092014999911,4508.879839961521
1776352875,287,,Aggregated,351.500000,0.000000,490,780,1000,1200,1600,2000,2300,2400,3000,3800,3800,46088,62,490.0,722.3965722965614,1.152583000020968,3843.092014999911,4508.926184690158
1776352876,287,,Aggregated,362.200000,0.000000,490,780,1000,1200,1600,2000,2300,2400,3000,3800,3800,46440,62,490.0,721.1368661453905,1.152583000020968,3843.092014999911,4508.972222222223
1776352875,287,,Aggregated,351.500000,0.000000,480,780,1000,1200,1600,2000,2300,2400,3000,3800,3800,46794,62,480.0,719.2724621351866,1.152583000020968,3843.092014999911,4509.017822797795
1776352876,287,,Aggregated,362.200000,0.000000,480,780,1000,1200,1600,2000,2300,2400,3000,3800,3800,47106,62,480.0,718.075773608646,1.152583000020968,3843.092014999911,4509.0574449114765
1776352877,287,,Aggregated,385.200000,0.000000,490,770,1000,1200,1600,2000,2300,2400,3000,3800,3800,47387,62,490.0,717.6194828458626,1.152583000020968,3843.092014999911,4509.092683647414
1776352878,287,,Aggregated,418.400000,0.000000,490,770,1000,1200,1600,2000,2300,2400,3000,3800,3800,47745,62,490.0,717.2514865664442,1.152583000020968,3843.092014999911,4509.136977693999
1776352879,287,,Aggregated,447.900000,0.000000,480,770,1000,1200,1600,2000,2300,2400,2900,3800,3800,48111,62,480.0,715.4086792495668,1.152583000020968,3843.092014999911,4509.181580096028
1776352880,287,,Aggregated,444.300000,0.000000,480,770,1000,1200,1600,2000,2200,2400,2900,3800,3800,48486,62,480.0,713.7614061333347,1.152583000020968,3843.092014999911,4509.226580868704
1776352881,287,,Aggregated,441.800000,0.000000,480,770,990,1200,1600,2000,2200,2400,2900,3800,3800,48890,62,480.0,711.4622201584147,1.152583000020968,3843.092014999911,4509.2742892207
1776352882,287,,Aggregated,438.500000,0.000000,480,760,980,1200,1600,2000,2200,2400,2900,3800,3800,49285,62,480.0,709.1127208013772,1.152583000020968,3843.092014999911,4509.320178553312
1776352883,287,,Aggregated,440.100000,0.000000,480,760,970,1200,1600,2000,2200,2400,2900,3800,3800,49702,62,480.0,706.5786134559348,1.152583000020968,3843.092014999911,4509.367832280391
1776352884,287,,Aggregated,444.600000,0.000000,480,760,970,1200,1600,2000,2200,2400,2900,3800,3800,50092,62,480.0,704.4119826709025,1.152583000020968,3843.092014999911,4509.411682504192
1776352885,287,,Aggregated,445.600000,0.000000,470,750,960,1200,1600,2000,2200,2400,2900,3800,3800,50472,62,470.0,702.2033518824468,1.152583000020968,3843.092014999911,4509.453756538279
1776352886,327,,Aggregated,450.800000,0.000000,470,750,950,1100,1600,1900,2200,2400,2900,3800,3800,50914,114,470.0,700.0233062537195,1.152583000020968,3843.092014999911,4504.890599835016
1776352887,367,,Aggregated,440.900000,0.000000,470,750,940,1100,1600,1900,2200,2400,2900,3800,3800,51399,184,470.0,697.3827602468322,1.152583000020968,3843.092014999911,4498.837039631121
1776352888,407,,Aggregated,413.500000,3.000000,470,750,940,1100,1600,1900,2200,2400,2900,3800,3800,51876,249,470.0,695.5067335882492,1.152583000020968,3843.092014999911,4493.3284177654405
1776352889,432,,Aggregated,397.500000,9.000000,470,750,940,1100,1600,1900,2200,2400,2900,3800,3800,52341,310,470.0,694.4975459839329,1.152583000020968,3843.092014999911,4488.259013010833
1776352890,432,,Aggregated,407.900000,16.500000,460,750,940,1100,1500,1900,2200,2300,2900,3800,3800,52918,331,460.0,692.6644532782242,1.152583000020968,3843.092014999911,4486.7588533202315
1776352891,432,,Aggregated,415.300000,22.100000,460,740,940,1100,1500,1900,2200,2300,2900,3800,3800,53290,333,460.0,691.3759884593185,1.152583000020968,3843.092014999911,4486.786545318071
1776352892,432,,Aggregated,429.500000,25.800000,460,740,940,1100,1500,1900,2200,2300,2900,3800,3800,53487,333,460.0,692.0274718641366,1.152583000020968,3843.092014999911,4486.890459363957
1776352893,432,,Aggregated,447.500000,27.100000,460,750,940,1100,1500,1900,2200,2300,2900,3800,3800,53686,333,460.0,692.6757781961043,1.152583000020968,3843.092014999911,4486.994654099765
1776352894,432,,Aggregated,429.500000,27.100000,460,750,940,1100,1500,1900,2200,2400,3000,3800,3800,53851,333,460.0,692.9189985079579,1.152583000020968,3843.092014999911,4487.080462758352
1776352895,432,,Aggregated,409.100000,27.100000,460,750,950,1100,1500,1900,2200,2400,3000,4100,4600,54004,333,460.0,693.8241871808386,1.152583000020968,4577.851891000137,4487.159562254647
1776352896,432,,Aggregated,388.300000,27.100000,470,750,960,1100,1600,2000,2300,2500,5000,5400,6200,54440,333,470.0,709.6069802971341,1.152583000020968,6153.135244999703,4487.382531227039
1776352897,432,,Aggregated,363.900000,27.100000,470,750,960,1100,1600,2000,2300,2500,5300,5500,6600,54917,333,470.0,710.9725931803798,1.152583000020968,6645.449224999993,4487.622412003569
1776352898,432,,Aggregated,345.300000,24.100000,470,750,960,1100,1600,2000,2300,2500,5200,5500,6600,55458,333,470.0,709.7896602696626,1.152583000020968,6645.449224999993,4487.889483933788
1776352899,432,,Aggregated,350.600000,18.100000,460,750,950,1100,1600,2000,2300,2500,5200,5500,6600,55961,333,460.0,707.9617231253726,1.152583000020968,6645.449224999993,4488.133164167903
1776352900,432,,Aggregated,351.800000,10.600000,460,750,950,1100,1500,2000,2300,2500,5100,5500,6600,56471,333,460.0,706.7776041313579,1.152583000020968,6645.449224999993,4488.375803509766
1776352901,432,,Aggregated,360.100000,5.000000,460,750,950,1100,1500,1900,2300,2500,5100,5500,6600,56992,333,460.0,705.2850773904566,1.152583000020968,6645.449224999993,4488.619192167322
1776352902,432,,Aggregated,357.000000,1.300000,460,750,950,1100,1500,1900,2300,2500,5100,5500,6600,57526,333,460.0,703.5631425981987,1.152583000020968,6645.449224999993,4488.864078851302
1776352903,432,,Aggregated,352.900000,0.000000,460,740,940,1100,1500,1900,2300,2500,5100,5500,6600,58021,333,460.0,702.1519851112351,1.152583000020968,6645.449224999993,4489.0870546870965
1776352904,432,,Aggregated,380.800000,0.000000,460,740,940,1100,1500,1900,2300,2500,5100,5500,6600,58591,333,460.0,700.2373299752525,1.152583000020968,6645.449224999993,4489.339147650663
1776352905,432,,Aggregated,412.800000,0.000000,460,740,930,1100,1500,1900,2300,2500,5000,5500,6600,59136,333,460.0,698.0551213330297,1.152583000020968,6645.449224999993,4489.575639204545
1776352906,432,,Aggregated,449.600000,0.000000,450,740,930,1100,1500,1900,2300,2500,5000,5500,6600,59697,333,450.0,696.3195713179729,1.152583000020968,6645.449224999993,4489.814563545907
1776352905,432,,Aggregated,412.800000,0.000000,450,740,930,1100,1500,1900,2300,2500,5000,5500,6600,60211,333,450.0,694.4333947164804,1.152583000020968,6645.449224999993,4490.029562704489
1776352906,432,,Aggregated,449.600000,0.000000,450,740,920,1100,1500,1900,2300,2500,5000,5500,6600,60773,333,450.0,692.9292202422947,1.152583000020968,6645.449224999993,4490.260477514686
1776352907,432,,Aggregated,507.700000,0.000000,450,740,920,1100,1500,1900,2300,2400,5000,5500,6600,61326,333,450.0,690.8918817336363,1.152583000020968,6645.449224999993,4490.483563252128
1776352908,432,,Aggregated,593.000000,0.000000,450,730,920,1100,1500,1900,2300,2400,5000,5500,6600,61918,333,450.0,688.5805488749944,1.152583000020968,6645.449224999993,4490.717965696566
1776352909,472,,Aggregated,650.100000,0.000000,450,730,910,1100,1500,1900,2300,2400,5000,5500,6600,62475,333,450.0,686.8127394815983,1.152583000020968,6645.449224999993,4490.934453781512
1776352910,486,,Aggregated,660.400000,0.000000,440,730,910,1100,1500,1900,2200,2400,5000,5500,6600,63061,333,440.0,685.2994293116637,1.152583000020968,6645.449224999993,4491.158085028782
1776352911,486,,Aggregated,663.200000,0.000000,440,730,910,1000,1500,1900,2200,2400,5000,5500,6600,63622,333,440.0,683.8605060013819,1.152583000020968,6645.449224999993,4491.3683159913235
1776352912,486,,Aggregated,683.000000,0.000000,440,730,910,1000,1500,1900,2200,2400,5000,5500,6600,64240,333,440.0,682.8291720864416,1.152583000020968,6645.449224999993,4491.5956569115815
1776352913,486,,Aggregated,685.700000,0.000000,440,730,910,1000,1500,1900,2200,2400,5000,5500,6600,64816,333,440.0,681.2486199185686,1.152583000020968,6645.449224999993,4491.803644161935
1776352914,486,,Aggregated,697.500000,0.000000,440,730,900,1000,1500,1900,2200,2400,5000,5500,6600,65444,333,440.0,679.6454527341679,1.152583000020968,6645.449224999993,4492.026236171383
1776352915,486,,Aggregated,704.200000,0.000000,440,730,900,1000,1400,1900,2200,2400,5000,5500,6600,66064,333,440.0,677.5957915827204,1.152583000020968,6645.449224999993,4492.241841244853
1776352916,486,,Aggregated,710.000000,0.000000,440,720,900,1000,1400,1900,2200,2400,5000,5500,6600,66656,333,440.0,675.9655784873046,1.152583000020968,6645.449224999993,4492.443966034565
1776352917,486,,Aggregated,698.800000,0.000000,440,720,900,1000,1400,1900,2200,2400,5000,5500,6600,67247,333,440.0,675.040766899502,1.152583000020968,6645.449224999993,4492.642199652029
1776352918,486,,Aggregated,650.600000,0.000000,440,720,900,1000,1400,1900,2200,2400,5000,5500,6600,67834,333,440.0,673.9318935561047,1.152583000020968,6645.449224999993,4492.835672376685
1776352919,486,,Aggregated,597.800000,0.000000,440,720,900,1000,1400,1900,2200,2400,5000,5500,6600,68406,333,440.0,672.6008594941487,1.152583000020968,6645.449224999993,4493.021006929217
1776352920,486,,Aggregated,598.700000,0.000000,440,720,900,1000,1400,1800,2200,2400,5000,5500,6600,68979,333,440.0,671.6291775598327,1.152583000020968,6645.449224999993,4493.203583699386
1776352921,486,,Aggregated,599.300000,0.000000,440,710,900,1000,1400,1800,2200,2400,5000,5500,6600,69547,333,440.0,670.3427069526884,1.152583000020968,6645.449224999993,4493.381598055991
1776352922,486,,Aggregated,590.600000,0.000000,440,710,890,1000,1400,1800,2200,2400,5000,5500,6600,70093,333,440.0,669.6182950993053,1.152583000020968,6645.449224999993,4493.549997859986
1776352923,486,,Aggregated,592.200000,0.000000,440,710,890,1000,1400,1800,2200,2400,5000,5500,6600,70636,333,440.0,669.4124268898962,1.152583000020968,6645.449224999993,4493.714890424147
1776352924,486,,Aggregated,582.900000,0.000000,440,710,890,1000,1400,1800,2200,2400,5000,5500,6600,71048,333,440.0,669.9574884163338,1.152583000020968,6645.449224999993,4493.838320572007
1776352925,486,,Aggregated,579.600000,0.000000,440,710,890,1000,1400,1800,2200,2400,5000,5500,6600,71526,333,440.0,670.0646181740864,1.152583000020968,6645.449224999993,4493.979741632414
1776352926,486,,Aggregated,559.200000,0.000000,440,720,900,1000,1400,1800,2200,2400,5000,5500,6600,71908,333,440.0,671.0617027469784,1.152583000020968,6645.449224999993,4494.091408466374
1776352927,486,,Aggregated,549.700000,0.000000,450,720,900,1000,1400,1800,2200,2400,5000,5500,6600,72450,333,450.0,671.9957750047159,1.152583000020968,6645.449224999993,4494.247826086957
1776352928,486,,Aggregated,522.900000,0.000000,440,720,900,1000,1400,1800,2200,2400,5000,5500,6600,72995,333,440.0,671.1533238402985,1.152583000020968,6645.449224999993,4494.402767312829
1776352929,486,,Aggregated,519.500000,0.000000,450,720,900,1000,1400,1800,2200,2400,5000,5500,6600,73485,333,450.0,670.8144635862905,1.152583000020968,6645.449224999993,4494.540110226577
1776352930,486,,Aggregated,517.000000,0.000000,450,720,900,1000,1400,1800,2200,2400,5000,5500,6600,74018,333,450.0,671.1594732661453,1.152583000020968,6645.449224999993,4494.687440892756
1776352931,486,,Aggregated,509.800000,0.000000,450,720,900,1000,1400,1800,2200,2400,5000,5500,6600,74584,333,450.0,670.5540235738429,1.152583000020968,6645.449224999993,4494.841588008152
1776352932,486,,Aggregated,501.100000,0.000000,450,720,900,1000,1400,1800,2200,2400,5000,5500,6600,75178,333,450.0,669.4354124682812,1.152583000020968,6645.449224999993,4495.000864614648
1776352933,486,,Aggregated,501.100000,0.000000,450,710,900,1000,1400,1800,2200,2400,5000,5500,6600,75752,333,450.0,668.2826674960838,1.152583000020968,6645.449224999993,4495.152405217024
1776352934,480,,Aggregated,505.600000,0.000000,450,710,900,1000,1400,1800,2200,2400,5000,5500,6600,76294,333,450.0,667.7136022664072,1.152583000020968,6645.449224999993,4495.293404461688
1776352935,480,,Aggregated,510.500000,0.000000,450,710,900,1000,1400,1800,2200,2400,5000,5500,6600,76891,333,450.0,666.6211017054826,1.152583000020968,6645.449224999993,4495.446411153451
1776352936,480,,Aggregated,522.400000,0.000000,440,710,890,1000,1400,1800,2200,2400,5000,5500,6600,77470,333,440.0,665.5747317722762,1.152583000020968,6645.449224999993,4495.592551955596
1776352934,480,,Aggregated,505.600000,0.000000,440,700,890,1000,1400,1800,2200,2400,5000,5500,6600,78089,333,440.0,664.2251924599913,1.152583000020968,6645.449224999993,4495.746391937405
1776352935,480,,Aggregated,510.500000,0.000000,440,700,890,1000,1400,1800,2200,2400,5000,5500,6600,78724,333,440.0,662.8001422150838,1.152583000020968,6645.449224999993,4495.901694527717
1776352936,480,,Aggregated,522.400000,0.000000,440,700,890,1000,1400,1800,2200,2400,4900,5500,6600,79249,333,440.0,661.9309365925274,1.152583000020968,6645.449224999993,4496.028214867065
1776352937,480,,Aggregated,549.800000,0.000000,440,700,890,1000,1400,1800,2200,2400,4900,5500,6600,79886,333,440.0,660.6619962248975,1.152583000020968,6645.449224999993,4496.179493277921
1776352938,480,,Aggregated,637.200000,0.000000,440,700,880,1000,1400,1800,2200,2400,4900,5500,6600,80545,333,440.0,659.0255204491932,1.152583000020968,6645.449224999993,4496.333478179899
1776352939,480,,Aggregated,697.100000,0.000000,440,690,880,1000,1400,1800,2200,2300,4900,5500,6600,81151,333,440.0,657.4818147860567,1.152583000020968,6645.449224999993,4496.472871560424
1776352940,480,,Aggregated,714.100000,0.000000,440,690,880,1000,1400,1800,2200,2300,4900,5500,6600,81688,333,440.0,656.8125989013466,1.152583000020968,6645.449224999993,4496.594665067085
1776352941,480,,Aggregated,728.700000,0.000000,440,690,880,1000,1400,1800,2200,2300,4900,5500,6600,82291,333,440.0,655.8090087957868,1.152583000020968,6645.449224999993,4496.729532998748
1776352942,480,,Aggregated,737.400000,0.000000,430,690,880,1000,1400,1800,2200,2300,4900,5500,6600,82900,333,430.0,654.8968034708697,1.152583000020968,6645.449224999993,4496.863751507841
1776352943,480,,Aggregated,734.900000,0.000000,430,690,880,990,1400,1800,2200,2300,4900,5500,6600,83499,333,430.0,653.780450799041,1.152583000020968,6645.449224999993,4496.993856213847
1776352944,480,,Aggregated,740.800000,0.000000,430,690,870,990,1400,1700,2200,2300,4900,5500,6600,84133,333,430.0,652.3595867917481,1.152583000020968,6645.449224999993,4497.1295448872615
1776352945,480,,Aggregated,738.200000,0.000000,430,690,870,990,1400,1700,2200,2300,4900,5500,6600,84686,333,430.0,651.527475252511,1.152583000020968,6645.449224999993,4497.246239047777
1776352946,480,,Aggregated,746.400000,0.000000,430,690,870,980,1300,1700,2200,2300,4900,5500,6600,85279,333,430.0,650.672973999931,1.152583000020968,6645.449224999993,4497.369692421346
1776352947,480,,Aggregated,728.000000,0.000000,430,680,870,980,1300,1700,2200,2300,4900,5500,6600,85877,333,430.0,649.7672835339985,1.152583000020968,6645.449224999993,4497.492460146488
1776352948,480,,Aggregated,662.200000,0.000000,430,680,870,980,1300,1700,2200,2300,4900,5500,6600,86484,333,430.0,648.4693205424386,1.152583000020968,6645.449224999993,4497.615339253503
1776352949,480,,Aggregated,608.700000,0.000000,430,680,870,980,1300,1700,2200,2300,4900,5500,6600,87085,333,430.0,647.6368398691764,1.152583000020968,6645.449224999993,4497.735316070506
1776352950,480,,Aggregated,597.400000,0.000000,430,680,870,980,1300,1700,2200,2300,4900,5500,6600,87692,333,430.0,646.6110175953801,1.152583000020968,6645.449224999993,4497.854821420426
1776352951,480,,Aggregated,588.500000,0.000000,430,680,870,980,1300,1700,2200,2300,4900,5500,6600,88203,333,430.0,645.8925909899891,1.152583000020968,6645.449224999993,4497.954151219346
1776352952,480,,Aggregated,594.000000,0.000000,430,680,870,980,1300,1700,2200,2300,4900,5500,6600,88774,333,430.0,645.6411942766014,1.152583000020968,6645.449224999993,4498.063791200127
1776352953,480,,Aggregated,598.000000,0.000000,430,670,870,980,1300,1700,2200,2300,4900,5500,6600,89350,333,430.0,645.0689623934533,1.152583000020968,6645.449224999993,4498.172971460548
1776352954,480,,Aggregated,586.300000,0.000000,430,670,860,980,1300,1700,2200,2300,4900,5500,6600,89931,333,430.0,644.1220674085798,1.152583000020968,6645.449224999993,4498.281682623345
1776352955,480,,Aggregated,584.700000,0.000000,430,670,860,980,1300,1700,2100,2300,4900,5500,6600,90547,333,430.0,643.2875939197426,1.152583000020968,6645.449224999993,4498.395418953693
1776352956,520,,Aggregated,581.400000,0.000000,430,670,860,970,1300,1700,2100,2300,4900,5500,6600,91173,333,430.0,642.2703436855971,1.152583000020968,6645.449224999993,4498.509427133033
1776352957,555,,Aggregated,578.900000,0.000000,430,660,860,970,1300,1700,2100,2300,4900,5500,6600,91815,333,430.0,641.4451873912859,1.152583000020968,6645.449224999993,4498.624734520503
1776352958,555,,Aggregated,587.300000,0.000000,430,660,860,970,1300,1700,2100,2300,4900,5500,6600,92505,333,430.0,640.8607780360734,1.152583000020968,6645.449224999993,4498.746878547106
1776352959,555,,Aggregated,588.300000,0.000000,430,660,860,970,1300,1700,2100,2300,4900,5500,6600,93252,333,430.0,639.335431544278,1.152583000020968,6645.449224999993,4498.877075022519
1776352960,555,,Aggregated,589.800000,0.000000,430,660,860,970,1300,1700,2100,2300,4900,5500,6600,94006,333,430.0,637.6421697038373,1.152583000020968,6645.449224999993,4499.006393208944
1776352961,555,,Aggregated,604.900000,0.000000,430,650,860,970,1300,1700,2100,2300,4900,5500,6600,94716,333,430.0,636.3078479970951,1.152583000020968,6645.449224999993,4499.126282782212
1776352962,555,,Aggregated,616.700000,0.000000,430,650,860,970,1300,1700,2100,2300,4900,5500,6600,95398,333,430.0,635.2917605631252,1.152583000020968,6645.449224999993,4499.239763936351
1776352963,555,,Aggregated,631.800000,0.000000,430,650,860,970,1300,1700,2100,2300,4900,5500,6600,96110,333,430.0,634.4190755207584,1.152583000020968,6645.449224999993,4499.356518572469
1776352964,555,,Aggregated,650.000000,0.000000,430,650,860,970,1300,1700,2100,2300,4900,5500,6600,96838,333,430.0,633.4160771340285,1.152583000020968,6645.449224999993,4499.474121729073
1776352965,555,,Aggregated,660.800000,0.000000,430,640,850,960,1300,1700,2100,2300,4900,5500,6600,97575,333,430.0,631.8041516212041,1.152583000020968,6645.449224999993,4499.59139123751
1776352966,555,,Aggregated,671.700000,0.000000,420,640,850,960,1300,1700,2100,2300,4900,5500,6600,98277,333,420.0,630.6428564994156,1.152583000020968,6645.449224999993,4499.701456088404
1776352965,555,,Aggregated,660.800000,0.000000,420,640,850,960,1300,1700,2100,2300,4900,5500,6600,99039,333,420.0,629.4521474148988,1.152583000020968,6645.449224999993,4499.819162148245
1776352966,555,,Aggregated,671.700000,0.000000,420,640,850,960,1300,1700,2100,2300,4900,5500,6600,99671,333,420.0,628.5476198550434,1.152583000020968,6645.449224999993,4499.915421737516
1776352967,555,,Aggregated,716.500000,0.000000,420,640,850,960,1300,1700,2100,2300,4900,5500,6600,100236,333,420.0,628.7296437924492,1.152583000020968,6645.449224999993,4500.0004489405
1776352968,555,,Aggregated,794.500000,0.000000,420,640,850,960,1300,1600,2100,2300,4900,5500,6600,100948,333,420.0,628.1723924338573,1.152583000020968,6645.449224999993,4500.106242818085
1776352969,555,,Aggregated,856.600000,0.000000,420,640,850,960,1300,1600,2100,2300,4900,5500,6600,101620,333,420.0,627.6671384112782,1.152583000020968,6645.449224999993,4500.204733320213
1776352970,555,,Aggregated,861.700000,0.000000,420,640,850,960,1300,1600,2100,2300,4900,5500,6600,102344,333,420.0,626.6773420121374,1.152583000020968,6645.449224999993,4500.309397717502
1776352971,555,,Aggregated,853.000000,0.000000,420,630,840,960,1300,1600,2100,2300,4900,5500,6600,103066,333,420.0,625.5922345009237,1.152583000020968,6645.449224999993,4500.412308617779
1776352972,555,,Aggregated,868.600000,0.000000,420,630,840,950,1300,1600,2100,2300,4900,5500,6600,103757,333,420.0,624.5774657063741,1.152583000020968,6645.449224999993,4500.509459602726
1776352973,555,,Aggregated,866.300000,0.000000,420,630,840,950,1300,1600,2100,2300,4900,5500,6600,104503,333,420.0,623.5705219613911,1.152583000020968,6645.449224999993,4500.612901065041
1776352974,555,,Aggregated,866.600000,0.000000,420,630,840,950,1200,1600,2100,2300,4900,5500,6600,105179,333,420.0,622.565647914862,1.152583000020968,6645.449224999993,4500.705368942469
1776352975,555,,Aggregated,872.500000,0.000000,420,630,840,950,1200,1600,2100,2300,4900,5500,6600,105881,333,420.0,621.9072422844645,1.152583000020968,6645.449224999993,4500.80014355739
1776352976,555,,Aggregated,877.200000,0.000000,420,620,840,950,1200,1600,2100,2300,4900,5500,6600,106615,333,420.0,620.9549054998668,1.152583000020968,6645.449224999993,4500.897903672091
1776352977,555,,Aggregated,840.300000,0.000000,420,620,840,940,1200,1600,2100,2300,4900,5500,6600,107317,333,420.0,619.8923633393246,1.152583000020968,6645.449224999993,4500.990150675103
1776352978,555,,Aggregated,769.600000,0.000000,420,620,830,940,1200,1600,2100,2300,4900,5500,6600,108053,333,420.0,619.0685872819117,1.152583000020968,6645.449224999993,4501.085578373576
1776352979,579,,Aggregated,720.700000,0.000000,420,620,830,940,1200,1600,2100,2300,4900,5500,6600,108736,333,420.0,618.3551605348398,1.152583000020968,6645.449224999993,4501.172978590347
1776352980,579,,Aggregated,720.500000,0.000000,420,620,830,940,1200,1600,2100,2300,4800,5500,6600,109401,333,420.0,617.7410884963052,1.152583000020968,6645.449224999993,4501.257026901034
1776352981,579,,Aggregated,726.400000,0.000000,420,620,830,940,1200,1600,2100,2300,4800,5400,6600,110085,333,420.0,617.7211080156462,1.152583000020968,6645.449224999993,4501.342417223055
1776352982,579,,Aggregated,706.600000,0.000000,420,620,830,940,1200,1600,2100,2300,4800,5400,6600,110704,333,420.0,617.1732884124543,1.152583000020968,6645.449224999993,4501.4187834224595
1776352983,579,,Aggregated,693.900000,0.000000,430,620,830,940,1200,1600,2100,2300,4800,5400,6600,111301,333,430.0,617.3601873291013,1.152583000020968,6645.449224999993,4501.491630802958
1776352984,579,,Aggregated,696.800000,0.000000,430,620,830,940,1200,1600,2100,2300,4800,5400,6600,111788,333,430.0,617.6597050239769,1.152583000020968,6645.449224999993,4501.550479479014
1776352985,579,,Aggregated,683.200000,0.000000,430,620,830,940,1200,1600,2100,2300,4800,5400,6600,112260,333,430.0,618.5449044861942,1.152583000020968,6645.449224999993,4501.607028327097
1776352986,579,,Aggregated,664.400000,0.000000,430,630,840,940,1200,1600,2100,2300,4800,5400,6600,112809,333,430.0,620.0451751196995,1.152583000020968,6645.449224999993,4501.67220700476
1776352987,579,,Aggregated,644.000000,0.000000,430,630,840,940,1200,1600,2100,2300,4800,5400,6600,113443,333,430.0,620.6523487173137,1.152583000020968,6645.449224999993,4501.7466921713985
1776352988,579,,Aggregated,624.300000,0.000000,430,630,840,940,1200,1600,2100,2300,4800,5400,6600,114050,333,430.0,620.5853062054824,1.152583000020968,6645.449224999993,4501.8172292854015
1776352989,579,,Aggregated,608.000000,0.000000,430,630,840,940,1200,1600,2100,2300,4800,5400,6600,114770,333,430.0,620.7402965980149,1.152583000020968,6645.449224999993,4501.899930295373
1776352990,579,,Aggregated,606.000000,0.000000,430,630,830,940,1200,1600,2100,2300,4800,5400,6600,115457,333,430.0,619.9984642685538,1.152583000020968,6645.449224999993,4501.977879210442
1776352991,579,,Aggregated,598.800000,0.000000,430,630,830,940,1200,1600,2100,2300,4800,5400,6600,116199,333,430.0,619.3888103244132,1.152583000020968,6645.449224999993,4502.06103322748
1776352992,579,,Aggregated,600.800000,0.000000,430,620,830,940,1200,1600,2100,2300,4800,5400,6600,116911,333,430.0,618.7460897677157,1.152583000020968,6645.449224999993,4502.139832864315
1776352993,579,,Aggregated,611.100000,0.000000,430,620,830,940,1200,1600,2100,2300,4800,5400,6600,117562,333,430.0,618.3254959133678,1.152583000020968,6645.449224999993,4502.2110460863205
1776352994,579,,Aggregated,610.000000,0.000000,430,620,830,940,1200,1600,2100,2300,4800,5400,6600,118323,333,430.0,617.6349698507333,1.152583000020968,6645.449224999993,4502.293298851449
1776352995,579,,Aggregated,619.800000,0.000000,430,620,830,940,1200,1600,2000,2300,4800,5400,6600,119078,333,430.0,616.6558730297802,1.152583000020968,6645.449224999993,4502.373864189859
1776352996,579,,Aggregated,637.600000,0.000000,430,620,830,940,1200,1600,2000,2300,4800,5400,6600,119797,333,430.0,616.0059247011361,1.152583000020968,6645.449224999993,4502.449643981068
1776352995,579,,Aggregated,619.800000,0.000000,430,620,830,940,1200,1600,2000,2300,4800,5400,6600,120561,333,430.0,615.219995785617,1.152583000020968,6645.449224999993,4502.529176101724
1776352996,579,,Aggregated,637.600000,0.000000,430,610,830,940,1200,1600,2000,2300,4800,5400,6600,121332,333,430.0,614.2821859004517,1.152583000020968,6645.449224999993,4502.608421521116
1776352997,579,,Aggregated,691.100000,0.000000,430,610,830,940,1200,1600,2000,2300,4800,5400,6600,121992,333,430.0,613.7556060819106,1.152583000020968,6645.449224999993,4502.675462325398
1776352998,579,,Aggregated,789.800000,0.000000,430,610,820,940,1200,1600,2000,2300,4800,5400,6600,122743,333,430.0,613.2614125290089,1.152583000020968,6645.449224999993,4502.750869703364
1776352999,579,,Aggregated,870.500000,0.000000,430,610,820,930,1200,1500,2000,2300,4800,5400,6600,123459,333,430.0,612.2490458296315,1.152583000020968,6645.449224999993,4502.821908487838
1776353000,579,,Aggregated,887.200000,0.000000,430,610,820,930,1200,1500,2000,2300,4800,5400,6600,124164,333,430.0,611.710933266715,1.152583000020968,6645.449224999993,4502.891055378371
1776353001,579,,Aggregated,900.300000,0.000000,430,610,820,930,1200,1500,2000,2300,4800,5400,6600,124864,333,430.0,611.3532869075262,1.152583000020968,6645.449224999993,4502.958939325987
1776353002,600,,Aggregated,897.100000,0.000000,430,610,820,930,1200,1500,2000,2300,4800,5400,6600,125556,333,430.0,610.9089440937928,1.152583000020968,6645.449224999993,4503.025303450253
1776353003,600,,Aggregated,897.200000,0.000000,430,610,820,930,1200,1500,2000,2300,4800,5400,6600,126219,333,430.0,610.7413894831229,1.152583000020968,6645.449224999993,4503.08820383619
1776353004,600,,Aggregated,895.700000,0.000000,430,610,820,930,1200,1500,2000,2300,4800,5400,6600,126910,333,430.0,610.875295357562,1.152583000020968,6645.449224999993,4503.15306122449
1776353005,600,,Aggregated,893.100000,0.000000,430,610,820,930,1200,1500,2000,2300,4800,5400,6600,127602,333,430.0,610.448730762818,1.152583000020968,6645.449224999993,4503.217308506136
1776353006,600,,Aggregated,888.900000,0.000000,430,610,820,930,1200,1500,2000,2300,4800,5400,6600,128212,333,430.0,610.4395604116397,1.152583000020968,6645.449224999993,4503.273367547499
1776353007,600,,Aggregated,857.400000,0.000000,430,610,820,930,1200,1500,2000,2300,4800,5400,6600,128921,333,430.0,610.5392578710859,1.152583000020968,6645.449224999993,4503.337858068119
1776353008,600,,Aggregated,771.700000,0.000000,430,610,820,930,1200,1500,2000,2300,4800,5400,6600,129544,333,430.0,610.5682979563484,1.152583000020968,6645.449224999993,4503.393943370592
1776353009,600,,Aggregated,701.600000,0.000000,430,610,820,930,1200,1500,2000,2300,4800,5400,6600,130210,333,430.0,610.6688708411806,1.152583000020968,6645.449224999993,4503.453306197681
1776353010,600,,Aggregated,680.100000,0.000000,430,610,820,930,1200,1500,2000,2300,4800,5400,6600,130943,333,430.0,610.4295544048794,1.152583000020968,6645.449224999993,4503.51794292173
1776353011,600,,Aggregated,672.400000,0.000000,430,610,820,930,1200,1500,2000,2300,4800,5400,6600,131677,333,430.0,609.8070829182168,1.152583000020968,6645.449224999993,4503.581946733294
1776353012,600,,Aggregated,675.000000,0.000000,430,610,820,930,1200,1500,2000,2300,4800,5400,6600,132418,333,430.0,609.2798828407311,1.152583000020968,6645.449224999993,4503.6458411998365
1776353013,600,,Aggregated,678.300000,0.000000,430,610,820,930,1200,1500,2000,2200,4800,5400,6600,133184,333,430.0,608.7545997176677,1.152583000020968,6645.449224999993,4503.711143981259
1776353014,600,,Aggregated,681.000000,0.000000,430,610,820,930,1200,1500,2000,2200,4800,5400,6600,133946,333,430.0,608.0564724245208,1.152583000020968,6645.449224999993,4503.775364699207
1776353015,600,,Aggregated,692.100000,0.000000,430,610,820,930,1200,1500,2000,2200,4800,5400,6600,134676,333,430.0,607.4935452030487,1.152583000020968,6645.449224999993,4503.836206896552
1776353016,600,,Aggregated,700.400000,0.000000,430,610,810,930,1200,1500,2000,2200,4800,5400,6600,135406,333,430.0,607.016225586043,1.152583000020968,6645.449224999993,4503.896393069731
1776353017,600,,Aggregated,703.200000,0.000000,430,610,810,930,1200,1500,2000,2200,4800,5400,6600,136122,333,430.0,606.5284057654378,1.152583000020968,6645.449224999993,4503.954797901883
1776353018,600,,Aggregated,713.000000,0.000000,430,610,810,930,1200,1500,2000,2200,4800,5400,6600,136879,333,430.0,606.0815194781885,1.152583000020968,6645.449224999993,4504.015882640872
1776353019,600,,Aggregated,717.900000,0.000000,430,610,810,920,1200,1500,2000,2200,4800,5400,6600,137524,333,430.0,605.8234817166747,1.152583000020968,6645.449224999993,4504.067399144877
1776353020,600,,Aggregated,730.900000,0.000000,430,610,810,920,1200,1500,2000,2200,4800,5400,6600,138298,333,430.0,605.5412280058288,1.152583000020968,6645.449224999993,4504.128584650537
1776353021,600,,Aggregated,725.300000,0.000000,430,610,810,920,1200,1500,2000,2200,4800,5400,6600,139098,333,430.0,604.8079466929948,1.152583000020968,6645.449224999993,4504.191109864987
1776353022,600,,Aggregated,732.600000,0.000000,430,610,810,920,1200,1500,2000,2200,4800,5400,6600,139728,333,430.0,604.5254881943953,1.152583000020968,6645.449224999993,4504.239844555135
1776353023,600,,Aggregated,736.300000,0.000000,430,610,810,920,1200,1500,2000,2200,4800,5400,6600,140498,333,430.0,604.2006828427966,1.152583000020968,6645.449224999993,4504.298815641504
1776353024,600,,Aggregated,730.900000,0.000000,430,610,810,920,1200,1500,2000,2200,4800,5400,6600,141209,333,430.0,603.7633227371998,1.152583000020968,6645.449224999993,4504.352697066051
1776353025,600,,Aggregated,727.700000,0.000000,430,610,810,920,1200,1500,2000,2200,4800,5400,6600,141940,333,430.0,603.424593316678,1.152583000020968,6645.449224999993,4504.407531351275
1776353026,600,,Aggregated,723.600000,0.000000,430,610,810,920,1200,1500,2000,2200,4800,5400,6600,142601,333,430.0,603.2044737056007,1.152583000020968,6645.449224999993,4504.456630738915
1776353029,587,,Aggregated,726.300000,0.000000,430,610,800,920,1200,1500,2000,2200,4800,5400,6600,143340,333,430.0,602.9925321733164,1.152583000020968,6645.449224999993,4504.51098786103
1776353025,587,,Aggregated,727.700000,0.000000,430,610,800,910,1200,1500,2000,2200,4800,5400,6600,144052,333,430.0,602.5805656364594,1.152583000020968,6645.449224999993,4504.562831477522
1776353026,587,,Aggregated,723.600000,0.000000,430,610,800,910,1200,1500,2000,2200,4800,5400,6600,144744,333,430.0,602.1602191732577,1.152583000020968,6645.449224999993,4504.61273006135
1776353027,587,,Aggregated,753.700000,0.000000,430,610,800,910,1200,1500,2000,2200,4800,5400,6600,145522,333,430.0,601.7828883268869,1.152583000020968,6645.449224999993,4504.668263217933
1776353028,587,,Aggregated,816.700000,0.000000,430,610,800,910,1200,1500,2000,2200,4800,5400,6600,146293,333,430.0,601.0499554802158,1.152583000020968,6645.449224999993,4504.722714005455
1776353029,587,,Aggregated,882.600000,0.000000,430,610,800,910,1200,1500,2000,2200,4800,5400,6600,147043,333,430.0,600.3342902926368,1.152583000020968,6645.449224999993,4504.775133804397
1776353030,587,,Aggregated,884.600000,0.000000,430,600,800,910,1200,1500,1900,2200,4800,5400,6600,147783,333,430.0,599.669652664294,1.152583000020968,6645.449224999993,4504.826333204766
1776353031,587,,Aggregated,900.100000,0.000000,430,600,790,900,1200,1500,1900,2200,4800,5400,6600,148593,333,430.0,599.0220645600028,1.152583000020968,6645.449224999993,4504.88179120147
1776353032,587,,Aggregated,910.400000,0.000000,430,600,790,900,1200,1500,1900,2200,4800,5400,6600,149316,333,430.0,598.298267408929,1.152583000020968,6645.449224999993,4504.930784376758
1776353033,587,,Aggregated,906.400000,0.000000,430,600,790,900,1200,1500,1900,2200,4800,5400,6600,150105,333,430.0,597.6688031042307,1.152583000020968,6645.449224999993,4504.983711402018
1776353034,587,,Aggregated,921.500000,0.000000,430,600,790,900,1200,1500,1900,2200,4800,5400,6600,150859,333,430.0,597.1408799341673,1.152583000020968,6645.449224999993,4505.033773258473
1776353035,587,,Aggregated,916.300000,0.000000,430,600,790,900,1200,1500,1900,2200,4800,5400,6600,151566,333,430.0,596.559237823407,1.152583000020968,6645.449224999993,4505.080262064052
1776353036,587,,Aggregated,922.200000,0.000000,430,600,790,900,1200,1500,1900,2200,4800,5400,6600,152201,333,430.0,596.536191977244,1.152583000020968,6645.449224999993,4505.121648346594
1776353037,587,,Aggregated,897.000000,0.000000,430,600,790,900,1200,1500,1900,2200,4800,5400,6600,152842,333,430.0,596.3744793380195,1.152583000020968,6645.449224999993,4505.163076902945
1776353038,587,,Aggregated,828.500000,0.000000,430,600,790,900,1200,1500,1900,2200,4800,5400,6600,153562,333,430.0,596.5157813353733,1.152583000020968,6645.449224999993,4505.20919889035
1776353039,587,,Aggregated,755.300000,0.000000,430,600,790,900,1200,1500,1900,2200,4800,5400,6600,154296,333,430.0,596.1511800792996,1.152583000020968,6645.449224999993,4505.255774615026
1776353040,587,,Aggregated,737.700000,0.000000,430,600,780,890,1200,1500,1900,2200,4800,5400,6600,155050,333,430.0,595.4086053766698,1.152583000020968,6645.449224999993,4505.303160270881
1776353041,587,,Aggregated,733.900000,0.000000,430,600,780,890,1200,1500,1900,2200,4800,5400,6600,155772,333,430.0,594.9377509225317,1.152583000020968,6645.449224999993,4505.348104922579
1776353042,587,,Aggregated,718.000000,0.000000,430,600,780,890,1200,1500,1900,2200,4800,5400,6600,156462,333,430.0,594.6700949422317,1.152583000020968,6645.449224999993,4505.390669939026
1776353043,587,,Aggregated,724.400000,0.000000,430,600,780,890,1200,1500,1900,2200,4800,5400,6600,157150,333,430.0,594.5681268929521,1.152583000020968,6645.449224999993,4505.432739420936
1776353044,587,,Aggregated,711.900000,0.000000,430,600,780,890,1200,1400,1900,2200,4800,5400,6600,157718,333,430.0,594.5497682888667,1.152583000020968,6645.449224999993,4505.46719461317
1776353045,587,,Aggregated,709.600000,0.000000,430,610,780,890,1200,1400,1900,2200,4800,5400,6600,158281,333,430.0,594.9230198643776,1.152583000020968,6645.449224999993,4505.501102469659
1776353046,587,,Aggregated,698.300000,0.000000,430,610,780,890,1200,1500,1900,2200,4800,5400,6600,158885,333,430.0,595.5011544331651,1.152583000020968,6645.449224999993,4505.537212449256
1776353047,587,,Aggregated,676.200000,0.000000,430,610,780,890,1200,1500,1900,2200,4800,5400,6600,159552,333,430.0,595.7261531204526,1.152583000020968,6645.449224999993,4505.576771209387
1776353048,593,,Aggregated,667.100000,0.000000,430,610,780,890,1200,1400,1900,2200,4800,5400,6600,160226,333,430.0,595.6685200646758,1.152583000020968,6645.449224999993,4505.61641057007
1776353049,593,,Aggregated,663.500000,0.000000,430,610,780,890,1200,1400,1900,2200,4800,5400,6600,160962,333,430.0,595.527611976006,1.152583000020968,6645.449224999993,4505.659317105901
1776353050,593,,Aggregated,671.400000,0.000000,430,610,780,890,1200,1400,1900,2200,4800,5400,6600,161705,333,430.0,595.1227816858035,1.152583000020968,6645.449224999993,4505.702235552395
1776353051,593,,Aggregated,667.200000,0.000000,430,610,780,890,1200,1400,1900,2200,4700,5400,6600,162464,333,430.0,594.5389535779167,1.152583000020968,6645.449224999993,4505.745672887532
1776353052,593,,Aggregated,666.100000,0.000000,430,610,780,890,1200,1400,1900,2200,4700,5400,6600,163092,333,430.0,594.255752711167,1.152583000020968,6645.449224999993,4505.781307482893
1776353053,593,,Aggregated,661.600000,0.000000,430,610,780,890,1200,1400,1900,2200,4700,5400,6600,163830,333,430.0,594.2990716550847,1.152583000020968,6645.449224999993,4505.822834645669
1776353054,593,,Aggregated,662.900000,0.000000,430,610,780,890,1200,1400,1900,2200,4700,5400,6600,164490,333,430.0,594.1449907706027,1.152583000020968,6645.449224999993,4505.859657122013
1776353055,593,,Aggregated,662.500000,0.000000,430,610,780,890,1200,1400,1900,2200,4700,5400,6600,165212,333,430.0,594.0141934106397,1.152583000020968,6645.449224999993,4505.899601723846
1776353056,593,,Aggregated,666.900000,0.000000,430,610,780,880,1200,1400,1900,2200,4700,5400,6600,165997,333,430.0,593.591626408771,1.152583000020968,6645.449224999993,4505.942637517545
1776353055,593,,Aggregated,662.500000,0.000000,430,610,770,880,1200,1400,1900,2200,4700,5400,6600,166753,333,430.0,593.0475294549051,1.152583000020968,6645.449224999993,4505.98370044317
1776353056,593,,Aggregated,666.900000,0.000000,430,610,770,880,1200,1400,1900,2200,4700,5400,6600,167439,333,430.0,592.6550709674865,1.152583000020968,6645.449224999993,4506.020640352606
1776353057,593,,Aggregated,699.300000,0.000000,430,610,770,880,1200,1400,1900,2200,4700,5400,6600,168166,333,430.0,592.6402010703893,1.152583000020968,6645.449224999993,4506.059459105883
1776353058,593,,Aggregated,790.000000,0.000000,430,610,770,880,1200,1400,1900,2200,4700,5400,6600,168869,333,430.0,592.2484748925851,1.152583000020968,6645.449224999993,4506.096678490428
1776353059,593,,Aggregated,873.900000,0.000000,430,610,770,880,1200,1400,1900,2200,4700,5400,6600,169701,333,430.0,591.781750963517,1.152583000020968,6645.449224999993,4506.140329167182
1776353060,593,,Aggregated,891.800000,0.000000,430,610,770,880,1200,1400,1900,2200,4700,5400,6600,170445,333,430.0,591.2715135423418,1.152583000020968,6645.449224999993,4506.179002024113
1776353061,593,,Aggregated,898.100000,0.000000,430,610,770,880,1200,1400,1900,2200,4700,5400,6600,171176,333,430.0,590.8785017308462,1.152583000020968,6645.449224999993,4506.216671729681
1776353062,593,,Aggregated,901.100000,0.000000,430,610,770,880,1200,1400,1900,2200,4700,5400,6600,171902,333,430.0,590.5145077428439,1.152583000020968,6645.449224999993,4506.253766681016
1776353063,593,,Aggregated,899.900000,0.000000,430,610,770,880,1200,1400,1900,2200,4700,5400,6600,172648,333,430.0,590.2678366819741,1.152583000020968,6645.449224999993,4506.29155854687
1776353064,593,,Aggregated,903.100000,0.000000,430,600,770,880,1200,1400,1900,2200,4700,5400,6600,173407,333,430.0,589.8388360050786,1.152583000020968,6645.449224999993,4506.329675272625
1776353065,593,,Aggregated,907.800000,0.000000,430,600,770,870,1200,1400,1900,2200,4700,5400,6600,174208,333,430.0,589.1511657344306,1.152583000020968,6645.449224999993,4506.369541008449
1776353066,593,,Aggregated,911.400000,0.000000,430,600,770,870,1100,1400,1900,2200,4700,5400,6600,174994,333,430.0,588.468725760083,1.152583000020968,6645.449224999993,4506.408305427614
1776353067,593,,Aggregated,904.300000,0.000000,430,600,760,870,1100,1400,1900,2200,4700,5400,6600,175782,333,430.0,587.7922767487113,1.152583000020968,6645.449224999993,4506.446820493566
1776353068,593,,Aggregated,834.700000,0.000000,430,600,760,870,1100,1400,1900,2200,4700,5400,6600,176608,333,430.0,587.1275940939778,1.152583000020968,6645.449224999993,4506.486823926436
1776353069,593,,Aggregated,770.100000,0.000000,430,600,760,870,1100,1400,1900,2200,4700,5400,6600,177342,333,430.0,586.5508030758701,1.152583000020968,6645.449224999993,4506.522059072301
1776353070,593,,Aggregated,763.700000,0.000000,430,600,760,870,1100,1400,1900,2200,4700,5400,6600,178075,333,430.0,586.2420634892042,1.152583000020968,6645.449224999993,4506.556956338622
1776353071,574,,Aggregated,765.800000,0.000000,430,600,760,870,1100,1400,1900,2200,4700,5400,6600,178814,333,430.0,586.0156492532745,1.152583000020968,6645.449224999993,4506.591849631461
1776353072,574,,Aggregated,763.400000,0.000000,430,600,760,870,1100,1400,1900,2200,4700,5400,6600,179487,333,430.0,585.6960931210788,1.152583000020968,6645.449224999993,4506.623376623376
1776353073,574,,Aggregated,757.900000,0.000000,430,600,760,870,1100,1400,1900,2200,4700,5400,6600,180211,333,430.0,585.3999527446775,1.152583000020968,6645.449224999993,4506.65702981505
1776353074,574,,Aggregated,757.000000,0.000000,430,600,760,870,1100,1400,1900,2200,4700,5400,6600,180932,333,430.0,584.9945169872054,1.152583000020968,6645.449224999993,4506.69027590476
1776353075,574,,Aggregated,756.300000,0.000000,430,600,760,860,1100,1400,1900,2200,4600,5400,6600,181639,333,430.0,584.7683008634931,1.152583000020968,6645.449224999993,4506.72262014215
1776353076,574,,Aggregated,754.900000,0.000000,430,600,760,860,1100,1400,1900,2200,4600,5400,6600,182331,333,430.0,584.5285947793033,1.152583000020968,6645.449224999993,4506.754035243595
1776353077,574,,Aggregated,744.900000,0.000000,430,600,760,860,1100,1400,1900,2200,4600,5400,6600,183062,333,430.0,584.3077534803846,1.152583000020968,6645.449224999993,4506.786962886891
1776353078,574,,Aggregated,738.400000,0.000000,430,600,760,860,1100,1400,1900,2200,4600,5400,6600,183682,333,430.0,584.0613984692734,1.152583000020968,6645.449224999993,4506.814685162401
1776353079,574,,Aggregated,723.000000,0.000000,430,600,760,860,1100,1400,1900,2200,4600,5400,6600,184345,333,430.0,584.2258405672249,1.152583000020968,6645.449224999993,4506.844123789633
1776353080,574,,Aggregated,714.300000,0.000000,430,600,760,860,1100,1400,1800,2200,4600,5400,6600,185061,333,430.0,583.9254481808833,1.152583000020968,6645.449224999993,4506.8756788302235
1776353081,574,,Aggregated,699.700000,0.000000,430,600,760,860,1100,1400,1800,2200,4600,5400,6600,185813,333,430.0,583.6082112993886,1.152583000020968,6645.449224999993,4506.9085586046185
1776353082,574,,Aggregated,695.800000,0.000000,430,600,760,860,1100,1400,1800,2200,4600,5400,6600,186511,333,430.0,583.2538193764565,1.152583000020968,6645.449224999993,4506.938840068414
1776353083,574,,Aggregated,697.800000,0.000000,430,600,760,860,1100,1400,1800,2200,4600,5400,6600,187262,333,430.0,582.898239359503,1.152583000020968,6645.449224999993,4506.97116873685
1776353084,574,,Aggregated,697.600000,0.000000,430,600,760,860,1100,1400,1800,2200,4600,5400,6600,188017,333,430.0,582.338302392796,1.152583000020968,6645.449224999993,4507.003409266184
1776353085,574,,Aggregated,699.800000,0.000000,430,600,760,860,1100,1400,1800,2200,4600,5400,6600,188762,333,430.0,582.0072107780826,1.152583000020968,6645.449224999993,4507.034969962175
1776353086,574,,Aggregated,703.900000,0.000000,430,600,760,860,1100,1400,1800,2200,4600,5400,6600,189497,333,430.0,581.6759995028918,1.152583000020968,6645.449224999993,4507.065863839533
1776353084,574,,Aggregated,697.600000,0.000000,430,600,760,860,1100,1400,1800,2200,4600,5400,6600,190242,333,430.0,581.2144521062047,1.152583000020968,6645.449224999993,4507.096934430882
1776353086,574,,Aggregated,703.900000,0.000000,430,600,760,860,1100,1400,1800,2200,4600,5400,6600,190920,333,430.0,580.9069725144174,1.152583000020968,6645.449224999993,4507.125
1776353087,574,,Aggregated,736.500000,0.000000,430,600,760,860,1100,1400,1800,2200,4600,5400,6600,191514,333,430.0,580.9773183975619,1.152583000020968,6645.449224999993,4507.149425107303
1776353088,574,,Aggregated,801.500000,0.000000,430,600,760,860,1100,1400,1800,2200,4500,5400,6600,192250,333,430.0,580.9708560020936,1.152583000020968,6645.449224999993,4507.179479843953
1776353089,574,,Aggregated,863.100000,0.000000,430,600,760,860,1100,1400,1800,2200,4500,5400,6600,192980,333,430.0,580.6695939094856,1.152583000020968,6645.449224999993,4507.209063115349
1776353090,574,,Aggregated,866.700000,0.000000,430,600,750,860,1100,1400,1800,2200,4500,5400,6600,193718,333,430.0,580.3655054791317,1.152583000020968,6645.449224999993,4507.238743947388
1776353091,574,,Aggregated,877.700000,0.000000,430,590,750,860,1100,1400,1800,2100,4500,5400,6600,194415,333,430.0,580.0009225854247,1.152583000020968,6645.449224999993,4507.266568937582
1776353092,574,,Aggregated,896.200000,0.000000,430,590,750,860,1100,1400,1800,2100,4500,5400,6600,195185,333,430.0,579.7533751568425,1.152583000020968,6645.449224999993,4507.2970771319515
1776353093,574,,Aggregated,896.000000,0.000000,430,590,750,860,1100,1400,1800,2100,4500,5400,6600,195914,333,430.0,579.3083287924503,1.152583000020968,6645.449224999993,4507.325739865451
1776353094,534,,Aggregated,899.300000,0.000000,430,590,750,860,1100,1400,1800,2100,4500,5400,6600,196682,333,430.0,578.7295897844589,1.152583000020968,6645.449224999993,4507.355706165282
1776353095,494,,Aggregated,899.600000,0.000000,430,590,750,860,1100,1400,1800,2100,4400,5400,6600,197395,333,430.0,578.1187985869399,1.152583000020968,6645.449224999993,4507.383317713215
1776353096,492,,Aggregated,898.800000,0.000000,430,590,750,860,1100,1400,1800,2100,4400,5400,6600,198073,333,430.0,577.4428283296108,1.152583000020968,6645.449224999993,4507.40938946752
1776353097,492,,Aggregated,865.900000,0.000000,430,590,750,850,1100,1400,1800,2100,4400,5400,6600,198746,333,430.0,576.9949867204966,1.152583000020968,6645.449224999993,4507.4350930333185
1776353098,492,,Aggregated,798.700000,0.000000,430,590,750,850,1100,1400,1800,2100,4400,5400,6600,199421,333,430.0,576.4999371949533,1.152583000020968,6645.449224999993,4507.460698722803
1776353099,492,,Aggregated,736.100000,0.000000,430,590,750,850,1100,1400,1800,2100,4400,5400,6600,200068,333,430.0,575.9799714850245,1.152583000020968,6645.449224999993,4507.485080072775
1776353100,492,,Aggregated,729.100000,0.000000,430,590,750,850,1100,1400,1800,2100,4400,5400,6600,200683,333,430.0,575.7500979314793,1.152583000020968,6645.449224999993,4507.508109805016
1776353101,492,,Aggregated,722.400000,0.000000,430,590,750,850,1100,1400,1800,2100,4400,5400,6600,201287,333,430.0,575.489081537035,1.152583000020968,6645.449224999993,4507.530590649172
1776353102,492,,Aggregated,693.600000,0.000000,430,590,750,850,1100,1400,1800,2100,4400,5400,6600,201829,333,430.0,575.444676073835,1.152583000020968,6645.449224999993,4507.550649312041
1776353103,492,,Aggregated,685.500000,0.000000,430,590,750,850,1100,1400,1800,2100,4400,5400,6600,202375,333,430.0,575.6323420445461,1.152583000020968,6645.449224999993,4507.570747374923
1776353104,492,,Aggregated,663.400000,0.000000,430,590,750,850,1100,1400,1800,2100,4400,5400,6600,202848,333,430.0,575.6471333354825,1.152583000020968,6645.449224999993,4507.5880708708
1776353105,492,,Aggregated,645.000000,0.000000,430,590,750,850,1100,1400,1800,2100,4300,5400,6600,203247,333,430.0,576.0322479512319,1.152583000020968,6645.449224999993,4507.602621440907
1776353106,492,,Aggregated,616.600000,0.000000,430,590,750,850,1100,1400,1800,2100,4300,5400,6600,203701,333,430.0,576.8050001472498,1.152583000020968,6645.449224999993,4507.619108399075
1776353107,492,,Aggregated,586.300000,0.000000,430,590,750,850,1100,1400,1800,2100,4300,5400,6600,204226,333,430.0,577.181871826481,1.152583000020968,6645.449224999993,4507.638082320566
1776353108,492,,Aggregated,560.700000,0.000000,430,590,750,850,1100,1400,1800,2100,4300,5400,6600,204714,333,430.0,577.3521973427365,1.152583000020968,6645.449224999993,4507.65563175943
1776353109,492,,Aggregated,545.800000,0.000000,430,590,750,860,1100,1400,1800,2100,4300,5400,6600,205176,333,430.0,577.8667747814696,1.152583000020968,6645.449224999993,4507.672169259563
1776353110,492,,Aggregated,529.200000,0.000000,430,590,750,860,1100,1400,1800,2100,4300,5400,6600,205773,333,430.0,577.9346357205311,1.152583000020968,6645.449224999993,4507.693429167092
1776353111,492,,Aggregated,508.600000,0.000000,430,590,750,860,1100,1400,1800,2100,4200,5400,6600,206408,333,430.0,577.7462473836614,1.152583000020968,6645.449224999993,4507.715907329173
1776353112,492,,Aggregated,508.100000,0.000000,430,590,750,860,1100,1400,1800,2100,4200,5400,6600,207005,333,430.0,577.5661163216002,1.152583000020968,6645.449224999993,4507.736914567281
1776353113,492,,Aggregated,509.100000,0.000000,430,590,750,860,1100,1400,1800,2100,4200,5400,6600,207678,333,430.0,577.2309660537371,1.152583000020968,6645.449224999993,4507.760451275532
1776353114,492,,Aggregated,512.600000,0.000000,430,590,750,850,1100,1400,1800,2100,4200,5400,6600,208338,333,430.0,576.7406791692586,1.152583000020968,6645.449224999993,4507.783385652161
1776353115,492,,Aggregated,526.100000,0.000000,430,590,750,850,1100,1400,1800,2100,4200,5400,6600,209008,333,430.0,576.431280331418,1.152583000020968,6645.449224999993,4507.806519367679
1776353116,492,,Aggregated,546.400000,0.000000,430,590,750,850,1100,1400,1800,2100,4200,5400,6600,209705,333,430.0,575.8821417360908,1.152583000020968,6645.449224999993,4507.830428459026
1776353117,492,,Aggregated,569.900000,0.000000,430,590,750,850,1100,1400,1800,2100,4200,5400,6600,210373,333,430.0,575.4569351852713,1.152583000020968,6645.449224999993,4507.853194088595
1776353115,492,,Aggregated,526.100000,0.000000,430,590,750,850,1100,1400,1800,2100,4200,5400,6600,211011,333,430.0,575.0458665307874,1.152583000020968,6645.449224999993,4507.874802735402
1776353116,452,,Aggregated,546.400000,0.000000,430,590,750,850,1100,1400,1800,2100,4200,5400,6600,211635,333,430.0,574.5927945761098,1.152583000020968,6645.449224999993,4507.89581118435
1776353117,450,,Aggregated,591.600000,0.000000,430,590,750,850,1100,1400,1800,2100,4200,5400,6600,212290,333,430.0,574.1388017929669,1.152583000020968,6645.449224999993,4507.917730463046
1776353118,450,,Aggregated,682.500000,0.000000,430,590,750,850,1100,1400,1800,2100,4200,5400,6600,212924,333,430.0,573.6218321179623,1.152583000020968,6645.449224999993,4507.938818545585
1776353119,450,,Aggregated,758.100000,0.000000,420,590,750,850,1100,1400,1800,2100,4200,5400,6600,213556,333,420.0,573.1648766565156,1.152583000020968,6645.449224999993,4507.959715484463
1776353120,450,,Aggregated,784.700000,0.000000,420,590,740,850,1100,1400,1800,2100,4200,5400,6600,214223,333,420.0,572.5358025651445,1.152583000020968,6645.449224999993,4507.98163595879
1776353121,450,,Aggregated,800.200000,0.000000,420,580,740,840,1100,1400,1800,2100,4200,5400,6600,214867,333,420.0,571.9959076857274,1.152583000020968,6645.449224999993,4508.002671419995
1776353122,450,,Aggregated,808.400000,0.000000,420,580,740,840,1100,1400,1800,2100,4200,5400,6600,215527,333,420.0,571.4638864118473,1.152583000020968,6645.449224999993,4508.024099068794
1776353123,450,,Aggregated,810.400000,0.000000,420,580,740,840,1100,1400,1800,2100,4100,5400,6600,216155,333,420.0,570.9994599324203,1.152583000020968,6645.449224999993,4508.044366311212
1776353124,450,,Aggregated,819.000000,0.000000,420,580,740,840,1100,1400,1800,2100,4100,5400,6600,216776,333,420.0,570.6002669721989,1.152583000020968,6645.449224999993,4508.064292172565
1776353125,450,,Aggregated,813.500000,0.000000,420,580,740,840,1100,1300,1800,2100,4100,5400,6600,217476,333,420.0,570.0226589591277,1.152583000020968,6645.449224999993,4508.086616454229
1776353126,450,,Aggregated,805.600000,0.000000,420,580,740,840,1100,1300,1800,2100,4100,5400,6600,218082,333,420.0,569.6233003892535,1.152583000020968,6645.449224999993,4508.1058271659285
1776353127,450,,Aggregated,788.100000,0.000000,420,580,740,840,1100,1300,1800,2100,4100,5400,6600,218678,333,420.0,569.1564988849146,1.152583000020968,6645.449224999993,4508.124617016801
1776353128,450,,Aggregated,714.700000,0.000000,420,580,740,840,1100,1300,1800,2100,4100,5400,6600,219307,333,420.0,568.8320911749848,1.152583000020968,6645.449224999993,4508.144336478088
1776353129,450,,Aggregated,652.400000,0.000000,420,580,740,840,1100,1300,1800,2100,4100,5400,6600,219887,333,420.0,568.4415247465162,1.152583000020968,6645.449224999993,4508.162419788346
1776353130,450,,Aggregated,633.400000,0.000000,420,580,730,840,1100,1300,1800,2100,4100,5400,6600,220453,333,420.0,568.3956951499971,1.152583000020968,6645.449224999993,4508.179974869927
1776353131,450,,Aggregated,633.700000,0.000000,420,580,730,840,1100,1300,1800,2100,4000,5400,6600,221101,333,420.0,567.9455005423555,1.152583000020968,6645.449224999993,4508.199962912877
1776353132,450,,Aggregated,620.300000,0.000000,420,580,730,830,1100,1300,1800,2100,4000,5400,6600,221753,333,420.0,567.377070723334,1.152583000020968,6645.449224999993,4508.219956438019
1776353133,450,,Aggregated,617.000000,0.000000,420,580,730,830,1100,1300,1800,2100,4000,5400,6600,222391,333,420.0,566.9398414040842,1.152583000020968,6645.449224999993,4508.239407170254
1776353134,450,,Aggregated,617.000000,0.000000,420,580,730,830,1100,1300,1800,2100,4000,5400,6600,222960,333,420.0,566.5992654943026,1.152583000020968,6645.449224999993,4508.256660387514
1776353135,450,,Aggregated,617.800000,0.000000,420,580,730,830,1100,1300,1800,2100,4000,5400,6600,223616,333,420.0,566.2243171478272,1.152583000020968,6645.449224999993,4508.276442651689
1776353136,450,,Aggregated,619.300000,0.000000,420,580,730,830,1100,1300,1800,2100,3900,5400,6600,224182,333,420.0,565.9379475208151,1.152583000020968,6645.449224999993,4508.293417847998
1776353137,450,,Aggregated,611.600000,0.000000,420,580,730,830,1100,1300,1800,2100,3900,5400,6600,224764,333,420.0,565.6969815795212,1.152583000020968,6645.449224999993,4508.310783755405
1776353138,450,,Aggregated,613.200000,0.000000,420,580,730,830,1100,1300,1800,2100,3900,5400,6600,225316,333,420.0,565.486724819557,1.152583000020968,6645.449224999993,4508.327171616752
1776353139,450,,Aggregated,605.100000,0.000000,420,580,730,830,1100,1300,1800,2100,3900,5400,6600,225881,333,420.0,565.3776967478915,1.152583000020968,6645.449224999993,4508.343862476259
1776353140,450,,Aggregated,603.800000,0.000000,420,580,730,830,1100,1300,1800,2100,3900,5400,6600,226498,333,420.0,565.1528480233669,1.152583000020968,6645.449224999993,4508.361994366396
1776353142,450,,Aggregated,598.600000,0.000000,420,580,730,830,1100,1300,1800,2100,3900,5400,6600,226499,333,420.0,565.1603455706628,1.152583000020968,6645.449224999993,4508.362023673394
1776353143,0,,Aggregated,598.600000,0.000000,420,580,730,830,1100,1300,1800,2100,3900,5400,6600,226727,333,420.0,566.9352751657083,1.152583000020968,6645.449224999993,4508.368698919846
1776353144,0,,Aggregated,598.600000,0.000000,420,580,730,830,1100,1300,1800,2100,3900,5400,6600,226727,333,420.0,566.9352751657083,1.152583000020968,6645.449224999993,4508.368698919846
1776353145,0,,Aggregated,598.600000,0.000000,420,580,730,830,1100,1300,1800,2100,3900,5400,6600,226727,333,420.0,566.9352751657083,1.152583000020968,6645.449224999993,4508.368698919846
1776353146,0,,Aggregated,598.600000,0.000000,420,580,730,830,1100,1300,1800,2100,3900,5400,6600,226727,333,420.0,566.9352751657083,1.152583000020968,6645.449224999993,4508.368698919846
1776353147,0,,Aggregated,598.600000,0.000000,420,580,730,830,1100,1300,1800,2100,3900,5400,6600,226727,333,420.0,566.9352751657083,1.152583000020968,6645.449224999993,4508.368698919846
1776353148,0,,Aggregated,598.600000,0.000000,420,580,730,830,1100,1300,1800,2100,3900,5400,6600,226727,333,420.0,566.9352751657083,1.152583000020968,6645.449224999993,4508.368698919846
1776353149,0,,Aggregated,598.600000,0.000000,420,580,730,830,1100,1300,1800,2100,3900,5400,6600,226727,333,420.0,566.9352751657083,1.152583000020968,6645.449224999993,4508.368698919846
1776353150,0,,Aggregated,598.600000,0.000000,420,580,730,830,1100,1300,1800,2100,3900,5400,6600,226727,333,420.0,566.9352751657083,1.152583000020968,6645.449224999993,4508.368698919846
1776353151,0,,Aggregated,598.600000,0.000000,420,580,730,830,1100,1300,1800,2100,3900,5400,6600,226727,333,420.0,566.9352751657083,1.152583000020968,6645.449224999993,4508.368698919846
1776353152,0,,Aggregated,598.600000,0.000000,420,580,730,830,1100,1300,1800,2100,3900,5400,6600,226727,333,420.0,566.9352751657083,1.152583000020968,6645.449224999993,4508.368698919846
1776353153,0,,Aggregated,598.600000,0.000000,420,580,730,830,1100,1300,1800,2100,3900,5400,6600,226727,333,420.0,566.9352751657083,1.152583000020968,6645.449224999993,4508.368698919846
1776353154,0,,Aggregated,598.600000,0.000000,420,580,730,830,1100,1300,1800,2100,3900,5400,6600,226727,333,420.0,566.9352751657083,1.152583000020968,6645.449224999993,4508.368698919846
1776353155,0,,Aggregated,598.600000,0.000000,420,580,730,830,1100,1300,1800,2100,3900,5400,6600,226727,333,420.0,566.9352751657083,1.152583000020968,6645.449224999993,4508.368698919846
1776353156,0,,Aggregated,598.600000,0.000000,420,580,730,830,1100,1300,1800,2100,3900,5400,6600,226727,333,420.0,566.9352751657083,1.152583000020968,6645.449224999993,4508.368698919846
1776353157,0,,Aggregated,598.600000,0.000000,420,580,730,830,1100,1300,1800,2100,3900,5400,6600,226727,333,420.0,566.9352751657083,1.152583000020968,6645.449224999993,4508.368698919846
1776353158,0,,Aggregated,598.600000,0.000000,420,580,730,830,1100,1300,1800,2100,3900,5400,6600,226727,333,420.0,566.9352751657083,1.152583000020968,6645.449224999993,4508.368698919846
1776353159,0,,Aggregated,598.600000,0.000000,420,580,730,830,1100,1300,1800,2100,3900,5400,6600,226727,333,420.0,566.9352751657083,1.152583000020968,6645.449224999993,4508.368698919846
1776353160,0,,Aggregated,598.600000,0.000000,420,580,730,830,1100,1300,1800,2100,3900,5400,6600,226727,333,420.0,566.9352751657083,1.152583000020968,6645.449224999993,4508.368698919846
1776353161,0,,Aggregated,598.600000,0.000000,420,580,730,830,1100,1300,1800,2100,3900,5400,6600,226727,333,420.0,566.9352751657083,1.152583000020968,6645.449224999993,4508.368698919846
1776353159,0,,Aggregated,598.600000,0.000000,420,580,730,830,1100,1300,1800,2100,3900,5400,6600,226727,333,420.0,566.9352751657083,1.152583000020968,6645.449224999993,4508.368698919846
1776353160,0,,Aggregated,598.600000,0.000000,420,580,730,830,1100,1300,1800,2100,3900,5400,6600,226727,333,420.0,566.9352751657083,1.152583000020968,6645.449224999993,4508.368698919846
1776353161,0,,Aggregated,598.600000,0.000000,420,580,730,830,1100,1300,1800,2100,3900,5400,6600,226727,333,420.0,566.9352751657083,1.152583000020968,6645.449224999993,4508.368698919846
1776353162,0,,Aggregated,598.600000,0.000000,420,580,730,830,1100,1300,1800,2100,3900,5400,6600,226727,333,420.0,566.9352751657083,1.152583000020968,6645.449224999993,4508.368698919846
1776353163,0,,Aggregated,598.600000,0.000000,420,580,730,830,1100,1300,1800,2100,3900,5400,6600,226727,333,420.0,566.9352751657083,1.152583000020968,6645.449224999993,4508.368698919846
1776353164,0,,Aggregated,598.600000,0.000000,420,580,730,830,1100,1300,1800,2100,3900,5400,6600,226727,333,420.0,566.9352751657083,1.152583000020968,6645.449224999993,4508.368698919846
1776353165,0,,Aggregated,598.600000,0.000000,420,580,730,830,1100,1300,1800,2100,3900,5400,6600,226727,333,420.0,566.9352751657083,1.152583000020968,6645.449224999993,4508.368698919846
1776353166,0,,Aggregated,598.600000,0.000000,420,580,730,830,1100,1300,1800,2100,3900,5400,6600,226727,333,420.0,566.9352751657083,1.152583000020968,6645.449224999993,4508.368698919846
1776353167,0,,Aggregated,598.600000,0.000000,420,580,730,830,1100,1300,1800,2100,3900,5400,6600,226727,333,420.0,566.9352751657083,1.152583000020968,6645.449224999993,4508.368698919846
1776353168,0,,Aggregated,598.600000,0.000000,420,580,730,830,1100,1300,1800,2100,3900,5400,6600,226727,333,420.0,566.9352751657083,1.152583000020968,6645.449224999993,4508.368698919846
1776353169,0,,Aggregated,598.600000,0.000000,420,580,730,830,1100,1300,1800,2100,3900,5400,6600,226727,333,420.0,566.9352751657083,1.152583000020968,6645.449224999993,4508.368698919846
1776353170,0,,Aggregated,598.600000,0.000000,420,580,730,830,1100,1300,1800,2100,3900,5400,6600,226727,333,420.0,566.9352751657083,1.152583000020968,6645.449224999993,4508.368698919846
1776353171,0,,Aggregated,598.600000,0.000000,420,580,730,830,1100,1300,1800,2100,3900,5400,6600,226727,333,420.0,566.9352751657083,1.152583000020968,6645.449224999993,4508.368698919846
1776353172,0,,Aggregated,598.600000,0.000000,420,580,730,830,1100,1300,1800,2100,3900,5400,6600,226727,333,420.0,566.9352751657083,1.152583000020968,6645.449224999993,4508.368698919846
1776353173,0,,Aggregated,598.600000,0.000000,420,580,730,830,1100,1300,1800,2100,3900,5400,6600,226727,333,420.0,566.9352751657083,1.152583000020968,6645.449224999993,4508.368698919846
1776353174,0,,Aggregated,598.600000,0.000000,420,580,730,830,1100,1300,1800,2100,3900,5400,6600,226727,333,420.0,566.9352751657083,1.152583000020968,6645.449224999993,4508.368698919846
1776353175,0,,Aggregated,598.600000,0.000000,420,580,730,830,1100,1300,1800,2100,3900,5400,6600,226727,333,420.0,566.9352751657083,1.152583000020968,6645.449224999993,4508.368698919846
1776353176,0,,Aggregated,598.600000,0.000000,420,580,730,830,1100,1300,1800,2100,3900,5400,6600,226727,333,420.0,566.9352751657083,1.152583000020968,6645.449224999993,4508.368698919846
1776353177,0,,Aggregated,598.600000,0.000000,420,580,730,830,1100,1300,1800,2100,3900,5400,6600,226727,333,420.0,566.9352751657083,1.152583000020968,6645.449224999993,4508.368698919846
1776353178,0,,Aggregated,598.600000,0.000000,420,580,730,830,1100,1300,1800,2100,3900,5400,6600,226727,333,420.0,566.9352751657083,1.152583000020968,6645.449224999993,4508.368698919846
1776353179,0,,Aggregated,598.600000,0.000000,420,580,730,830,1100,1300,1800,2100,3900,5400,6600,226727,333,420.0,566.9352751657083,1.152583000020968,6645.449224999993,4508.368698919846
1776353180,0,,Aggregated,598.600000,0.000000,420,580,730,830,1100,1300,1800,2100,3900,5400,6600,226727,333,420.0,566.9352751657083,1.152583000020968,6645.449224999993,4508.368698919846
1776353181,0,,Aggregated,598.600000,0.000000,420,580,730,830,1100,1300,1800,2100,3900,5400,6600,226727,333,420.0,566.9352751657083,1.152583000020968,6645.449224999993,4508.368698919846
1776353182,0,,Aggregated,598.600000,0.000000,420,580,730,830,1100,1300,1800,2100,3900,5400,6600,226727,333,420.0,566.9352751657083,1.152583000020968,6645.449224999993,4508.368698919846
1776353183,0,,Aggregated,598.600000,0.000000,420,580,730,830,1100,1300,1800,2100,3900,5400,6600,226727,333,420.0,566.9352751657083,1.152583000020968,6645.449224999993,4508.368698919846
1776353184,0,,Aggregated,598.600000,0.000000,420,580,730,830,1100,1300,1800,2100,3900,5400,6600,226727,333,420.0,566.9352751657083,1.152583000020968,6645.449224999993,4508.368698919846
1776353185,0,,Aggregated,598.600000,0.000000,420,580,730,830,1100,1300,1800,2100,3900,5400,6600,226727,333,420.0,566.9352751657083,1.152583000020968,6645.449224999993,4508.368698919846
1776353186,0,,Aggregated,598.600000,0.000000,420,580,730,830,1100,1300,1800,2100,3900,5400,6600,226727,333,420.0,566.9352751657083,1.152583000020968,6645.449224999993,4508.368698919846
1776353187,0,,Aggregated,598.600000,0.000000,420,580,730,830,1100,1300,1800,2100,3900,5400,6600,226727,333,420.0,566.9352751657083,1.152583000020968,6645.449224999993,4508.368698919846
1776353188,0,,Aggregated,598.600000,0.000000,420,580,730,830,1100,1300,1800,2100,3900,5400,6600,226727,333,420.0,566.9352751657083,1.152583000020968,6645.449224999993,4508.368698919846
1776353189,0,,Aggregated,598.600000,0.000000,420,580,730,830,1100,1300,1800,2100,3900,5400,6600,226727,333,420.0,566.9352751657083,1.152583000020968,6645.449224999993,4508.368698919846
1776353190,0,,Aggregated,598.600000,0.000000,420,580,730,830,1100,1300,1800,2100,3900,5400,6600,226727,333,420.0,566.9352751657083,1.152583000020968,6645.449224999993,4508.368698919846
1776353191,0,,Aggregated,598.600000,0.000000,420,580,730,830,1100,1300,1800,2100,3900,5400,6600,226727,333,420.0,566.9352751657083,1.152583000020968,6645.449224999993,4508.368698919846
1776353189,0,,Aggregated,598.600000,0.000000,420,580,730,830,1100,1300,1800,2100,3900,5400,6600,226727,333,420.0,566.9352751657083,1.152583000020968,6645.449224999993,4508.368698919846
1776353190,0,,Aggregated,598.600000,0.000000,420,580,730,830,1100,1300,1800,2100,3900,5400,6600,226727,333,420.0,566.9352751657083,1.152583000020968,6645.449224999993,4508.368698919846
1776353191,0,,Aggregated,598.600000,0.000000,420,580,730,830,1100,1300,1800,2100,3900,5400,6600,226727,333,420.0,566.9352751657083,1.152583000020968,6645.449224999993,4508.368698919846
1776353192,0,,Aggregated,598.600000,0.000000,420,580,730,830,1100,1300,1800,2100,3900,5400,6600,226727,333,420.0,566.9352751657083,1.152583000020968,6645.449224999993,4508.368698919846
1776353193,0,,Aggregated,598.600000,0.000000,420,580,730,830,1100,1300,1800,2100,3900,5400,6600,226727,333,420.0,566.9352751657083,1.152583000020968,6645.449224999993,4508.368698919846
1776353194,0,,Aggregated,598.600000,0.000000,420,580,730,830,1100,1300,1800,2100,3900,5400,6600,226727,333,420.0,566.9352751657083,1.152583000020968,6645.449224999993,4508.368698919846
1776353195,0,,Aggregated,598.600000,0.000000,420,580,730,830,1100,1300,1800,2100,3900,5400,6600,226727,333,420.0,566.9352751657083,1.152583000020968,6645.449224999993,4508.368698919846
1776353196,0,,Aggregated,598.600000,0.000000,420,580,730,830,1100,1300,1800,2100,3900,5400,6600,226727,333,420.0,566.9352751657083,1.152583000020968,6645.449224999993,4508.368698919846
1776353197,0,,Aggregated,598.600000,0.000000,420,580,730,830,1100,1300,1800,2100,3900,5400,6600,226727,333,420.0,566.9352751657083,1.152583000020968,6645.449224999993,4508.368698919846
1776353198,0,,Aggregated,598.600000,0.000000,420,580,730,830,1100,1300,1800,2100,3900,5400,6600,226727,333,420.0,566.9352751657083,1.152583000020968,6645.449224999993,4508.368698919846
1776353199,0,,Aggregated,598.600000,0.000000,420,580,730,830,1100,1300,1800,2100,3900,5400,6600,226727,333,420.0,566.9352751657083,1.152583000020968,6645.449224999993,4508.368698919846
1776353200,0,,Aggregated,598.600000,0.000000,420,580,730,830,1100,1300,1800,2100,3900,5400,6600,226727,333,420.0,566.9352751657083,1.152583000020968,6645.449224999993,4508.368698919846
1776353201,0,,Aggregated,598.600000,0.000000,420,580,730,830,1100,1300,1800,2100,3900,5400,6600,226727,333,420.0,566.9352751657083,1.152583000020968,6645.449224999993,4508.368698919846
1776353202,0,,Aggregated,598.600000,0.000000,420,580,730,830,1100,1300,1800,2100,3900,5400,6600,226727,333,420.0,566.9352751657083,1.152583000020968,6645.449224999993,4508.368698919846
1776353203,0,,Aggregated,598.600000,0.000000,420,580,730,830,1100,1300,1800,2100,3900,5400,6600,226727,333,420.0,566.9352751657083,1.152583000020968,6645.449224999993,4508.368698919846
1776353204,0,,Aggregated,598.600000,0.000000,420,580,730,830,1100,1300,1800,2100,3900,5400,6600,226727,333,420.0,566.9352751657083,1.152583000020968,6645.449224999993,4508.368698919846
1776353205,0,,Aggregated,598.600000,0.000000,420,580,730,830,1100,1300,1800,2100,3900,5400,6600,226727,333,420.0,566.9352751657083,1.152583000020968,6645.449224999993,4508.368698919846
1776353207,0,,Aggregated,598.600000,0.000000,420,580,730,830,1100,1300,1800,2100,3900,5400,6600,226727,333,420.0,566.9352751657083,1.152583000020968,6645.449224999993,4508.368698919846
1776353208,0,,Aggregated,598.600000,0.000000,420,580,730,830,1100,1300,1800,2100,3900,5400,6600,226727,333,420.0,566.9352751657083,1.152583000020968,6645.449224999993,4508.368698919846
1776353209,0,,Aggregated,598.600000,0.000000,420,580,730,830,1100,1300,1800,2100,3900,5400,6600,226727,333,420.0,566.9352751657083,1.152583000020968,6645.449224999993,4508.368698919846
1776353210,0,,Aggregated,598.600000,0.000000,420,580,730,830,1100,1300,1800,2100,3900,5400,6600,226727,333,420.0,566.9352751657083,1.152583000020968,6645.449224999993,4508.368698919846
1776353211,0,,Aggregated,598.600000,0.000000,420,580,730,830,1100,1300,1800,2100,3900,5400,6600,226727,333,420.0,566.9352751657083,1.152583000020968,6645.449224999993,4508.368698919846
1776353212,0,,Aggregated,598.600000,0.000000,420,580,730,830,1100,1300,1800,2100,3900,5400,6600,226727,333,420.0,566.9352751657083,1.152583000020968,6645.449224999993,4508.368698919846
1776353213,0,,Aggregated,598.600000,0.000000,420,580,730,830,1100,1300,1800,2100,3900,5400,6600,226727,333,420.0,566.9352751657083,1.152583000020968,6645.449224999993,4508.368698919846
1776353214,0,,Aggregated,598.600000,0.000000,420,580,730,830,1100,1300,1800,2100,3900,5400,6600,226727,333,420.0,566.9352751657083,1.152583000020968,6645.449224999993,4508.368698919846
1776353215,0,,Aggregated,598.600000,0.000000,420,580,730,830,1100,1300,1800,2100,3900,5400,6600,226727,333,420.0,566.9352751657083,1.152583000020968,6645.449224999993,4508.368698919846
1776353216,0,,Aggregated,598.600000,0.000000,420,580,730,830,1100,1300,1800,2100,3900,5400,6600,226727,333,420.0,566.9352751657083,1.152583000020968,6645.449224999993,4508.368698919846
1776353217,0,,Aggregated,598.600000,0.000000,420,580,730,830,1100,1300,1800,2100,3900,5400,6600,226727,333,420.0,566.9352751657083,1.152583000020968,6645.449224999993,4508.368698919846
1776353218,0,,Aggregated,598.600000,0.000000,420,580,730,830,1100,1300,1800,2100,3900,5400,6600,226727,333,420.0,566.9352751657083,1.152583000020968,6645.449224999993,4508.368698919846
1776353219,0,,Aggregated,598.600000,0.000000,420,580,730,830,1100,1300,1800,2100,3900,5400,6600,226727,333,420.0,566.9352751657083,1.152583000020968,6645.449224999993,4508.368698919846
1776353220,0,,Aggregated,598.600000,0.000000,420,580,730,830,1100,1300,1800,2100,3900,5400,6600,226727,333,420.0,566.9352751657083,1.152583000020968,6645.449224999993,4508.368698919846
1776353221,0,,Aggregated,598.600000,0.000000,420,580,730,830,1100,1300,1800,2100,3900,5400,6600,226727,333,420.0,566.9352751657083,1.152583000020968,6645.449224999993,4508.368698919846
1776353219,0,,Aggregated,598.600000,0.000000,420,580,730,830,1100,1300,1800,2100,3900,5400,6600,226727,333,420.0,566.9352751657083,1.152583000020968,6645.449224999993,4508.368698919846
1776353220,0,,Aggregated,598.600000,0.000000,420,580,730,830,1100,1300,1800,2100,3900,5400,6600,226727,333,420.0,566.9352751657083,1.152583000020968,6645.449224999993,4508.368698919846
1776353221,0,,Aggregated,598.600000,0.000000,420,580,730,830,1100,1300,1800,2100,3900,5400,6600,226727,333,420.0,566.9352751657083,1.152583000020968,6645.449224999993,4508.368698919846
1776353222,0,,Aggregated,598.600000,0.000000,420,580,730,830,1100,1300,1800,2100,3900,5400,6600,226727,333,420.0,566.9352751657083,1.152583000020968,6645.449224999993,4508.368698919846
1776353223,0,,Aggregated,598.600000,0.000000,420,580,730,830,1100,1300,1800,2100,3900,5400,6600,226727,333,420.0,566.9352751657083,1.152583000020968,6645.449224999993,4508.368698919846
1776353224,0,,Aggregated,598.600000,0.000000,420,580,730,830,1100,1300,1800,2100,3900,5400,6600,226727,333,420.0,566.9352751657083,1.152583000020968,6645.449224999993,4508.368698919846
1776353225,0,,Aggregated,598.600000,0.000000,420,580,730,830,1100,1300,1800,2100,3900,5400,6600,226727,333,420.0,566.9352751657083,1.152583000020968,6645.449224999993,4508.368698919846
1776353226,0,,Aggregated,598.600000,0.000000,420,580,730,830,1100,1300,1800,2100,3900,5400,6600,226727,333,420.0,566.9352751657083,1.152583000020968,6645.449224999993,4508.368698919846
1776353227,0,,Aggregated,598.600000,0.000000,420,580,730,830,1100,1300,1800,2100,3900,5400,6600,226727,333,420.0,566.9352751657083,1.152583000020968,6645.449224999993,4508.368698919846
1776353228,0,,Aggregated,598.600000,0.000000,420,580,730,830,1100,1300,1800,2100,3900,5400,6600,226727,333,420.0,566.9352751657083,1.152583000020968,6645.449224999993,4508.368698919846
1776353229,0,,Aggregated,598.600000,0.000000,420,580,730,830,1100,1300,1800,2100,3900,5400,6600,226727,333,420.0,566.9352751657083,1.152583000020968,6645.449224999993,4508.368698919846
1776353230,0,,Aggregated,598.600000,0.000000,420,580,730,830,1100,1300,1800,2100,3900,5400,6600,226727,333,420.0,566.9352751657083,1.152583000020968,6645.449224999993,4508.368698919846
1776353231,0,,Aggregated,598.600000,0.000000,420,580,730,830,1100,1300,1800,2100,3900,5400,6600,226727,333,420.0,566.9352751657083,1.152583000020968,6645.449224999993,4508.368698919846
1776353232,0,,Aggregated,598.600000,0.000000,420,580,730,830,1100,1300,1800,2100,3900,5400,6600,226727,333,420.0,566.9352751657083,1.152583000020968,6645.449224999993,4508.368698919846
1776353233,0,,Aggregated,598.600000,0.000000,420,580,730,830,1100,1300,1800,2100,3900,5400,6600,226727,333,420.0,566.9352751657083,1.152583000020968,6645.449224999993,4508.368698919846
1776353234,0,,Aggregated,598.600000,0.000000,420,580,730,830,1100,1300,1800,2100,3900,5400,6600,226727,333,420.0,566.9352751657083,1.152583000020968,6645.449224999993,4508.368698919846
1776353235,0,,Aggregated,598.600000,0.000000,420,580,730,830,1100,1300,1800,2100,3900,5400,6600,226727,333,420.0,566.9352751657083,1.152583000020968,6645.449224999993,4508.368698919846
1776353236,0,,Aggregated,598.600000,0.000000,420,580,730,830,1100,1300,1800,2100,3900,5400,6600,226727,333,420.0,566.9352751657083,1.152583000020968,6645.449224999993,4508.368698919846
1776353237,0,,Aggregated,598.600000,0.000000,420,580,730,830,1100,1300,1800,2100,3900,5400,6600,226727,333,420.0,566.9352751657083,1.152583000020968,6645.449224999993,4508.368698919846
1776353238,0,,Aggregated,598.600000,0.000000,420,580,730,830,1100,1300,1800,2100,3900,5400,6600,226727,333,420.0,566.9352751657083,1.152583000020968,6645.449224999993,4508.368698919846
1776353239,0,,Aggregated,598.600000,0.000000,420,580,730,830,1100,1300,1800,2100,3900,5400,6600,226727,333,420.0,566.9352751657083,1.152583000020968,6645.449224999993,4508.368698919846
1776353240,0,,Aggregated,598.600000,0.000000,420,580,730,830,1100,1300,1800,2100,3900,5400,6600,226727,333,420.0,566.9352751657083,1.152583000020968,6645.449224999993,4508.368698919846
1776353241,0,,Aggregated,598.600000,0.000000,420,580,730,830,1100,1300,1800,2100,3900,5400,6600,226727,333,420.0,566.9352751657083,1.152583000020968,6645.449224999993,4508.368698919846
1776353242,0,,Aggregated,598.600000,0.000000,420,580,730,830,1100,1300,1800,2100,3900,5400,6600,226727,333,420.0,566.9352751657083,1.152583000020968,6645.449224999993,4508.368698919846
1776353243,0,,Aggregated,598.600000,0.000000,420,580,730,830,1100,1300,1800,2100,3900,5400,6600,226727,333,420.0,566.9352751657083,1.152583000020968,6645.449224999993,4508.368698919846
1776353244,0,,Aggregated,598.600000,0.000000,420,580,730,830,1100,1300,1800,2100,3900,5400,6600,226727,333,420.0,566.9352751657083,1.152583000020968,6645.449224999993,4508.368698919846
